date,open,high,low,volume,amount,close
2015-01-05,143.10000610351562,144.3000030517578,141.89999389648438,22451000,3217228368.515014,143.3000030517578
2015-01-06,140.6999969482422,140.8000030517578,139.10000610351562,43405700,6050754315.072632,139.39999389648438
2015-01-07,138.39999389648438,140.0,138.1999969482422,27632400,3849193404.3273926,139.3000030517578
2015-01-08,140.5,141.60000610351562,140.3000030517578,23863400,3367125885.650635,141.10000610351562
2015-01-09,141.89999389648438,142.0,140.6999969482422,23186100,3276196000.758362,141.3000030517578
2015-01-13,139.5,140.8000030517578,138.39999389648438,40571000,5712396923.812866,140.8000030517578
2015-01-14,139.6999969482422,140.39999389648438,138.6999969482422,32552400,4521528161.315918,138.89999389648438
2015-01-15,139.1999969482422,141.3000030517578,139.10000610351562,37827700,5326140275.440979,140.8000030517578
2015-01-16,138.3000030517578,139.60000610351562,137.39999389648438,38818200,5411256843.07251,139.39999389648438
2015-01-19,140.60000610351562,140.6999969482422,139.60000610351562,24853800,3489473368.304444,140.39999389648438
2015-01-20,140.60000610351562,143.0,140.60000610351562,33554400,4798279200.0,143.0
2015-01-21,142.39999389648438,142.6999969482422,141.39999389648438,26872200,3818539784.0148926,142.10000610351562
2015-01-22,142.1999969482422,142.39999389648438,141.1999969482422,12664700,1800920301.3504028,142.1999969482422
2015-01-23,143.60000610351562,143.6999969482422,143.10000610351562,28638400,4112474414.794922,143.60000610351562
2015-01-26,141.89999389648438,143.39999389648438,141.89999389648438,7648000,1095958423.3398438,143.3000030517578
2015-01-27,144.60000610351562,145.89999389648438,144.60000610351562,33678400,4906942777.22168,145.6999969482422
2015-01-28,144.5,146.8000030517578,144.5,53024400,7762771836.364746,146.39999389648438
2015-01-29,144.8000030517578,145.8000030517578,144.3000030517578,16817000,2430056500.0,144.5
2015-01-30,145.60000610351562,146.3000030517578,144.6999969482422,42071300,6087716981.608582,144.6999969482422
2015-02-02,143.3000030517578,144.5,142.89999389648438,59968100,8647399836.991882,144.1999969482422
2015-02-03,144.89999389648438,144.89999389648438,141.89999389648438,35532000,5059756583.129883,142.39999389648438
2015-02-04,144.3000030517578,145.8000030517578,144.10000610351562,38977800,5647882982.098389,144.89999389648438
2015-02-05,144.89999389648438,145.3000030517578,143.89999389648438,28139400,4060515505.874634,144.3000030517578
2015-02-06,145.60000610351562,145.6999969482422,144.6999969482422,17213000,2495885000.0,145.0
2015-02-09,146.3000030517578,146.39999389648438,145.0,36063500,5254451839.942932,145.6999969482422
2015-02-10,145.60000610351562,146.10000610351562,145.1999969482422,30952800,4519108800.0,146.0
2015-02-12,147.8000030517578,148.89999389648438,147.8000030517578,79508500,11791110792.640686,148.3000030517578
2015-02-13,148.10000610351562,148.60000610351562,147.89999389648438,25834000,3831182278.8391113,148.3000030517578
2015-02-16,149.0,149.8000030517578,148.6999969482422,18997800,2836371597.9766846,149.3000030517578
2015-02-17,149.0,149.6999969482422,148.60000610351562,21640800,3235299600.0,149.5
2015-02-18,150.89999389648438,151.89999389648438,150.6999969482422,31683700,4806417193.309021,151.6999969482422
2015-02-19,152.0,153.10000610351562,152.0,40484500,6190079802.902222,152.89999389648438
2015-02-20,153.39999389648438,153.60000610351562,152.8000030517578,23000000,3528199859.6191406,153.39999389648438
2015-02-23,154.60000610351562,154.8000030517578,152.89999389648438,39090300,6008178990.705872,153.6999969482422
2015-02-24,153.8000030517578,154.39999389648438,153.1999969482422,31154900,4807201165.077209,154.3000030517578
2015-02-25,154.89999389648438,155.0,154.0,74312600,11473864986.431885,154.39999389648438
2015-02-26,154.10000610351562,155.8000030517578,154.10000610351562,41108000,6404626525.45166,155.8000030517578
2015-02-27,156.10000610351562,156.5,155.3000030517578,40873600,6376281600.0,156.0
2015-03-02,156.1999969482422,156.89999389648438,155.89999389648438,27285400,4256522400.0,156.0
2015-03-03,156.89999389648438,156.89999389648438,155.3000030517578,25864300,4045176362.136841,156.39999389648438
2015-03-04,155.6999969482422,155.6999969482422,153.8000030517578,31506600,4896125447.698975,155.39999389648438
2015-03-05,155.10000610351562,156.10000610351562,155.0,33981800,5301160800.0,156.0
2015-03-06,156.10000610351562,157.6999969482422,156.10000610351562,42389800,6684871330.636597,157.6999969482422
2015-03-09,157.0,157.1999969482422,156.0,25075700,3926854773.049927,156.60000610351562
2015-03-10,157.5,157.6999969482422,155.3000030517578,20943800,3267232800.0,156.0
2015-03-11,155.0,156.8000030517578,155.0,30563400,4774002986.727905,156.1999969482422
2015-03-12,156.5,158.60000610351562,156.5,26023200,4124677200.0,158.5
2015-03-13,159.8000030517578,160.5,158.8000030517578,42955400,6868568197.821045,159.89999389648438
2015-03-16,159.39999389648438,160.5,159.10000610351562,32788400,5236307379.937744,159.6999969482422
2015-03-17,160.6999969482422,161.39999389648438,160.3000030517578,24661100,3967970839.480591,160.89999389648438
2015-03-18,160.89999389648438,162.3000030517578,160.6999969482422,17933400,2908797425.2716064,162.1999969482422
2015-03-19,162.10000610351562,162.5,160.10000610351562,45275200,7302889898.168945,161.3000030517578
2015-03-20,161.5,161.8000030517578,160.5,29952000,4846233691.40625,161.8000030517578
2015-03-23,162.1999969482422,163.1999969482422,162.0,28650300,4669998900.0,163.0
2015-03-24,162.39999389648438,162.8000030517578,161.5,34322900,5570606774.745178,162.3000030517578
2015-03-25,162.60000610351562,163.0,161.1999969482422,43087800,7019002357.012939,162.89999389648438
2015-03-26,161.6999969482422,161.8000030517578,159.8000030517578,41250300,6624798431.771851,160.60000610351562
2015-03-27,160.1999969482422,162.3000030517578,158.3000030517578,125310800,19987072600.0,159.5
2015-03-30,160.0,161.0,159.10000610351562,54262400,8719967514.404297,160.6999969482422
2015-03-31,162.60000610351562,162.8000030517578,159.0,42199000,6709641000.0,159.0
2015-04-01,158.1999969482422,158.89999389648438,156.60000610351562,66934900,10548940648.538208,157.60000610351562
2015-04-02,158.39999389648438,161.39999389648438,158.3000030517578,46347100,7420170992.880249,160.10000610351562
2015-04-03,160.10000610351562,161.3000030517578,160.0,28744000,4636407287.719727,161.3000030517578
2015-04-06,160.10000610351562,161.10000610351562,159.60000610351562,23905300,3848753300.0,161.0
2015-04-07,162.1999969482422,163.3000030517578,161.89999389648438,31050200,5054972654.75769,162.8000030517578
2015-04-08,163.39999389648438,164.3000030517578,163.0,37844500,6195144534.507751,163.6999969482422
2015-04-09,164.3000030517578,164.60000610351562,163.60000610351562,32583400,5356710761.126709,164.39999389648438
2015-04-10,164.60000610351562,164.6999969482422,163.1999969482422,18382900,3016634002.2003174,164.10000610351562
2015-04-13,164.10000610351562,164.1999969482422,162.6999969482422,20586600,3365909100.0,163.5
2015-04-14,163.3000030517578,164.1999969482422,163.1999969482422,29442200,4828520800.0,164.0
2015-04-15,163.1999969482422,164.3000030517578,163.1999969482422,27120200,4442288842.764282,163.8000030517578
2015-04-16,163.8000030517578,165.0,163.10000610351562,37060500,6114982500.0,165.0
2015-04-17,164.5,164.8000030517578,163.60000610351562,25916200,4245073639.089966,163.8000030517578
2015-04-20,162.60000610351562,164.10000610351562,161.6999969482422,18134000,2955842000.0,163.0
2015-04-21,163.8000030517578,165.8000030517578,163.60000610351562,31769200,5267333456.951904,165.8000030517578
2015-04-22,166.3000030517578,167.6999969482422,166.10000610351562,31497100,5266315023.878479,167.1999969482422
2015-04-23,167.89999389648438,168.60000610351562,166.5,31419100,5262699250.0,167.5
2015-04-24,167.1999969482422,167.5,166.60000610351562,14227600,2377432046.838379,167.10000610351562
2015-04-27,167.10000610351562,167.39999389648438,166.1999969482422,20260000,3379368061.8286133,166.8000030517578
2015-04-28,167.39999389648438,168.1999969482422,167.39999389648438,17582800,2953910400.0,168.0
2015-04-30,165.5,165.8000030517578,163.6999969482422,41814500,6857578000.0,164.0
2015-05-01,163.60000610351562,163.89999389648438,162.10000610351562,25636300,4191535050.0,163.5
2015-05-07,162.3000030517578,163.60000610351562,162.0,30058000,4887430983.459473,162.60000610351562
2015-05-08,162.60000610351562,164.39999389648438,162.3000030517578,19175100,3144716400.0,164.0
2015-05-11,166.10000610351562,166.39999389648438,164.6999969482422,23996400,3954606793.231201,164.8000030517578
2015-05-12,164.89999389648438,165.1999969482422,163.60000610351562,21133100,3491188055.506897,165.1999969482422
2015-05-13,164.5,165.6999969482422,163.8000030517578,21325300,3525072155.079651,165.3000030517578
2015-05-14,164.5,165.1999969482422,163.89999389648438,23939500,3928472096.115112,164.10000610351562
2015-05-15,165.10000610351562,166.0,164.60000610351562,22056500,3654761982.688904,165.6999969482422
2015-05-18,166.1999969482422,167.8000030517578,166.1999969482422,24602600,4128316355.0811768,167.8000030517578
2015-05-19,168.1999969482422,169.0,168.10000610351562,34163700,5756583450.0,168.5
2015-05-20,169.6999969482422,170.3000030517578,169.1999969482422,34304100,5821405665.312195,169.6999969482422
2015-05-21,169.8000030517578,170.8000030517578,169.5,27297400,4635098603.305054,169.8000030517578
2015-05-22,170.0,170.10000610351562,169.0,20279500,3445486926.223755,169.89999389648438
2015-05-25,170.8000030517578,171.3000030517578,170.5,18186100,3113460264.5004272,171.1999969482422
2015-05-26,171.1999969482422,171.5,170.8000030517578,14666500,2509438239.517212,171.10000610351562
2015-05-27,170.8000030517578,171.8000030517578,170.5,29667000,5084923618.927002,171.39999389648438
2015-05-28,172.3000030517578,173.3000030517578,171.89999389648438,35787800,6176974498.4313965,172.60000610351562
2015-05-29,172.60000610351562,173.39999389648438,172.1999969482422,29764600,5125464029.165649,172.1999969482422
2015-06-01,171.60000610351562,173.39999389648438,171.3000030517578,23196000,4015227741.577149,173.10000610351562
2015-06-02,173.39999389648438,173.60000610351562,172.1999969482422,20209800,3488211603.35083,172.60000610351562
2015-06-03,172.0,172.60000610351562,171.5,23642100,4073533902.1499634,172.3000030517578
2015-06-04,172.6999969482422,173.0,172.10000610351562,28324800,4891692873.55957,172.6999969482422
2015-06-05,171.6999969482422,172.1999969482422,171.10000610351562,39721500,6828125607.559204,171.89999389648438
2015-06-08,172.60000610351562,172.60000610351562,171.0,22145800,3800219415.167236,171.60000610351562
2015-06-09,170.1999969482422,170.5,168.5,68563400,11566645370.761108,168.6999969482422
2015-06-10,168.60000610351562,170.0,167.8000030517578,31293600,5257324800.0,168.0
2015-06-11,169.10000610351562,170.5,169.10000610351562,19046700,3241748281.8740845,170.1999969482422
2015-06-12,170.6999969482422,170.89999389648438,169.8000030517578,13485400,2297912077.6916504,170.39999389648438
2015-06-15,169.10000610351562,170.60000610351562,168.8000030517578,14581000,2484602311.0046387,170.39999389648438
2015-06-16,169.8000030517578,170.10000610351562,168.89999389648438,11026100,1864513577.2979736,169.10000610351562
2015-06-17,169.6999969482422,169.8000030517578,168.10000610351562,17010100,2867902963.821411,168.60000610351562
2015-06-18,168.3000030517578,168.39999389648438,166.6999969482422,37074500,6184026713.142395,166.8000030517578
2015-06-19,168.3000030517578,168.6999969482422,167.60000610351562,37823500,6361912584.571838,168.1999969482422
2015-06-22,168.39999389648438,170.1999969482422,168.3000030517578,21108400,3588428000.0,170.0
2015-06-23,171.10000610351562,173.0,171.0,59263600,10252602800.0,173.0
2015-06-24,173.60000610351562,174.0,173.10000610351562,40122600,6953246702.444458,173.3000030517578
2015-06-25,172.3000030517578,173.10000610351562,172.10000610351562,59683900,10277567397.859192,172.1999969482422
2015-06-26,171.8000030517578,172.60000610351562,170.89999389648438,48264100,8296598495.419312,171.89999389648438
2015-06-29,166.89999389648438,169.3000030517578,166.6999969482422,48879800,8202030589.169312,167.8000030517578
2015-06-30,167.89999389648438,168.6999969482422,167.39999389648438,26467900,4449254151.547241,168.10000610351562
2015-07-01,168.6999969482422,169.10000610351562,168.0,22976800,3880781379.760742,168.89999389648438
2015-07-02,170.6999969482422,171.10000610351562,169.89999389648438,29739200,5055664000.0,170.0
2015-07-03,170.10000610351562,170.8000030517578,169.6999969482422,21313600,3631837309.912109,170.39999389648438
2015-07-06,167.8000030517578,168.6999969482422,166.6999969482422,72613200,12140926818.4021,167.1999969482422
2015-07-07,169.1999969482422,169.8000030517578,168.89999389648438,37985200,6419498800.0,169.0
2015-07-08,166.1999969482422,166.1999969482422,161.1999969482422,121581000,19623172657.928467,161.39999389648438
2015-07-09,157.39999389648438,161.0,155.1999969482422,93230200,15010062200.0,161.0
2015-07-10,161.6999969482422,163.10000610351562,160.60000610351562,49421300,7966713409.178162,161.1999969482422
2015-07-13,162.89999389648438,164.5,162.6999969482422,31667900,5196702583.285522,164.10000610351562
2015-07-14,166.8000030517578,167.3000030517578,166.3000030517578,32586500,5432169450.553894,166.6999969482422
2015-07-15,167.5,167.8000030517578,166.8000030517578,22138100,3712559302.43988,167.6999969482422
2015-07-16,168.60000610351562,169.0,168.0,21010200,3550723800.0,169.0
2015-07-17,169.3000030517578,169.39999389648438,168.6999969482422,16353000,2763657000.0,169.0
2015-07-21,170.10000610351562,170.5,169.5,35526400,6057251200.0,170.5
2015-07-22,169.10000610351562,169.10000610351562,168.39999389648438,36209400,6101283900.0,168.5
2015-07-23,169.1999969482422,169.5,168.8000030517578,15633400,2648297864.581299,169.39999389648438
2015-07-24,169.0,169.1999969482422,168.1999969482422,9487200,1598593200.0,168.5
2015-07-27,167.3000030517578,168.0,166.0,26336700,4392961640.37323,166.8000030517578
2015-07-28,164.8000030517578,166.8000030517578,164.10000610351562,35589400,5900722628.6102295,165.8000030517578
2015-07-29,166.39999389648438,166.60000610351562,165.39999389648438,10269200,1707767991.339111,166.3000030517578
2015-07-30,167.39999389648438,168.5,167.1999969482422,27521200,4620809312.023926,167.89999389648438
2015-07-31,167.89999389648438,168.89999389648438,167.6999969482422,15032400,2535965834.124756,168.6999969482422
2015-08-03,168.89999389648438,169.0,167.60000610351562,16843900,2843250371.4035034,168.8000030517578
2015-08-04,168.3000030517578,169.10000610351562,168.10000610351562,24342600,4111464991.424561,168.89999389648438
2015-08-05,168.6999969482422,170.5,168.5,20104600,3411750558.64563,169.6999969482422
2015-08-06,171.0,171.89999389648438,170.1999969482422,30298300,5162830135.073853,170.39999389648438
2015-08-07,170.0,171.10000610351562,169.39999389648438,15885100,2716352100.0,171.0
2015-08-10,170.39999389648438,172.10000610351562,170.0,21908100,3770384143.716431,172.10000610351562
2015-08-11,173.0,173.3000030517578,170.60000610351562,37481200,6443018051.23291,171.89999389648438
2015-08-12,170.89999389648438,171.60000610351562,168.39999389648438,41148600,6970572588.848877,169.39999389648438
2015-08-13,168.8000030517578,170.10000610351562,168.0,70438800,11967551690.075684,169.89999389648438
2015-08-14,169.39999389648438,170.1999969482422,169.10000610351562,15393700,2609232150.0,169.5
2015-08-17,170.1999969482422,170.8000030517578,169.60000610351562,7327900,1248674115.274048,170.39999389648438
2015-08-18,170.5,170.8000030517578,170.10000610351562,25991700,4421188328.640747,170.10000610351562
2015-08-19,169.3000030517578,170.0,167.60000610351562,49369800,8274378781.329346,167.60000610351562
2015-08-20,166.89999389648438,167.1999969482422,165.10000610351562,42192800,6966031537.524414,165.10000610351562
2015-08-21,161.10000610351562,161.89999389648438,160.0,65974600,10555936000.0,160.0
2015-08-24,156.0,156.3000030517578,150.6999969482422,156551400,23639261400.0,151.0
2015-08-25,145.39999389648438,153.8000030517578,143.60000610351562,197746500,28870989000.0,146.0
2015-08-26,146.6999969482422,151.5,146.0,185251000,28065526500.0,151.5
2015-08-27,153.89999389648438,155.1999969482422,152.39999389648438,85329800,13063992900.811768,153.10000610351562
2015-08-28,157.10000610351562,158.5,156.10000610351562,62659100,9893871507.559204,157.89999389648438
2015-08-31,157.10000610351562,157.3000030517578,155.1999969482422,37219100,5809901737.167358,156.10000610351562
2015-09-01,155.3000030517578,155.60000610351562,150.39999389648438,71741500,10789921162.124634,150.39999389648438
2015-09-02,147.60000610351562,152.1999969482422,147.10000610351562,135689200,20204121051.818848,148.89999389648438
2015-09-03,151.3000030517578,152.5,150.0,31764700,4767881663.876343,150.10000610351562
2015-09-04,151.39999389648438,151.39999389648438,145.39999389648438,70515000,10372756930.389404,147.10000610351562
2015-09-07,146.0,148.1999969482422,144.10000610351562,51536500,7591326607.276916,147.3000030517578
2015-09-08,147.5,147.8000030517578,144.0,50212200,7235578326.470947,144.10000610351562
2015-09-09,149.3000030517578,153.39999389648438,148.5,63012600,9647229444.598389,153.10000610351562
2015-09-10,149.10000610351562,150.89999389648438,147.89999389648438,44893300,6747463127.003479,150.3000030517578
2015-09-11,148.5,151.5,148.3000030517578,31513500,4745933292.34314,150.60000610351562
2015-09-14,151.1999969482422,151.1999969482422,148.5,22179100,3302467854.6295166,148.89999389648438
2015-09-15,149.8000030517578,151.6999969482422,148.8000030517578,27953700,4159510645.3079214,148.8000030517578
2015-09-16,150.6999969482422,151.0,149.3000030517578,18535500,2778471336.868286,149.89999389648438
2015-09-17,151.39999389648438,152.1999969482422,150.5,31570400,4795543567.30957,151.89999389648438
2015-09-18,150.60000610351562,150.60000610351562,148.5,29218000,4353482000.0,149.0
2015-09-24,146.6999969482422,147.10000610351562,145.39999389648438,35025100,5092649326.223755,145.39999389648438
2015-09-25,145.6999969482422,148.1999969482422,144.8000030517578,65712800,9718922718.920898,147.89999389648438
2015-09-28,148.6999969482422,149.10000610351562,146.6999969482422,25928900,3834884151.7425537,147.89999389648438
2015-09-29,144.39999389648438,144.5,140.5,63848500,9009023739.700315,141.10000610351562
2015-09-30,143.39999389648438,145.5,143.0,64557800,9335058274.02954,144.60000610351562
2015-10-01,146.10000610351562,148.8000030517578,144.89999389648438,53850300,7964459041.323853,147.89999389648438
2015-10-02,146.5,148.39999389648438,146.3000030517578,26927600,3987977724.3530273,148.10000610351562
2015-10-05,149.8000030517578,150.89999389648438,149.0,37367600,5616350394.036865,150.3000030517578
2015-10-06,152.6999969482422,153.10000610351562,151.10000610351562,59147000,8954855438.995361,151.39999389648438
2015-10-07,151.60000610351562,153.60000610351562,150.8000030517578,33791300,5170068900.0,153.0
2015-10-08,152.8000030517578,153.8000030517578,151.60000610351562,35603400,5401035671.347046,151.6999969482422
2015-10-09,153.0,155.5,153.0,25914400,4027097601.831055,155.39999389648438
2015-10-13,154.5,155.10000610351562,153.8000030517578,16695600,2574461469.0490723,154.1999969482422
2015-10-14,152.6999969482422,152.89999389648438,150.5,27707200,4181016310.888672,150.89999389648438
2015-10-15,150.39999389648438,153.3000030517578,150.0,26016400,3977907401.208496,152.89999389648438
2015-10-16,154.1999969482422,155.39999389648438,154.0,29387400,4531536990.316772,154.1999969482422
2015-10-19,154.1999969482422,154.6999969482422,152.6999969482422,21036100,3226937611.605835,153.39999389648438
2015-10-20,154.3000030517578,154.3000030517578,153.1999969482422,9820400,1513323699.9389648,154.10000610351562
2015-10-21,153.5,156.89999389648438,153.39999389648438,24103000,3772119500.0,156.5
2015-10-22,155.3000030517578,156.8000030517578,155.1999969482422,30732400,4785034586.212158,155.6999969482422
2015-10-23,159.39999389648438,159.5,158.5,57755100,9183060900.0,159.0
2015-10-26,160.89999389648438,161.10000610351562,159.6999969482422,25633700,4093701811.772156,159.6999969482422
2015-10-27,160.0,160.10000610351562,158.1999969482422,41974200,6640318311.904907,158.1999969482422
2015-10-28,158.8000030517578,159.10000610351562,158.0,18078800,2867297790.3442383,158.60000610351562
2015-10-29,159.6999969482422,159.89999389648438,157.5,27280200,4337551800.0,159.0
2015-10-30,158.60000610351562,161.0,157.6999969482422,57640700,9205219614.094543,159.6999969482422
2015-11-02,157.5,157.60000610351562,156.1999969482422,26303000,4121680019.7296143,156.6999969482422
2015-11-04,159.1999969482422,159.6999969482422,157.89999389648438,24385400,3855331888.83667,158.10000610351562
2015-11-05,158.89999389648438,160.0,158.5,28756200,4583738104.486084,159.39999389648438
2015-11-06,160.0,160.6999969482422,159.5,23715200,3808661264.7460938,160.60000610351562
2015-11-09,161.6999969482422,163.60000610351562,161.60000610351562,35959700,5861431100.0,163.0
2015-11-10,161.60000610351562,163.10000610351562,161.39999389648438,22716300,3700485131.350708,162.89999389648438
2015-11-11,162.39999389648438,164.0,162.39999389648438,21906600,3592682400.0,164.0
2015-11-12,163.3000030517578,163.8000030517578,162.8000030517578,18466300,3017393307.2906494,163.39999389648438
2015-11-13,161.39999389648438,162.6999969482422,161.10000610351562,32177300,5225593323.605347,162.39999389648438
2015-11-16,159.5,161.6999969482422,159.39999389648438,22658600,3654832249.14856,161.3000030517578
2015-11-17,163.1999969482422,163.39999389648438,162.6999969482422,25710600,4188256583.074951,162.89999389648438
2015-11-18,163.60000610351562,164.0,162.60000610351562,18040600,2937009735.055542,162.8000030517578
2015-11-19,164.3000030517578,165.10000610351562,163.5,43827300,7196442526.249695,164.1999969482422
2015-11-20,163.8000030517578,164.1999969482422,163.10000610351562,12028100,1975013983.293152,164.1999969482422
2015-11-24,164.1999969482422,165.0,163.89999389648438,11482300,1892283075.0411987,164.8000030517578
2015-11-25,163.89999389648438,164.1999969482422,163.0,16033800,2619922822.137451,163.39999389648438
2015-11-26,164.10000610351562,164.89999389648438,164.0,24930200,4101017900.0,164.5
2015-11-27,164.8000030517578,164.8000030517578,163.1999969482422,16657900,2725232541.671753,163.60000610351562
2015-11-30,163.3000030517578,163.5,161.89999389648438,26182000,4244102359.802246,162.10000610351562
2015-12-01,162.39999389648438,164.10000610351562,162.1999969482422,71220200,11672990345.306396,163.89999389648438
2015-12-02,163.89999389648438,164.8000030517578,163.89999389648438,50571700,8303872985.667419,164.1999969482422
2015-12-03,164.0,164.60000610351562,163.60000610351562,43436800,7136666372.558594,164.3000030517578
2015-12-04,161.60000610351562,162.0,160.8000030517578,34123700,5504152914.137268,161.3000030517578
2015-12-07,162.8000030517578,163.60000610351562,162.5,31781900,5174093416.990662,162.8000030517578
2015-12-08,162.6999969482422,163.10000610351562,160.6999969482422,23885000,3843096354.217529,160.89999389648438
2015-12-09,160.3000030517578,161.0,159.3000030517578,45839600,7320583980.108643,159.6999969482422
2015-12-10,158.10000610351562,158.6999969482422,157.6999969482422,41971000,6627220643.829346,157.89999389648438
2015-12-11,157.5,159.3000030517578,157.3000030517578,46577900,7396570662.14447,158.8000030517578
2015-12-14,155.5,157.0,154.3000030517578,48093800,7550726600.0,157.0
2015-12-15,156.8000030517578,157.0,154.0,38965500,6008479981.086731,154.1999969482422
2015-12-16,156.60000610351562,158.1999969482422,156.5,34091500,5389866358.078003,158.10000610351562
2015-12-17,161.0,161.8000030517578,160.1999969482422,40228200,6448580582.766724,160.3000030517578
2015-12-18,160.3000030517578,164.0,157.60000610351562,99112600,15649878935.064695,157.89999389648438
2015-12-21,156.5,157.6999969482422,155.0,26525400,4172445500.9490967,157.3000030517578
2015-12-22,157.1999969482422,157.6999969482422,156.39999389648438,15973800,2515873500.0,157.5
2015-12-24,158.6999969482422,158.89999389648438,156.10000610351562,19328200,3017132137.9699707,156.10000610351562
2015-12-25,156.39999389648438,156.5,155.1999969482422,12783100,1986493661.9781492,155.39999389648438
2015-12-28,156.39999389648438,157.39999389648438,155.89999389648438,12764200,2002702902.0935056,156.89999389648438
2015-12-29,156.6999969482422,158.6999969482422,156.10000610351562,27413300,4350490626.341248,158.6999969482422
2015-12-30,159.10000610351562,159.60000610351562,158.6999969482422,17311100,2750733684.3414307,158.89999389648438
2016-01-04,157.3000030517578,158.6999969482422,154.60000610351562,44857200,6961837303.106689,155.1999969482422
2016-01-05,154.39999389648438,155.8000030517578,153.8000030517578,54684000,8437741366.882324,154.3000030517578
2016-01-06,154.6999969482422,155.5,151.8000030517578,36545900,5591522700.0,153.0
2016-01-07,152.39999389648438,153.0,149.5,62176600,9301619739.49585,149.60000610351562
2016-01-08,148.3000030517578,151.3000030517578,147.6999969482422,55052000,8180727536.010742,148.60000610351562
2016-01-12,146.6999969482422,147.5,143.89999389648438,112098400,16130959075.805664,143.89999389648438
2016-01-13,146.3000030517578,148.1999969482422,146.0,35613200,5274315137.365723,148.10000610351562
2016-01-14,144.10000610351562,144.6999969482422,142.0,93486100,13518090630.593872,144.60000610351562
2016-01-15,146.8000030517578,147.3000030517578,143.10000610351562,36013100,5185886400.0,144.0
2016-01-18,141.0,143.10000610351562,140.0,80192700,11419439990.542604,142.39999389648438
2016-01-19,141.89999389648438,143.3000030517578,141.10000610351562,59286900,8460240449.07074,142.6999969482422
2016-01-20,142.1999969482422,142.3000030517578,137.3000030517578,61211600,8422716533.605957,137.60000610351562
2016-01-21,137.60000610351562,139.6999969482422,133.60000610351562,69231600,9263188291.278076,133.8000030517578
2016-01-22,138.3000030517578,141.39999389648438,136.89999389648438,42951900,6056217900.0,141.0
2016-01-25,143.60000610351562,143.6999969482422,141.39999389648438,44170500,6316381500.0,143.0
2016-01-26,140.6999969482422,141.0,139.39999389648438,41151500,5740634250.0,139.5
2016-01-27,142.6999969482422,144.10000610351562,142.10000610351562,61255100,8808483566.93573,143.8000030517578
2016-01-28,143.0,144.60000610351562,142.1999969482422,38979100,5570113152.090454,142.89999389648438
2016-01-29,143.8000030517578,147.8000030517578,140.60000610351562,119180300,17602929946.29059,147.6999969482422
2016-02-01,149.6999969482422,150.39999389648438,148.8000030517578,62829300,9430678313.479614,150.10000610351562
2016-02-02,148.39999389648438,150.1999969482422,148.3000030517578,27210200,4057040986.077881,149.10000610351562
2016-02-03,145.8000030517578,146.1999969482422,143.39999389648438,51876000,7490894083.374023,144.39999389648438
2016-02-04,142.60000610351562,144.10000610351562,141.89999389648438,40324300,5746212750.0,142.5
2016-02-05,140.10000610351562,141.10000610351562,138.89999389648438,33935000,4771261207.122803,140.60000610351562
2016-02-08,138.60000610351562,142.60000610351562,138.1999969482422,30993300,4388651469.168091,141.60000610351562
2016-02-09,136.0,136.39999389648438,133.39999389648438,63442500,8494950362.77771,133.89999389648438
2016-02-10,133.89999389648438,134.39999389648438,127.9000015258789,116385400,15095186024.819946,129.6999969482422
2016-02-12,125.0999984741211,126.0999984741211,122.5,206221400,25344610374.668884,122.9000015258789
2016-02-15,128.6999969482422,133.8000030517578,128.3000030517578,66616100,8846618283.296204,132.8000030517578
2016-02-16,131.60000610351562,135.60000610351562,131.1999969482422,74723700,9938252100.0,133.0
2016-02-17,132.5,134.60000610351562,129.89999389648438,68578700,9018099050.0,131.5
2016-02-18,135.5,135.8000030517578,133.89999389648438,46304700,6232612902.62146,134.60000610351562
2016-02-19,133.10000610351562,133.39999389648438,131.5,48849700,6492124831.845093,132.89999389648438
2016-02-22,131.60000610351562,134.0,131.3000030517578,35220200,4691330532.51648,133.1999969482422
2016-02-23,134.1999969482422,135.10000610351562,132.3000030517578,48511200,6427734000.0,132.5
2016-02-24,130.6999969482422,132.60000610351562,130.0,46859700,6176108603.004456,131.8000030517578
2016-02-25,132.3000030517578,134.89999389648438,132.3000030517578,40545500,5453369750.0,134.5
2016-02-26,135.5,136.60000610351562,134.60000610351562,81818900,11021005580.308533,134.6999969482422
2016-02-29,136.5,137.0,133.3000030517578,31867900,4251177665.4937744,133.39999389648438
2016-03-01,133.0,134.0,131.8000030517578,38265900,5108497650.0,133.5
2016-03-02,137.39999389648438,139.1999969482422,136.60000610351562,57880600,8022251513.275146,138.60000610351562
2016-03-03,138.3000030517578,140.6999969482422,138.3000030517578,60706100,8523136069.47937,140.39999389648438
2016-03-04,139.89999389648438,141.3000030517578,139.6999969482422,41948800,5914780800.0,141.0
2016-03-07,140.89999389648438,141.1999969482422,139.6999969482422,25759700,3603781872.775269,139.89999389648438
2016-03-08,139.3000030517578,139.8000030517578,136.60000610351562,39480000,5456135879.516602,138.1999969482422
2016-03-09,136.89999389648438,137.5,135.8000030517578,48432500,6625566147.80426,136.8000030517578
2016-03-10,138.0,139.10000610351562,137.3000030517578,32326600,4490164542.694092,138.89999389648438
2016-03-11,136.8000030517578,140.1999969482422,136.6999969482422,38454300,5360529185.293579,139.39999389648438
2016-03-14,141.3000030517578,142.1999969482422,140.8000030517578,30082200,4262647648.196411,141.6999969482422
2016-03-15,141.5,142.10000610351562,140.1999969482422,36867900,5183626965.023804,140.60000610351562
2016-03-16,139.6999969482422,141.10000610351562,139.60000610351562,31352000,4386144608.642578,139.89999389648438
2016-03-17,140.8000030517578,141.8000030517578,138.39999389648438,51115700,7120417165.992737,139.3000030517578
2016-03-18,139.0,139.60000610351562,137.10000610351562,49652400,6861961528.4729,138.1999969482422
2016-03-22,139.8000030517578,141.3000030517578,139.0,80362000,11282824309.509275,140.39999389648438
2016-03-23,140.6999969482422,141.5,139.8000030517578,37164300,5203002000.0,140.0
2016-03-24,139.39999389648438,140.1999969482422,138.5,33658000,4675095994.567871,138.89999389648438
2016-03-25,139.1999969482422,140.5,138.8000030517578,30578100,4287049526.683045,140.1999969482422
2016-03-28,141.1999969482422,141.6999969482422,140.10000610351562,33031900,4680620129.194641,141.6999969482422
2016-03-29,141.60000610351562,143.10000610351562,141.60000610351562,37300400,5322766966.168213,142.6999969482422
2016-03-30,142.3000030517578,142.5,140.5,24406200,3433952265.5181885,140.6999969482422
2016-03-31,141.39999389648438,141.8000030517578,139.39999389648438,36054700,5036841479.969788,139.6999969482422
2016-04-01,139.0,139.1999969482422,134.39999389648438,111978800,15072347163.464355,134.60000610351562
2016-04-04,134.39999389648438,136.1999969482422,133.89999389648438,33704600,4550121000.0,135.0
2016-04-05,134.3000030517578,134.39999389648438,131.1999969482422,40819200,5363642630.859375,131.39999389648438
2016-04-06,131.1999969482422,132.0,130.10000610351562,52026900,6836334342.453003,131.39999389648438
2016-04-07,131.1999969482422,132.8000030517578,130.6999969482422,31826000,4197849205.749512,131.89999389648438
2016-04-08,130.0,135.10000610351562,129.5,46336800,6176695581.408691,133.3000030517578
2016-04-11,132.6999969482422,133.0,130.8000030517578,33353300,4432653366.427612,132.89999389648438
2016-04-12,132.39999389648438,135.0,132.3000030517578,45771500,6169998339.683533,134.8000030517578
2016-04-13,136.3000030517578,138.3000030517578,136.0,55878400,7711219200.0,138.0
2016-04-14,140.3000030517578,142.0,140.10000610351562,75503000,10713875239.16626,141.89999389648438
2016-04-15,140.10000610351562,141.8000030517578,140.10000610351562,45438700,6393224951.332092,140.6999969482422
2016-04-18,136.0,137.5,136.0,41416000,5665708926.391602,136.8000030517578
2016-04-19,140.39999389648438,141.60000610351562,140.39999389648438,35578100,5027185638.575745,141.3000030517578
2016-04-20,142.5,143.10000610351562,141.3000030517578,31934800,4518774200.0,141.5
2016-04-21,144.3000030517578,144.5,143.10000610351562,40749700,5867956800.0,144.0
2016-04-22,142.89999389648438,145.89999389648438,142.8000030517578,41519200,6049347313.293457,145.6999969482422
2016-04-25,146.3000030517578,146.5,144.8000030517578,26105500,3790518520.332336,145.1999969482422
2016-04-26,144.5,144.89999389648438,142.89999389648438,20019300,2884781252.1881104,144.10000610351562
2016-04-27,144.10000610351562,144.60000610351562,142.89999389648438,16590300,2382367181.2591558,143.60000610351562
2016-04-28,144.89999389648438,145.6999969482422,138.0,57956900,8050213056.259155,138.89999389648438
2016-05-02,132.89999389648438,134.8000030517578,132.89999389648438,87909400,11841395911.721802,134.6999969482422
2016-05-06,135.39999389648438,135.8000030517578,133.5,25545900,3435923550.0,134.5
2016-05-09,135.5,136.10000610351562,135.0,23586100,3193557796.04187,135.39999389648438
2016-05-10,136.1999969482422,138.60000610351562,135.5,20872600,2886680643.69812,138.3000030517578
2016-05-11,139.6999969482422,140.3000030517578,137.89999389648438,31146600,4301345650.10376,138.10000610351562
2016-05-12,136.8000030517578,138.8000030517578,136.3000030517578,23930700,3316795166.0614014,138.60000610351562
2016-05-13,139.10000610351562,139.39999389648438,136.60000610351562,34018000,4650260496.185303,136.6999969482422
2016-05-16,136.89999389648438,138.1999969482422,136.5,25546900,3494815997.962952,136.8000030517578
2016-05-17,138.0,138.60000610351562,137.3000030517578,21133800,2929144808.9904785,138.60000610351562
2016-05-18,138.10000610351562,139.89999389648438,137.60000610351562,37684700,5230636475.004578,138.8000030517578
2016-05-19,139.8000030517578,140.1999969482422,137.89999389648438,65533700,9069863680.014038,138.39999389648438
2016-05-20,138.0,139.5,137.8000030517578,23765200,3310492432.525635,139.3000030517578
2016-05-23,138.60000610351562,138.89999389648438,136.6999969482422,29871400,4146150411.1602783,138.8000030517578
2016-05-24,138.3000030517578,138.3000030517578,137.1999969482422,17408900,2395464746.255493,137.60000610351562
2016-05-25,139.89999389648438,140.39999389648438,139.10000610351562,25628600,3572626683.5754395,139.39999389648438
2016-05-26,140.60000610351562,140.8000030517578,138.89999389648438,31624300,4405265086.509705,139.3000030517578
2016-05-27,139.6999969482422,140.1999969482422,139.3000030517578,17336200,2428801725.811768,140.10000610351562
2016-05-30,141.0,141.6999969482422,140.3000030517578,31492300,4462458813.893127,141.6999969482422
2016-05-31,141.1999969482422,143.1999969482422,141.0,23294700,3328812487.8204346,142.89999389648438
2016-06-01,141.6999969482422,142.5,140.8000030517578,17176100,2426982982.4172974,141.3000030517578
2016-06-02,140.0,140.1999969482422,137.8000030517578,31049700,4287963759.512329,138.10000610351562
2016-06-03,138.3000030517578,139.10000610351562,137.89999389648438,18982600,2632886562.069702,138.6999969482422
2016-06-06,136.3000030517578,138.3000030517578,135.8000030517578,21272100,2941931494.9172974,138.3000030517578
2016-06-07,138.39999389648438,139.3000030517578,137.89999389648438,19085800,2654834896.4904785,139.10000610351562
2016-06-08,139.39999389648438,140.10000610351562,138.10000610351562,18649100,2612739023.825073,140.10000610351562
2016-06-09,139.10000610351562,139.6999969482422,138.10000610351562,21851000,3026363500.0,138.5
2016-06-10,138.1999969482422,138.5,136.89999389648438,18106500,2496886239.4866943,137.89999389648438
2016-06-13,135.39999389648438,135.39999389648438,133.10000610351562,28719700,3822592245.2911377,133.10000610351562
2016-06-14,132.89999389648438,133.5,131.0,25191000,3325212000.0,132.0
2016-06-15,131.39999389648438,133.1999969482422,130.89999389648438,32233200,4267675483.26416,132.39999389648438
2016-06-16,131.8000030517578,132.3000030517578,128.3000030517578,38709400,4989641423.736572,128.89999389648438
2016-06-17,130.6999969482422,131.10000610351562,129.39999389648438,65349600,8482378279.431152,129.8000030517578
2016-06-20,131.89999389648438,133.1999969482422,131.60000610351562,25646500,3400726056.533813,132.60000610351562
2016-06-21,131.6999969482422,134.60000610351562,130.89999389648438,39388900,5289929390.205383,134.3000030517578
2016-06-22,133.8000030517578,134.10000610351562,132.39999389648438,27133500,3616895632.804871,133.3000030517578
2016-06-23,133.5,134.89999389648438,132.89999389648438,68563800,9228687898.480225,134.60000610351562
2016-06-24,135.60000610351562,135.89999389648438,123.5,172963700,21551276756.07834,124.5999984741211
2016-06-27,126.5,127.3000030517578,125.6999969482422,55563100,7062069925.217438,127.0999984741211
2016-06-28,125.4000015258789,128.1999969482422,124.3000030517578,81162300,10323844312.312317,127.1999969482422
2016-06-29,129.0,130.10000610351562,128.0,32406500,4203122951.1032095,129.6999969482422
2016-06-30,131.10000610351562,131.3000030517578,129.39999389648438,40491800,5243688100.0,129.5
2016-07-01,130.1999969482422,131.0,129.6999969482422,79306900,10325758137.974548,130.1999969482422
2016-07-04,129.60000610351562,131.1999969482422,129.39999389648438,23630700,3095621700.0,131.0
2016-07-05,130.5,130.6999969482422,129.6999969482422,36905400,4808773732.626343,130.3000030517578
2016-07-06,125.5,125.5999984741211,123.6999969482422,56237000,7040872228.378296,125.1999969482422
2016-07-07,125.0999984741211,125.8000030517578,124.1999969482422,18968800,2363512451.055908,124.5999984741211
2016-07-08,124.8000030517578,125.4000015258789,122.6999969482422,30841000,3784190605.880737,122.6999969482422
2016-07-11,126.0,128.39999389648438,125.9000015258789,45093100,5749370250.0,127.5
2016-07-12,130.10000610351562,131.8000030517578,130.10000610351562,67725000,8858430206.680298,130.8000030517578
2016-07-13,133.5,133.89999389648438,131.6999969482422,46823400,6180688800.0,132.0
2016-07-14,132.1999969482422,133.39999389648438,132.0,66142000,8803500603.69873,133.10000610351562
2016-07-15,133.6999969482422,134.6999969482422,133.0,41361800,5525936732.452393,133.60000610351562
2016-07-19,135.0,135.1999969482422,133.6999969482422,38805500,5242623286.849976,135.10000610351562
2016-07-20,134.60000610351562,135.1999969482422,133.89999389648438,29984600,4053917828.494263,135.1999969482422
2016-07-21,136.60000610351562,136.89999389648438,135.3000030517578,21079900,2862650484.330749,135.8000030517578
2016-07-22,134.1999969482422,135.1999969482422,134.10000610351562,18981300,2554883095.852661,134.60000610351562
2016-07-25,135.10000610351562,136.10000610351562,134.39999389648438,22776300,3063412350.0,134.5
2016-07-26,133.6999969482422,133.89999389648438,132.3000030517578,49224400,6537000470.220947,132.8000030517578
2016-07-27,134.0,135.1999969482422,133.39999389648438,70141800,9441086708.111572,134.60000610351562
2016-07-28,133.39999389648438,133.8000030517578,132.39999389648438,17350800,2305921214.099121,132.89999389648438
2016-07-29,132.3000030517578,134.5,130.60000610351562,134553100,18057025609.37653,134.1999969482422
2016-08-01,132.3000030517578,134.60000610351562,131.8000030517578,53717300,7208861496.06781,134.1999969482422
2016-08-02,132.6999969482422,133.39999389648438,131.8000030517578,27452500,3618239583.778381,131.8000030517578
2016-08-03,130.10000610351562,130.39999389648438,128.89999389648438,23630200,3048295800.0,129.0
2016-08-04,129.60000610351562,130.60000610351562,128.1999969482422,27641500,3604451431.289673,130.39999389648438
2016-08-05,130.5,131.0,129.6999969482422,15332200,1993186000.0,130.0
2016-08-08,131.8000030517578,132.60000610351562,131.5,12831100,1700120750.0,132.5
2016-08-09,132.6999969482422,133.89999389648438,132.5,13704300,1830894563.6444087,133.60000610351562
2016-08-10,133.3000030517578,134.0,132.8000030517578,14409400,1922213872.052002,133.39999389648438
2016-08-12,134.3000030517578,135.0,133.89999389648438,20120600,2704208517.1936035,134.39999389648438
2016-08-15,134.0,134.3000030517578,133.60000610351562,7728100,1034019803.5842896,133.8000030517578
2016-08-16,133.8000030517578,133.89999389648438,131.6999969482422,17691400,2329957326.010132,131.6999969482422
2016-08-17,131.8000030517578,133.39999389648438,131.6999969482422,17002600,2264746268.1121826,133.1999969482422
2016-08-18,132.3000030517578,132.6999969482422,131.0,14292600,1875189076.3824463,131.1999969482422
2016-08-19,131.8000030517578,132.10000610351562,130.89999389648438,13235100,1743062629.6096802,131.6999969482422
2016-08-22,132.10000610351562,132.5,131.60000610351562,15118600,2000190826.1383057,132.3000030517578
2016-08-23,131.8000030517578,132.89999389648438,131.1999969482422,25467700,3351549475.442505,131.60000610351562
2016-08-24,132.5,133.10000610351562,132.1999969482422,16435100,2177650750.0,132.5
2016-08-25,132.6999969482422,132.89999389648438,132.10000610351562,17820200,2357612514.3829346,132.3000030517578
2016-08-26,131.89999389648438,132.0,130.6999969482422,26438800,3455551079.315185,130.6999969482422
2016-08-29,133.60000610351562,134.0,133.1999969482422,15166300,2024701050.0,133.5
2016-08-30,133.1999969482422,133.6999969482422,132.8000030517578,5183700,692023950.0,133.5
2016-08-31,134.5,135.3000030517578,134.3000030517578,26481200,3574962000.0,135.0
2016-09-01,135.3000030517578,136.0,134.89999389648438,17663600,2398716933.9050293,135.8000030517578
2016-09-02,135.60000610351562,136.39999389648438,135.5,12027300,1638118223.2955933,136.1999969482422
2016-09-05,137.8000030517578,137.89999389648438,136.39999389648438,25880300,3537836931.0195923,136.6999969482422
2016-09-06,136.6999969482422,137.60000610351562,136.60000610351562,16751500,2303331250.0,137.5
2016-09-07,135.89999389648438,137.3000030517578,135.89999389648438,14428300,1978120018.0633545,137.10000610351562
2016-09-08,137.1999969482422,137.1999969482422,135.89999389648438,11076300,1515237873.802185,136.8000030517578
2016-09-09,137.0,137.1999969482422,136.1999969482422,9532200,1302098578.1799316,136.60000610351562
2016-09-12,134.6999969482422,135.0,133.6999969482422,21117000,2833901335.5560303,134.1999969482422
2016-09-13,135.0,135.1999969482422,133.89999389648438,15925600,2143585857.2021484,134.60000610351562
2016-09-14,133.5,134.39999389648438,133.39999389648438,12386900,1652412384.3963623,133.39999389648438
2016-09-15,132.8000030517578,132.89999389648438,131.60000610351562,19498100,2579598689.503479,132.3000030517578
2016-09-16,132.5,133.5,132.1999969482422,13841500,1847840250.0,133.5
2016-09-20,132.6999969482422,134.60000610351562,132.60000610351562,12236500,1637243737.3428345,133.8000030517578
2016-09-21,133.6999969482422,137.8000030517578,133.0,44363800,6100022500.0,137.5
2016-09-23,136.8000030517578,137.39999389648438,136.39999389648438,30709700,4213370746.281433,137.1999969482422
2016-09-26,137.1999969482422,137.1999969482422,135.39999389648438,26210500,3556764770.011902,135.6999969482422
2016-09-27,134.1999969482422,137.10000610351562,133.5,23394600,3207399802.789306,137.10000610351562
2016-09-28,136.89999389648438,137.0,135.6999969482422,15955000,2174666548.690796,136.3000030517578
2016-09-29,137.3000030517578,138.10000610351562,137.0,25587600,3528529883.825684,137.89999389648438
2016-09-30,135.39999389648438,136.10000610351562,134.8000030517578,41936400,5673995047.979736,135.3000030517578
2016-10-03,136.5,137.1999969482422,136.10000610351562,34200700,4658135235.627747,136.1999969482422
2016-10-04,136.8000030517578,137.39999389648438,136.5,20606000,2827143137.1154785,137.1999969482422
2016-10-05,137.6999969482422,138.3000030517578,137.3000030517578,13508400,1865510122.4487305,138.10000610351562
2016-10-06,138.89999389648438,139.39999389648438,138.60000610351562,49942700,6927052337.586975,138.6999969482422
2016-10-07,138.6999969482422,138.6999969482422,137.8000030517578,17306200,2393447512.814331,138.3000030517578
2016-10-11,138.6999969482422,139.60000610351562,138.60000610351562,19402900,2695062691.5740967,138.89999389648438
2016-10-12,137.60000610351562,138.60000610351562,137.39999389648438,21290500,2929572929.9468994,137.60000610351562
2016-10-13,138.0,138.6999969482422,136.89999389648438,33547600,4609440035.241699,137.39999389648438
2016-10-14,137.5,138.10000610351562,137.0,12770700,1761079452.053833,137.89999389648438
2016-10-17,137.8000030517578,138.8000030517578,137.6999969482422,15541700,2154079714.859009,138.60000610351562
2016-10-18,138.1999969482422,139.0,137.89999389648438,46092700,6402275748.672485,138.89999389648438
2016-10-19,138.8000030517578,139.3000030517578,138.60000610351562,17056700,2374292587.9470825,139.1999969482422
2016-10-20,139.0,140.39999389648438,138.8000030517578,27554700,3868679711.819458,140.39999389648438
2016-10-21,140.5,140.6999969482422,139.5,14960800,2091519885.6567383,139.8000030517578
2016-10-24,140.10000610351562,140.3000030517578,139.39999389648438,17128000,2401345547.729492,140.1999969482422
2016-10-25,140.8000030517578,141.3000030517578,140.60000610351562,28021700,3951059700.0,141.0
2016-10-26,140.89999389648438,141.6999969482422,140.60000610351562,19135900,2707729850.0,141.5
2016-10-27,141.39999389648438,142.1999969482422,141.0,23204600,3288091749.1851807,141.6999969482422
2016-10-28,142.3000030517578,142.6999969482422,142.0,20348500,2899661250.0,142.5
2016-10-31,142.10000610351562,142.89999389648438,141.89999389648438,24532700,3505722680.264282,142.89999389648438
2016-11-01,142.5,142.89999389648438,141.8000030517578,33386700,4770959226.223755,142.89999389648438
2016-11-02,141.0,141.10000610351562,139.60000610351562,35240400,4933656000.0,140.0
2016-11-04,138.5,138.89999389648438,137.0,34899900,4816186200.0,138.0
2016-11-07,139.6999969482422,140.10000610351562,138.8000030517578,43812700,6116253187.411499,139.60000610351562
2016-11-08,140.10000610351562,140.1999969482422,139.3000030517578,34881900,4873001323.548889,139.6999969482422
2016-11-09,140.39999389648438,141.60000610351562,131.8000030517578,127290500,16993281750.0,133.5
2016-11-10,141.60000610351562,141.8000030517578,139.5,58018200,8186368374.11499,141.10000610351562
2016-11-11,142.6999969482422,143.39999389648438,140.60000610351562,46678300,6595643932.450867,141.3000030517578
2016-11-14,142.3000030517578,143.6999969482422,142.0,39865500,5712726271.659851,143.3000030517578
2016-11-15,143.8000030517578,144.10000610351562,142.89999389648438,34394500,4942489545.036316,143.6999969482422
2016-11-16,145.3000030517578,145.6999969482422,144.89999389648438,28539300,4149614045.809937,145.39999389648438
2016-11-17,144.6999969482422,145.8000030517578,144.6999969482422,19960200,2908201079.086304,145.6999969482422
2016-11-18,147.1999969482422,147.1999969482422,146.1999969482422,37848200,5544761300.0,146.5
2016-11-21,147.10000610351562,148.0,146.8000030517578,47736100,7050621824.320984,147.6999969482422
2016-11-22,147.6999969482422,148.39999389648438,147.5,18518600,2746308436.514282,148.3000030517578
2016-11-24,149.89999389648438,150.0,149.1999969482422,106669500,15947090250.0,149.5
2016-11-25,150.0,150.89999389648438,149.1999969482422,49867300,7485082034.365845,150.10000610351562
2016-11-28,149.39999389648438,150.8000030517578,149.10000610351562,28830900,4339050450.0,150.5
2016-11-29,149.60000610351562,150.60000610351562,149.60000610351562,21860200,3289960100.0,150.5
2016-11-30,150.6999969482422,150.89999389648438,150.10000610351562,25405300,3820956964.9383545,150.39999389648438
2016-12-01,152.5,153.60000610351562,151.39999389648438,57963200,8787221473.779297,151.60000610351562
2016-12-02,151.6999969482422,152.0,150.60000610351562,35323100,5351449650.0,151.5
2016-12-05,150.60000610351562,150.89999389648438,149.6999969482422,75774300,11396454257.510376,150.39999389648438
2016-12-06,151.8000030517578,152.10000610351562,150.8000030517578,32745400,4957653360.137939,151.39999389648438
2016-12-07,152.0,152.8000030517578,151.6999969482422,27532300,4206935524.021912,152.8000030517578
2016-12-08,154.5,154.89999389648438,153.60000610351562,23089100,3571883699.5376587,154.6999969482422
2016-12-09,154.6999969482422,156.5,154.6999969482422,62077100,9702650919.444277,156.3000030517578
2016-12-12,157.60000610351562,158.10000610351562,155.6999969482422,38934100,6108760052.365112,156.89999389648438
2016-12-13,156.39999389648438,157.8000030517578,156.0,35909400,5662912270.413208,157.6999969482422
2016-12-14,157.6999969482422,158.0,157.39999389648438,40646700,6409984465.956116,157.6999969482422
2016-12-15,158.0,159.1999969482422,157.39999389648438,41432200,6550431072.88208,158.10000610351562
2016-12-16,159.3000030517578,159.39999389648438,158.39999389648438,27893500,4432276979.751587,158.89999389648438
2016-12-19,158.3000030517578,158.89999389648438,158.10000610351562,22445100,3564281948.4970093,158.8000030517578
2016-12-20,158.5,159.10000610351562,158.1999969482422,20136600,3199705617.0959477,158.89999389648438
2016-12-21,159.1999969482422,159.6999969482422,157.89999389648438,31179700,4932628444.847107,158.1999969482422
2016-12-22,158.10000610351562,158.10000610351562,157.3000030517578,24558800,3882746429.89502,158.10000610351562
2016-12-26,157.89999389648438,158.0,157.5,15451700,2438278307.154846,157.8000030517578
2016-12-27,157.1999969482422,158.39999389648438,157.10000610351562,64678800,10180442725.231934,157.39999389648438
2016-12-28,157.6999969482422,158.10000610351562,157.1999969482422,22808800,3599228709.6069336,157.8000030517578
2016-12-29,156.89999389648438,157.0,155.1999969482422,23290200,3628613231.07605,155.8000030517578
2016-12-30,155.0,156.10000610351562,154.6999969482422,18928200,2945228035.5285645,155.60000610351562
2017-01-04,157.5,159.5,157.3000030517578,24949800,3974503216.140747,159.3000030517578
2017-01-05,159.6999969482422,159.89999389648438,158.89999389648438,30223500,4820648250.0,159.5
2017-01-06,157.89999389648438,159.60000610351562,157.8000030517578,39531900,6301384618.716431,159.39999389648438
2017-01-10,159.0,159.8000030517578,157.89999389648438,23156500,3663358229.33197,158.1999969482422
2017-01-11,158.6999969482422,159.3000030517578,158.39999389648438,13929700,2214822300.0,159.0
2017-01-12,158.39999389648438,158.60000610351562,156.6999969482422,33650200,5296541274.615479,157.39999389648438
2017-01-13,157.3000030517578,158.5,157.3000030517578,24993200,3961422200.0,158.5
2017-01-16,158.10000610351562,158.3000030517578,156.60000610351562,42638700,6690011769.754028,156.89999389648438
2017-01-17,156.60000610351562,156.60000610351562,154.60000610351562,41771000,6457796854.949951,154.60000610351562
2017-01-18,154.10000610351562,155.5,153.1999969482422,43826900,6810699992.501831,155.39999389648438
2017-01-19,156.8000030517578,157.39999389648438,156.0,22572400,3541609422.229004,156.89999389648438
2017-01-20,156.8000030517578,157.6999969482422,156.5,28135500,4425714235.862732,157.3000030517578
2017-01-23,155.8000030517578,156.3000030517578,155.0,26057600,4046745359.521485,155.3000030517578
2017-01-24,154.6999969482422,155.3000030517578,154.1999969482422,21882800,3383081013.562012,154.60000610351562
2017-01-25,156.89999389648438,157.1999969482422,155.5,15464800,2410962225.610352,155.89999389648438
2017-01-26,157.6999969482422,158.6999969482422,157.39999389648438,40041200,6354538317.803955,158.6999969482422
2017-01-27,159.1999969482422,159.39999389648438,158.5,11960300,1899295676.499939,158.8000030517578
2017-01-30,158.39999389648438,158.39999389648438,157.5,26455600,4187921560.736084,158.3000030517578
2017-01-31,156.39999389648438,157.1999969482422,155.89999389648438,29543200,4611693700.317383,156.10000610351562
2017-02-01,155.0,156.8000030517578,154.60000610351562,19764800,3093191200.0,156.5
2017-02-02,157.10000610351562,157.10000610351562,154.5,23390800,3620895911.3830566,154.8000030517578
2017-02-03,155.6999969482422,156.3000030517578,154.8000030517578,18578900,2887160946.6033936,155.39999389648438
2017-02-06,157.0,157.3000030517578,155.39999389648438,11869500,1851642000.0,156.0
2017-02-07,155.0,156.10000610351562,154.6999969482422,11023900,1715318907.284546,155.60000610351562
2017-02-08,155.8000030517578,156.39999389648438,155.39999389648438,12667800,1979977178.6590576,156.3000030517578
2017-02-09,155.6999969482422,156.0,155.0,11475900,1783354789.956665,155.39999389648438
2017-02-10,157.8000030517578,158.8000030517578,157.39999389648438,33928200,5384405236.459351,158.6999969482422
2017-02-13,159.89999389648438,160.0,159.10000610351562,30214600,4819228700.0,159.5
2017-02-14,159.89999389648438,160.0,157.6999969482422,27817600,4386835435.107422,157.6999969482422
2017-02-15,159.60000610351562,159.8000030517578,159.3000030517578,20643300,3288477752.998352,159.3000030517578
2017-02-16,159.3000030517578,159.60000610351562,158.1999969482422,12014300,1910273700.0,159.0
2017-02-17,158.1999969482422,158.6999969482422,157.60000610351562,11995800,1900134646.7834475,158.39999389648438
2017-02-20,158.0,158.89999389648438,157.5,12948700,2053663899.0325928,158.60000610351562
2017-02-21,158.8000030517578,159.60000610351562,158.60000610351562,9831600,1568140200.0,159.5
2017-02-22,160.0,160.0,159.3000030517578,14040300,2242235867.152405,159.6999969482422
2017-02-23,159.6999969482422,159.89999389648438,158.6999969482422,8263000,1319601074.7833252,159.6999969482422
2017-02-24,158.6999969482422,159.89999389648438,158.5,9951200,1582240800.0,159.0
2017-02-27,157.89999389648438,158.10000610351562,156.5,22775600,3584879300.988769,157.39999389648438
2017-02-28,158.3000030517578,159.0,157.39999389648438,14398400,2269187927.8808594,157.60000610351562
2017-03-01,158.1999969482422,159.5,157.60000610351562,19293800,3075431602.23999,159.39999389648438
2017-03-02,161.5,161.8000030517578,160.5,40455300,6497121426.919556,160.60000610351562
2017-03-03,160.5,160.6999969482422,159.1999969482422,13349000,2133170240.737915,159.8000030517578
2017-03-06,159.5,159.8000030517578,159.0,15400500,2454839606.002808,159.39999389648438
2017-03-07,159.3000030517578,159.8000030517578,159.1999969482422,18286900,2914931748.38562,159.39999389648438
2017-03-08,159.3000030517578,159.5,158.39999389648438,42222400,6709139102.294922,158.89999389648438
2017-03-09,159.89999389648438,159.89999389648438,159.0,27725000,4422137500.0,159.5
2017-03-10,160.89999389648438,161.6999969482422,160.6999969482422,28255100,4568849583.772278,161.6999969482422
2017-03-13,161.1999969482422,162.0,161.0,8452200,1366720714.2059326,161.6999969482422
2017-03-14,161.8000030517578,161.8000030517578,161.39999389648438,21263900,3434119850.0,161.5
2017-03-15,160.8000030517578,161.39999389648438,160.60000610351562,10911900,1758998246.699524,161.1999969482422
2017-03-16,160.1999969482422,161.60000610351562,160.0,11250900,1814770204.335022,161.3000030517578
2017-03-17,160.60000610351562,160.89999389648438,160.39999389648438,11621700,1866445090.9332275,160.60000610351562
2017-03-21,160.10000610351562,160.60000610351562,159.60000610351562,32465700,5201005040.922546,160.1999969482422
2017-03-22,157.5,158.10000610351562,156.89999389648438,31455600,4935383448.010254,156.89999389648438
2017-03-23,156.8000030517578,157.1999969482422,156.10000610351562,16665400,2618134441.7175293,157.10000610351562
2017-03-24,156.89999389648438,158.8000030517578,156.8000030517578,29924200,4737000951.321411,158.3000030517578
2017-03-27,157.0,157.1999969482422,155.8000030517578,27054700,4231354914.871216,156.39999389648438
2017-03-28,157.6999969482422,158.60000610351562,157.6999969482422,22470700,3561605950.0,158.5
2017-03-29,159.6999969482422,160.0,159.1999969482422,20477000,3270176837.5091558,159.6999969482422
2017-03-30,159.10000610351562,159.5,157.89999389648438,13715500,2165677366.2872314,157.89999389648438
2017-03-31,159.10000610351562,159.39999389648438,156.5,32379800,5067438700.0,156.5
2017-04-03,157.3000030517578,157.8000030517578,156.5,22219800,3486286484.3811035,156.89999389648438
2017-04-04,156.60000610351562,156.8000030517578,154.8000030517578,36198200,5643299159.063721,155.89999389648438
2017-04-05,156.3000030517578,156.8000030517578,155.0,24301200,3783696765.838623,155.6999969482422
2017-04-06,154.89999389648438,155.3000030517578,152.8000030517578,36043900,5532738650.0,153.5
2017-04-07,154.39999389648438,155.10000610351562,153.10000610351562,33250100,5130490531.471252,154.3000030517578
2017-04-10,155.3000030517578,155.6999969482422,154.8000030517578,21372500,3321286369.5526123,155.39999389648438
2017-04-11,154.39999389648438,155.10000610351562,154.0,13117300,2031869689.9383545,154.89999389648438
2017-04-12,153.3000030517578,153.60000610351562,152.39999389648438,21616400,3311632414.0319824,153.1999969482422
2017-04-13,151.6999969482422,152.3000030517578,151.0,36929900,5605958932.701111,151.8000030517578
2017-04-14,151.3000030517578,151.6999969482422,150.60000610351562,35332600,5342289012.173462,151.1999969482422
2017-04-17,150.39999389648438,151.89999389648438,150.1999969482422,17472400,2654057453.3569336,151.89999389648438
2017-04-18,153.0,153.3000030517578,152.0,24165300,3680375263.746643,152.3000030517578
2017-04-19,151.6999969482422,152.6999969482422,151.60000610351562,25482100,3886020250.0,152.5
2017-04-20,152.60000610351562,153.3000030517578,152.39999389648438,16874600,2576751368.502808,152.6999969482422
2017-04-21,153.89999389648438,154.5,153.5,48154200,7425377493.045044,154.1999969482422
2017-04-24,156.1999969482422,156.3000030517578,155.39999389648438,29344500,4571873189.552307,155.8000030517578
2017-04-25,155.6999969482422,157.5,155.60000610351562,43868400,6900499453.875732,157.3000030517578
2017-04-26,158.5,159.39999389648438,158.10000610351562,53088900,8462370335.971069,159.39999389648438
2017-04-27,158.60000610351562,159.39999389648438,158.5,40374800,6419593200.0,159.0
2017-04-28,159.10000610351562,159.39999389648438,158.1999969482422,23865000,3784989145.6604,158.60000610351562
2017-05-01,158.60000610351562,159.5,158.5,17472100,2786799950.0,159.5
2017-05-02,159.8000030517578,160.89999389648438,159.6999969482422,34279500,5505287909.225464,160.60000610351562
2017-05-08,162.60000610351562,164.39999389648438,162.39999389648438,46717300,7675652532.569885,164.3000030517578
2017-05-09,164.3000030517578,164.39999389648438,163.60000610351562,25058600,4104598756.4727774,163.8000030517578
2017-05-10,164.10000610351562,164.39999389648438,163.8000030517578,28958900,4755051291.624451,164.1999969482422
2017-05-11,164.39999389648438,164.60000610351562,163.8000030517578,20744900,3410461433.3831787,164.39999389648438
2017-05-12,164.3000030517578,164.39999389648438,163.10000610351562,18322800,2999442304.083252,163.6999969482422
2017-05-15,163.0,163.60000610351562,162.8000030517578,14017800,2293312165.5578613,163.60000610351562
2017-05-16,164.3000030517578,164.8000030517578,163.6999969482422,18398000,3017272000.0,164.0
2017-05-17,163.1999969482422,163.5,162.8000030517578,25021500,4088512947.280884,163.39999389648438
2017-05-18,160.60000610351562,161.5,160.3000030517578,25115600,4046123313.293457,161.10000610351562
2017-05-19,161.3000030517578,161.8000030517578,160.5,13697500,2213516083.6029053,161.60000610351562
2017-05-22,162.1999969482422,162.5,161.8000030517578,17817700,2891812764.375305,162.3000030517578
2017-05-23,162.3000030517578,162.6999969482422,161.89999389648438,15902100,2577730507.058716,162.10000610351562
2017-05-24,163.39999389648438,163.5,162.6999969482422,12406600,2024757082.1380613,163.1999969482422
2017-05-25,163.10000610351562,163.89999389648438,162.89999389648438,20201600,3300941316.6992188,163.39999389648438
2017-05-26,163.1999969482422,163.39999389648438,162.5,13584100,2210133028.5446167,162.6999969482422
2017-05-29,162.6999969482422,163.1999969482422,162.1999969482422,11112100,1807938636.088562,162.6999969482422
2017-05-30,162.5,163.0,161.8000030517578,10658600,1736285874.9450684,162.89999389648438
2017-05-31,162.3000030517578,162.8000030517578,162.0,16017200,2597989791.119385,162.1999969482422
2017-06-01,162.60000610351562,164.5,162.60000610351562,30818200,5063430354.049683,164.3000030517578
2017-06-02,165.0,167.1999969482422,165.0,33924000,5658523303.527832,166.8000030517578
2017-06-05,166.10000610351562,167.10000610351562,166.0,23903600,3987120552.947998,166.8000030517578
2017-06-06,166.39999389648438,166.60000610351562,165.1999969482422,22390400,3703372023.339844,165.39999389648438
2017-06-07,165.0,165.6999969482422,164.8000030517578,11751300,1942489925.8621216,165.3000030517578
2017-06-08,166.0,166.10000610351562,164.60000610351562,18830500,3103266457.466125,164.8000030517578
2017-06-09,164.6999969482422,165.60000610351562,164.1999969482422,21811300,3596683236.8743896,164.89999389648438
2017-06-12,164.5,165.3000030517578,164.3000030517578,10321800,1700000428.5003662,164.6999969482422
2017-06-13,164.60000610351562,165.39999389648438,164.39999389648438,17019500,2808217500.0,165.0
2017-06-14,165.6999969482422,165.89999389648438,164.6999969482422,12814600,2110564580.8929443,164.6999969482422
2017-06-15,164.5,165.5,163.8000030517578,10262900,1687220697.3602295,164.39999389648438
2017-06-16,165.1999969482422,166.10000610351562,164.8000030517578,31065600,5141356800.0,165.5
2017-06-19,165.60000610351562,166.5,165.3000030517578,23834000,3965977454.5288086,166.39999389648438
2017-06-20,167.89999389648438,168.39999389648438,167.39999389648438,34313900,5744146650.564575,167.39999389648438
2017-06-21,167.1999969482422,167.5,166.60000610351562,26019100,4342587631.192017,166.89999389648438
2017-06-22,167.10000610351562,167.39999389648438,166.6999969482422,15679000,2613689252.1514893,166.6999969482422
2017-06-23,167.10000610351562,167.10000610351562,166.5,28867300,4820839100.0,167.0
2017-06-26,167.0,167.39999389648438,166.89999389648438,13106000,2188702000.0,167.0
2017-06-27,167.8000030517578,167.89999389648438,167.3000030517578,17226100,2887094465.1397705,167.60000610351562
2017-06-28,167.39999389648438,168.3000030517578,167.1999969482422,34454500,5767683089.706421,167.39999389648438
2017-06-29,168.60000610351562,168.89999389648438,168.0,20769100,3495439593.382263,168.3000030517578
2017-06-30,167.0,167.1999969482422,166.39999389648438,32675400,5456791800.0,167.0
2017-07-03,167.1999969482422,167.60000610351562,166.89999389648438,21595700,3610800974.095154,167.1999969482422
2017-07-04,168.5,168.60000610351562,166.5,26226700,4379858900.0,167.0
2017-07-05,166.8000030517578,167.89999389648438,166.10000610351562,43079200,7224381708.532715,167.6999969482422
2017-07-06,165.10000610351562,165.3000030517578,164.5,21395300,3525945505.293274,164.8000030517578
2017-07-07,163.8000030517578,164.8000030517578,163.60000610351562,22438900,3677735573.0438232,163.89999389648438
2017-07-10,165.1999969482422,165.3000030517578,164.39999389648438,15386000,2535612846.9543457,164.8000030517578
2017-07-11,165.0,166.1999969482422,164.8000030517578,35533300,5905634351.560974,166.1999969482422
2017-07-12,165.60000610351562,165.8000030517578,165.0,30163600,4989059255.895996,165.39999389648438
2017-07-13,165.89999389648438,166.10000610351562,164.8000030517578,23859200,3941539767.1875,165.1999969482422
2017-07-14,165.89999389648438,166.3000030517578,165.5,24136000,4006576000.0,166.0
2017-07-18,165.5,165.60000610351562,164.3000030517578,24158100,3993334003.7246704,165.3000030517578
2017-07-19,165.10000610351562,165.8000030517578,164.89999389648438,23264100,3852535101.992798,165.60000610351562
2017-07-20,165.60000610351562,166.89999389648438,165.60000610351562,25155500,4190906453.5369873,166.60000610351562
2017-07-21,166.5,166.60000610351562,166.10000610351562,15670300,2604403812.17804,166.1999969482422
2017-07-24,165.3000030517578,165.8000030517578,164.60000610351562,19015800,3149016596.0632324,165.60000610351562
2017-07-25,165.5,165.89999389648438,164.89999389648438,19929400,3286357938.360596,164.89999389648438
2017-07-26,166.1999969482422,166.1999969482422,165.10000610351562,26066600,4314022300.0,165.5
2017-07-27,165.5,167.10000610351562,165.3000030517578,24513400,4069224400.0,166.0
2017-07-28,165.8000030517578,165.89999389648438,165.10000610351562,29897700,4948069350.0,165.5
2017-07-31,165.1999969482422,165.89999389648438,164.89999389648438,19933200,3290971441.6625977,165.10000610351562
2017-08-01,165.3000030517578,166.3000030517578,165.1999969482422,25512300,4235041800.0,166.0
2017-08-02,166.6999969482422,167.1999969482422,166.1999969482422,21661100,3613071546.104431,166.8000030517578
2017-08-03,166.8000030517578,166.89999389648438,166.0,19010800,3169100301.9836426,166.6999969482422
2017-08-04,166.3000030517578,166.6999969482422,166.0,14535300,2421581068.7164307,166.60000610351562
2017-08-07,167.39999389648438,167.6999969482422,167.0,16215700,2712886659.486389,167.3000030517578
2017-08-08,167.5,167.60000610351562,166.5,17517000,2923587193.084717,166.89999389648438
2017-08-09,166.3000030517578,166.60000610351562,164.39999389648438,41679700,6881318724.3927,165.10000610351562
2017-08-10,165.1999969482422,165.8000030517578,164.60000610351562,26817400,4424871000.0,165.0
2017-08-11,165.0,165.0,165.0,0,0.0,165.0
2017-08-14,163.39999389648438,164.10000610351562,162.89999389648438,26089000,4260333779.6173096,163.3000030517578
2017-08-15,164.5,165.60000610351562,164.3000030517578,36248400,5984611061.242676,165.10000610351562
2017-08-16,165.0,165.3000030517578,164.8000030517578,12223400,2018083414.605713,165.10000610351562
2017-08-17,164.8000030517578,165.1999969482422,164.5,12756300,2102238278.9291384,164.8000030517578
2017-08-18,162.89999389648438,163.39999389648438,162.5,25885200,4219287600.0,163.0
2017-08-21,163.39999389648438,163.5,162.5,13829000,2252744015.5944824,162.89999389648438
2017-08-22,162.6999969482422,163.3000030517578,162.5,15281900,2487893366.6366577,162.8000030517578
2017-08-23,164.5,164.5,163.10000610351562,23729600,3875043752.416992,163.3000030517578
2017-08-24,162.8000030517578,163.39999389648438,162.5,9940200,1616276580.670166,162.60000610351562
2017-08-25,162.89999389648438,163.39999389648438,162.6999969482422,17509700,2852330023.1292725,162.89999389648438
2017-08-28,163.5,163.6999969482422,162.8000030517578,20368600,3330266100.0,163.5
2017-08-29,162.5,163.3000030517578,162.1999969482422,22783800,3718316090.46936,163.1999969482422
2017-08-30,163.89999389648438,164.5,163.39999389648438,18298200,3004564384.158325,164.1999969482422
2017-08-31,164.8000030517578,165.5,164.6999969482422,16182800,2671780378.7719727,165.10000610351562
2017-09-01,165.6999969482422,165.8000030517578,164.60000610351562,20888600,3452885643.746948,165.3000030517578
2017-09-04,164.6999969482422,165.0,163.39999389648438,15860900,2596429281.5963745,163.6999969482422
2017-09-05,163.8000030517578,163.8000030517578,162.10000610351562,27946300,4532889774.714661,162.1999969482422
2017-09-06,161.5,162.6999969482422,161.1999969482422,13611200,2213181203.076172,162.60000610351562
2017-09-07,163.3000030517578,163.89999389648438,162.6999969482422,20586100,3359651457.1762085,163.1999969482422
2017-09-08,162.8000030517578,163.3000030517578,162.3000030517578,15411200,2508943407.03125,162.8000030517578
2017-09-11,164.0,165.1999969482422,164.0,19723100,3246422380.380249,164.60000610351562
2017-09-12,166.10000610351562,166.5,165.8000030517578,25368100,4216178142.582703,166.1999969482422
2017-09-13,167.0,167.39999389648438,166.89999389648438,22363600,3734721200.0,167.0
2017-09-14,167.1999969482422,167.6999969482422,166.39999389648438,13391800,2231073961.7370605,166.60000610351562
2017-09-15,166.39999389648438,167.60000610351562,166.3000030517578,20539700,3434237777.31781,167.1999969482422
2017-09-18,167.1999969482422,167.1999969482422,167.1999969482422,0,0.0,167.1999969482422
2017-09-19,169.10000610351562,170.5,169.0,40514500,6903670552.719116,170.39999389648438
2017-09-20,170.10000610351562,170.6999969482422,170.0,16145900,2749646819.2733765,170.3000030517578
2017-09-21,171.5,171.5,170.1999969482422,27135500,4618462017.189026,170.1999969482422
2017-09-22,170.89999389648438,170.89999389648438,169.39999389648438,25589500,4345097178.092957,169.8000030517578
2017-09-25,170.89999389648438,171.10000610351562,170.39999389648438,23522400,4019978016.430664,170.89999389648438
2017-09-26,170.6999969482422,171.0,170.39999389648438,41186700,7034688485.6918335,170.8000030517578
2017-09-27,171.1999969482422,171.39999389648438,170.60000610351562,17271900,2960403554.5806885,171.39999389648438
2017-09-28,172.1999969482422,172.5,171.5,20195400,3479667481.6314697,172.3000030517578
2017-09-29,172.10000610351562,172.39999389648438,171.60000610351562,21688300,3734725193.812561,172.1999969482422
2017-10-02,172.5,172.6999969482422,171.8000030517578,15861900,2729833086.8133545,172.10000610351562
2017-10-03,172.6999969482422,173.3000030517578,172.3000030517578,25745900,4461764548.570251,173.3000030517578
2017-10-04,173.5,173.8000030517578,172.89999389648438,24121500,4180256023.612976,173.3000030517578
2017-10-05,173.60000610351562,173.60000610351562,172.8000030517578,14372600,2485022452.276612,172.89999389648438
2017-10-06,173.60000610351562,173.89999389648438,173.1999969482422,17913000,3106114090.6677246,173.39999389648438
2017-10-09,173.39999389648438,173.39999389648438,173.39999389648438,0,0.0,173.39999389648438
2017-10-10,173.1999969482422,174.3000030517578,173.10000610351562,30178600,5260130072.097778,174.3000030517578
2017-10-11,174.10000610351562,174.60000610351562,173.89999389648438,20964000,3660314527.9541016,174.60000610351562
2017-10-12,175.10000610351562,175.3000030517578,174.6999969482422,24604600,4300884155.08728,174.8000030517578
2017-10-13,174.6999969482422,176.39999389648438,174.39999389648438,30090000,5292830816.345215,175.89999389648438
2017-10-16,176.1999969482422,177.5,176.0,26020400,4605610800.0,177.0
2017-10-17,177.60000610351562,178.0,176.60000610351562,28641900,5075344592.591858,177.1999969482422
2017-10-18,177.5,177.6999969482422,177.10000610351562,36916600,6552696500.0,177.5
2017-10-19,178.10000610351562,178.39999389648438,177.60000610351562,25964500,4621681000.0,178.0
2017-10-20,177.5,178.3000030517578,177.3000030517578,25545900,4544615454.0802,177.89999389648438
2017-10-23,179.8000030517578,179.89999389648438,179.10000610351562,23516000,4221122000.0,179.5
2017-10-24,179.39999389648438,180.8000030517578,179.3000030517578,27260500,4925972266.807556,180.6999969482422
2017-10-25,181.6000061035156,181.6000061035156,179.6999969482422,28888800,5208650728.161621,180.3000030517578
2017-10-26,180.1999969482422,180.8000030517578,179.89999389648438,23378400,4215125591.345215,180.3000030517578
2017-10-27,181.5,182.3000030517578,180.8999938964844,30526500,5564981043.159485,182.3000030517578
2017-10-30,182.1999969482422,182.3999938964844,181.1999969482422,40070500,7292831000.0,182.0
2017-10-31,181.3000030517578,181.8999938964844,180.8999938964844,21429900,3891669970.7977295,181.6000061035156
2017-11-01,182.8000030517578,184.1000061035156,182.5,36457900,6704607587.478638,183.8999938964844
2017-11-02,184.5,184.6000061035156,183.3999938964844,35733900,6596478158.102417,184.6000061035156
2017-11-03,184.6000061035156,184.6000061035156,184.6000061035156,0,0.0,184.6000061035156
2017-11-06,184.8999938964844,185.1000061035156,183.3999938964844,45433900,8382554550.0,184.5
2017-11-07,184.1999969482422,186.6000061035156,184.0,46707700,8710986050.0,186.5
2017-11-08,186.0,187.1000061035156,185.5,37864400,7080642800.0,187.0
2017-11-09,187.5,189.8000030517578,184.1999969482422,75126900,14018679998.538208,186.6000061035156
2017-11-10,184.1000061035156,185.6000061035156,184.0,41169200,7620419171.276855,185.1000061035156
2017-11-13,185.1000061035156,185.1000061035156,183.3999938964844,37892100,6953200350.0,183.5
2017-11-14,183.1000061035156,183.8000030517578,182.6000061035156,31108000,5692764000.0,183.0
2017-11-15,181.8000030517578,181.8999938964844,179.0,44474900,7983244550.0,179.5
2017-11-16,178.89999389648438,182.1000061035156,178.6999969482422,39823900,7224055216.934204,181.3999938964844
2017-11-17,183.1000061035156,183.3000030517578,180.8000030517578,70498600,12795495900.0,181.5
2017-11-20,180.6999969482422,181.3999938964844,180.3999938964844,26056200,4713566420.965576,180.8999938964844
2017-11-21,182.3000030517578,183.0,182.0,24031900,4381015443.339539,182.3000030517578
2017-11-22,183.3999938964844,183.6999969482422,182.6000061035156,23702500,4335187105.331421,182.8999938964844
2017-11-23,182.8999938964844,182.8999938964844,182.8999938964844,0,0.0,182.8999938964844
2017-11-24,182.1000061035156,183.3999938964844,181.8000030517578,52256000,9583750081.054688,183.3999938964844
2017-11-27,184.0,184.0,182.3999938964844,27967000,5115164129.3029785,182.8999938964844
2017-11-28,182.3999938964844,183.1999969482422,181.8000030517578,13938100,2542309354.928589,182.3999938964844
2017-11-29,183.3999938964844,183.8000030517578,183.1999969482422,23247300,4272853810.9451294,183.8000030517578
2017-11-30,183.8000030517578,184.8000030517578,183.0,35159100,6490370074.594116,184.6000061035156
2017-12-01,186.0,186.1000061035156,183.8999938964844,49311200,9127503420.97168,185.1000061035156
2017-12-04,185.5,185.5,183.6000061035156,20814300,3821505607.040405,183.6000061035156
2017-12-05,182.8999938964844,184.6000061035156,182.8000030517578,31293800,5767447435.501099,184.3000030517578
2017-12-06,183.6999969482422,183.8999938964844,181.1999969482422,34891900,6339858123.518372,181.6999969482422
2017-12-07,182.6000061035156,183.8999938964844,182.5,21394900,3930243064.707947,183.6999969482422
2017-12-08,184.6999969482422,185.6999969482422,184.1999969482422,25051200,4649502872.900391,185.6000061035156
2017-12-11,186.1999969482422,186.5,185.3000030517578,27882100,5200011650.0,186.5
2017-12-12,186.5,187.3999938964844,186.1999969482422,25688600,4796061541.604614,186.6999969482422
2017-12-13,187.1000061035156,187.1000061035156,185.8000030517578,24935000,4647883847.808838,186.3999938964844
2017-12-14,186.0,186.5,185.3999938964844,19862300,3692401448.7701416,185.8999938964844
2017-12-15,185.3999938964844,185.8000030517578,183.8000030517578,41294000,7622872652.038574,184.6000061035156
2017-12-18,186.1000061035156,187.1999969482422,185.8000030517578,31157700,5829605860.171509,187.1000061035156
2017-12-19,187.3999938964844,187.6000061035156,186.6999969482422,19199900,3586541378.593445,186.8000030517578
2017-12-20,186.8999938964844,187.5,186.6000061035156,21000000,3935399871.826172,187.3999938964844
2017-12-21,187.3000030517578,187.6999969482422,186.6000061035156,14486600,2716237500.0,187.5
2017-12-22,187.6000061035156,188.3999938964844,187.6000061035156,23469400,4414594283.24585,188.1000061035156
2017-12-25,188.3000030517578,188.6000061035156,187.8999938964844,9166200,1727828700.0,188.5
2017-12-26,188.5,188.6999969482422,187.6999969482422,12156800,2286694154.1992188,188.1000061035156
2017-12-27,188.1000061035156,188.6999969482422,187.8999938964844,11621200,2189434009.069824,188.3999938964844
2017-12-28,188.3999938964844,188.6000061035156,186.8000030517578,18489300,3461196903.5751343,187.1999969482422
2017-12-29,187.6999969482422,188.0,187.0,24583300,4597077100.0,187.0
2018-01-01,187.0,187.0,187.0,0,0.0,187.0
2018-01-02,187.0,187.0,187.0,0,0.0,187.0
2018-01-03,187.0,187.0,187.0,0,0.0,187.0
2018-01-04,190.0,192.0,189.8000030517578,45015300,8642937600.0,192.0
2018-01-05,192.8999938964844,193.6999969482422,192.3999938964844,38866100,7520590350.0,193.5
2018-01-08,193.5,193.5,193.5,0,0.0,193.5
2018-01-09,195.3000030517578,195.3000030517578,193.8000030517578,23726300,4614765350.0,194.5
2018-01-10,194.5,195.1000061035156,194.3999938964844,52680700,10267468108.462524,194.8999938964844
2018-01-11,193.8999938964844,194.5,193.3000030517578,39563500,7695100750.0,194.5
2018-01-12,194.1000061035156,194.1999969482422,192.8000030517578,23191700,4482955680.775452,193.3000030517578
2018-01-15,194.6999969482422,194.8999938964844,193.8000030517578,25404700,4928511800.0,194.0
2018-01-16,194.1000061035156,195.1000061035156,193.8000030517578,32009000,6244956095.367432,195.1000061035156
2018-01-17,194.0,194.8999938964844,193.8999938964844,17455900,3398663676.728821,194.6999969482422
2018-01-18,196.5,196.5,193.0,29732400,5747273010.736084,193.3000030517578
2018-01-19,194.3000030517578,194.6999969482422,193.8000030517578,17203500,3344360294.998169,194.3999938964844
2018-01-22,194.6000061035156,195.0,194.0,14053900,2740510500.0,195.0
2018-01-23,195.6999969482422,196.8999938964844,195.5,23799000,4683643272.628784,196.8000030517578
2018-01-24,196.1000061035156,196.5,195.3999938964844,19383800,3791471398.309326,195.6000061035156
2018-01-25,194.1000061035156,194.8999938964844,193.8000030517578,24712900,4799245104.582214,194.1999969482422
2018-01-26,194.6000061035156,194.8999938964844,193.3000030517578,14935800,2891570971.1608887,193.6000061035156
2018-01-29,193.8000030517578,194.6000061035156,193.3000030517578,29738200,5760289249.246216,193.6999969482422
2018-01-30,193.3999938964844,193.6000061035156,190.8000030517578,42013400,8037163548.214722,191.3000030517578
2018-01-31,190.6000061035156,191.5,189.1000061035156,32811700,6207973539.866638,189.1999969482422
2018-02-01,190.5,192.6999969482422,190.3000030517578,29047200,5591586000.0,192.5
2018-02-02,191.8999938964844,192.3999938964844,190.3000030517578,31139100,5972479475.028992,191.8000030517578
2018-02-05,188.8999938964844,189.1999969482422,187.5,55554400,10433116489.538574,187.8000030517578
2018-02-06,180.10000610351562,180.6999969482422,175.6999969482422,92439900,16574474352.104189,179.3000030517578
2018-02-07,184.8999938964844,185.8000030517578,180.0,43774900,7883859757.180786,180.10000610351562
2018-02-08,181.3000030517578,182.5,180.3999938964844,31239900,5670041850.0,181.5
2018-02-09,176.0,178.5,175.6999969482422,39719100,7089859350.0,178.5
2018-02-12,178.5,178.5,178.5,0,0.0,178.5
2018-02-13,180.3000030517578,180.3999938964844,176.39999389648438,46817000,8277245742.8741455,176.8000030517578
2018-02-14,177.0,177.6999969482422,174.10000610351562,33570300,5884873692.448425,175.3000030517578
2018-02-15,177.10000610351562,178.0,176.3000030517578,26156300,4629665100.0,177.0
2018-02-16,178.3000030517578,180.0,177.6999969482422,20960100,3753954037.930298,179.10000610351562
2018-02-19,180.6000061035156,182.8999938964844,180.10000610351562,35770100,6542351071.676636,182.8999938964844
2018-02-20,182.0,182.1000061035156,180.5,19017200,3453523636.0717773,181.6000061035156
2018-02-21,181.6000061035156,182.6000061035156,180.5,17482200,3173019300.0,181.5
2018-02-22,180.1999969482422,180.3000030517578,178.8000030517578,25819100,4639692191.20636,179.6999969482422
2018-02-23,180.1999969482422,181.5,180.0,21747600,3940665053.631592,181.1999969482422
2018-02-26,182.8999938964844,183.3999938964844,182.1999969482422,18370900,3361874700.0,183.0
2018-02-27,184.3000030517578,184.8999938964844,183.8000030517578,26809000,4946260500.0,184.5
2018-02-28,183.6999969482422,184.6000061035156,182.0,19447700,3543370880.6503296,182.1999969482422
2018-03-01,180.6000061035156,180.8999938964844,178.6999969482422,27308800,4899198553.3203125,179.39999389648438
2018-03-02,175.8000030517578,176.60000610351562,175.10000610351562,32500500,5726588000.816345,176.1999969482422
2018-03-05,174.89999389648438,175.6999969482422,173.6999969482422,32156400,5617722981.866455,174.6999969482422
2018-03-06,177.39999389648438,178.10000610351562,176.5,24287800,4291654185.8795166,176.6999969482422
2018-03-07,175.6999969482422,177.39999389648438,175.3000030517578,21753200,3819862052.770996,175.60000610351562
2018-03-08,177.1999969482422,177.1999969482422,175.5,15765800,2776357476.226806,176.10000610351562
2018-03-09,178.0,179.3000030517578,175.6999969482422,30287200,5354777052.429199,176.8000030517578
2018-03-12,179.6999969482422,179.89999389648438,178.5,22571300,4053805617.764282,179.60000610351562
2018-03-13,178.6999969482422,180.5,178.3000030517578,32325000,5828197598.648071,180.3000030517578
2018-03-14,179.1999969482422,179.89999389648438,178.89999389648438,14632400,2629442235.345459,179.6999969482422
2018-03-15,179.0,179.89999389648438,177.89999389648438,22015000,3958297067.184448,179.8000030517578
2018-03-16,179.89999389648438,180.0,178.5,16178300,2892680089.3722534,178.8000030517578
2018-03-19,178.10000610351562,178.6999969482422,176.60000610351562,23173500,4106344129.2800894,177.1999969482422
2018-03-20,176.0,176.8000030517578,175.3000030517578,14080700,2486651705.9417725,176.60000610351562
2018-03-21,176.60000610351562,176.60000610351562,176.60000610351562,0,0.0,176.60000610351562
2018-03-22,176.39999389648438,178.10000610351562,176.10000610351562,27224100,4848612376.16272,178.10000610351562
2018-03-23,173.3000030517578,174.10000610351562,171.0,34947900,5986575376.652527,171.3000030517578
2018-03-26,170.1999969482422,172.10000610351562,169.39999389648438,35793900,6160130408.468628,172.10000610351562
2018-03-27,174.0,176.6999969482422,173.6999969482422,37140800,6559065506.689453,176.60000610351562
2018-03-28,175.0,176.89999389648438,174.3000030517578,23522000,4156337328.2165527,176.6999969482422
2018-03-29,178.1999969482422,178.3000030517578,175.60000610351562,26451300,4681880100.0,177.0
2018-03-30,178.5,178.89999389648438,177.60000610351562,33545500,5987871750.0,178.5
2018-04-02,178.5,179.1999969482422,177.60000610351562,18832300,3346499652.5283813,177.6999969482422
2018-04-03,175.89999389648438,177.5,175.39999389648438,22188600,3931819852.285767,177.1999969482422
2018-04-04,177.5,178.0,176.60000610351562,21781900,3864108927.053833,177.39999389648438
2018-04-05,178.89999389648438,180.1999969482422,178.0,18429200,3306198367.51709,179.39999389648438
2018-04-06,179.1999969482422,180.10000610351562,178.8000030517578,19810700,3542153220.4574585,178.8000030517578
2018-04-09,178.60000610351562,180.0,178.3000030517578,23735400,4258130615.130615,179.39999389648438
2018-04-10,178.89999389648438,181.1999969482422,178.60000610351562,23676200,4264083764.5080566,180.10000610351562
2018-04-11,180.3000030517578,180.5,179.39999389648438,13613000,2442172116.912842,179.39999389648438
2018-04-12,179.39999389648438,179.39999389648438,178.5,15841100,2830804521.6568,178.6999969482422
2018-04-13,179.39999389648438,180.5,179.3000030517578,12122200,2180783706.011963,179.89999389648438
2018-04-16,180.0,180.6999969482422,179.6999969482422,26082600,4707909300.0,180.5
2018-04-17,180.0,180.6999969482422,179.39999389648438,36320600,6534075718.31665,179.89999389648438
2018-04-18,180.1999969482422,182.1999969482422,180.10000610351562,23395600,4257999200.0,182.0
2018-04-19,182.5,183.1999969482422,181.8000030517578,16353500,2974701550.186157,181.8999938964844
2018-04-20,181.6000061035156,182.6999969482422,181.3999938964844,17268900,3142939800.0,182.0
2018-04-23,182.1999969482422,182.6999969482422,181.6999969482422,19779000,3595822260.360718,181.8000030517578
2018-04-24,183.1999969482422,184.1000061035156,182.5,27349500,5035043116.928101,184.1000061035156
2018-04-25,182.6000061035156,184.0,182.5,34134900,6277407901.6571045,183.8999938964844
2018-04-26,184.3000030517578,184.5,183.8000030517578,28574200,5266225147.201538,184.3000030517578
2018-04-27,184.8999938964844,185.0,184.1000061035156,25268200,4672090025.7751465,184.8999938964844
2018-04-30,184.8999938964844,184.8999938964844,184.8999938964844,0,0.0,184.8999938964844
2018-05-01,184.1999969482422,184.6999969482422,183.8000030517578,36723100,6771739415.859985,184.3999938964844
2018-05-02,184.6999969482422,184.8000030517578,183.8000030517578,17305600,3185961065.625,184.1000061035156
2018-05-03,184.1000061035156,184.1000061035156,184.1000061035156,0,0.0,184.1000061035156
2018-05-04,184.1000061035156,184.1000061035156,184.1000061035156,0,0.0,184.1000061035156
2018-05-07,184.6000061035156,184.6000061035156,183.3999938964844,13118700,2417776450.035095,184.3000030517578
2018-05-08,184.3000030517578,185.6000061035156,184.1999969482422,13510200,2500738102.459717,185.1000061035156
2018-05-09,184.8999938964844,185.0,183.8000030517578,17847900,3287583125.532532,184.1999969482422
2018-05-10,184.8000030517578,185.0,184.1999969482422,18007900,3329660600.088501,184.8999938964844
2018-05-11,185.3999938964844,186.8000030517578,185.3000030517578,17632500,3293751053.81012,186.8000030517578
2018-05-14,186.8000030517578,188.0,186.5,34949700,6567048416.68396,187.8999938964844
2018-05-15,188.1000061035156,188.5,187.6000061035156,24227200,4547445366.064453,187.6999969482422
2018-05-16,187.1000061035156,187.8999938964844,187.0,29904000,5595038582.519531,187.1000061035156
2018-05-17,188.0,188.5,187.6999969482422,21574300,4055968400.0,188.0
2018-05-18,188.6000061035156,188.8999938964844,188.0,27841500,5253690965.034485,188.6999969482422
2018-05-21,188.6999969482422,189.3000030517578,188.5,30780100,5808204776.066589,188.6999969482422
2018-05-22,188.6000061035156,188.6000061035156,188.0,15030000,2828645954.13208,188.1999969482422
2018-05-23,187.6999969482422,188.3999938964844,186.3000030517578,17780000,3323081891.479492,186.8999938964844
2018-05-24,186.3000030517578,186.3999938964844,184.3000030517578,22342200,4124370256.365967,184.6000061035156
2018-05-25,184.0,184.6999969482422,183.6999969482422,30664100,5648327126.420593,184.1999969482422
2018-05-28,184.1000061035156,184.6000061035156,183.6000061035156,20460100,3766704534.87854,184.1000061035156
2018-05-29,183.6999969482422,184.0,182.5,20024800,3668543298.88916,183.1999969482422
2018-05-30,180.3000030517578,181.1000061035156,180.0,25611200,4627943761.84082,180.6999969482422
2018-05-31,181.8000030517578,182.0,180.8999938964844,17567200,3191960186.38916,181.6999969482422
2018-06-01,181.1999969482422,182.6999969482422,180.8999938964844,16492500,3001635000.0,182.0
2018-06-04,183.6999969482422,184.8999938964844,183.5,20127000,3717456838.577271,184.6999969482422
2018-06-05,185.1000061035156,185.3999938964844,184.1000061035156,16229800,2996021179.058838,184.6000061035156
2018-06-06,184.6000061035156,185.1999969482422,184.3000030517578,14611200,2701610790.8203125,184.8999938964844
2018-06-07,185.8000030517578,186.3000030517578,185.6000061035156,9669600,1798545600.0,186.0
2018-06-08,185.8000030517578,186.5,185.1999969482422,13948700,2583299197.431946,185.1999969482422
2018-06-11,185.1000061035156,186.3000030517578,184.8999938964844,20871700,3877961923.6953735,185.8000030517578
2018-06-12,186.8999938964844,187.3999938964844,185.6999969482422,34702600,6472034900.0,186.5
2018-06-13,186.6000061035156,187.6000061035156,186.6000061035156,28322100,5299065082.86438,187.1000061035156
2018-06-14,186.1999969482422,186.6000061035156,185.3999938964844,28424400,5269883586.51123,185.3999938964844
2018-06-15,186.6000061035156,186.6000061035156,185.6000061035156,15223500,2830048557.08313,185.8999938964844
2018-06-18,185.6000061035156,185.6000061035156,183.3999938964844,8746000,1611887826.6906738,184.3000030517578
2018-06-19,183.1999969482422,183.8999938964844,181.3000030517578,17440700,3161998963.2247925,181.3000030517578
2018-06-20,181.6000061035156,182.5,179.6999969482422,22589500,4115806831.062317,182.1999969482422
2018-06-21,182.1999969482422,183.0,181.6999969482422,17595400,3204122447.393799,182.1000061035156
2018-06-22,180.10000610351562,181.6999969482422,180.10000610351562,22473800,4081242217.1691895,181.6000061035156
2018-06-25,181.8000030517578,181.8000030517578,179.39999389648438,24272600,4366640591.851807,179.89999389648438
2018-06-26,178.60000610351562,180.1999969482422,177.89999389648438,25105800,4524065083.383179,180.1999969482422
2018-06-27,180.10000610351562,180.6999969482422,179.39999389648438,9774100,1761292790.171814,180.1999969482422
2018-06-28,179.6999969482422,179.89999389648438,178.60000610351562,21318500,3830934384.941101,179.6999969482422
2018-06-29,180.10000610351562,180.3999938964844,178.8000030517578,11598400,2090031644.604492,180.1999969482422
2018-07-02,179.39999389648438,180.0,176.1999969482422,37868300,6676181405.56488,176.3000030517578
2018-07-03,177.10000610351562,177.1999969482422,174.89999389648438,34323300,6040900800.0,176.0
2018-07-04,175.60000610351562,176.8000030517578,175.1999969482422,13382400,2357978839.160156,176.1999969482422
2018-07-05,175.89999389648438,176.0,174.10000610351562,46328400,8084305800.0,174.5
2018-07-06,172.8000030517578,173.8000030517578,172.39999389648438,18180300,3148827904.5181274,173.1999969482422
2018-07-09,174.0,175.5,173.6999969482422,42399300,7432597419.392395,175.3000030517578
2018-07-10,176.39999389648438,177.3000030517578,175.8000030517578,20300300,3568792801.951599,175.8000030517578
2018-07-11,174.3000030517578,174.6999969482422,172.6999969482422,20377600,3547740284.375,174.10000610351562
2018-07-12,174.8000030517578,175.6999969482422,174.5,59547600,10432739338.275146,175.1999969482422
2018-07-13,176.5,177.60000610351562,176.0,32718400,5791156800.0,177.0
2018-07-16,177.0,177.0,177.0,0,0.0,177.0
2018-07-17,177.5,179.6999969482422,177.1999969482422,18903400,3378037522.3114014,178.6999969482422
2018-07-18,180.1999969482422,180.3000030517578,179.10000610351562,15110800,2706344372.229004,179.10000610351562
2018-07-19,179.6999969482422,180.1999969482422,178.89999389648438,15255000,2730645000.0,179.0
2018-07-20,178.8000030517578,179.6999969482422,177.60000610351562,16685100,2979958961.837769,178.60000610351562
2018-07-23,178.0,179.0,177.60000610351562,15076100,2683545800.0,178.0
2018-07-24,179.1999969482422,179.3000030517578,178.5,11897400,2124875712.6159668,178.60000610351562
2018-07-25,179.39999389648438,179.89999389648438,179.1999969482422,9337100,1674142058.494568,179.3000030517578
2018-07-26,181.0,181.1999969482422,180.3000030517578,18931000,3424617784.4543457,180.8999938964844
2018-07-27,181.1999969482422,181.8000030517578,180.8999938964844,14836000,2694217690.551758,181.6000061035156
2018-07-30,181.1000061035156,181.5,180.5,26648100,4823306100.0,181.0
2018-07-31,180.3999938964844,181.1000061035156,178.89999389648438,34467400,6183451349.627686,179.39999389648438
2018-08-01,180.5,181.5,179.60000610351562,17301400,3133283645.599365,181.1000061035156
2018-08-02,181.0,181.6000061035156,178.89999389648438,18834200,3376972117.477417,179.3000030517578
2018-08-03,179.6999969482422,179.6999969482422,178.0,15068300,2688184628.0303955,178.39999389648438
2018-08-06,178.1999969482422,178.89999389648438,177.0,16417100,2909110069.898987,177.1999969482422
2018-08-07,177.39999389648438,178.6999969482422,177.1999969482422,9546600,1705022818.2678225,178.60000610351562
2018-08-08,178.8000030517578,179.8000030517578,178.3000030517578,9708400,1733920299.255371,178.60000610351562
2018-08-09,177.89999389648438,178.5,177.1999969482422,10359000,1845973768.3868408,178.1999969482422
2018-08-10,178.10000610351562,178.10000610351562,175.8000030517578,18848000,3317248000.0,176.0
2018-08-13,174.60000610351562,174.60000610351562,172.0,31455100,5419713825.993347,172.3000030517578
2018-08-14,173.3000030517578,175.1999969482422,173.10000610351562,14790400,2589799130.273437,175.10000610351562
2018-08-15,175.3000030517578,175.5,172.89999389648438,10525400,1828261947.8790283,173.6999969482422
2018-08-16,171.89999389648438,173.1999969482422,170.60000610351562,25915600,4475624040.911865,172.6999969482422
2018-08-17,173.5,174.10000610351562,173.10000610351562,7526200,1308053582.9681396,173.8000030517578
2018-08-20,173.1999969482422,173.6999969482422,172.8000030517578,15559900,2693418784.970093,173.10000610351562
2018-08-21,172.5,173.39999389648438,171.89999389648438,13024600,2245440960.5041504,172.39999389648438
2018-08-22,172.39999389648438,174.10000610351562,172.1999969482422,6800500,1183287000.0,174.0
2018-08-23,174.10000610351562,174.39999389648438,173.39999389648438,12865100,2237240811.477661,173.89999389648438
2018-08-24,174.89999389648438,175.0,174.0,8749000,1531075000.0,175.0
2018-08-27,175.60000610351562,177.3000030517578,175.5,27026200,4786340184.954834,177.10000610351562
2018-08-28,178.1999969482422,178.60000610351562,177.1999969482422,14245300,2525691733.4732056,177.3000030517578
2018-08-29,177.5,178.6999969482422,177.39999389648438,9598900,1708604200.0,178.0
2018-08-30,179.1999969482422,179.1999969482422,177.6999969482422,11285900,2008890200.0,178.0
2018-08-31,176.8000030517578,178.10000610351562,176.6999969482422,9069400,1609818500.0,177.5
2018-09-03,177.1999969482422,177.1999969482422,175.5,30880900,5435038400.0,176.0
2018-09-04,176.3000030517578,176.39999389648438,175.1999969482422,10493600,1843725487.9760745,175.6999969482422
2018-09-05,175.3000030517578,175.39999389648438,174.10000610351562,8928500,1558023250.0,174.5
2018-09-06,173.5,174.0,172.89999389648438,13753200,2383429601.9714355,173.3000030517578
2018-09-07,172.3000030517578,172.6999969482422,171.3000030517578,14860900,2563505250.0,172.5
2018-09-10,171.89999389648438,173.3000030517578,171.89999389648438,7806900,1349032343.824768,172.8000030517578
2018-09-11,173.10000610351562,174.0,172.89999389648438,10403400,1809151196.5026853,173.89999389648438
2018-09-12,174.10000610351562,174.1999969482422,172.1999969482422,10140300,1756299929.0542605,173.1999969482422
2018-09-13,173.5,175.8000030517578,173.39999389648438,52908600,9264296182.928469,175.10000610351562
2018-09-14,177.10000610351562,177.10000610351562,176.10000610351562,14915100,2639972700.0,177.0
2018-09-17,177.0,177.0,177.0,0,0.0,177.0
2018-09-18,176.5,180.6000061035156,176.5,27862200,5015196000.0,180.0
2018-09-19,182.8000030517578,183.5,182.1000061035156,35176000,6430172907.348633,182.8000030517578
2018-09-20,183.6000061035156,183.6999969482422,182.3000030517578,18026100,3296973579.977417,182.8999938964844
2018-09-21,184.5,185.1000061035156,183.8000030517578,23730900,4378351050.0,184.5
2018-09-24,184.5,184.5,184.5,0,0.0,184.5
2018-09-25,185.5,186.6000061035156,184.6000061035156,46715100,8717037945.126343,186.6000061035156
2018-09-26,187.1999969482422,188.0,186.6000061035156,50740700,9534177220.303345,187.8999938964844
2018-09-27,187.5,188.3000030517578,185.6000061035156,19915500,3696316921.554565,185.6000061035156
2018-09-28,187.6999969482422,188.6999969482422,186.8999938964844,24876400,4666812791.833496,187.6000061035156
2018-10-01,187.1999969482422,188.1999969482422,186.6000061035156,30024700,5632633903.256226,187.6000061035156
2018-10-02,189.3000030517578,189.8000030517578,188.0,38379100,7219108944.247437,188.1000061035156
2018-10-03,187.8000030517578,188.3000030517578,185.8000030517578,29034800,5406279671.392822,186.1999969482422
2018-10-04,189.8000030517578,189.8000030517578,185.3999938964844,26129500,4857473890.518188,185.8999938964844
2018-10-05,184.8999938964844,185.8000030517578,184.5,25452900,4708786500.0,185.0
2018-10-08,185.0,185.0,185.0,0,0.0,185.0
2018-10-09,183.1000061035156,183.6000061035156,181.1999969482422,14893100,2707565625.4501343,181.8000030517578
2018-10-10,182.6999969482422,183.1000061035156,181.1000061035156,31786300,5785106600.0,182.0
2018-10-11,175.60000610351562,177.1999969482422,174.6999969482422,52654700,9240899850.0,175.5
2018-10-12,173.89999389648438,175.89999389648438,173.8000030517578,38706000,6808385163.757324,175.89999389648438
2018-10-15,174.1999969482422,174.60000610351562,172.6999969482422,31629300,5465543136.524963,172.8000030517578
2018-10-16,172.8000030517578,174.1999969482422,172.39999389648438,23394700,4073017412.789917,174.10000610351562
2018-10-17,176.5,177.3000030517578,175.6999969482422,22593900,3992342061.048889,176.6999969482422
2018-10-18,177.1999969482422,177.39999389648438,175.5,19520200,3433603060.8581543,175.89999389648438
2018-10-19,173.5,174.89999389648438,172.89999389648438,15364800,2684230513.110352,174.6999969482422
2018-10-22,173.3000030517578,175.5,172.6999969482422,12911400,2259495000.0,175.0
2018-10-23,173.3000030517578,173.39999389648438,170.1999969482422,38901700,6621069221.281433,170.1999969482422
2018-10-24,171.5,171.5,169.0,18704200,3189066100.0,170.5
2018-10-25,166.5,167.0,164.8000030517578,47021400,7767935136.502075,165.1999969482422
2018-10-26,166.8000030517578,166.8000030517578,163.1999969482422,28678500,4720481275.039673,164.60000610351562
2018-10-29,165.89999389648438,166.39999389648438,163.8000030517578,22332600,3662546400.0,164.0
2018-10-30,163.3000030517578,167.0,163.3000030517578,22692500,3766955000.0,166.0
2018-10-31,167.60000610351562,169.8000030517578,167.0,28169100,4783113265.965271,169.8000030517578
2018-11-01,169.1999969482422,169.39999389648438,167.89999389648438,16687000,2810090698.150635,168.39999389648438
2018-11-02,169.1999969482422,171.60000610351562,168.0,30463300,5209224300.0,171.0
2018-11-05,169.60000610351562,170.39999389648438,168.8000030517578,50410200,8529405686.160278,169.1999969482422
2018-11-06,169.89999389648438,171.6999969482422,169.8000030517578,16361300,2804326720.13855,171.39999389648438
2018-11-07,171.39999389648438,173.3000030517578,169.6999969482422,23886400,4075019985.791016,170.60000610351562
2018-11-08,173.6999969482422,174.10000610351562,173.10000610351562,28763200,4990415200.0,173.5
2018-11-09,173.60000610351562,174.10000610351562,172.3000030517578,19461000,3357022500.0,172.5
2018-11-12,171.5,173.0,171.1999969482422,12522400,2161366316.430664,172.60000610351562
2018-11-13,168.8000030517578,169.1999969482422,167.0,34338300,5803172700.0,169.0
2018-11-14,169.1999969482422,170.1999969482422,168.8000030517578,17345000,2936508552.9327397,169.3000030517578
2018-11-15,168.1999969482422,169.3000030517578,168.0,12971900,2194845440.412903,169.1999969482422
2018-11-16,169.1999969482422,169.89999389648438,167.89999389648438,16925800,2843534400.0,168.0
2018-11-19,167.89999389648438,169.39999389648438,167.89999389648438,7935700,1341926918.435669,169.10000610351562
2018-11-20,167.10000610351562,168.3000030517578,166.89999389648438,12342100,2072238514.6698,167.89999389648438
2018-11-21,164.89999389648438,167.0,164.6999969482422,13760500,2295251441.9937134,166.8000030517578
2018-11-22,167.3000030517578,168.3000030517578,166.5,7808900,1311895200.0,168.0
2018-11-23,168.0,168.0,168.0,0,0.0,168.0
2018-11-26,167.8000030517578,168.8000030517578,167.3000030517578,85166100,14341970720.187378,168.39999389648438
2018-11-27,169.39999389648438,170.0,168.6999969482422,10982100,1863662336.4852903,169.6999969482422
2018-11-28,170.1999969482422,170.8000030517578,169.3000030517578,18825100,3213444512.550354,170.6999969482422
2018-11-29,172.0,172.5,171.1999969482422,15757500,2699259798.0880737,171.3000030517578
2018-11-30,171.39999389648438,172.39999389648438,171.1999969482422,11010700,1893840400.0,172.0
2018-12-03,174.3000030517578,175.10000610351562,173.60000610351562,34104800,5947876911.84082,174.39999389648438
2018-12-04,173.89999389648438,174.10000610351562,170.10000610351562,19248800,3274220997.485352,170.10000610351562
2018-12-05,167.3000030517578,169.8000030517578,167.3000030517578,15061200,2548354994.036865,169.1999969482422
2018-12-06,168.1999969482422,168.5,165.10000610351562,32923400,5471868979.525757,166.1999969482422
2018-12-07,166.89999389648438,167.60000610351562,165.8000030517578,13058300,2183347720.149231,167.1999969482422
2018-12-10,164.1999969482422,164.6999969482422,163.6999969482422,19993900,3280999112.033081,164.10000610351562
2018-12-11,164.3000030517578,164.3000030517578,162.1999969482422,20105000,3265051877.2888184,162.39999389648438
2018-12-12,164.1999969482422,166.10000610351562,163.8000030517578,12992700,2154189699.6505737,165.8000030517578
2018-12-13,166.60000610351562,167.60000610351562,166.10000610351562,9214600,1537916683.758545,166.89999389648438
2018-12-14,165.89999389648438,166.60000610351562,164.0,10977800,1802554726.498413,164.1999969482422
2018-12-17,164.1999969482422,165.3000030517578,164.1999969482422,8361400,1375450300.0,164.5
2018-12-18,162.5,163.0,161.3000030517578,18723100,3020036087.1383667,161.3000030517578
2018-12-19,160.6999969482422,161.39999389648438,159.5,21257900,3411892950.0,160.5
2018-12-20,159.6999969482422,160.0,155.89999389648438,28006600,4380232069.061279,156.39999389648438
2018-12-21,155.5,155.6999969482422,152.5,29867200,4581628297.705078,153.39999389648438
2018-12-24,153.39999389648438,153.39999389648438,153.39999389648438,0,0.0,153.39999389648438
2018-12-25,147.6999969482422,147.89999389648438,145.6999969482422,24471700,3580209784.6817017,146.3000030517578
2018-12-26,147.3000030517578,149.1999969482422,145.5,15788000,2336624000.0,148.0
2018-12-27,154.10000610351562,155.89999389648438,152.8000030517578,21976900,3410814812.931824,155.1999969482422
2018-12-28,154.0,155.10000610351562,153.5,22387200,3463299771.6796875,154.6999969482422
2018-12-31,154.6999969482422,154.6999969482422,154.6999969482422,0,0.0,154.6999969482422
2019-01-04,150.6999969482422,151.89999389648438,149.39999389648438,20468400,3109149835.070801,151.89999389648438
2019-01-07,156.6999969482422,157.1999969482422,156.0,20219300,3158254598.2955933,156.1999969482422
2019-01-08,157.3000030517578,158.10000610351562,156.60000610351562,27963800,4387520049.32251,156.89999389648438
2019-01-09,158.60000610351562,159.1999969482422,158.1999969482422,20971500,3321885472.000122,158.39999389648438
2019-01-10,157.1999969482422,157.89999389648438,156.39999389648438,10212600,1607463177.6672363,157.39999389648438
2019-01-11,158.3000030517578,158.6999969482422,157.60000610351562,10536600,1665836524.3103027,158.10000610351562
2019-01-15,157.10000610351562,159.60000610351562,156.8000030517578,8240000,1312632025.1464844,159.3000030517578
2019-01-16,159.39999389648438,159.39999389648438,158.0,9528100,1512109440.9225464,158.6999969482422
2019-01-17,159.89999389648438,160.10000610351562,158.8000030517578,23053600,3674743699.291992,159.39999389648438
2019-01-18,159.6999969482422,161.60000610351562,159.6999969482422,11683200,1879826808.6914065,160.89999389648438
2019-01-21,162.60000610351562,162.8000030517578,161.60000610351562,17648900,2862651526.1398315,162.1999969482422
2019-01-22,162.1999969482422,162.60000610351562,160.5,8380900,1346810604.423523,160.6999969482422
2019-01-23,159.8000030517578,160.89999389648438,159.5,8628600,1379713087.335205,159.89999389648438
2019-01-24,159.10000610351562,160.60000610351562,158.89999389648438,12543400,2010707058.279419,160.3000030517578
2019-01-25,160.6999969482422,162.39999389648438,160.60000610351562,15927800,2580303600.0,162.0
2019-01-28,161.6999969482422,161.6999969482422,160.5,17153800,2758331092.349243,160.8000030517578
2019-01-29,160.0,161.10000610351562,159.3000030517578,9771900,1572298650.3570557,160.89999389648438
2019-01-30,161.1999969482422,161.1999969482422,160.10000610351562,10178300,1631581521.0617063,160.3000030517578
2019-01-31,162.6999969482422,162.8000030517578,161.3000030517578,10845800,1758104246.1975098,162.10000610351562
2019-02-01,161.8000030517578,162.89999389648438,161.39999389648438,11150400,1801904708.0566409,161.60000610351562
2019-02-04,162.0,163.60000610351562,162.0,11417000,1865537730.316162,163.39999389648438
2019-02-05,164.1999969482422,164.39999389648438,163.3000030517578,12498000,2043423000.0,163.5
2019-02-06,164.0,164.39999389648438,163.3000030517578,9839100,1608692850.0,163.5
2019-02-07,163.1999969482422,163.3000030517578,161.5,7817300,1267184377.7130127,162.10000610351562
2019-02-08,160.10000610351562,160.60000610351562,158.6999969482422,17331600,2755724400.0,159.0
2019-02-12,160.0,162.8000030517578,159.6999969482422,20253700,3287175571.809387,162.3000030517578
2019-02-13,163.60000610351562,164.5,163.10000610351562,14770600,2426809625.076294,164.3000030517578
2019-02-14,164.1999969482422,165.0,164.0,10178400,1672311151.0620117,164.3000030517578
2019-02-15,163.10000610351562,163.3000030517578,162.10000610351562,10850000,1767464933.7768557,162.89999389648438
2019-02-18,165.6999969482422,165.8000030517578,165.0,13072400,2164789519.7875977,165.60000610351562
2019-02-19,165.3000030517578,166.1999969482422,165.1999969482422,11699000,1944373764.297485,166.1999969482422
2019-02-20,166.1999969482422,167.1999969482422,166.0,11305200,1884576805.499268,166.6999969482422
2019-02-21,166.8000030517578,167.39999389648438,165.8000030517578,9720400,1620390650.3356934,166.6999969482422
2019-02-22,166.0,166.39999389648438,165.60000610351562,6322200,1051381879.2938232,166.3000030517578
2019-02-25,167.39999389648438,167.8000030517578,167.0,13643400,2286633923.272705,167.60000610351562
2019-02-26,167.5,167.89999389648438,166.6999969482422,10262800,1714913942.6391602,167.10000610351562
2019-02-27,167.3000030517578,167.8000030517578,167.3000030517578,13081100,2192392439.8406982,167.60000610351562
2019-02-28,167.39999389648438,167.39999389648438,166.10000610351562,13772400,2288972837.9699707,166.1999969482422
2019-03-01,166.60000610351562,167.39999389648438,166.5,10084900,1685186851.5533447,167.10000610351562
2019-03-04,168.60000610351562,168.60000610351562,167.6999969482422,11406800,1919764474.810791,168.3000030517578
2019-03-05,167.1999969482422,167.6999969482422,166.6999969482422,12272900,2055710750.0,167.5
2019-03-06,167.10000610351562,167.3000030517578,166.6999969482422,10310300,1721820100.0,167.0
2019-03-07,165.6999969482422,166.0,165.0,16517800,2732044019.1833496,165.39999389648438
2019-03-08,164.3000030517578,164.8000030517578,162.3000030517578,18223300,2961286250.0,162.5
2019-03-11,162.89999389648438,163.6999969482422,162.3000030517578,11939100,1950848867.1295168,163.39999389648438
2019-03-12,165.3000030517578,166.6999969482422,165.0,11711100,1946384784.260559,166.1999969482422
2019-03-13,165.5,165.89999389648438,163.89999389648438,17820800,2927957494.3847656,164.3000030517578
2019-03-14,165.89999389648438,166.10000610351562,164.5,10915600,1796707826.6235352,164.60000610351562
2019-03-15,164.89999389648438,166.1999969482422,164.89999389648438,16835700,2787992022.756958,165.60000610351562
2019-03-18,166.5,166.89999389648438,165.89999389648438,16083700,2679544518.1671143,166.60000610351562
2019-03-19,166.6999969482422,166.8000030517578,165.5,6460600,1077628099.7161863,166.8000030517578
2019-03-20,166.39999389648438,167.0,166.1999969482422,7449700,1243354884.5306396,166.89999389648438
2019-03-22,167.10000610351562,167.3000030517578,166.39999389648438,12064700,2014804900.0,167.0
2019-03-25,164.3000030517578,164.39999389648438,162.1999969482422,29522900,4800423720.193481,162.60000610351562
2019-03-26,164.89999389648438,167.3000030517578,164.6999969482422,19387300,3237679100.0,167.0
2019-03-27,168.0,168.1999969482422,167.0,12744700,2137286151.1062624,167.6999969482422
2019-03-28,166.39999389648438,166.60000610351562,164.60000610351562,17405900,2875454626.8814087,165.1999969482422
2019-03-29,166.8000030517578,167.10000610351562,165.89999389648438,15084300,2505502322.0672607,166.10000610351562
2019-04-01,168.89999389648438,169.8000030517578,168.60000610351562,18951300,3200874454.3304443,168.89999389648438
2019-04-02,170.60000610351562,170.60000610351562,168.5,22333600,3767678251.8432617,168.6999969482422
2019-04-03,168.8000030517578,169.6999969482422,168.0,31792200,5388777900.0,169.5
2019-04-04,169.5,170.0,169.0,17586000,2977309853.668213,169.3000030517578
2019-04-05,169.3000030517578,170.10000610351562,169.3000030517578,17091600,2900444467.840576,169.6999969482422
2019-04-08,170.1999969482422,170.1999969482422,168.89999389648438,12880200,2180617899.307251,169.3000030517578
2019-04-09,169.10000610351562,169.3000030517578,168.1999969482422,12172700,2054751797.1481323,168.8000030517578
2019-04-10,167.1999969482422,168.0,167.10000610351562,6913000,1160692657.8063965,167.89999389648438
2019-04-11,167.60000610351562,168.1999969482422,167.10000610351562,25965500,4364800708.480835,168.10000610351562
2019-04-12,168.60000610351562,168.6999969482422,167.3000030517578,13523900,2269310461.2716675,167.8000030517578
2019-04-15,170.0,170.60000610351562,169.6999969482422,21406000,3639020000.0,170.0
2019-04-16,169.60000610351562,170.6999969482422,169.60000610351562,32500900,5521902711.630249,169.89999389648438
2019-04-17,170.3000030517578,170.8000030517578,169.8000030517578,38909100,6634001550.0,170.5
2019-04-18,170.5,170.60000610351562,168.3000030517578,18553200,3129924783.380127,168.6999969482422
2019-04-19,169.60000610351562,169.89999389648438,168.6999969482422,8658400,1461537946.4233398,168.8000030517578
2019-04-22,168.60000610351562,169.39999389648438,168.0,10357600,1751470223.2177734,169.10000610351562
2019-04-23,169.3000030517578,169.8000030517578,168.8000030517578,15944800,2704238177.319336,169.60000610351562
2019-04-24,170.1999969482422,170.39999389648438,168.0,16699800,2810576390.963745,168.3000030517578
2019-04-25,168.60000610351562,169.5,168.3000030517578,15519000,2624262994.720459,169.10000610351562
2019-04-26,168.1999969482422,169.3000030517578,167.39999389648438,17130600,2893358235.443115,168.89999389648438
2019-05-07,168.60000610351562,168.6999969482422,166.60000610351562,20051400,3348583800.0,167.0
2019-05-08,165.10000610351562,165.1999969482422,163.60000610351562,32707000,5373760199.813843,164.3000030517578
2019-05-09,163.39999389648438,163.5,161.6999969482422,17600100,2849456082.577514,161.89999389648438
2019-05-10,161.8000030517578,163.60000610351562,160.89999389648438,23447300,3793773211.555481,161.8000030517578
2019-05-13,161.10000610351562,161.89999389648438,160.60000610351562,14793800,2383281270.294189,161.10000610351562
2019-05-14,157.8000030517578,160.5,157.60000610351562,19026200,3053705100.0,160.5
2019-05-15,160.8000030517578,161.39999389648438,159.6999969482422,12272300,1978294722.5479128,161.1999969482422
2019-05-16,161.3000030517578,161.3000030517578,159.6999969482422,25822900,4152322398.805237,160.8000030517578
2019-05-17,162.10000610351562,163.39999389648438,161.60000610351562,13207200,2144849199.3896484,162.39999389648438
2019-05-20,162.60000610351562,163.39999389648438,162.10000610351562,25628000,4167112956.4208975,162.60000610351562
2019-05-21,161.6999969482422,162.39999389648438,161.1999969482422,17016600,2756689200.0,162.0
2019-05-22,162.6999969482422,163.0,161.5,7228100,1167338150.0,161.5
2019-05-23,160.8000030517578,161.5,160.39999389648438,15171000,2442531000.0,161.0
2019-05-24,159.5,161.1999969482422,159.39999389648438,11315500,1824058565.4678345,161.1999969482422
2019-05-27,161.1999969482422,161.89999389648438,160.89999389648438,6975200,1129284837.4267578,161.89999389648438
2019-05-28,161.6999969482422,162.60000610351562,161.5,11012200,1785077687.2131348,162.10000610351562
2019-05-29,160.39999389648438,160.8000030517578,159.3000030517578,10346500,1661647963.1500244,160.60000610351562
2019-05-30,159.60000610351562,160.3000030517578,159.0,20642400,3302784000.0,160.0
2019-05-31,159.0,159.39999389648438,158.0,32989500,5215640151.351929,158.10000610351562
2019-06-03,155.8000030517578,157.0,155.8000030517578,19536000,3063244859.6191406,156.8000030517578
2019-06-04,156.89999389648438,157.1999969482422,155.8000030517578,21976300,3441488714.1326904,156.60000610351562
2019-06-05,159.3000030517578,160.1999969482422,158.8000030517578,26901200,4304192000.0,160.0
2019-06-06,159.60000610351562,160.1999969482422,159.3000030517578,16636600,2651873938.458252,159.39999389648438
2019-06-07,159.6999969482422,160.3000030517578,159.39999389648438,10741300,1720756227.2201538,160.1999969482422
2019-06-10,161.6999969482422,162.8000030517578,161.3000030517578,16557300,2690561250.0,162.5
2019-06-11,162.1999969482422,163.39999389648438,161.89999389648438,7711200,1259238983.5327148,163.3000030517578
2019-06-12,162.5,163.39999389648438,162.39999389648438,5899800,958127483.9904784,162.39999389648438
2019-06-13,161.5,161.89999389648438,160.10000610351562,9750600,1570821719.5129397,161.10000610351562
2019-06-14,161.6999969482422,161.8000030517578,160.39999389648438,13351100,2158872829.2556763,161.6999969482422
2019-06-17,161.1999969482422,161.6999969482422,160.8000030517578,6678500,1073902820.3811646,160.8000030517578
2019-06-18,160.89999389648438,161.5,159.3000030517578,15252100,2435760323.4542847,159.6999969482422
2019-06-19,161.89999389648438,162.6999969482422,161.6999969482422,16141500,2624607998.519897,162.60000610351562
2019-06-20,163.1999969482422,163.39999389648438,162.60000610351562,21134500,3447037078.994751,163.10000610351562
2019-06-21,163.0,163.0,161.1999969482422,11893900,1922054312.5946045,161.60000610351562
2019-06-24,161.39999389648438,162.0,161.0,12114600,1961353666.0583496,161.89999389648438
2019-06-25,161.60000610351562,162.60000610351562,160.89999389648438,9293800,1498160531.6375732,161.1999969482422
2019-06-26,160.8000030517578,161.1999969482422,160.1999969482422,15501300,2486408425.387573,160.39999389648438
2019-06-27,161.10000610351562,162.60000610351562,160.89999389648438,11097600,1804469827.734375,162.60000610351562
2019-06-28,162.3000030517578,162.6999969482422,161.60000610351562,28709100,4665228750.0,162.5
2019-07-01,165.0,166.10000610351562,164.10000610351562,22786000,3784754739.074707,166.10000610351562
2019-07-02,166.0,166.60000610351562,165.8000030517578,14621800,2434529700.0,166.5
2019-07-03,165.8000030517578,165.8000030517578,164.60000610351562,14133900,2332093500.0,165.0
2019-07-04,166.10000610351562,166.5,165.8000030517578,13025100,2167376560.5010986,166.39999389648438
2019-07-05,166.39999389648438,166.8000030517578,166.10000610351562,24460700,4075152769.2962646,166.60000610351562
2019-07-08,163.0,163.10000610351562,161.6999969482422,16749100,2715029212.2283936,162.10000610351562
2019-07-09,162.3000030517578,162.8000030517578,161.1999969482422,18759900,3029723850.0,161.5
2019-07-10,160.8000030517578,161.60000610351562,160.39999389648438,13698300,2206796213.607788,161.10000610351562
2019-07-11,161.3000030517578,162.10000610351562,161.1999969482422,8148300,1320024600.0,162.0
2019-07-12,162.3000030517578,162.39999389648438,161.1999969482422,9366600,1514579191.4154053,161.6999969482422
2019-07-16,161.1999969482422,161.39999389648438,160.5,6278800,1009631059.161377,160.8000030517578
2019-07-17,160.39999389648438,161.0,160.0,7708400,1238739856.47583,160.6999969482422
2019-07-18,159.89999389648438,159.89999389648438,156.89999389648438,21600900,3395661414.0792847,157.1999969482422
2019-07-19,157.89999389648438,160.5,157.60000610351562,18560300,2975216146.6415405,160.3000030517578
2019-07-22,160.0,160.1999969482422,159.3000030517578,19912000,3173972678.466797,159.39999389648438
2019-07-23,159.60000610351562,161.39999389648438,159.1999969482422,10207100,1642322327.7008057,160.89999389648438
2019-07-24,161.6999969482422,161.8000030517578,161.10000610351562,13106900,2116764350.0,161.5
2019-07-25,161.89999389648438,162.1999969482422,161.60000610351562,11013200,1781935793.6096191,161.8000030517578
2019-07-26,161.1999969482422,161.3000030517578,160.39999389648438,8987600,1447902414.855957,161.10000610351562
2019-07-29,160.8000030517578,161.10000610351562,160.3000030517578,18671200,3006063200.0,161.0
2019-07-30,161.3000030517578,162.0,161.0,16035700,2592972641.0629272,161.6999969482422
2019-07-31,160.10000610351562,161.10000610351562,160.10000610351562,13248000,2126304000.0,160.5
2019-08-01,159.5,160.89999389648438,159.1999969482422,9792300,1573622580.116272,160.6999969482422
2019-08-02,157.89999389648438,158.39999389648438,156.3000030517578,31963400,5021450335.089111,157.10000610351562
2019-08-05,155.6999969482422,155.8000030517578,152.60000610351562,30166100,4654629322.059631,154.3000030517578
2019-08-06,149.60000610351562,153.89999389648438,149.5,23309200,3582623968.865967,153.6999969482422
2019-08-07,153.39999389648438,154.1999969482422,152.89999389648438,23521800,3617652911.782837,153.8000030517578
2019-08-08,153.60000610351562,154.39999389648438,153.0,20840100,3201039487.197876,153.60000610351562
2019-08-09,154.89999389648438,155.0,154.10000610351562,18612700,2871939666.8014526,154.3000030517578
2019-08-13,152.6999969482422,153.1999969482422,151.89999389648438,24152900,3685732687.4176025,152.60000610351562
2019-08-14,154.0,154.10000610351562,153.10000610351562,41270300,6339118331.893921,153.60000610351562
2019-08-15,150.5,152.1999969482422,150.3000030517578,25084800,3812889600.0,152.0
2019-08-16,151.5,152.60000610351562,151.3000030517578,17763300,2707126811.581421,152.39999389648438
2019-08-19,153.5,153.6999969482422,152.6999969482422,21533600,3301100945.715332,153.3000030517578
2019-08-20,153.3000030517578,154.60000610351562,153.3000030517578,34173900,5283285148.580933,154.60000610351562
2019-08-21,152.89999389648438,153.6999969482422,152.89999389648438,18035700,2768479950.0,153.5
2019-08-22,154.0,154.10000610351562,153.1999969482422,9484000,1457690771.057129,153.6999969482422
2019-08-23,153.6999969482422,154.1999969482422,153.5,9891600,1524295620.3735352,154.10000610351562
2019-08-26,150.3000030517578,151.8000030517578,150.10000610351562,19653200,2979425239.9536133,151.60000610351562
2019-08-27,152.89999389648438,153.39999389648438,152.60000610351562,11025900,1682552407.296753,152.60000610351562
2019-08-28,152.8000030517578,153.0,152.5,8589700,1312506186.213684,152.8000030517578
2019-08-29,152.89999389648438,153.10000610351562,151.89999389648438,14366000,2196561312.3168945,152.89999389648438
2019-08-30,154.1999969482422,155.1999969482422,154.0,32697800,5074698460.214233,155.1999969482422
2019-09-02,154.5,154.8000030517578,154.39999389648438,24193600,3735491692.333984,154.39999389648438
2019-09-03,154.10000610351562,155.39999389648438,154.10000610351562,24726500,3835080300.918579,155.10000610351562
2019-09-04,154.5,155.10000610351562,154.0,26447800,4094119520.71228,154.8000030517578
2019-09-05,155.5,158.10000610351562,155.5,23391600,3679498751.385498,157.3000030517578
2019-09-06,157.89999389648438,158.1999969482422,157.5,20520400,3236067017.376709,157.6999969482422
2019-09-09,157.6999969482422,159.10000610351562,157.6999969482422,23163800,3683044200.0,159.0
2019-09-10,159.5,160.3000030517578,159.5,12910600,2064404861.1999512,159.89999389648438
2019-09-11,160.39999389648438,162.5,160.39999389648438,17365300,2821861250.0,162.5
2019-09-12,163.8000030517578,164.1999969482422,163.0,18975500,3108186957.9086304,163.8000030517578
2019-09-13,164.60000610351562,165.3000030517578,163.5,32846400,5429510020.239258,165.3000030517578
2019-09-17,164.6999969482422,166.1999969482422,164.3000030517578,32975900,5457511450.0,165.5
2019-09-18,165.39999389648438,165.5,164.3000030517578,17281600,2848007732.739258,164.8000030517578
2019-09-19,165.5,166.89999389648438,165.39999389648438,23435600,3885622551.519776,165.8000030517578
2019-09-20,166.39999389648438,166.6999969482422,165.5,23786200,3941373267.4102783,165.6999969482422
2019-09-24,166.0,167.10000610351562,166.0,35793900,5963263958.468628,166.60000610351562
2019-09-25,165.5,166.3000030517578,165.3000030517578,36199600,6019993590.472412,166.3000030517578
2019-09-26,167.60000610351562,167.8000030517578,166.0,25934100,4310247340.855408,166.1999969482422
2019-09-27,166.8000030517578,166.89999389648438,164.60000610351562,28559800,4740926800.0,166.0
2019-09-30,164.8000030517578,165.3000030517578,163.89999389648438,20419600,3354940342.315674,164.3000030517578
2019-10-01,165.3000030517578,166.5,165.1999969482422,25717100,4271610466.9647217,166.10000610351562
2019-10-02,164.60000610351562,165.39999389648438,164.60000610351562,12847400,2124959881.5856931,165.39999389648438
2019-10-03,162.1999969482422,162.60000610351562,161.5,12650200,2054392402.7893064,162.39999389648438
2019-10-04,161.8000030517578,162.89999389648438,161.5,15500300,2524998775.3936768,162.89999389648438
2019-10-07,163.1999969482422,163.5,162.39999389648438,19721800,3206764800.3723145,162.60000610351562
2019-10-08,163.60000610351562,164.5,163.5,9907900,1628858699.5269775,164.39999389648438
2019-10-09,162.5,163.8000030517578,162.5,16290200,2668334809.713745,163.8000030517578
2019-10-10,163.39999389648438,163.89999389648438,162.0,33264900,5452116906.967163,163.89999389648438
2019-10-11,165.39999389648438,165.39999389648438,164.39999389648438,13065800,2159776779.873657,165.3000030517578
2019-10-15,167.3000030517578,168.1999969482422,167.0,20443700,3432497105.2215576,167.89999389648438
2019-10-16,169.6999969482422,170.60000610351562,168.5,18570200,3134649816.671753,168.8000030517578
2019-10-17,168.6999969482422,168.89999389648438,168.0,7607000,1277976000.0,168.0
2019-10-18,168.39999389648438,169.10000610351562,167.6999969482422,12605500,2117724000.0,168.0
2019-10-21,168.1999969482422,168.89999389648438,168.1999969482422,9390000,1584092971.343994,168.6999969482422
2019-10-23,169.39999389648438,169.89999389648438,167.6999969482422,35931500,6097575440.345764,169.6999969482422
2019-10-24,170.60000610351562,170.8000030517578,170.1999969482422,16449500,2801349900.19989,170.3000030517578
2019-10-25,170.5,170.8000030517578,170.0,9130900,1558644602.1347046,170.6999969482422
2019-10-28,171.0,171.1999969482422,170.60000610351562,8846300,1510948066.9967651,170.8000030517578
2019-10-29,171.8000030517578,172.5,171.60000610351562,13888800,2393040282.385254,172.3000030517578
2019-10-30,172.3000030517578,172.6999969482422,171.8000030517578,11357900,1961509295.33844,172.6999969482422
2019-10-31,172.60000610351562,172.89999389648438,171.89999389648438,30316800,5226616134.9609375,172.39999389648438
2019-11-01,171.39999389648438,172.5,171.3000030517578,14524000,2503937511.352539,172.39999389648438
2019-11-05,174.6999969482422,175.8000030517578,174.1999969482422,22259800,3904368784.136963,175.39999389648438
2019-11-06,176.0,176.10000610351562,174.89999389648438,23949800,4200794773.8220215,175.39999389648438
2019-11-07,175.39999389648438,175.89999389648438,175.3000030517578,7362700,1295098885.0616455,175.89999389648438
2019-11-08,177.6999969482422,177.6999969482422,175.8000030517578,12893200,2274360401.3061523,176.39999389648438
2019-11-11,176.89999389648438,177.3000030517578,176.1999969482422,6354700,1121604550.0,176.5
2019-11-12,176.39999389648438,177.3000030517578,175.89999389648438,6748100,1193738848.8128662,176.89999389648438
2019-11-13,176.60000610351562,176.8000030517578,175.89999389648438,7128000,1253815156.4941406,175.89999389648438
2019-11-14,175.8000030517578,176.0,173.89999389648438,6038300,1052475708.4274292,174.3000030517578
2019-11-15,174.5,176.0,174.39999389648438,8481200,1490994985.8825684,175.8000030517578
2019-11-18,175.5,176.1999969482422,175.3000030517578,11816200,2082014403.9398196,176.1999969482422
2019-11-19,175.6999969482422,176.10000610351562,175.0,9832400,1728535950.0061035,175.8000030517578
2019-11-20,174.89999389648438,175.8000030517578,174.3000030517578,7719900,1351754537.1185305,175.10000610351562
2019-11-21,174.60000610351562,175.10000610351562,172.39999389648438,12922500,2258853039.4363403,174.8000030517578
2019-11-22,175.0,176.0,174.8000030517578,7219400,1264838857.9681396,175.1999969482422
2019-11-25,176.39999389648438,176.6999969482422,175.89999389648438,9198300,1620740431.929016,176.1999969482422
2019-11-26,177.1999969482422,178.0,176.39999389648438,20280200,3577427156.2194824,176.39999389648438
2019-11-27,177.0,177.60000610351562,176.89999389648438,17765100,3149752284.2147827,177.3000030517578
2019-11-28,177.10000610351562,177.39999389648438,176.3000030517578,20000700,3538123707.925415,176.89999389648438
2019-11-29,177.10000610351562,177.5,175.6999969482422,22803900,4006645160.40802,175.6999969482422
2019-12-02,176.5,177.89999389648438,176.5,19718300,3503941849.824524,177.6999969482422
2019-12-03,175.60000610351562,176.8000030517578,175.1999969482422,13128300,2321083480.064392,176.8000030517578
2019-12-04,175.60000610351562,176.39999389648438,175.10000610351562,21438700,3775355200.85144,176.10000610351562
2019-12-05,177.0,177.39999389648438,176.6999969482422,25876800,4585368881.030273,177.1999969482422
2019-12-06,177.39999389648438,177.6999969482422,177.0,21039700,3728234775.791931,177.1999969482422
2019-12-09,178.6999969482422,178.6999969482422,177.39999389648438,17289400,3082700072.763061,178.3000030517578
2019-12-10,178.10000610351562,178.60000610351562,178.0,11991500,2134487000.0,178.0
2019-12-11,178.1999969482422,178.3000030517578,177.1999969482422,18919400,3358193500.0,177.5
2019-12-12,178.1999969482422,178.1999969482422,176.89999389648438,38215000,6783162500.0,177.5
2019-12-13,180.3999938964844,181.3000030517578,179.8000030517578,30461400,5489144187.039185,180.1999969482422
2019-12-16,179.89999389648438,180.3999938964844,179.8000030517578,8207900,1475780445.048523,179.8000030517578
2019-12-17,180.6999969482422,181.0,180.0,9705800,1754808669.619751,180.8000030517578
2019-12-18,180.8999938964844,180.8999938964844,179.6999969482422,8896400,1600462305.7006836,179.89999389648438
2019-12-19,180.10000610351562,180.3000030517578,179.3000030517578,15475300,2782458987.226868,179.8000030517578
2019-12-20,179.89999389648438,180.0,178.89999389648438,10232500,1834687281.227112,179.3000030517578
2019-12-23,179.89999389648438,179.89999389648438,178.89999389648438,9954900,1780931549.2401123,178.89999389648438
2019-12-24,179.3000030517578,179.39999389648438,178.6999969482422,3987800,713417395.6604004,178.89999389648438
2019-12-25,178.89999389648438,178.89999389648438,178.10000610351562,8222300,1465213834.9075315,178.1999969482422
2019-12-26,178.10000610351562,179.1999969482422,178.10000610351562,5106500,915084784.4161988,179.1999969482422
2019-12-27,179.8000030517578,180.3000030517578,179.5,8474900,1525482000.0,180.0
2019-12-30,178.89999389648438,179.10000610351562,178.10000610351562,17869100,3186060584.532165,178.3000030517578
2020-01-06,176.0,176.6999969482422,175.10000610351562,14720200,2589283090.1550293,175.89999389648438
2020-01-07,176.8000030517578,179.0,176.6999969482422,12730300,2277450592.300415,178.89999389648438
2020-01-08,176.3000030517578,177.0,174.5,21600300,3812452950.0,176.5
2020-01-09,178.6999969482422,179.6999969482422,178.5,14442800,2591038231.8481445,179.39999389648438
2020-01-10,180.0,180.3999938964844,179.39999389648438,22650600,4077108000.0,180.0
2020-01-14,180.3999938964844,180.6999969482422,179.89999389648438,15982900,2884913450.0,180.5
2020-01-15,179.6999969482422,180.1999969482422,179.10000610351562,19651300,3529373599.9420166,179.60000610351562
2020-01-16,179.8000030517578,179.89999389648438,179.0,6924200,1240816618.8690186,179.1999969482422
2020-01-17,179.8000030517578,180.1999969482422,179.60000610351562,32369000,5826420000.0,180.0
2020-01-20,180.3999938964844,181.1000061035156,180.3999938964844,7678200,1387450716.5679932,180.6999969482422
2020-01-21,180.6999969482422,180.8999938964844,179.60000610351562,10483700,1887066000.0,180.0
2020-01-22,179.5,181.1000061035156,179.5,13052400,2363789719.665528,181.1000061035156
2020-01-23,179.89999389648438,180.10000610351562,179.1999969482422,12987900,2327431640.3640747,179.1999969482422
2020-01-24,179.39999389648438,179.6999969482422,178.89999389648438,56778900,10186134313.449097,179.39999389648438
2020-01-27,176.1999969482422,177.1999969482422,175.8000030517578,27581500,4862618534.172058,176.3000030517578
2020-01-28,174.89999389648438,175.8000030517578,174.5,28051400,4917410505.606079,175.3000030517578
2020-01-29,175.60000610351562,176.1999969482422,175.10000610351562,158313300,27863140800.0,176.0
2020-01-30,175.6999969482422,175.8000030517578,172.8000030517578,20229700,3511876043.47229,173.60000610351562
2020-01-31,174.6999969482422,176.1999969482422,174.39999389648438,28636800,5002848872.607422,174.6999969482422
2020-02-03,171.60000610351562,173.8000030517578,171.39999389648438,11738600,2034299415.8233645,173.3000030517578
2020-02-04,173.0,174.8000030517578,172.89999389648438,42137600,7361438591.40625,174.6999969482422
2020-02-05,176.5,177.0,175.89999389648438,21305300,3760385450.0,176.5
2020-02-06,178.89999389648438,180.8999938964844,178.8000030517578,18888000,3401728915.283203,180.10000610351562
2020-02-07,180.5,180.5,179.1999969482422,15468900,2775120565.585327,179.39999389648438
2020-02-10,178.0,178.89999389648438,177.89999389648438,12113200,2159783596.9665527,178.3000030517578
2020-02-12,178.5,178.6999969482422,177.1999969482422,36133700,6435412190.542603,178.10000610351562
2020-02-13,177.6999969482422,178.0,177.0,16415700,2912145079.8065186,177.39999389648438
2020-02-14,176.5,176.8000030517578,176.0,18383900,3246596852.206421,176.60000610351562
2020-02-17,174.89999389648438,175.3000030517578,173.6999969482422,13415200,2349001601.879883,175.10000610351562
2020-02-18,174.10000610351562,174.10000610351562,172.1999969482422,15661100,2703105955.587769,172.60000610351562
2020-02-19,173.39999389648438,173.89999389648438,172.8000030517578,20624900,3572232617.0578003,173.1999969482422
2020-02-20,174.8000030517578,175.5,173.3000030517578,24761200,4298544471.130371,173.60000610351562
2020-02-21,173.5,174.60000610351562,173.39999389648438,12044200,2089668700.0,173.5
2020-02-25,165.5,169.10000610351562,165.3000030517578,29273400,4909149090.664673,167.6999969482422
2020-02-26,165.89999389648438,166.8000030517578,164.5,41601500,6930810153.915405,166.60000610351562
2020-02-27,165.1999969482422,165.5,161.89999389648438,24092400,3912605612.95166,162.39999389648438
2020-02-28,158.39999389648438,158.6999969482422,155.60000610351562,30609900,4793510526.828003,156.60000610351562
2020-03-02,154.10000610351562,159.89999389648438,153.8000030517578,35833200,5665229138.708496,158.10000610351562
2020-03-03,161.10000610351562,161.10000610351562,156.10000610351562,37396200,5837547048.248291,156.10000610351562
2020-03-04,154.39999389648438,157.0,153.8000030517578,26349200,4102570359.588623,155.6999969482422
2020-03-05,158.10000610351562,158.1999969482422,156.39999389648438,43335200,6829627784.49707,157.60000610351562
2020-03-06,154.39999389648438,154.8000030517578,151.8000030517578,36879600,5624139000.0,152.5
2020-03-09,147.3000030517578,148.10000610351562,142.89999389648438,43736200,6293638913.05542,143.89999389648438
2020-03-10,142.0,146.8000030517578,138.0,80552800,11752653028.344728,145.89999389648438
2020-03-11,145.3000030517578,147.5,143.39999389648438,81558700,11703673450.0,143.5
2020-03-12,140.5,141.5,136.10000610351562,95519800,13153076168.496704,137.6999969482422
2020-03-13,128.6999969482422,135.39999389648438,124.5999984741211,110406300,14419063453.866575,130.60000610351562
2020-03-16,131.39999389648438,133.6999969482422,127.5,89328200,11389345500.0,127.5
2020-03-17,125.5,133.0,124.4000015258789,106992800,14080253133.032228,131.60000610351562
2020-03-18,132.10000610351562,136.39999389648438,131.60000610351562,78815500,10466698640.525818,132.8000030517578
2020-03-19,135.60000610351562,136.89999389648438,132.89999389648438,73943500,9908429000.0,134.0
2020-03-23,133.3000030517578,135.5,131.89999389648438,37438400,5069159131.494141,135.39999389648438
2020-03-24,137.8000030517578,138.6999969482422,135.6999969482422,75168600,10388300290.603638,138.1999969482422
2020-03-25,144.1999969482422,147.89999389648438,143.3000030517578,62429600,9208366000.0,147.5
2020-03-26,145.0,146.5,143.0,51142900,7446406552.151489,145.60000610351562
2020-03-27,150.0,151.0,147.10000610351562,55669200,8394915529.888916,150.8000030517578
2020-03-30,147.3000030517578,151.10000610351562,146.0,56790200,8575320200.0,151.0
2020-03-31,150.3000030517578,151.1999969482422,146.6999969482422,39689700,5846292931.123352,147.3000030517578
2020-04-01,145.5,146.6999969482422,140.60000610351562,42093400,5956216100.0,141.5
2020-04-02,140.60000610351562,141.5,139.3000030517578,28874300,4033739621.882629,139.6999969482422
2020-04-03,145.5,146.6999969482422,138.0,22467800,3136505017.1325684,139.60000610351562
2020-04-06,139.5,145.5,139.1999969482422,44192800,6399117574.865723,144.8000030517578
2020-04-07,147.6999969482422,148.8000030517578,144.5,48158200,7103334500.0,147.5
2020-04-08,147.8000030517578,150.60000610351562,146.5,28970100,4342617813.180542,149.89999389648438
2020-04-09,149.5,149.5,147.0,36572400,5434658863.220215,148.60000610351562
2020-04-10,149.1999969482422,150.39999389648438,146.89999389648438,30530800,4588779333.172607,150.3000030517578
2020-04-13,148.8000030517578,149.60000610351562,147.3000030517578,15859000,2336030748.397827,147.3000030517578
2020-04-14,148.0,150.89999389648438,147.6999969482422,22464500,3376414418.5562134,150.3000030517578
2020-04-15,150.3000030517578,151.3000030517578,149.5,19421200,2928717019.268799,150.8000030517578
2020-04-16,148.5,149.6999969482422,147.8000030517578,24250200,3622979731.988525,149.39999389648438
2020-04-17,151.3000030517578,153.0,150.3000030517578,31037100,4695913324.717712,151.3000030517578
2020-04-20,150.1999969482422,151.10000610351562,150.10000610351562,19632800,2954736400.0,150.5
2020-04-21,148.89999389648438,149.89999389648438,148.10000610351562,16592100,2467245219.364929,148.6999969482422
2020-04-22,147.39999389648438,148.39999389648438,146.10000610351562,32752400,4827703560.095215,147.39999389648438
2020-04-23,148.1999969482422,149.60000610351562,148.10000610351562,11979800,1790980100.0,149.5
2020-04-24,149.10000610351562,149.39999389648438,148.10000610351562,23079500,3443461329.566956,149.1999969482422
2020-04-27,149.89999389648438,152.1999969482422,149.8000030517578,18601900,2821908173.2315063,151.6999969482422
2020-04-28,151.89999389648438,152.3000030517578,150.89999389648438,26548400,4040666398.980713,152.1999969482422
2020-04-30,155.60000610351562,155.60000610351562,153.3000030517578,32166300,4931093888.163757,153.3000030517578
2020-05-01,152.5,152.5,149.5,34177500,5133460395.698547,150.1999969482422
2020-05-07,148.89999389648438,150.0,148.60000610351562,18148500,2722275000.0,150.0
2020-05-08,151.60000610351562,153.1999969482422,151.3000030517578,13121900,2006338429.9102783,152.89999389648438
2020-05-11,154.39999389648438,155.89999389648438,154.1999969482422,20556100,3192362392.732239,155.3000030517578
2020-05-12,155.3000030517578,155.6999969482422,154.6999969482422,16360200,2535831000.0,155.0
2020-05-13,153.10000610351562,155.3000030517578,153.10000610351562,26461200,4093547559.246826,154.6999969482422
2020-05-14,153.8000030517578,154.0,151.6999969482422,31176000,4735634209.716797,151.89999389648438
2020-05-15,153.1999969482422,153.39999389648438,151.10000610351562,36974700,5653431404.324341,152.89999389648438
2020-05-18,153.10000610351562,153.6999969482422,152.1999969482422,18916600,2899914837.728882,153.3000030517578
2020-05-19,156.39999389648438,156.6999969482422,155.39999389648438,20756600,3235953813.311768,155.89999389648438
2020-05-20,155.60000610351562,157.5,155.60000610351562,19967700,3130935420.9365845,156.8000030517578
2020-05-21,157.5,157.60000610351562,156.1999969482422,14606100,2288775825.42572,156.6999969482422
2020-05-22,156.6999969482422,156.89999389648438,154.6999969482422,13493400,2091477000.0,155.0
2020-05-25,157.3000030517578,157.6999969482422,156.60000610351562,13350400,2105358039.2578125,157.6999969482422
2020-05-26,159.1999969482422,161.5,158.8000030517578,22107200,3563680572.53418,161.1999969482422
2020-05-27,161.39999389648438,162.8000030517578,160.60000610351562,18428800,2996522992.4804688,162.60000610351562
2020-05-28,164.10000610351562,166.0,163.3000030517578,31097400,5162168400.0,166.0
2020-05-29,164.8000030517578,165.5,163.8000030517578,18612100,3052384400.0,164.0
2020-06-01,164.10000610351562,165.1999969482422,163.8000030517578,19282300,3173866697.68982,164.60000610351562
2020-06-02,165.39999389648438,167.1999969482422,165.1999969482422,22033000,3668494500.0,166.5
2020-06-03,169.10000610351562,169.1999969482422,166.8000030517578,23007300,3865226400.0,168.0
2020-06-04,169.60000610351562,169.8000030517578,166.89999389648438,26626100,4486497850.0,168.5
2020-06-05,167.89999389648438,169.3000030517578,167.5,23666700,3999672300.0,169.0
2020-06-08,171.1999969482422,171.1999969482422,169.89999389648438,22863300,3911910769.546509,171.10000610351562
2020-06-09,171.1999969482422,171.5,169.89999389648438,25079000,4291017053.070069,171.10000610351562
2020-06-10,170.10000610351562,171.1999969482422,169.6999969482422,18657600,3186718136.9384766,170.8000030517578
2020-06-11,168.8000030517578,169.5,166.89999389648438,16724300,2794630632.0770264,167.10000610351562
2020-06-12,163.1999969482422,165.3000030517578,161.8000030517578,35174900,5786271050.0,164.5
2020-06-15,163.6999969482422,165.1999969482422,160.89999389648438,26918400,4333862400.0,161.0
2020-06-16,164.60000610351562,167.8000030517578,163.89999389648438,13635100,2281152271.611023,167.3000030517578
2020-06-17,167.3000030517578,167.3000030517578,165.8000030517578,14400300,2397649950.0,166.5
2020-06-18,166.0,166.6999969482422,164.5,19714000,3280409479.675293,166.39999389648438
2020-06-19,166.89999389648438,167.10000610351562,165.39999389648438,8287500,1378211275.2914429,166.3000030517578
2020-06-22,165.5,166.6999969482422,165.3000030517578,9669300,1605103800.0,166.0
2020-06-23,167.0,167.8000030517578,164.8000030517578,12009000,1999498500.0,166.5
2020-06-24,166.10000610351562,166.60000610351562,165.60000610351562,11151100,1847737235.9695437,165.6999969482422
2020-06-25,164.3000030517578,165.0,163.3000030517578,11273700,1848886800.0,164.0
2020-06-26,165.10000610351562,166.1999969482422,164.89999389648438,16410400,2724126400.0,166.0
2020-06-29,164.0,164.1999969482422,162.6999969482422,14452600,2352883324.105835,162.8000030517578
2020-06-30,165.39999389648438,165.60000610351562,163.1999969482422,16372600,2672008270.03479,163.1999969482422
2020-07-01,164.0,164.10000610351562,161.1999969482422,22351600,3618723903.57666,161.89999389648438
2020-07-02,162.3000030517578,163.10000610351562,161.60000610351562,10295500,1673018750.0,162.5
2020-07-03,163.1999969482422,163.3000030517578,161.8000030517578,10836900,1769665803.0715942,163.3000030517578
2020-07-06,163.6999969482422,166.0,163.60000610351562,20033500,3323557527.72522,165.89999389648438
2020-07-07,165.8000030517578,166.0,164.60000610351562,16387000,2708771150.0091558,165.3000030517578
2020-07-08,164.39999389648438,165.89999389648438,163.6999969482422,28128200,4607399245.840454,163.8000030517578
2020-07-09,160.3000030517578,161.60000610351562,159.6999969482422,24042200,3856368733.2580566,160.39999389648438
2020-07-10,160.3000030517578,160.3000030517578,158.1999969482422,15942900,2523761118.6538696,158.3000030517578
2020-07-13,160.5,162.10000610351562,160.1999969482422,8408400,1363001691.3208008,162.10000610351562
2020-07-14,160.89999389648438,161.60000610351562,160.60000610351562,7263700,1170908417.8329468,161.1999969482422
2020-07-15,162.8000030517578,163.8000030517578,162.5,14859400,2430997930.69458,163.60000610351562
2020-07-16,163.60000610351562,163.8000030517578,162.39999389648438,8442400,1373578454.2358398,162.6999969482422
2020-07-17,162.8000030517578,163.0,161.6999969482422,6268400,1016107678.2592772,162.10000610351562
2020-07-20,162.6999969482422,162.6999969482422,161.1999969482422,6852800,1112209460.913086,162.3000030517578
2020-07-21,162.8000030517578,163.1999969482422,162.5,7536900,1229268436.001587,163.10000610351562
2020-07-22,162.5,163.0,161.89999389648438,11436000,1851488330.2001956,161.89999389648438
2020-07-27,160.3000030517578,162.5,159.8000030517578,19449000,3160462500.0,162.5
2020-07-28,162.5,163.10000610351562,161.39999389648438,10362300,1675583878.37677,161.6999969482422
2020-07-29,160.60000610351562,160.8000030517578,159.39999389648438,13723000,2188818500.0,159.5
2020-07-30,160.0,160.1999969482422,158.39999389648438,6405400,1015255900.0,158.5
2020-07-31,158.0,158.10000610351562,154.10000610351562,25559800,3941321081.9976807,154.1999969482422
2020-08-03,155.8000030517578,156.89999389648438,155.3000030517578,9937300,1556181240.6524658,156.60000610351562
2020-08-04,158.8000030517578,160.1999969482422,158.6999969482422,14600700,2337572159.1156006,160.10000610351562
2020-08-05,159.5,160.3000030517578,158.60000610351562,9896800,1583488000.0,160.0
2020-08-06,159.6999969482422,160.60000610351562,159.1999969482422,15115900,2412497732.260132,159.60000610351562
2020-08-07,159.6999969482422,160.0,158.5,9300400,1483413800.0,159.5
2020-08-11,160.8000030517578,163.5,160.8000030517578,26692200,4364174700.0,163.5
2020-08-12,163.60000610351562,165.60000610351562,163.3000030517578,23706900,3918750642.347717,165.3000030517578
2020-08-13,166.8000030517578,167.6999969482422,166.10000610351562,26625300,4457075057.492065,167.39999389648438
2020-08-14,167.5,167.5,166.6999969482422,11947700,1996460742.9229736,167.10000610351562
2020-08-17,166.5,167.1999969482422,165.6999969482422,19076900,3161042271.7819214,165.6999969482422
2020-08-18,165.39999389648438,166.0,164.60000610351562,10310800,1709530671.4660645,165.8000030517578
2020-08-19,165.3000030517578,166.39999389648438,164.89999389648438,8856800,1472000132.9711914,166.1999969482422
2020-08-20,165.39999389648438,166.0,164.39999389648438,7578000,1246581000.0,164.5
2020-08-21,165.5,166.3000030517578,164.89999389648438,12014200,1985947296.6644287,165.3000030517578
2020-08-24,165.10000610351562,165.60000610351562,164.60000610351562,11894400,1969712712.597656,165.60000610351562
2020-08-25,167.39999389648438,168.1999969482422,167.10000610351562,34549800,5773271790.875244,167.10000610351562
2020-08-26,166.5,167.3000030517578,166.39999389648438,10153400,1698663850.9857178,167.3000030517578
2020-08-27,167.3000030517578,167.3000030517578,166.10000610351562,12668800,2105554521.3378904,166.1999969482422
2020-08-28,166.8000030517578,168.60000610351562,163.8000030517578,88593300,14617894500.0,165.0
2020-08-31,167.1999969482422,168.39999389648438,166.0,27686900,4596025400.0,166.0
2020-09-01,166.1999969482422,166.6999969482422,165.3000030517578,10420700,1732962441.8014526,166.3000030517578
2020-09-02,167.0,167.1999969482422,166.3000030517578,16510100,2760488669.6151733,167.1999969482422
2020-09-03,168.89999389648438,169.10000610351562,167.60000610351562,22715200,3811610629.321289,167.8000030517578
2020-09-04,165.60000610351562,166.8000030517578,165.5,12701100,2113462962.4786377,166.39999389648438
2020-09-07,165.89999389648438,166.6999969482422,165.39999389648438,16323700,2706469509.815979,165.8000030517578
2020-09-08,166.10000610351562,167.0,165.6999969482422,10572700,1765640900.0,167.0
2020-09-09,164.3000030517578,165.39999389648438,163.89999389648438,60688400,10019655210.412598,165.10000610351562
2020-09-10,166.39999389648438,167.39999389648438,166.10000610351562,63295600,10589354073.162842,167.3000030517578
2020-09-11,167.3000030517578,168.60000610351562,166.8000030517578,14395700,2427115107.86438,168.60000610351562
2020-09-14,169.39999389648438,170.1999969482422,169.1999969482422,15794200,2683434483.599853,169.89999389648438
2020-09-15,169.39999389648438,169.39999389648438,168.3000030517578,11105200,1874557793.8903809,168.8000030517578
2020-09-16,168.8000030517578,169.6999969482422,168.60000610351562,9763500,1652960579.7958374,169.3000030517578
2020-09-17,169.10000610351562,169.5,168.3000030517578,12184900,2055592592.814636,168.6999969482422
2020-09-18,168.8000030517578,169.6999969482422,168.8000030517578,16111200,2729237181.665039,169.39999389648438
2020-09-23,168.89999389648438,169.60000610351562,168.0,30704800,5195252066.296387,169.1999969482422
2020-09-24,168.1999969482422,168.5,167.1999969482422,30184900,5058989424.234009,167.60000610351562
2020-09-25,168.39999389648438,168.60000610351562,167.6999969482422,8548500,1438712576.0879517,168.3000030517578
2020-09-28,169.6999969482422,171.3000030517578,168.89999389648438,28698800,4916104527.581787,171.3000030517578
2020-09-29,171.5,173.3000030517578,171.0,16769400,2889367671.1761475,172.3000030517578
2020-09-30,171.60000610351562,171.89999389648438,168.5,21756300,3668112312.789917,168.60000610351562
2020-10-02,170.0,170.1999969482422,166.39999389648438,40564100,6778261357.583618,167.10000610351562
2020-10-05,169.3000030517578,170.60000610351562,169.1999969482422,13708800,2329125036.328125,169.89999389648438
2020-10-06,170.6999969482422,171.10000610351562,169.89999389648438,14752900,2519795365.022278,170.8000030517578
2020-10-07,169.8000030517578,171.10000610351562,169.6999969482422,14994200,2564008200.0,171.0
2020-10-08,171.5,172.39999389648438,170.8000030517578,26628600,4577456177.471924,171.89999389648438
2020-10-09,172.1999969482422,172.1999969482422,170.39999389648438,12791100,2184719919.03534,170.8000030517578
2020-10-12,170.89999389648438,170.89999389648438,169.89999389648438,18918800,3225655400.0,170.5
2020-10-13,171.3000030517578,171.39999389648438,170.3000030517578,9688200,1656682200.0,171.0
2020-10-14,170.60000610351562,170.89999389648438,170.0,13390200,2281689998.272705,170.39999389648438
2020-10-15,170.39999389648438,170.39999389648438,169.0,17437400,2952151873.2147217,169.3000030517578
2020-10-16,169.0,169.0,167.6999969482422,24738000,4151036475.494385,167.8000030517578
2020-10-19,168.60000610351562,170.5,168.60000610351562,20268900,3445713000.0,170.0
2020-10-20,169.60000610351562,169.89999389648438,168.39999389648438,9103500,1536670827.7816772,168.8000030517578
2020-10-21,169.39999389648438,170.89999389648438,169.39999389648438,9308000,1581429143.1884766,169.89999389648438
2020-10-22,169.0,169.0,167.8000030517578,9459000,1589112000.0,168.0
2020-10-23,168.60000610351562,169.10000610351562,167.60000610351562,14268500,2407095906.4559937,168.6999969482422
2020-10-26,168.5,169.10000610351562,167.8000030517578,5752400,966403200.0,168.0
2020-10-27,167.0,167.89999389648438,165.60000610351562,18899000,3173141984.649658,167.89999389648438
2020-10-28,166.6999969482422,167.6999969482422,166.3000030517578,28392500,4750065336.647034,167.3000030517578
2020-10-29,165.6999969482422,167.8000030517578,165.6999969482422,37972800,6360444000.0,167.5
2020-10-30,166.5,166.5,163.6999969482422,28458400,4670023613.696289,164.10000610351562
2020-11-02,165.1999969482422,167.8000030517578,165.1999969482422,14386600,2402562200.0,167.0
2020-11-04,169.39999389648438,169.8000030517578,168.0,23187200,3918636800.0,169.0
2020-11-05,169.6999969482422,171.8000030517578,169.1999969482422,30292900,5186144387.553406,171.1999969482422
2020-11-06,171.10000610351562,172.6999969482422,170.89999389648438,20912700,3601166876.1795044,172.1999969482422
2020-11-09,173.8000030517578,175.3000030517578,173.39999389648438,41991400,7327499300.0,174.5
2020-11-10,178.1999969482422,178.8000030517578,176.0,45485800,8028243700.0,176.5
2020-11-11,179.0,179.60000610351562,178.1999969482422,20707000,3714835673.614502,179.39999389648438
2020-11-12,179.5,180.1999969482422,178.0,18238300,3268303304.341125,179.1999969482422
2020-11-13,178.3000030517578,178.3000030517578,175.6999969482422,18873100,3336764137.5961304,176.8000030517578
2020-11-16,178.60000610351562,180.3000030517578,178.39999389648438,15755300,2832802988.08136,179.8000030517578
2020-11-17,180.6999969482422,180.8000030517578,179.0,31154300,5610889620.150757,180.10000610351562
2020-11-18,179.3000030517578,179.39999389648438,178.10000610351562,21213100,3790780905.262756,178.6999969482422
2020-11-19,178.1999969482422,179.3000030517578,177.5,35696700,6389709300.0,179.0
2020-11-20,178.5,179.39999389648438,178.1999969482422,9442300,1692060131.1843872,179.1999969482422
2020-11-24,182.8000030517578,183.8000030517578,182.6000061035156,38533600,7040088602.404785,182.6999969482422
2020-11-25,185.0,185.8999938964844,183.0,20875200,3820161600.0,183.0
2020-11-26,182.8999938964844,184.8999938964844,182.6000061035156,22163700,4095851827.6382446,184.8000030517578
2020-11-27,185.1000061035156,186.3000030517578,184.3999938964844,36851800,6828638652.462769,185.3000030517578
2020-11-30,185.8999938964844,185.8999938964844,181.8000030517578,20103400,3654798181.350708,181.8000030517578
2020-12-01,183.1000061035156,184.0,182.8000030517578,26757300,4909964550.0,183.5
2020-12-02,184.6999969482422,184.8000030517578,183.6000061035156,11300000,2079200000.0,184.0
2020-12-03,184.3000030517578,185.3000030517578,183.6000061035156,16057600,2962627200.0,184.5
2020-12-04,183.8999938964844,184.6999969482422,183.6999969482422,10756200,1983443214.3493648,184.3999938964844
2020-12-07,185.3000030517578,185.3999938964844,182.6000061035156,28408700,5195951056.607056,182.8999938964844
2020-12-08,182.0,183.1000061035156,181.8999938964844,26133200,4777149039.752197,182.8000030517578
2020-12-09,182.8000030517578,185.0,182.6999969482422,22511800,4162431682.598877,184.8999938964844
2020-12-10,184.3999938964844,185.0,184.1000061035156,27265300,5035900826.792908,184.6999969482422
2020-12-11,185.0,185.5,184.0,26389500,4882057500.0,185.0
2020-12-14,185.6000061035156,187.6000061035156,185.6000061035156,12805800,2383159458.1604004,186.1000061035156
2020-12-15,185.6999969482422,186.0,184.6999969482422,21785700,4032533202.96936,185.1000061035156
2020-12-16,186.1999969482422,186.8000030517578,185.3000030517578,7942900,1474996505.7601929,185.6999969482422
2020-12-17,185.8000030517578,186.3999938964844,184.8999938964844,11401600,2122977885.205078,186.1999969482422
2020-12-18,186.1000061035156,186.6999969482422,185.6000061035156,7352400,1369752142.437744,186.3000030517578
2020-12-21,186.8000030517578,187.3999938964844,184.6000061035156,11893100,2209738016.294861,185.8000030517578
2020-12-22,184.1000061035156,184.5,182.1999969482422,18745500,3426677457.206726,182.8000030517578
2020-12-23,183.6999969482422,183.8000030517578,182.5,17309000,3174470494.354248,183.3999938964844
2020-12-24,184.3999938964844,185.1999969482422,183.8999938964844,22192600,4090096247.72644,184.3000030517578
2020-12-25,184.5,184.8999938964844,184.3999938964844,4819800,889253100.0,184.5
2020-12-28,185.0,185.6000061035156,184.6999969482422,6289800,1167386918.3898926,185.6000061035156
2020-12-29,186.5,189.1000061035156,186.3000030517578,14314400,2702558763.684082,188.8000030517578
2020-12-30,188.1000061035156,188.6000061035156,187.0,21562500,4042968750.0,187.5
2021-01-04,188.1000061035156,188.3999938964844,184.5,19420000,3619887881.469727,186.3999938964844
2021-01-05,185.8999938964844,186.8000030517578,185.5,13082600,2435980080.075073,186.1999969482422
2021-01-06,186.1999969482422,187.5,186.1000061035156,18628100,3479729136.8484497,186.8000030517578
2021-01-07,189.5,191.1000061035156,189.3000030517578,25225600,4792864000.0,190.0
2021-01-08,190.8000030517578,193.0,190.1999969482422,26766100,5165857300.0,193.0
2021-01-12,192.6000061035156,193.5,191.6000061035156,11805200,2278403600.0,193.0
2021-01-13,192.6000061035156,194.3000030517578,192.5,44100800,8542324825.415039,193.6999969482422
2021-01-14,193.6000061035156,196.3000030517578,193.3999938964844,53319100,10391892264.56604,194.8999938964844
2021-01-15,195.0,195.3000030517578,192.6999969482422,33820200,6517152436.78894,192.6999969482422
2021-01-18,191.6000061035156,192.6000061035156,191.1999969482422,9318900,1788296853.1219482,191.8999938964844
2021-01-19,192.3999938964844,193.5,192.1999969482422,15736600,3040311071.975708,193.1999969482422
2021-01-20,193.3999938964844,193.3999938964844,191.3999938964844,11857400,2278992243.814087,192.1999969482422
2021-01-21,193.3000030517578,194.5,193.0,13009400,2514717059.701538,193.3000030517578
2021-01-22,192.3000030517578,193.3000030517578,192.1000061035156,18302700,3530590718.2891846,192.8999938964844
2021-01-25,193.5,193.6999969482422,192.6999969482422,11247900,2176468650.0,193.5
2021-01-26,192.6999969482422,193.1999969482422,192.1000061035156,37741200,7261406649.645996,192.3999938964844
2021-01-27,193.3000030517578,193.6999969482422,192.3999938964844,16653100,3222374850.0,193.5
2021-01-28,189.5,192.0,189.1000061035156,21763400,4156809400.0,191.0
2021-01-29,191.6000061035156,192.0,187.5,31685100,5950461876.695251,187.8000030517578
2021-02-01,187.5,190.5,187.5,32623600,6195221440.881348,189.8999938964844
2021-02-02,191.0,192.1999969482422,190.3999938964844,37550300,7209657600.0,192.0
2021-02-03,193.3000030517578,194.8000030517578,193.1999969482422,57417200,11184870735.223389,194.8000030517578
2021-02-04,194.3999938964844,195.3000030517578,193.6999969482422,19662100,3816413730.007935,194.1000061035156
2021-02-05,195.8000030517578,196.8000030517578,195.1000061035156,22108300,4348702542.530823,196.6999969482422
2021-02-08,197.5,200.3000030517578,197.5,25280500,5058628204.299927,200.1000061035156
2021-02-09,200.6000061035156,200.8000030517578,199.3000030517578,56147000,11235015042.694092,200.1000061035156
2021-02-10,199.8999938964844,201.3000030517578,199.5,20570200,4132553054.449463,200.8999938964844
2021-02-12,201.8000030517578,201.8000030517578,200.3999938964844,25520900,5129700900.0,201.0
2021-02-15,202.6999969482422,203.6000061035156,202.0,23273100,4731421301.023865,203.3000030517578
2021-02-16,203.5,205.3999938964844,203.3000030517578,32074600,6552840877.883911,204.3000030517578
2021-02-17,204.1999969482422,204.6999969482422,203.1999969482422,20381700,4151752227.799988,203.6999969482422
2021-02-18,204.0,204.6000061035156,201.3999938964844,56442700,11390137032.24945,201.8000030517578
2021-02-19,200.1999969482422,201.3000030517578,199.8000030517578,20231800,4058499203.4851074,200.6000061035156
2021-02-22,202.5,203.1000061035156,201.3000030517578,13309800,2680593638.763428,201.3999938964844
2021-02-24,200.6999969482422,201.1999969482422,197.8000030517578,15786900,3125806200.0,198.0
2021-02-25,200.6999969482422,200.8999938964844,200.0,9751700,1956191079.519653,200.6000061035156
2021-02-26,197.6999969482422,197.6999969482422,193.0,24948200,4837455827.728272,193.8999938964844
2021-03-01,196.6999969482422,198.0,196.3999938964844,20383500,4033894525.588989,197.8999938964844
2021-03-02,199.3999938964844,199.3999938964844,195.8999938964844,46494700,9159455900.0,197.0
2021-03-03,197.8000030517578,198.3000030517578,196.6999969482422,50121500,9934081147.04132,198.1999969482422
2021-03-04,196.3999938964844,197.1000061035156,194.0,18306000,3584314855.8654785,195.8000030517578
2021-03-05,195.1999969482422,197.5,193.5,25097600,4956776000.0,197.5
2021-03-08,199.8000030517578,199.8999938964844,196.1999969482422,23038400,4538564800.0,197.0
2021-03-09,198.3999938964844,199.8000030517578,197.1000061035156,48375600,9655770055.26123,199.6000061035156
2021-03-10,199.8999938964844,200.1999969482422,199.0,9855100,1969049010.0753784,199.8000030517578
2021-03-11,199.8999938964844,200.6000061035156,199.3999938964844,7441600,1492040800.0,200.5
2021-03-12,200.8000030517578,202.8999938964844,199.8999938964844,9874900,2002629750.1358032,202.8000030517578
2021-03-15,203.8999938964844,204.8000030517578,203.3000030517578,14942200,3057174211.199951,204.6000061035156
2021-03-16,204.8000030517578,206.1000061035156,204.6000061035156,15242900,3136988866.517639,205.8000030517578
2021-03-17,205.3000030517578,206.5,205.1000061035156,36435700,7520328257.614136,206.3999938964844
2021-03-18,207.8000030517578,209.3999938964844,207.3000030517578,24125800,5042292200.0,209.0
2021-03-19,207.3000030517578,209.6000061035156,207.1999969482422,22160600,4642645700.0,209.5
2021-03-22,208.1000061035156,208.1999969482422,206.1000061035156,46970900,9737067713.343813,207.3000030517578
2021-03-23,208.1999969482422,208.5,205.1999969482422,41279000,8470450674.026489,205.1999969482422
2021-03-24,203.3000030517578,204.1000061035156,200.1999969482422,50625000,10170562191.00952,200.8999938964844
2021-03-25,201.8000030517578,204.1999969482422,201.8000030517578,30680100,6237264423.628235,203.3000030517578
2021-03-26,205.5,206.6999969482422,205.1999969482422,29149000,6022183577.911377,206.6000061035156
2021-03-29,208.8999938964844,209.0,205.3999938964844,30616400,6331471613.433838,206.8000030517578
2021-03-30,207.6999969482422,207.8999938964844,206.3000030517578,19445200,4030990019.342041,207.3000030517578
2021-03-31,206.1999969482422,207.3999938964844,205.0,20748300,4257551096.681213,205.1999969482422
2021-04-01,207.0,207.3000030517578,204.8999938964844,18842900,3866563022.4960327,205.1999969482422
2021-04-02,207.3999938964844,207.8000030517578,205.8999938964844,16950500,3507058346.5423584,206.8999938964844
2021-04-05,207.6999969482422,208.3999938964844,206.8999938964844,14018200,2912982002.7801514,207.8000030517578
2021-04-06,208.6000061035156,208.6000061035156,204.8000030517578,23404500,4797922500.0,205.0
2021-04-07,205.8000030517578,206.6999969482422,204.5,16953100,3495729168.2632446,206.1999969482422
2021-04-08,205.8999938964844,206.0,204.1000061035156,22823300,4676494030.697632,204.8999938964844
2021-04-09,205.8999938964844,207.6000061035156,205.3999938964844,18713500,3847495714.21814,205.6000061035156
2021-04-12,206.3999938964844,206.5,204.8999938964844,9806500,2011313209.854126,205.1000061035156
2021-04-13,205.3000030517578,206.8000030517578,205.3000030517578,9116600,1874373015.6433103,205.6000061035156
2021-04-14,205.1000061035156,205.1000061035156,204.1000061035156,24135600,4940557246.343994,204.6999969482422
2021-04-15,205.0,206.6000061035156,204.8999938964844,10430300,2145512678.1692505,205.6999969482422
2021-04-16,206.0,206.1000061035156,204.6999969482422,19019700,3914254318.043518,205.8000030517578
2021-04-19,205.6000061035156,206.3000030517578,204.8999938964844,23017800,4725554410.244751,205.3000030517578
2021-04-20,203.5,203.6000061035156,201.6000061035156,33344100,6732173586.483765,201.8999938964844
2021-04-21,198.8000030517578,199.3000030517578,197.1000061035156,53024200,10498791600.0,198.0
2021-04-22,200.6000061035156,201.8000030517578,199.8000030517578,18267600,3682748271.496582,201.6000061035156
2021-04-23,200.1999969482422,201.0,199.6000061035156,15325000,3075727453.2318115,200.6999969482422
2021-04-26,201.5,201.8000030517578,200.0,17165300,3453658307.6156616,201.1999969482422
2021-04-27,201.0,201.0,199.3999938964844,14812700,2959577505.204773,199.8000030517578
2021-04-28,199.3999938964844,200.8999938964844,199.1999969482422,18573800,3714760000.0,200.0
2021-04-30,200.3000030517578,200.8000030517578,198.8000030517578,42526700,8475571439.781189,199.3000030517578
2021-05-06,201.6999969482422,203.3999938964844,201.3999938964844,13633100,2759339356.790161,202.3999938964844
2021-05-07,202.5,203.3999938964844,201.8000030517578,16695000,3387415398.101806,202.8999938964844
2021-05-10,203.1000061035156,205.1999969482422,202.8999938964844,17517000,3589233193.084717,204.8999938964844
2021-05-11,203.3999938964844,203.8000030517578,199.5,36174400,7238497660.791016,200.1000061035156
2021-05-12,200.1000061035156,200.5,195.3999938964844,77424900,15244962337.435911,196.8999938964844
2021-05-13,195.3999938964844,196.3999938964844,193.6999969482422,43101900,8374699301.53656,194.3000030517578
2021-05-14,196.6999969482422,198.3000030517578,195.8999938964844,27649800,5469130524.380493,197.8000030517578
2021-05-17,199.1999969482422,199.3000030517578,196.1000061035156,22843300,4500130100.0,197.0
2021-05-18,198.0,200.6999969482422,198.0,20442900,4092668517.61322,200.1999969482422
2021-05-19,198.1000061035156,199.6999969482422,197.5,10304400,2050575600.0,199.0
2021-05-20,198.3000030517578,199.6000061035156,197.8000030517578,13236600,2632759659.210205,198.8999938964844
2021-05-21,199.3999938964844,200.5,199.1000061035156,10499800,2098909955.9143064,199.8999938964844
2021-05-24,199.8000030517578,201.6000061035156,199.8000030517578,6758000,1357682158.7524414,200.8999938964844
2021-05-25,201.6999969482422,201.6999969482422,200.8000030517578,6187700,1247440357.7667236,201.6000061035156
2021-05-26,200.6999969482422,202.1000061035156,200.3000030517578,23988800,4840939913.208008,201.8000030517578
2021-05-27,200.8999938964844,201.3999938964844,200.1000061035156,9900800,1985110400.0,200.5
2021-05-28,203.1999969482422,204.6999969482422,203.0,13229300,2702746030.37262,204.3000030517578
2021-05-31,203.8999938964844,204.1999969482422,201.5,14054900,2836278862.892151,201.8000030517578
2021-06-01,202.8999938964844,203.0,200.6999969482422,10685500,2159539615.219116,202.1000061035156
2021-06-02,202.6000061035156,204.3999938964844,201.1000061035156,27399300,5581237326.383972,203.6999969482422
2021-06-03,204.1999969482422,206.3999938964844,203.8999938964844,23592400,4843519791.998291,205.3000030517578
2021-06-04,205.1000061035156,205.6999969482422,204.1000061035156,9798200,2014509979.8034668,205.6000061035156
2021-06-07,206.6999969482422,206.8000030517578,205.1999969482422,7020900,1443497082.8521729,205.6000061035156
2021-06-08,205.6999969482422,206.8000030517578,205.3999938964844,16592500,3419714351.272583,206.1000061035156
2021-06-09,206.0,206.1999969482422,205.1999969482422,7069900,1450743458.4243774,205.1999969482422
2021-06-10,205.0,206.0,204.3000030517578,6653800,1367355900.0,205.5
2021-06-11,205.5,205.6000061035156,203.8999938964844,12310700,2526155602.430725,205.1999969482422
2021-06-14,206.5,206.8000030517578,205.1000061035156,5736100,1179342195.010376,205.6000061035156
2021-06-15,206.0,207.6000061035156,205.8999938964844,27085200,5620179000.0,207.5
2021-06-16,206.8999938964844,208.1999969482422,206.8999938964844,7848100,1628480750.0,207.5
2021-06-17,207.1000061035156,207.3999938964844,205.6000061035156,10950100,2259005663.417053,206.3000030517578
2021-06-18,206.3000030517578,206.3000030517578,204.1000061035156,8742700,1784385123.361206,204.1000061035156
2021-06-21,200.3999938964844,200.8000030517578,198.3000030517578,43940200,8766069900.0,199.5
2021-06-22,204.1999969482422,205.8000030517578,203.5,27963700,5749336890.67688,205.6000061035156
2021-06-23,205.3999938964844,206.1000061035156,204.6000061035156,14885200,3048489005.4260254,204.8000030517578
2021-06-24,204.3000030517578,204.8000030517578,203.6000061035156,14676400,2995453329.5776367,204.1000061035156
2021-06-25,206.1000061035156,206.5,205.1999969482422,8486600,1746542305.899048,205.8000030517578
2021-06-28,206.6999969482422,206.8999938964844,205.8999938964844,8049400,1658981389.129639,206.1000061035156
2021-06-29,205.1999969482422,205.3000030517578,204.0,22202200,4547010627.755737,204.8000030517578
2021-06-30,205.6999969482422,206.1000061035156,204.0,21693600,4425494400.0,204.0
2021-07-01,204.6999969482422,204.8000030517578,203.1999969482422,16469900,3356565670.262146,203.8000030517578
2021-07-02,204.1999969482422,205.8999938964844,204.1000061035156,9672900,1989715500.480652,205.6999969482422
2021-07-05,204.8000030517578,205.1999969482422,204.1999969482422,14777600,3029408000.0,205.0
2021-07-06,205.5,206.1000061035156,204.8000030517578,43039000,8848818662.689209,205.6000061035156
2021-07-07,203.5,204.3999938964844,202.6000061035156,30203100,6155391872.172546,203.8000030517578
2021-07-08,199.6999969482422,200.1000061035156,198.1999969482422,16521400,3274541429.5806885,198.1999969482422
2021-07-09,195.5,198.3999938964844,194.3000030517578,84285800,16713874397.219849,198.3000030517578
2021-07-12,201.5,202.0,200.5,24074000,4853318546.936035,201.6000061035156
2021-07-13,202.5,203.6000061035156,202.5,29341600,5953410460.913086,202.8999938964844
2021-07-14,201.6999969482422,203.3000030517578,201.5,15957300,3229757422.60437,202.3999938964844
2021-07-15,202.1999969482422,202.1999969482422,199.8000030517578,10293100,2060678588.587952,200.1999969482422
2021-07-16,199.0,200.6000061035156,198.6000061035156,9388000,1873844857.2998047,199.6000061035156
2021-07-19,197.3000030517578,197.8999938964844,196.0,19618500,3858958890.12909,196.6999969482422
2021-07-20,194.5,195.8999938964844,194.3000030517578,27511800,5364801000.0,195.0
2021-07-21,197.5,198.6999969482422,196.0,17462700,3433166926.5838623,196.6000061035156
2021-07-26,200.1000061035156,200.3999938964844,198.1999969482422,26216500,5209218469.993591,198.6999969482422
2021-07-27,199.8000030517578,200.3000030517578,199.3000030517578,13118200,2621016400.0335693,199.8000030517578
2021-07-28,198.3999938964844,199.3999938964844,197.3000030517578,15308900,3031162200.0,198.0
2021-07-29,198.8999938964844,199.3000030517578,198.1000061035156,16414200,3259860220.184326,198.6000061035156
2021-07-30,198.0,198.5,196.0,23001600,4512913849.804688,196.1999969482422
2021-08-02,198.1000061035156,200.3000030517578,197.8999938964844,14085900,2819997137.0132446,200.1999969482422
2021-08-03,198.8999938964844,199.8000030517578,198.1999969482422,12001200,2391839196.624756,199.3000030517578
2021-08-04,199.1000061035156,199.3000030517578,198.0,11974200,2374483896.5423584,198.3000030517578
2021-08-05,197.8999938964844,199.0,197.8000030517578,13962900,2775824562.611389,198.8000030517578
2021-08-06,198.6999969482422,199.3999938964844,198.3999938964844,34810100,6934171813.768005,199.1999969482422
2021-08-10,199.6000061035156,201.3000030517578,199.1999969482422,12492400,2493483116.2475586,199.6000061035156
2021-08-11,201.1000061035156,201.8999938964844,200.8999938964844,11019000,2220328500.0,201.5
2021-08-12,202.3999938964844,203.3000030517578,201.3000030517578,13788400,2776983675.842285,201.3999938964844
2021-08-13,202.0,202.3000030517578,201.5,7315700,1475576667.6742554,201.6999969482422
2021-08-16,200.8999938964844,200.8999938964844,198.1000061035156,13373800,2658711480.8135986,198.8000030517578
2021-08-17,199.3000030517578,199.6999969482422,197.5,9164700,1810028250.0,197.5
2021-08-18,197.5,199.3000030517578,197.0,9304500,1846943250.0,198.5
2021-08-19,197.1000061035156,197.6000061035156,195.6000061035156,9698300,1899896910.8062744,195.8999938964844
2021-08-20,195.3999938964844,196.3999938964844,193.6000061035156,21776900,4222540777.084351,193.8999938964844
2021-08-23,196.0,197.8999938964844,195.8999938964844,12840200,2535939500.0,197.5
2021-08-24,198.6000061035156,199.8999938964844,198.5,11857600,2366777032.373047,199.6000061035156
2021-08-25,200.0,201.0,199.5,6205700,1239278271.0617063,199.6999969482422
2021-08-26,200.0,200.1999969482422,199.1000061035156,9232500,1841883750.0,199.5
2021-08-27,198.8000030517578,199.1999969482422,197.8999938964844,8045000,1600150450.8972168,198.8999938964844
2021-08-30,200.6000061035156,201.3000030517578,199.8000030517578,7973100,1604985054.3319702,201.3000030517578
2021-08-31,200.5,203.1999969482422,199.8999938964844,40971300,8292590869.93103,202.3999938964844
2021-09-01,202.8000030517578,204.6000061035156,202.8000030517578,17655500,3605253046.11969,204.1999969482422
2021-09-02,204.3000030517578,205.0,203.6000061035156,11320000,2312676034.5458984,204.3000030517578
2021-09-03,205.1999969482422,208.3000030517578,205.1999969482422,28257200,5880323492.468262,208.1000061035156
2021-09-06,210.5,210.8000030517578,209.8000030517578,31092900,6548164929.776001,210.6000061035156
2021-09-07,212.5,213.8000030517578,212.1000061035156,31295300,6656510214.494324,212.6999969482422
2021-09-08,212.6999969482422,214.6999969482422,212.3999938964844,18775700,4031142732.701111,214.6999969482422
2021-09-09,213.0,214.1999969482422,212.5,15528800,3306081425.2197266,212.8999938964844
2021-09-10,213.6000061035156,215.6999969482422,213.3999938964844,17531900,3781630776.496887,215.6999969482422
2021-09-13,215.1999969482422,216.3999938964844,214.5,22037300,4764464192.747498,216.1999969482422
2021-09-14,217.3999938964844,218.8000030517578,217.0,18038400,3939586449.902344,218.3999938964844
2021-09-15,216.8000030517578,217.1000061035156,215.5,12966300,2804610729.570008,216.3000030517578
2021-09-16,217.0,217.1999969482422,214.8000030517578,14576400,3144129435.5163574,215.6999969482422
2021-09-17,216.0,217.1000061035156,215.1999969482422,16779100,3630997137.588501,216.3999938964844
2021-09-21,212.3000030517578,214.1000061035156,211.1999969482422,19757800,4206435499.407959,212.8999938964844
2021-09-22,212.3999938964844,212.8000030517578,210.8000030517578,21300400,4496514570.007324,211.1000061035156
2021-09-24,215.5,216.0,214.3999938964844,32173100,6946172093.630981,215.8999938964844
2021-09-27,216.3999938964844,217.3999938964844,215.3000030517578,23330100,5029969702.39563,215.6000061035156
2021-09-28,215.0,215.1000061035156,212.8999938964844,28830300,6184099350.0,214.5
2021-09-29,211.8999938964844,212.1999969482422,210.1000061035156,33614300,7129593235.165405,212.1000061035156
2021-09-30,212.3000030517578,212.5,210.3999938964844,26369600,5577170400.0,211.5
2021-10-01,208.6999969482422,210.1000061035156,206.1000061035156,38793900,8007060723.220825,206.3999938964844
2021-10-04,208.8000030517578,208.8999938964844,204.5,18445300,3790509150.0,205.5
2021-10-05,202.6000061035156,203.6999969482422,200.5,39169600,7931844000.0,202.5
2021-10-06,204.3999938964844,205.8000030517578,200.5,35641500,7192454808.769226,201.8000030517578
2021-10-07,202.3999938964844,203.6999969482422,201.3999938964844,28540300,5750870450.0,201.5
2021-10-08,204.6000061035156,205.8000030517578,203.8999938964844,28525400,5822034314.105225,204.1000061035156
2021-10-11,203.8999938964844,207.8000030517578,203.6999969482422,13102100,2722616419.984436,207.8000030517578
2021-10-12,207.3999938964844,207.5,205.8000030517578,23401900,4820791400.0,206.0
2021-10-13,205.6000061035156,206.8000030517578,205.1000061035156,14175400,2907374626.5197754,205.1000061035156
2021-10-14,205.1999969482422,206.6000061035156,204.8999938964844,12421300,2566240655.8135986,206.6000061035156
2021-10-15,208.6999969482422,210.3999938964844,208.0,25618800,5387633718.182373,210.3000030517578
2021-10-18,210.8000030517578,210.8999938964844,209.3000030517578,23889600,5019205105.810547,210.1000061035156
2021-10-19,210.5,211.1000061035156,209.8000030517578,10987700,2314009687.0635986,210.6000061035156
2021-10-20,212.1000061035156,212.3000030517578,210.6999969482422,8403100,1772213738.711548,210.8999938964844
2021-10-21,210.1000061035156,210.6000061035156,207.8999938964844,24843400,5164942708.36792,207.8999938964844
2021-10-22,207.1000061035156,209.3000030517578,206.6999969482422,17200300,3581102407.50885,208.1999969482422
2021-10-25,206.6000061035156,208.3999938964844,206.6000061035156,9657200,2004834778.942871,207.6000061035156
2021-10-26,209.6000061035156,210.5,208.8000030517578,20404000,4280759262.2680655,209.8000030517578
2021-10-27,209.6999969482422,210.1999969482422,208.3999938964844,10931100,2287879263.35907,209.3000030517578
2021-10-28,207.8999938964844,208.6999969482422,206.5,12458500,2590122073.9593506,207.8999938964844
2021-10-29,208.0,208.5,205.8000030517578,29791500,6202590209.083557,208.1999969482422
2021-11-01,211.6999969482422,212.6000061035156,210.8999938964844,23516800,4999671823.535156,212.6000061035156
2021-11-02,212.0,212.3999938964844,210.8000030517578,13756100,2906663971.9802856,211.3000030517578
2021-11-04,213.1999969482422,213.8999938964844,212.5,12994900,2775710719.314575,213.6000061035156
2021-11-05,213.5,213.6000061035156,211.3000030517578,24788000,5257534951.293945,212.1000061035156
2021-11-08,213.1999969482422,213.1999969482422,211.5,10825600,2293944573.925781,211.8999938964844
2021-11-09,212.5,213.3000030517578,209.8999938964844,19347700,4066886480.9555054,210.1999969482422
2021-11-10,209.8999938964844,210.3999938964844,208.6999969482422,15905100,3319394321.461487,208.6999969482422
2021-11-11,208.5,210.1999969482422,208.3999938964844,14390300,3014767850.0,209.5
2021-11-12,210.5,212.8000030517578,210.5,19455400,4132326841.253662,212.3999938964844
2021-11-15,213.8000030517578,214.1999969482422,212.6999969482422,16757000,3570916802.276612,213.1000061035156
2021-11-16,213.3000030517578,214.6999969482422,212.8000030517578,16527000,3526861699.1271973,213.3999938964844
2021-11-17,213.8999938964844,213.8999938964844,211.8999938964844,14939300,3167131600.0,212.0
2021-11-18,211.3999938964844,212.8000030517578,210.5,17122000,3621303000.0,211.5
2021-11-19,211.6999969482422,212.8999938964844,211.5,14583500,3100452189.01062,212.6000061035156
2021-11-22,211.6000061035156,212.6999969482422,211.0,21124700,4491111348.934937,212.6000061035156
2021-11-24,212.1000061035156,213.0,209.6000061035156,25973900,5449324299.266052,209.8000030517578
2021-11-25,210.6999969482422,211.3999938964844,210.5,8357500,1760925224.494934,210.6999969482422
2021-11-26,209.8000030517578,209.8000030517578,205.5,46593400,9626196724.383545,206.6000061035156
2021-11-29,202.6999969482422,205.9499969482422,202.4499969482422,45361600,9201600836.865234,202.8500061035156
2021-11-30,205.1000061035156,205.8000030517578,200.1999969482422,61926100,12434761068.98346,200.8000030517578
2021-12-01,200.3500061035156,202.3999938964844,199.0,37959800,7641307855.844116,201.3000030517578
2021-12-02,200.1499938964844,201.6999969482422,199.75,32150700,6439785308.11615,200.3000030517578
2021-12-03,200.9499969482422,203.6999969482422,200.3500061035156,24108200,4910840266.427612,203.6999969482422
2021-12-06,203.6999969482422,204.1000061035156,201.8500061035156,14274800,2890647000.0,202.5
2021-12-07,204.0500030517578,207.5500030517578,203.0,13199000,2734172769.4396973,207.1499938964844
2021-12-08,209.0,209.1499938964844,207.5,21974300,4578345539.120483,208.3500061035156
2021-12-09,207.9499969482422,208.6499938964844,206.9499969482422,15121300,3129352988.8534546,206.9499969482422
2021-12-10,206.6499938964844,207.4499969482422,205.1000061035156,12841700,2637043173.3795166,205.3500061035156
2021-12-13,207.1000061035156,207.3999938964844,205.6000061035156,14996800,3084091828.466797,205.6499938964844
2021-12-14,205.3500061035156,206.5,204.4499969482422,17210800,3531656107.476806,205.1999969482422
2021-12-15,205.0,206.8999938964844,205.0,12532800,2583636643.5058594,206.1499938964844
2021-12-16,209.1000061035156,209.6499938964844,207.9499969482422,23637700,4949734235.726929,209.3999938964844
2021-12-17,208.3000030517578,209.0,205.9499969482422,18853300,3892263727.4642944,206.4499969482422
2021-12-20,204.3999938964844,205.0500030517578,201.8500061035156,20520800,4143149394.7509766,201.8999938964844
2021-12-21,204.5,205.75,203.6000061035156,21499300,4409506561.221313,205.1000061035156
2021-12-22,205.3000030517578,206.0,204.5,19566500,4009175730.5755615,204.8999938964844
2021-12-23,205.9499969482422,206.9499969482422,205.75,8207700,1697762795.0958252,206.8500061035156
2021-12-24,207.5,207.6999969482422,206.3999938964844,8703300,1798972083.4396362,206.6999969482422
2021-12-27,206.5500030517578,206.75,205.4499969482422,8368800,1721043668.9208984,205.6499938964844
2021-12-28,207.75,208.6000061035156,207.0,19923000,4151953078.399658,208.3999938964844
2021-12-29,208.4499969482422,209.1999969482422,207.3500061035156,9441700,1965761911.1862185,208.1999969482422
2021-12-30,207.4499969482422,208.3999938964844,206.1499938964844,12685900,2630421442.428589,207.3500061035156
2022-01-04,210.0500030517578,212.1999969482422,208.75,30750100,6525171126.158142,212.1999969482422
2022-01-05,212.3500061035156,212.6999969482422,211.75,16960000,3604000000.0,212.5
2022-01-06,210.75,211.5,207.8999938964844,25917300,5395981780.906677,208.1999969482422
2022-01-07,208.8999938964844,210.0,206.3000030517578,16730500,3476597951.057434,207.8000030517578
2022-01-11,207.6000061035156,207.6999969482422,205.3500061035156,12249700,2538137802.6168823,207.1999969482422
2022-01-12,208.3999938964844,210.5,208.3500061035156,10321900,2170179475.0,210.25
2022-01-13,209.6499938964844,209.8999938964844,208.6499938964844,11534800,2408466275.201416,208.8000030517578
2022-01-14,206.0500030517578,206.6499938964844,204.3500061035156,21411400,4411819035.342407,206.0500030517578
2022-01-17,206.8500061035156,208.3500061035156,206.5500030517578,11848000,2451943563.8427734,206.9499969482422
2022-01-18,207.6999969482422,208.6999969482422,205.1000061035156,23362800,4815073222.595215,206.1000061035156
2022-01-19,202.6000061035156,203.6999969482422,199.1999969482422,45756800,9151360000.0,200.0
2022-01-20,199.6499938964844,202.6499938964844,198.6999969482422,33224000,6707925397.216797,201.8999938964844
2022-01-21,199.1999969482422,201.1499938964844,197.8500061035156,19115300,3832617650.0,200.5
2022-01-24,198.8000030517578,201.3000030517578,198.1999969482422,32767300,6579673939.997864,200.8000030517578
2022-01-25,199.9499969482422,199.9499969482422,195.8999938964844,35015400,6910289403.717041,197.3500061035156
2022-01-26,197.75,198.5,196.3000030517578,31210700,6142265855.247498,196.8000030517578
2022-01-27,197.8500061035156,198.4499969482422,191.1000061035156,44501000,8530841564.193726,191.6999969482422
2022-01-28,194.3500061035156,195.8000030517578,193.0,38776000,7584585836.669922,195.6000061035156
2022-01-31,194.6499938964844,198.0500030517578,193.8000030517578,23289800,4596242172.149658,197.3500061035156
2022-02-01,199.1000061035156,200.0500030517578,197.0500030517578,13296200,2627329201.1535645,197.6000061035156
2022-02-02,199.0500030517578,201.8000030517578,199.0,24463400,4929375100.0,201.5
2022-02-03,199.6999969482422,200.8999938964844,199.5500030517578,8963900,1792780000.0,200.0
2022-02-04,199.5,201.3500061035156,198.5,20860900,4197213016.3375854,201.1999969482422
2022-02-07,200.3999938964844,200.8000030517578,199.0,7857600,1576627392.0410156,200.6499938964844
2022-02-08,201.1000061035156,202.3999938964844,201.1000061035156,10565400,2131569450.0,201.75
2022-02-09,202.8000030517578,203.9499969482422,202.1499938964844,13982700,2843382130.343628,203.3500061035156
2022-02-10,205.1000061035156,205.25,203.1499938964844,23576600,4821414700.0,204.5
2022-02-14,200.6000061035156,201.5500030517578,199.3500061035156,19182900,3857681307.08313,201.1000061035156
2022-02-15,201.1000061035156,201.3999938964844,198.4499969482422,23832400,4749797392.730713,199.3000030517578
2022-02-16,202.75,203.1000061035156,201.9499969482422,13032400,2641667440.2282715,202.6999969482422
2022-02-17,202.3500061035156,202.6499938964844,199.9499969482422,17564800,3530524800.0,201.0
2022-02-18,198.8500061035156,201.1000061035156,198.4499969482422,17918000,3589871409.362793,200.3500061035156
2022-02-21,197.3500061035156,199.4499969482422,196.6499938964844,14286400,2843707963.598633,199.0500030517578
2022-02-22,195.8999938964844,197.0500030517578,194.6999969482422,18841600,3696721862.5,196.1999969482422
2022-02-24,194.6999969482422,195.75,192.0,25139100,4863158818.281555,193.4499969482422
2022-02-25,194.6999969482422,195.75,193.8999938964844,19968600,3907854959.060669,195.6999969482422
2022-02-28,195.6999969482422,196.9499969482422,194.6499938964844,21214100,4172813405.2597046,196.6999969482422
2022-03-01,198.8000030517578,199.25,197.5500030517578,20229300,4000344075.0,197.75
2022-03-02,194.75,195.3000030517578,193.5,22407400,4343674626.763916,193.8500061035156
2022-03-03,196.0,196.8500061035156,195.5,11044000,2162967467.4072266,195.8500061035156
2022-03-04,195.1000061035156,195.1999969482422,191.1999969482422,26827800,5152279071.871948,192.0500030517578
2022-03-07,188.6499938964844,188.8500061035156,185.6499938964844,38717700,7236337893.685913,186.8999938964844
2022-03-08,184.5,186.6999969482422,183.0,33357400,6121082900.0,183.5
2022-03-09,183.6999969482422,185.8500061035156,182.8000030517578,30741900,5631915986.183167,183.1999969482422
2022-03-10,188.8000030517578,190.8500061035156,188.1999969482422,28548500,5437061737.876892,190.4499969482422
2022-03-11,188.5,188.8500061035156,186.3000030517578,21604300,4058367886.862183,187.8500061035156
2022-03-14,188.6999969482422,190.4499969482422,188.6499938964844,20082300,3789529948.713684,188.6999969482422
2022-03-15,188.5500030517578,191.3000030517578,188.5500030517578,24837100,4732709480.796814,190.5500030517578
2022-03-16,192.4499969482422,193.6999969482422,191.9499969482422,32348200,6244820108.718872,193.0500030517578
2022-03-17,197.6999969482422,198.3500061035156,196.0500030517578,14823200,2936476010.473633,198.1000061035156
2022-03-18,197.6999969482422,199.1999969482422,197.6999969482422,25203000,5014136773.086548,198.9499969482422
2022-03-22,201.0,201.9499969482422,200.5500030517578,19689500,3960542804.824829,201.1499938964844
2022-03-23,203.9499969482422,206.4499969482422,203.8000030517578,18190000,3746230444.488525,205.9499969482422
2022-03-24,203.75,206.6000061035156,203.3500061035156,20182000,4169601323.181152,206.6000061035156
2022-03-25,207.75,207.8999938964844,205.4499969482422,16763400,3461642100.0,206.5
2022-03-28,206.3999938964844,206.5500030517578,204.3500061035156,12196200,2506319100.0,205.5
2022-03-29,206.8000030517578,207.3500061035156,206.0500030517578,27558900,5714338083.206177,207.3500061035156
2022-03-30,208.8999938964844,209.0,205.5,29012400,6014270608.538818,207.3000030517578
2022-03-31,207.5,207.5500030517578,204.8999938964844,22385000,4586686363.372803,204.8999938964844
2022-04-01,203.6000061035156,205.3000030517578,202.3000030517578,34119000,6985865250.0,204.75
2022-04-04,204.8000030517578,205.8500061035156,204.6000061035156,15235700,3136268937.991333,205.8500061035156
2022-04-05,207.6000061035156,207.6000061035156,204.6499938964844,10787100,2215670274.1607666,205.3999938964844
2022-04-06,203.5500030517578,203.9499969482422,202.0500030517578,13105600,2651918239.9902344,202.3500061035156
2022-04-07,199.8500061035156,199.9499969482422,198.1999969482422,25006500,4982545125.0,199.25
2022-04-08,200.6000061035156,201.0,198.3999938964844,10260600,2048015822.6257324,199.6000061035156
2022-04-11,199.3500061035156,199.8999938964844,198.1999969482422,10953600,2179766400.0,199.0
2022-04-12,197.6499938964844,198.4499969482422,196.0500030517578,9345800,1834113250.0,196.25
2022-04-13,196.8000030517578,199.3500061035156,196.75,13047200,2596392800.0,199.0
2022-04-14,199.3999938964844,201.1000061035156,199.1999969482422,7600200,1528400266.3879397,201.1000061035156
2022-04-15,199.1000061035156,200.4499969482422,198.25,17016800,3399105800.0,199.75
2022-04-18,198.1000061035156,198.6499938964844,196.1999969482422,8255600,1633370510.3881836,197.8500061035156
2022-04-19,199.6499938964844,200.0,198.3500061035156,8996400,1797030900.0,199.75
2022-04-20,201.6000061035156,203.0,200.75,13789400,2783390474.1638184,201.8500061035156
2022-04-21,201.6499938964844,203.3000030517578,201.6499938964844,16502000,3349906000.0,203.0
2022-04-22,200.75,201.1999969482422,199.3999938964844,12409400,2489946034.259033,200.6499938964844
2022-04-25,197.0500030517578,198.4499969482422,196.6999969482422,26638300,5263728242.58728,197.6000061035156
2022-04-26,198.4499969482422,198.6999969482422,197.25,20083600,3979565217.4194336,198.1499938964844
2022-04-27,194.8000030517578,196.1999969482422,194.1999969482422,20308200,3984468778.024292,196.1999969482422
2022-04-28,196.1999969482422,200.3999938964844,196.1000061035156,24545600,4909120000.0,200.0
2022-05-02,200.0500030517578,201.5500030517578,198.8500061035156,20175100,4030985041.569519,199.8000030517578
2022-05-06,200.1000061035156,202.3500061035156,199.0500030517578,20664800,4169123400.0,201.75
2022-05-09,200.0,200.5,197.8000030517578,29125100,5760944868.882751,197.8000030517578
2022-05-10,195.8999938964844,196.8000030517578,193.9499969482422,34853500,6845227187.271118,196.3999938964844
2022-05-11,195.3500061035156,196.1000061035156,194.3999938964844,36879700,7193385597.547913,195.0500030517578
2022-05-12,193.25,194.8500061035156,192.5500030517578,35695900,6889308700.0,193.0
2022-05-13,194.1000061035156,197.1000061035156,193.75,17041500,3352915125.0,196.75
2022-05-16,199.0500030517578,199.0500030517578,195.9499969482422,16135700,3173892140.7577515,196.6999969482422
2022-05-17,196.6000061035156,197.3999938964844,196.1000061035156,10965300,2159615801.53656,196.9499969482422
2022-05-18,198.0500030517578,199.3999938964844,197.5,14684200,2920687290.374756,198.8999938964844
2022-05-19,194.1000061035156,196.5,193.9499969482422,40407100,7929893375.0,196.25
2022-05-20,196.3999938964844,198.1499938964844,196.1499938964844,13490500,2670444433.830261,197.9499969482422
2022-05-23,199.6499938964844,200.1499938964844,198.9499969482422,31196400,6236160169.592285,199.8999938964844
2022-05-24,199.9499969482422,200.1000061035156,198.1499938964844,23253500,4610006375.0,198.25
2022-05-25,197.8999938964844,198.6999969482422,196.8500061035156,9592300,1897836613.546753,197.8500061035156
2022-05-26,198.1000061035156,199.6000061035156,197.8999938964844,13799200,2732241600.0,198.0
2022-05-27,200.4499969482422,200.5,198.6499938964844,10518800,2093767172.10083,199.0500030517578
2022-05-30,201.1000061035156,203.1499938964844,200.4499969482422,12964700,2626000024.5651245,202.5500030517578
2022-05-31,202.1000061035156,203.1000061035156,201.3500061035156,22011400,4435297100.0,201.5
2022-06-01,202.0,204.5500030517578,202.0,15528100,3174719997.6119995,204.4499969482422
2022-06-02,203.5500030517578,203.8000030517578,202.1999969482422,6498500,1320170235.3363037,203.1499938964844
2022-06-03,204.6999969482422,204.8000030517578,202.9499969482422,15531900,3166177909.7991943,203.8500061035156
2022-06-06,202.1999969482422,204.6499938964844,202.1000061035156,9442300,1930006062.3687744,204.3999938964844
2022-06-07,205.1999969482422,206.3000030517578,204.8999938964844,11267600,2310984828.7719727,205.1000061035156
2022-06-08,206.3500061035156,207.6499938964844,206.1999969482422,29253300,6074447566.452026,207.6499938964844
2022-06-09,207.1000061035156,208.6000061035156,206.9499969482422,14201800,2946873500.0,207.5
2022-06-10,205.75,206.1499938964844,204.5500030517578,18446600,3776018963.705444,204.6999969482422
2022-06-13,200.6499938964844,201.3999938964844,199.8999938964844,33506000,6712927304.504395,200.3500061035156
2022-06-14,197.1499938964844,198.25,196.6499938964844,28555800,5652620522.854614,197.9499969482422
2022-06-15,197.5500030517578,197.8999938964844,195.3999938964844,27930900,5457697689.523315,195.3999938964844
2022-06-16,198.3500061035156,199.6999969482422,196.6999969482422,24793000,4880502201.324463,196.8500061035156
2022-06-17,191.6000061035156,194.3999938964844,191.3000030517578,50078200,9685123574.346924,193.3999938964844
2022-06-20,194.5500030517578,194.75,190.6499938964844,26233600,5034227679.8828125,191.8999938964844
2022-06-21,194.1000061035156,196.5,193.3500061035156,16503600,3228104260.7299805,195.6000061035156
2022-06-22,197.3000030517578,197.3500061035156,195.25,21649700,4227103925.0,195.25
2022-06-23,195.0500030517578,197.0500030517578,194.6999969482422,17427000,3402621750.0,195.25
2022-06-24,195.25,196.8500061035156,194.75,15513600,3053076527.34375,196.8000030517578
2022-06-27,198.8000030517578,199.25,197.8999938964844,15240700,3035185311.9781494,199.1499938964844
2022-06-28,198.75,200.9499969482422,198.75,23253400,4672770659.036255,200.9499969482422
2022-06-29,199.8999938964844,200.3999938964844,199.3000030517578,15266100,3046350301.58844,199.5500030517578
2022-06-30,199.3000030517578,199.6000061035156,197.1499938964844,41516100,8197353818.302917,197.4499969482422
2022-07-01,197.6000061035156,198.6999969482422,193.8500061035156,36977500,7197670149.307251,194.6499938964844
2022-07-04,196.5,197.5,195.8999938964844,23131800,4566217178.814697,197.3999938964844
2022-07-05,198.6999969482422,199.1499938964844,197.6000061035156,20482300,4062664330.014038,198.3500061035156
2022-07-06,196.6000061035156,197.1999969482422,195.25,40542000,7944204776.275635,195.9499969482422
2022-07-07,192.8000030517578,194.25,191.3000030517578,19691800,3820209200.0,194.0
2022-07-08,194.4499969482422,196.75,194.1000061035156,56704400,11037511113.903809,194.6499938964844
2022-07-11,197.4499969482422,198.5,196.3000030517578,31536500,6230035671.24176,197.5500030517578
2022-07-12,196.3500061035156,196.6499938964844,193.6999969482422,19174700,3723726681.48346,194.1999969482422
2022-07-13,194.5,195.25,194.3000030517578,8317000,1620983249.2370603,194.8999938964844
2022-07-14,193.8500061035156,195.5500030517578,193.3500061035156,11343600,2212569214.61792,195.0500030517578
2022-07-15,195.75,196.1499938964844,193.6999969482422,22512100,4388733826.298523,194.9499969482422
2022-07-19,196.3999938964844,196.6499938964844,194.9499969482422,10845000,2127788966.9036863,196.1999969482422
2022-07-20,199.1000061035156,200.6000061035156,198.6999969482422,32019300,6419869650.0,200.5
2022-07-21,199.75,201.1499938964844,199.5500030517578,16600600,3335890519.3389893,200.9499969482422
2022-07-22,200.8999938964844,202.0,200.3500061035156,25583400,5156334348.074341,201.5500030517578
2022-07-25,200.25,201.5,200.0,9438300,1888603887.6068115,200.1000061035156
2022-07-26,200.3999938964844,200.6999969482422,199.8999938964844,10719900,2145587919.5709229,200.1499938964844
2022-07-27,199.8000030517578,201.0,199.4499969482422,13952300,2797436150.0,200.5
2022-07-28,201.6999969482422,201.8500061035156,199.8999938964844,15602000,3131321352.3864746,200.6999969482422
2022-07-29,201.3000030517578,201.3500061035156,199.3999938964844,18121100,3621501945.602417,199.8500061035156
2022-08-01,200.1000061035156,202.0500030517578,199.6499938964844,16454800,3322224019.567871,201.8999938964844
2022-08-02,200.75,200.8999938964844,198.1999969482422,47247500,9388078105.812073,198.6999969482422
2022-08-03,199.0500030517578,199.4499969482422,198.3999938964844,13891400,2762304974.786377,198.8500061035156
2022-08-04,199.8000030517578,199.8999938964844,198.8000030517578,9576500,1905244645.7748413,198.9499969482422
2022-08-05,198.5500030517578,200.8500061035156,198.5500030517578,16646300,3342577090.800476,200.8000030517578
2022-08-08,200.1499938964844,201.25,200.0,15835000,3183626798.324585,201.0500030517578
2022-08-09,201.1000061035156,201.3500061035156,199.6000061035156,18269500,3650246155.75409,199.8000030517578
2022-08-10,199.6999969482422,199.6999969482422,198.3999938964844,11016200,2194427006.3812256,199.1999969482422
2022-08-12,202.3000030517578,204.8000030517578,202.0500030517578,24516300,4989067050.0,203.5
2022-08-15,203.75,204.6999969482422,203.75,21966500,4496542482.963562,204.6999969482422
2022-08-16,204.5500030517578,204.5500030517578,203.75,14488300,2959235275.0,204.25
2022-08-17,205.1999969482422,206.8500061035156,205.1000061035156,30253900,6254993825.0,206.75
2022-08-18,205.3000030517578,205.5500030517578,204.6000061035156,13210400,2710774039.6850586,205.1999969482422
2022-08-19,206.1999969482422,206.5,205.1499938964844,24672000,5071329675.292969,205.5500030517578
2022-08-22,203.75,205.5500030517578,203.5,10693500,2195910290.2679443,205.3500061035156
2022-08-23,203.9499969482422,204.1000061035156,202.8500061035156,14840600,3014867799.420166,203.1499938964844
2022-08-24,203.1499938964844,203.75,202.4499969482422,22972400,4657654100.0,202.75
2022-08-25,203.1999969482422,204.1999969482422,202.8999938964844,11304800,2302222451.0009766,203.6499938964844
2022-08-26,204.5,205.1000061035156,204.0,9997100,2040408171.017456,204.1000061035156
2022-08-29,199.8500061035156,200.8000030517578,199.4499969482422,26759900,5361346128.329468,200.3500061035156
2022-08-30,201.6999969482422,203.1499938964844,201.5500030517578,12291200,2496342795.0195312,203.1000061035156
2022-08-31,201.1000061035156,204.3999938964844,201.0,18403700,3761716167.6727295,204.3999938964844
2022-09-01,200.5,201.1999969482422,199.5500030517578,29414500,5872604745.46814,199.6499938964844
2022-09-02,199.9499969482422,200.1000061035156,198.0500030517578,27128000,5402541034.423828,199.1499938964844
2022-09-05,198.5500030517578,199.25,198.1000061035156,12770200,2538715798.9715576,198.8000030517578
2022-09-06,199.0,200.0,198.1499938964844,11321300,2250674474.5498657,198.8000030517578
2022-09-07,198.0,198.1999969482422,196.6000061035156,26315100,5203811025.0,197.75
2022-09-08,199.3999938964844,201.9499969482422,199.3999938964844,30401600,6139603027.22168,201.9499969482422
2022-09-09,202.3000030517578,203.1999969482422,201.8999938964844,15671400,3179726964.349365,202.8999938964844
2022-09-12,204.25,204.8000030517578,203.5500030517578,9645500,1969611070.56427,204.1999969482422
2022-09-13,204.3000030517578,204.9499969482422,203.8999938964844,10859000,2223380250.0,204.75
2022-09-14,200.5,201.75,199.8500061035156,26351000,5291280880.41687,200.8000030517578
2022-09-15,201.0500030517578,201.5,200.6999969482422,18782100,3774262937.68158,200.9499969482422
2022-09-16,199.8500061035156,200.5,199.4499969482422,13437900,2685564397.0184326,199.8500061035156
2022-09-20,201.25,202.0,200.5500030517578,29259300,5878193191.415405,200.8999938964844
2022-09-21,199.3999938964844,199.6000061035156,198.1999969482422,15969100,3167471082.4676514,198.3500061035156
2022-09-22,196.4499969482422,197.9499969482422,196.3000030517578,10534000,2082045035.7055664,197.6499938964844
2022-09-26,194.9499969482422,194.9499969482422,192.1499938964844,52852200,10176691271.292114,192.5500030517578
2022-09-27,193.0500030517578,194.25,192.8500061035156,28197100,5444860182.10144,193.1000061035156
2022-09-28,192.1000061035156,192.5500030517578,189.3999938964844,35711900,6828115171.01593,191.1999969482422
2022-09-29,193.8999938964844,195.25,193.3000030517578,33993400,6632112547.479248,195.1000061035156
2022-09-30,193.6000061035156,193.8999938964844,190.8000030517578,38227400,7307167276.678467,191.1499938964844
2022-10-03,190.5500030517578,192.6999969482422,189.1999969482422,19492500,3753280934.486389,192.5500030517578
2022-10-04,196.0,198.8000030517578,195.75,24593000,4886629024.94812,198.6999969482422
2022-10-05,200.3999938964844,200.6499938964844,199.0500030517578,28665800,5715960345.037842,199.3999938964844
2022-10-06,199.5,201.1999969482422,199.5,19053800,3814570701.852417,200.1999969482422
2022-10-07,197.5,199.4499969482422,197.3500061035156,8743700,1739121876.6326904,198.8999938964844
2022-10-11,196.4499969482422,196.8000030517578,194.5500030517578,21300600,4155747190.008545,195.1000061035156
2022-10-12,194.5,195.6000061035156,194.3999938964844,22749400,4431583189.425659,194.8000030517578
2022-10-13,194.6000061035156,194.6000061035156,193.3000030517578,17624900,3408655552.4261475,193.3999938964844
2022-10-14,196.5,198.6499938964844,196.1000061035156,19640900,3883005870.06073,197.6999969482422
2022-10-17,195.8999938964844,196.3999938964844,195.3500061035156,12423200,2434326002.0874023,195.9499969482422
2022-10-18,198.3000030517578,198.75,196.8000030517578,27183800,5385110945.916748,198.1000061035156
2022-10-19,198.1000061035156,199.1499938964844,198.0500030517578,12168900,2416743614.273072,198.6000061035156
2022-10-20,196.8500061035156,197.8999938964844,196.6000061035156,10515100,2078835237.9104612,197.6999969482422
2022-10-21,197.1000061035156,197.3000030517578,196.1499938964844,8348500,1638393125.0,196.25
2022-10-24,198.0,198.5,196.6000061035156,9743800,1917579869.7357175,196.8000030517578
2022-10-25,198.1499938964844,199.3999938964844,197.75,9070600,1802328192.3187256,198.6999969482422
2022-10-26,199.75,200.6999969482422,199.75,10134700,2024406325.0,199.75
2022-10-27,199.6499938964844,199.6999969482422,198.4499969482422,8463800,1681333818.3410645,198.6499938964844
2022-10-28,196.8000030517578,198.8000030517578,196.8000030517578,13461100,2660586332.839966,197.6499938964844
2022-10-31,200.1000061035156,200.8999938964844,199.6999969482422,24609200,4939066364.898682,200.6999969482422
2022-11-01,201.4499969482422,202.0,201.0500030517578,23995400,4847070800.0,202.0
2022-11-02,201.75,202.6499938964844,201.6999969482422,10890000,2199780000.0,202.0
2022-11-04,200.4499969482422,200.75,198.75,25435200,5071778724.755859,199.3999938964844
2022-11-07,200.8999938964844,202.0500030517578,200.75,11199400,2254999258.355713,201.3500061035156
2022-11-08,202.8000030517578,204.4499969482422,202.6999969482422,10678500,2179481915.176392,204.1000061035156
2022-11-09,204.25,204.25,202.8000030517578,6964100,1414408752.5054932,203.1000061035156
2022-11-10,201.3999938964844,202.1499938964844,201.1000061035156,11793000,2381596314.01062,201.9499969482422
2022-11-11,206.6499938964844,206.6499938964844,205.25,20284200,4181587706.195069,206.1499938964844
2022-11-14,205.5500030517578,205.6499938964844,204.0,15499400,3174277167.300415,204.8000030517578
2022-11-15,204.0,205.0500030517578,203.6999969482422,16525300,3382728859.5687866,204.6999969482422
2022-11-16,204.8000030517578,205.1000061035156,203.1499938964844,21682300,4442703137.661743,204.8999938964844
2022-11-17,204.6000061035156,205.8000030517578,204.6000061035156,15917400,3267046350.0,205.25
2022-11-18,205.8000030517578,206.1499938964844,205.0,10731100,2200412087.7487183,205.0500030517578
2022-11-21,205.6999969482422,206.1000061035156,204.8999938964844,9631600,1980738481.213379,205.6499938964844
2022-11-22,206.6499938964844,208.3000030517578,206.6499938964844,14654300,3048094400.0,208.0
2022-11-24,210.1000061035156,210.9499969482422,210.1000061035156,16534400,3477184370.4589844,210.3000030517578
2022-11-25,210.6000061035156,210.6000061035156,209.8000030517578,11656300,2453068299.4277954,210.4499969482422
2022-11-28,210.1000061035156,210.4499969482422,208.1999969482422,7399200,1545692834.8388672,208.8999938964844
2022-11-29,208.0,208.1000061035156,206.8999938964844,9298400,1930812703.2470703,207.6499938964844
2022-11-30,206.6999969482422,207.1499938964844,205.9499969482422,18781100,3881114200.369263,206.6499938964844
2022-12-01,208.6000061035156,208.8000030517578,207.1499938964844,11723800,2428585098.4436035,207.1499938964844
2022-12-02,205.3500061035156,205.3500061035156,202.6499938964844,27847300,5666925550.0,203.5
2022-12-05,203.4499969482422,203.6499938964844,202.1999969482422,18194500,3691663938.949585,202.8999938964844
2022-12-06,202.1499938964844,203.5500030517578,202.1499938964844,9117900,1851389622.8256223,203.0500030517578
2022-12-07,202.0,203.6499938964844,201.9499969482422,10740100,2181851249.447632,203.1499938964844
2022-12-08,202.3999938964844,202.6000061035156,201.0,15283900,3090404533.357239,202.1999969482422
2022-12-09,202.5500030517578,204.8999938964844,202.5500030517578,16626600,3399308319.259644,204.4499969482422
2022-12-12,203.4499969482422,204.25,203.3999938964844,14247900,2904434501.9622803,203.8500061035156
2022-12-13,205.6000061035156,206.0500030517578,204.6499938964844,11000900,2253534432.144165,204.8500061035156
2022-12-14,205.1999969482422,206.1499938964844,204.9499969482422,15505500,3194908322.319031,206.0500030517578
2022-12-15,205.0,206.3000030517578,204.8500061035156,15102800,3104380586.090088,205.5500030517578
2022-12-16,203.6999969482422,204.1999969482422,203.0,14309100,2907609076.3320923,203.1999969482422
2022-12-19,201.75,202.75,201.5500030517578,14666500,2958233005.241394,201.6999969482422
2022-12-20,202.1000061035156,202.6999969482422,197.3999938964844,37833200,7530698575.457764,199.0500030517578
2022-12-21,198.5,199.1000061035156,196.9499969482422,62768200,12368474001.553345,197.0500030517578
2022-12-22,198.1999969482422,199.0,197.6000061035156,14741700,2932861170.011902,198.9499969482422
2022-12-23,197.4499969482422,198.0500030517578,196.6999969482422,21384000,4229755265.258789,197.8000030517578
2022-12-26,197.8999938964844,198.8999938964844,197.6499938964844,35685600,7071101422.192383,198.1499938964844
2022-12-27,199.6499938964844,199.8999938964844,198.9499969482422,12436400,2477952700.0,199.25
2022-12-28,198.5500030517578,199.0500030517578,197.8500061035156,16728700,3326502097.103882,198.8500061035156
2022-12-29,197.5500030517578,197.8500061035156,196.3000030517578,12089100,2390015033.1069946,197.6999969482422
2022-12-30,198.5500030517578,199.1499938964844,197.3000030517578,15378300,3036445288.069153,197.4499969482422
2023-01-04,196.1000061035156,196.1999969482422,194.3000030517578,14867500,2899905920.3720093,195.0500030517578
2023-01-05,195.1499938964844,195.6999969482422,194.5,14771600,2882677649.8413086,195.1499938964844
2023-01-06,194.3999938964844,196.25,194.3000030517578,11818100,2314574957.131958,195.8500061035156
2023-01-10,197.3999938964844,197.6999969482422,196.1000061035156,14338000,2813115556.2438965,196.1999969482422
2023-01-11,197.1499938964844,198.6000061035156,197.1499938964844,29189200,5788218449.078369,198.3000030517578
2023-01-12,198.5500030517578,199.5,198.1999969482422,7137600,1422166800.0,199.25
2023-01-13,199.0500030517578,199.9499969482422,198.25,34567900,6859999649.507141,198.4499969482422
2023-01-16,197.6499938964844,198.0,196.75,14024500,2759320375.0,196.75
2023-01-17,197.3999938964844,198.8500061035156,197.1499938964844,15618000,3102515604.675293,198.6499938964844
2023-01-18,199.25,202.1999969482422,198.6000061035156,25275600,5105671200.0,202.0
2023-01-19,200.5500030517578,201.3000030517578,199.8999938964844,17443200,3490384426.464844,200.1000061035156
2023-01-20,199.6499938964844,201.25,199.6000061035156,10766200,2165621064.28833,201.1499938964844
2023-01-23,203.0500030517578,203.3999938964844,202.25,8449900,1715752220.7870483,203.0500030517578
2023-01-24,204.6999969482422,206.1000061035156,204.6000061035156,20528500,4225791850.296021,205.8500061035156
2023-01-25,205.4499969482422,207.1000061035156,205.25,14957500,3093211045.6466675,206.8000030517578
2023-01-26,207.0500030517578,207.5500030517578,206.0,14614500,3015702164.199829,206.3500061035156
2023-01-27,206.9499969482422,207.3500061035156,206.3000030517578,9283400,1920735403.338623,206.8999938964844
2023-01-30,206.9499969482422,207.4499969482422,206.3999938964844,16488000,3410542900.6347656,206.8500061035156
2023-01-31,207.5,207.8500061035156,205.9499969482422,19200300,3959101801.4053354,206.1999969482422
2023-02-01,207.5,207.6999969482422,205.8000030517578,14486900,2982128453.4210205,205.8500061035156
2023-02-02,206.1999969482422,206.3000030517578,204.75,11525800,2362789000.0,205.0
2023-02-03,204.8000030517578,206.1499938964844,204.6000061035156,10279200,2112889591.369629,205.5500030517578
2023-02-06,207.3000030517578,207.6999969482422,206.3000030517578,9260100,1913136716.519165,206.6000061035156
2023-02-07,207.1999969482422,207.6999969482422,206.8000030517578,7815700,1618240708.8516235,207.0500030517578
2023-02-08,207.3000030517578,207.8000030517578,206.5500030517578,5460900,1130406300.0,207.0
2023-02-09,206.3500061035156,207.5500030517578,206.1999969482422,10611300,2197600294.766236,207.1000061035156
2023-02-10,207.3000030517578,208.75,206.75,9431900,1954761275.0,207.25
2023-02-13,207.0,207.3999938964844,205.3999938964844,9263300,1910555625.0,206.25
2023-02-14,208.3500061035156,208.4499969482422,207.5,13284700,2764546151.083374,208.1000061035156
2023-02-15,208.6499938964844,208.8000030517578,207.1000061035156,7499900,1555104310.7757568,207.3500061035156
2023-02-16,208.3999938964844,209.0500030517578,208.1000061035156,8700700,1818011238.4475708,208.9499969482422
2023-02-17,207.3999938964844,208.5,207.3500061035156,8425600,1751682188.5742188,207.8999938964844
2023-02-20,208.1000061035156,208.75,207.6499938964844,9321100,1945313541.5542605,208.6999969482422
2023-02-21,208.6000061035156,209.1499938964844,207.9499969482422,12851300,2676925829.219055,208.3000030517578
2023-02-22,207.1999969482422,207.4499969482422,205.6499938964844,19682300,4061442725.1312256,206.3500061035156
2023-02-24,206.3500061035156,207.75,206.1000061035156,9686600,2009969500.0,207.5
2023-02-27,207.1000061035156,208.1999969482422,207.0500030517578,10617200,2209970115.197754,208.1499938964844
2023-02-28,208.5500030517578,208.9499969482422,207.8000030517578,16935000,3522480000.0,208.0
2023-03-01,207.6999969482422,208.6499938964844,207.1999969482422,12990000,2710363420.715332,208.6499938964844
2023-03-02,209.0,209.3500061035156,207.8500061035156,11640300,2423510424.4766235,208.1999969482422
2023-03-03,209.3000030517578,211.1499938964844,209.1000061035156,19850000,4184380060.5773926,210.8000030517578
2023-03-06,212.3999938964844,212.8999938964844,212.0500030517578,11180500,2376974368.2403564,212.6000061035156
2023-03-07,212.5,213.6999969482422,212.4499969482422,12632100,2697584993.55011,213.5500030517578
2023-03-08,213.0500030517578,214.3999938964844,213.0500030517578,21082200,4516861350.0,214.25
2023-03-09,215.5,216.3999938964844,215.4499969482422,12221100,2642201782.7041626,216.1999969482422
2023-03-10,213.5500030517578,214.4499969482422,211.8999938964844,17220300,3652425735.10437,212.1000061035156
2023-03-13,209.9499969482422,209.9499969482422,207.3500061035156,39473700,8242108680.464172,208.8000030517578
2023-03-14,205.1000061035156,205.1000061035156,201.9499969482422,55036100,11186087325.0,203.25
2023-03-15,206.0,206.0,203.8500061035156,17054700,3488538937.046814,204.5500030517578
2023-03-16,199.8000030517578,202.5500030517578,199.3500061035156,29048200,5877903447.296143,202.3500061035156
2023-03-17,203.6000061035156,204.8999938964844,203.3500061035156,37640200,7704948825.131226,204.6999969482422
2023-03-20,203.5,204.3999938964844,201.5,21358900,4307022054.63562,201.6499938964844
2023-03-22,205.3000030517578,205.6999969482422,204.3999938964844,22754500,4663534705.558777,204.9499969482422
2023-03-23,203.1999969482422,204.75,202.3000030517578,18994200,3885263667.965698,204.5500030517578
2023-03-24,203.8999938964844,204.5500030517578,203.1999969482422,11482500,2345874785.041809,204.3000030517578
2023-03-27,205.3999938964844,205.4499969482422,204.1999969482422,10040600,2058323000.0,205.0
2023-03-28,206.3999938964844,206.3999938964844,204.8000030517578,12567900,2583331883.354187,205.5500030517578
2023-03-29,205.9499969482422,208.3999938964844,205.6000061035156,18087000,3769330689.605713,208.3999938964844
2023-03-30,209.8999938964844,210.0500030517578,208.5500030517578,27983400,5859723789.202881,209.3999938964844
2023-03-31,210.8999938964844,212.3999938964844,210.8999938964844,19042800,4035169203.7719727,211.8999938964844
2023-04-03,213.1000061035156,213.5500030517578,212.1499938964844,12485800,2661972521.8963623,213.1999969482422
2023-04-04,213.3500061035156,213.8500061035156,212.8500061035156,10816000,2311379166.9921875,213.6999969482422
2023-04-05,212.1000061035156,212.25,209.3000030517578,15352300,3215539188.1484985,209.4499969482422
2023-04-06,207.5500030517578,208.0,206.8999938964844,19284000,3994680482.2998047,207.1499938964844
2023-04-07,207.3000030517578,208.1999969482422,207.3000030517578,9544700,1981002514.1281128,207.5500030517578
2023-04-10,208.8999938964844,209.6000061035156,208.4499969482422,6669000,1392153750.0,208.75
2023-04-11,210.4499969482422,211.25,209.75,8954100,1884838050.0,210.5
2023-04-12,211.3999938964844,212.1999969482422,211.25,10768600,2283481662.863159,212.0500030517578
2023-04-13,211.3500061035156,212.3000030517578,211.1499938964844,7909500,1678791375.0,212.25
2023-04-14,213.3000030517578,213.5,212.6999969482422,11350000,2420955034.637451,213.3000030517578
2023-04-17,214.1000061035156,214.3000030517578,213.25,10229100,2191073188.783264,214.1999969482422
2023-04-18,214.8500061035156,216.0,214.6999969482422,11317400,2441163145.462036,215.6999969482422
2023-04-19,215.5,215.8000030517578,214.75,9058000,1951546072.3571775,215.4499969482422
2023-04-20,214.5500030517578,215.8500061035156,214.3500061035156,20516900,4418314540.22522,215.3500061035156
2023-04-21,214.75,216.1000061035156,214.5500030517578,15649100,3363773997.242737,214.9499969482422
2023-04-24,215.6999969482422,215.9499969482422,215.1499938964844,6249800,1344644431.854248,215.1499938964844
2023-04-25,216.1999969482422,217.1499938964844,215.6000061035156,9899900,2136893475.4241943,215.8500061035156
2023-04-26,214.4499969482422,214.6499938964844,213.0500030517578,11275200,2410074000.0,213.75
2023-04-27,213.0500030517578,214.8000030517578,212.8999938964844,7091800,1521545711.642456,214.5500030517578
2023-04-28,216.6000061035156,217.4499969482422,215.25,33003700,7176654464.280701,217.4499969482422
2023-05-01,218.75,219.5500030517578,218.5,26809300,5884641350.0,219.5
2023-05-02,220.0,220.1499938964844,218.5,16451800,3607057150.0,219.25
2023-05-08,219.1000061035156,219.8000030517578,218.4499969482422,14644600,3204970799.383545,218.8500061035156
2023-05-09,219.3999938964844,221.6000061035156,219.25,13178500,2919696715.2175903,221.5500030517578
2023-05-10,221.6499938964844,221.6999969482422,220.1000061035156,8533800,1880849467.9138184,220.3999938964844
2023-05-11,219.6999969482422,220.3500061035156,219.5,12021800,2644796000.0,220.0
2023-05-12,220.0500030517578,221.75,220.0500030517578,10042700,2225964393.704224,221.6499938964844
2023-05-15,222.6499938964844,223.5500030517578,222.3000030517578,14660400,3277332464.73999,223.5500030517578
2023-05-16,224.5,224.9499969482422,224.1000061035156,18159300,4084934479.5822144,224.9499969482422
2023-05-17,224.8000030517578,225.8500061035156,224.8000030517578,21518700,4855694523.660278,225.6499938964844
2023-05-18,228.1000061035156,228.6000061035156,226.9499969482422,39586900,9041647718.380735,228.3999938964844
2023-05-19,229.1499938964844,229.6499938964844,228.1999969482422,16309800,3727604839.77356,228.5500030517578
2023-05-22,228.0,230.0,227.8999938964844,8217700,1889249179.84314,229.8999938964844
2023-05-23,231.0500030517578,231.3999938964844,227.8000030517578,25879300,5918595831.022644,228.6999969482422
2023-05-24,227.5500030517578,228.5500030517578,226.8500061035156,12729700,2894733702.304077,227.3999938964844
2023-05-25,226.6499938964844,227.75,226.1499938964844,17015300,3858219275.0,226.75
2023-05-26,227.3999938964844,228.25,226.75,11435900,2593090325.0,226.75
2023-05-29,230.1000061035156,230.1999969482422,228.1000061035156,16476100,3764788850.0,228.5
2023-05-30,227.8000030517578,228.6499938964844,226.6000061035156,16985600,3875264536.328125,228.1499938964844
2023-05-31,226.3000030517578,227.1499938964844,224.8000030517578,31322500,7049128720.588684,225.0500030517578
2023-06-01,225.3500061035156,227.4499969482422,224.8000030517578,21564800,4895209600.0,227.0
2023-06-02,228.25,230.75,228.1000061035156,12629200,2914187900.0,230.75
2023-06-05,233.9499969482422,234.6499938964844,233.1499938964844,18572700,4358083941.641235,234.6499938964844
2023-06-06,233.1000061035156,236.5,232.5,23338900,5514982141.22467,236.3000030517578
2023-06-07,237.4499969482422,237.8999938964844,232.9499969482422,49597200,11563586877.282717,233.1499938964844
2023-06-08,233.1499938964844,234.1999969482422,230.25,36355900,8421844013.101196,231.6499938964844
2023-06-09,233.6000061035156,235.5500030517578,233.1000061035156,20454500,4808853074.84436,235.1000061035156
2023-06-12,236.3500061035156,236.9499969482422,235.4499969482422,15184300,3592605472.6776123,236.6000061035156
2023-06-13,237.8000030517578,240.3500061035156,237.75,33419900,8010749928.010559,239.6999969482422
2023-06-14,241.6000061035156,243.5,241.0500030517578,23675300,5741260250.0,242.5
2023-06-15,242.5,244.1999969482422,241.6999969482422,44393200,10767570795.477297,242.5500030517578
2023-06-16,242.3500061035156,243.6499938964844,241.0,30481900,7414722175.0,243.25
2023-06-19,244.1499938964844,244.1999969482422,240.9499969482422,36867900,8923875307.511902,242.0500030517578
2023-06-20,241.1499938964844,241.8000030517578,239.8500061035156,26079600,6295615280.822754,241.3999938964844
2023-06-21,240.3500061035156,243.0,240.1499938964844,25962700,6306339671.536255,242.8999938964844
2023-06-22,242.3999938964844,244.3999938964844,242.25,24968400,6066072703.80249,242.9499969482422
2023-06-23,244.0500030517578,244.3000030517578,238.1999969482422,49026600,11724711090.76538,239.1499938964844
2023-06-26,238.75,240.0,236.8999938964844,24077000,5747179826.522827,238.6999969482422
2023-06-27,238.8000030517578,239.3000030517578,236.6000061035156,32683700,7778720600.0,238.0
2023-06-28,239.8999938964844,242.8999938964844,239.6000061035156,16899100,4103946538.143921,242.8500061035156
2023-06-29,243.75,244.75,242.3000030517578,13308500,3231303840.614319,242.8000030517578
2023-06-30,242.5500030517578,242.6499938964844,240.6999969482422,18957500,4586767067.146301,241.9499969482422
2023-07-03,243.8999938964844,245.75,243.8000030517578,28091400,6896438700.0,245.5
2023-07-04,244.1000061035156,244.6000061035156,243.3500061035156,19651700,4794032155.027771,243.9499969482422
2023-07-05,242.8999938964844,244.5,242.1000061035156,20511800,4999751250.0,243.75
2023-07-06,242.3999938964844,242.9499969482422,240.1999969482422,35471800,8546930101.748657,240.9499969482422
2023-07-07,234.1999969482422,235.4499969482422,232.6999969482422,24722300,5772657050.0,233.5
2023-07-10,233.4499969482422,234.4499969482422,231.8000030517578,25737400,5983945500.0,232.5
2023-07-11,233.3999938964844,233.6999969482422,230.8999938964844,10289700,2383094582.8033447,231.6000061035156
2023-07-12,232.25,232.3500061035156,229.3500061035156,19763400,4546570230.31311,230.0500030517578
2023-07-13,230.8000030517578,232.8500061035156,229.5500030517578,22007400,5110118212.838745,232.1999969482422
2023-07-14,233.25,233.6499938964844,230.3000030517578,28413800,6587739703.424072,231.8500061035156
2023-07-18,231.5,234.1000061035156,231.5,11239600,2621074685.699463,233.1999969482422
2023-07-19,235.1000061035156,235.8000030517578,234.3999938964844,14818900,3493555675.0,235.75
2023-07-20,235.6499938964844,236.25,233.6999969482422,10523000,2459225067.8863525,233.6999969482422
2023-07-21,233.3999938964844,234.8999938964844,232.6999969482422,16212100,3795252708.9508057,234.1000061035156
2023-07-24,235.8500061035156,236.6000061035156,235.25,11884000,2804029763.73291,235.9499969482422
2023-07-25,236.4499969482422,236.6000061035156,235.5,11533300,2726472049.6063232,236.3999938964844
2023-07-26,236.3500061035156,236.6999969482422,234.9499969482422,9597500,2265969808.578491,236.1000061035156
2023-07-27,235.6999969482422,237.8999938964844,235.3500061035156,32670900,7767506475.0,237.75
2023-07-28,235.3000030517578,237.6000061035156,233.3000030517578,21094200,4999325400.0,237.0
2023-07-31,240.1499938964844,241.25,239.1999969482422,21616300,5190073761.935425,240.1000061035156
2023-08-01,240.9499969482422,242.1000061035156,240.3000030517578,35209200,8510063532.550049,241.6999969482422
2023-08-02,239.5500030517578,241.1000061035156,237.6499938964844,29981200,7137024751.495361,238.0500030517578
2023-08-03,236.3999938964844,236.5,234.3999938964844,30443300,7143520159.188843,234.6499938964844
2023-08-04,233.8000030517578,235.8500061035156,233.5500030517578,17321300,4075701942.8604126,235.3000030517578
2023-08-07,234.1499938964844,236.5500030517578,233.8999938964844,13219500,3126411750.0,236.5
2023-08-08,237.4499969482422,238.1499938964844,236.6499938964844,11179700,2651265786.7645264,237.1499938964844
2023-08-09,236.75,237.0,235.75,15931500,3765410122.238159,236.3500061035156
2023-08-10,235.3999938964844,238.6499938964844,235.3500061035156,11943300,2849671452.896118,238.6000061035156
2023-08-14,239.0,239.5500030517578,235.6499938964844,14968700,3534858413.6383057,236.1499938964844
2023-08-15,237.75,238.0500030517578,236.8500061035156,11628200,2755301954.51355,236.9499969482422
2023-08-16,235.0500030517578,235.5500030517578,233.9499969482422,14659200,3432451590.527344,234.1499938964844
2023-08-17,233.4499969482422,233.6000061035156,230.6000061035156,16843000,3926103402.8015137,233.1000061035156
2023-08-18,231.1999969482422,232.75,230.6000061035156,23799100,5505921930.258179,231.3500061035156
2023-08-21,232.0500030517578,233.3000030517578,231.1999969482422,6676800,1549685320.7519531,232.1000061035156
2023-08-22,233.1000061035156,234.5500030517578,233.0,6224300,1459287116.0049438,234.4499969482422
2023-08-23,233.4499969482422,235.8000030517578,233.3000030517578,5744600,1354289450.0,235.75
2023-08-24,236.1499938964844,237.0,235.75,11543900,2732441094.770813,236.6999969482422
2023-08-25,234.25,235.3500061035156,233.8999938964844,10191100,2390832122.201538,234.6000061035156
2023-08-28,236.6499938964844,238.25,236.3500061035156,7287700,1734837007.2402954,238.0500030517578
2023-08-29,238.6999969482422,239.3500061035156,238.0,15999200,3815009191.174317,238.4499969482422
2023-08-30,239.6000061035156,240.6000061035156,239.25,50338300,12058539918.6203,239.5500030517578
2023-08-31,239.6499938964844,242.0,239.6499938964844,20441000,4925258887.619019,240.9499969482422
2023-09-01,240.9499969482422,243.75,240.9499969482422,28108000,6833054971.557617,243.1000061035156
2023-09-04,243.8000030517578,245.8000030517578,243.5500030517578,17235000,4235501250.0,245.75
2023-09-05,245.8000030517578,246.5,244.5500030517578,12056500,2964693276.412964,245.8999938964844
2023-09-06,246.6499938964844,248.1000061035156,246.6499938964844,22650600,5613951348.248291,247.8500061035156
2023-09-07,247.0,248.1999969482422,246.5500030517578,16497600,4070782800.0,246.75
2023-09-08,246.0500030517578,246.6999969482422,243.8000030517578,17674100,4315131407.125855,244.1499938964844
2023-09-11,245.0500030517578,245.8500061035156,243.6499938964844,7816200,1910670066.1468503,244.4499969482422
2023-09-12,245.6499938964844,246.5,244.3999938964844,7460200,1838939300.0,246.5
2023-09-13,246.3999938964844,247.1499938964844,245.6000061035156,16967600,4180816536.437988,246.3999938964844
2023-09-14,247.3999938964844,249.5500030517578,246.8999938964844,9686300,2412857389.1204834,249.1000061035156
2023-09-15,250.8999938964844,252.4499969482422,250.6000061035156,18332200,4611464965.945435,251.5500030517578
2023-09-19,250.1999969482422,251.6999969482422,249.8999938964844,11882200,2988967446.2615967,251.5500030517578
2023-09-20,251.8500061035156,252.0,248.8999938964844,16429700,4090995300.0,249.0
2023-09-21,248.25,249.3500061035156,246.5500030517578,17368100,4288183783.99353,246.8999938964844
2023-09-22,244.3999938964844,247.1499938964844,243.6999969482422,16797800,4132258800.0,246.0
2023-09-25,246.75,247.4499969482422,245.6000061035156,27249300,6737389425.0,247.25
2023-09-26,247.1999969482422,247.4499969482422,245.3500061035156,12123300,2979907176.9973755,245.8000030517578
2023-09-27,244.3500061035156,246.5,243.1000061035156,20896800,5144792096.228027,246.1999969482422
2023-09-28,246.1999969482422,247.1999969482422,243.6499938964844,48062600,11784949373.324583,245.1999969482422
2023-09-29,245.6499938964844,245.8000030517578,241.9499969482422,16250500,3944808875.0,242.75
2023-10-02,243.8500061035156,246.1999969482422,241.6999969482422,15372000,3718486706.176758,241.8999938964844
2023-10-03,241.1499938964844,241.1499938964844,237.25,29277300,6962142029.347229,237.8000030517578
2023-10-04,234.4499969482422,234.9499969482422,231.5,52287500,12122857194.137571,231.8500061035156
2023-10-05,233.3000030517578,236.6999969482422,232.5,21139900,4999586350.0,236.5
2023-10-06,236.5,238.0500030517578,235.75,12262300,2900033950.0,236.5
2023-10-10,238.8500061035156,241.8500061035156,238.8500061035156,46463500,11213966008.590698,241.3500061035156
2023-10-11,241.5500030517578,242.3500061035156,240.8999938964844,19217600,4631441600.0,241.0
2023-10-12,242.0500030517578,244.8000030517578,242.0500030517578,14530200,3552633900.0,244.5
2023-10-13,242.8500061035156,243.4499969482422,240.5,25560100,6163817958.99353,241.1499938964844
2023-10-16,239.1999969482422,239.4499969482422,236.6499938964844,13865100,3290188272.3129272,237.3000030517578
2023-10-17,240.0,241.3000030517578,238.25,12530400,2999777683.520508,239.3999938964844
2023-10-18,239.75,240.1499938964844,238.1000061035156,10255500,2459781737.5946045,239.8500061035156
2023-10-19,236.6999969482422,237.9499969482422,235.6999969482422,13219000,3126293500.0,236.5
2023-10-20,235.0500030517578,236.8999938964844,234.1999969482422,17606300,4148924487.539673,235.6499938964844
2023-10-23,234.75,235.3500061035156,233.8000030517578,15472000,3618127294.4335938,233.8500061035156
2023-10-24,234.3999938964844,234.8000030517578,229.4499969482422,35866300,8390920775.544739,233.9499969482422
2023-10-25,235.8999938964844,237.1499938964844,235.0500030517578,17527900,4126944001.509094,235.4499969482422
2023-10-26,233.3999938964844,234.6000061035156,231.6000061035156,18234200,4233069418.7072754,232.1499938964844
2023-10-27,233.3500061035156,235.8500061035156,232.8500061035156,33416400,7881258143.95752,235.8500061035156
2023-10-30,233.3000030517578,234.0,232.0500030517578,16555800,3858329240.524292,233.0500030517578
2023-10-31,234.5,236.3000030517578,233.1499938964844,23777800,5603238424.871826,235.6499938964844
2023-11-01,240.3500061035156,241.6999969482422,239.8999938964844,20125700,4857337817.837524,241.3500061035156
2023-11-02,244.0500030517578,244.3000030517578,241.8000030517578,24263900,5885209019.047546,242.5500030517578
2023-11-06,246.8999938964844,247.4499969482422,245.8999938964844,23117500,5698463750.0,246.5
2023-11-07,246.1000061035156,246.3999938964844,243.4499969482422,15687300,3819073137.12616,243.4499969482422
2023-11-08,244.6499938964844,244.6999969482422,239.8500061035156,27486000,6618628883.880615,240.8000030517578
2023-11-09,241.3999938964844,244.5500030517578,240.3000030517578,12150200,2964041252.920532,243.9499969482422
2023-11-10,242.5500030517578,244.25,241.6000061035156,12598400,3075899283.1054688,244.1499938964844
2023-11-13,245.5500030517578,245.9499969482422,243.4499969482422,8916600,2175650400.0,244.0
2023-11-14,245.8000030517578,246.0,244.8999938964844,12024400,2945978000.0,245.0
2023-11-15,248.25,248.4499969482422,246.8000030517578,25785600,6393539441.308594,247.9499969482422
2023-11-16,247.6000061035156,249.0500030517578,246.3999938964844,13480600,3333078350.0,247.25
2023-11-17,246.6999969482422,249.6999969482422,246.5500030517578,13100500,3270539745.0408936,249.6499938964844
2023-11-20,249.8000030517578,251.3000030517578,247.3500061035156,15575700,3861215934.933472,247.8999938964844
2023-11-21,247.8000030517578,248.0500030517578,246.0500030517578,11501200,2844246795.098877,247.3000030517578
2023-11-22,246.6499938964844,249.3000030517578,246.3500061035156,8625000,2141587526.3214111,248.3000030517578
2023-11-24,250.3999938964844,250.6000061035156,249.5500030517578,10186600,2545631277.825928,249.8999938964844
2023-11-27,250.25,250.8500061035156,248.25,10619900,2644355100.0,249.0
2023-11-28,249.4499969482422,249.4499969482422,247.3999938964844,32542800,8085258560.687256,248.4499969482422
2023-11-29,247.3999938964844,248.3999938964844,246.3500061035156,10195700,2517828083.885193,246.9499969482422
2023-11-30,246.5,248.1999969482422,245.8000030517578,15259200,3787333393.432617,248.1999969482422
2023-12-01,249.4499969482422,249.6000061035156,248.5,9894700,2463780300.0,249.0
2023-12-04,247.6999969482422,247.8000030517578,245.3000030517578,9194600,2268307791.940308,246.6999969482422
2023-12-05,246.1000061035156,247.0500030517578,244.4499969482422,13102900,3205624405.026245,244.6499938964844
2023-12-06,245.3000030517578,249.75,245.1999969482422,11667400,2912183111.212158,249.6000061035156
2023-12-07,247.6499938964844,247.8999938964844,245.8500061035156,15505000,3821207202.682495,246.4499969482422
2023-12-08,244.6499938964844,245.25,241.9499969482422,16117100,3907590845.814514,242.4499969482422
2023-12-11,245.0,246.8500061035156,244.8999938964844,16418800,4044771480.2124014,246.3500061035156
2023-12-12,247.8999938964844,248.1000061035156,245.6999969482422,11382400,2798932090.527344,245.8999938964844
2023-12-13,246.5500030517578,246.8000030517578,245.1000061035156,13360300,3287301855.7724,246.0500030517578
2023-12-14,245.6499938964844,246.0,241.5,22238600,5395084495.733643,242.6000061035156
2023-12-15,243.1999969482422,244.6999969482422,242.8000030517578,17556700,4281201402.157593,243.8500061035156
2023-12-18,241.9499969482422,242.3500061035156,239.8500061035156,20642000,4995364000.0,242.0
2023-12-19,242.0,244.25,240.8000030517578,17395100,4242664783.828736,243.8999938964844
2023-12-20,244.6999969482422,246.8999938964844,244.6499938964844,12874800,3163982100.0,245.75
2023-12-21,242.9499969482422,243.5500030517578,242.3999938964844,26683200,6489354158.569336,243.1999969482422
2023-12-22,243.8999938964844,245.5,243.5500030517578,10914500,2664775108.3831787,244.1499938964844
2023-12-25,246.0,246.3500061035156,244.0,9343700,2282198725.0,244.25
2023-12-26,244.75,244.75,243.4499969482422,7377900,1802420992.515564,244.3000030517578
2023-12-27,245.6499938964844,247.4499969482422,245.6000061035156,15362900,3796172683.7677,247.1000061035156
2023-12-28,245.8999938964844,247.25,245.8999938964844,10607100,2619423312.6297,246.9499969482422
2023-12-29,246.9499969482422,248.6000061035156,246.1499938964844,13779600,3409761977.947998,247.4499969482422
2024-01-04,246.3500061035156,249.1000061035156,244.1499938964844,23036600,5729202349.697876,248.6999969482422
2024-01-05,249.5,251.1499938964844,249.25,17014600,4257052868.0755615,250.1999969482422
2024-01-09,253.0,254.3000030517578,251.0500030517578,20992400,5294283215.936279,252.1999969482422
2024-01-10,252.8999938964844,256.45001220703125,252.6999969482422,24594400,6286328790.112305,255.6000061035156
2024-01-11,259.0,260.6499938964844,258.8500061035156,32944600,8552418361.077881,259.6000061035156
2024-01-12,260.8500061035156,262.54998779296875,260.0,28902600,7539243386.407471,260.8500061035156
2024-01-15,261.54998779296875,262.25,261.04998779296875,3535500,926654571.5789796,262.1000061035156
2024-01-16,261.54998779296875,264.3500061035156,261.04998779296875,23599100,6186503920.962524,262.1499938964844
2024-01-17,263.1499938964844,266.0,260.79998779296875,70394700,18362457924.65515,260.8500061035156
2024-01-18,260.6499938964844,262.25,260.3999938964844,19751300,5146200973.895264,260.54998779296875
2024-01-19,263.8500061035156,264.20001220703125,261.3500061035156,22236700,5836022186.444092,262.45001220703125
2024-01-22,264.3999938964844,266.3500061035156,264.04998779296875,8853000,2357996604.034424,266.3500061035156
2024-01-23,266.75,268.45001220703125,264.95001220703125,17534500,4663300489.044189,265.95001220703125
2024-01-24,265.25,265.79998779296875,263.6000061035156,67032400,17723366150.8667,264.3999938964844
2024-01-25,264.1499938964844,265.04998779296875,262.8999938964844,16001300,4235544305.328369,264.70001220703125
2024-01-26,263.3500061035156,263.70001220703125,261.04998779296875,17663700,4613758655.621338,261.20001220703125
2024-01-29,262.3500061035156,265.29998779296875,262.3500061035156,8460400,2236506791.638184,264.3500061035156
2024-01-30,265.1000061035156,265.70001220703125,264.20001220703125,20442400,5403948564.770508,264.3500061035156
2024-01-31,263.0,267.0,262.8999938964844,17442300,4657094100.0,267.0
2024-02-01,264.95001220703125,266.1000061035156,264.29998779296875,25994800,6887322577.319336,264.95001220703125
2024-02-02,266.20001220703125,266.8999938964844,264.75,20309400,5397223050.0,265.75
2024-02-05,267.8999938964844,268.20001220703125,266.45001220703125,18930800,5070614895.544434,267.8500061035156
2024-02-06,266.75,266.75,264.95001220703125,16634500,4418954823.471069,265.6499938964844
2024-02-07,265.20001220703125,267.70001220703125,265.1499938964844,9765700,2605488640.789795,266.79998779296875
2024-02-08,267.8999938964844,269.20001220703125,266.0,22125100,5932845429.959106,268.1499938964844
2024-02-09,267.8500061035156,269.70001220703125,267.1000061035156,14491000,3877791688.446045,267.6000061035156
2024-02-13,270.95001220703125,273.6499938964844,270.1499938964844,11205800,3065346453.210449,273.54998779296875
2024-02-14,271.79998779296875,271.8500061035156,269.29998779296875,13420400,3627533956.176758,270.29998779296875
2024-02-15,272.3500061035156,272.5,270.1000061035156,12500700,3395190196.298218,271.6000061035156
2024-02-16,274.1000061035156,276.25,273.3999938964844,26005900,7151622500.0,275.0
2024-02-19,275.0,276.3500061035156,274.5,9177400,2536174546.0144043,276.3500061035156
2024-02-20,277.1499938964844,277.29998779296875,274.6499938964844,37939300,10480731625.0,276.25
2024-02-21,274.6499938964844,275.29998779296875,273.6499938964844,8018800,2203967228.942871,274.8500061035156
2024-02-22,276.8500061035156,278.75,276.6499938964844,13100800,3649882959.9609375,278.6000061035156
2024-02-26,280.0,281.20001220703125,278.8999938964844,24002900,6717211711.502075,279.8500061035156
2024-02-27,280.1499938964844,281.75,279.75,12991600,3640246478.588867,280.20001220703125
2024-02-28,280.3999938964844,280.8999938964844,279.25,9446800,2644159262.3413086,279.8999938964844
2024-02-29,279.29998779296875,280.75,277.70001220703125,15723200,4410357600.0,280.5
2024-03-01,280.20001220703125,283.95001220703125,280.1000061035156,16120400,4569327576.782227,283.45001220703125
2024-03-04,284.8500061035156,285.29998779296875,282.8999938964844,16585100,4701046797.454834,283.45001220703125
2024-03-05,282.3999938964844,285.3999938964844,282.1000061035156,13228600,3768166790.740967,284.8500061035156
2024-03-06,283.6499938964844,286.3999938964844,283.0,14709500,4204710664.779663,285.8500061035156
2024-03-07,287.3999938964844,288.45001220703125,284.1499938964844,15992000,4549724000.0,284.5
2024-03-08,284.95001220703125,287.25,282.95001220703125,21222400,6050506369.53125,285.1000061035156
2024-03-11,282.3999938964844,282.3999938964844,276.1000061035156,57007100,15913531617.056274,279.1499938964844
2024-03-12,276.75,278.1000061035156,273.95001220703125,22194300,6168905955.926514,277.95001220703125
2024-03-13,280.6000061035156,280.6000061035156,275.3999938964844,15445400,4281465068.542481,277.20001220703125
2024-03-14,277.29998779296875,278.8500061035156,276.04998779296875,16363800,4563045729.876709,278.8500061035156
2024-03-15,277.6000061035156,280.70001220703125,277.45001220703125,10325500,2887009863.0218506,279.6000061035156
2024-03-18,281.3999938964844,285.1000061035156,281.1000061035156,17698600,5043216286.047363,284.95001220703125
2024-03-19,284.5,288.0,284.0,29499900,8495971200.0,288.0
2024-03-21,292.25,292.95001220703125,291.04998779296875,34524800,10107135200.0,292.75
2024-03-22,294.0,295.3500061035156,293.0,15525100,4574470620.24231,294.6499938964844
2024-03-25,293.8500061035156,293.8999938964844,290.70001220703125,16496300,4796299225.0,290.75
2024-03-26,290.6499938964844,291.70001220703125,289.6000061035156,16634200,4847205778.4729,291.3999938964844
2024-03-27,292.70001220703125,294.29998779296875,292.20001220703125,20520600,6010483614.752197,292.8999938964844
2024-03-28,292.20001220703125,293.54998779296875,290.1499938964844,28173600,8194291731.958008,290.8500061035156
2024-03-29,291.54998779296875,293.04998779296875,291.29998779296875,12123700,3544363768.9971924,292.3500061035156
2024-04-01,291.54998779296875,294.0,286.54998779296875,30153000,8661449250.0,287.25
2024-04-02,288.04998779296875,289.75,285.70001220703125,15156400,4340792867.492676,286.3999938964844
2024-04-03,285.20001220703125,286.8500061035156,283.79998779296875,24143000,6898862250.0,285.75
2024-04-04,288.75,290.70001220703125,288.20001220703125,23344800,6738476377.514648,288.6499938964844
2024-04-05,284.8500061035156,285.79998779296875,283.0,43350100,12372118275.411987,285.3999938964844
2024-04-08,287.5,289.5,287.1000061035156,15613300,4498191825.2960205,288.1000061035156
2024-04-09,289.04998779296875,291.04998779296875,288.6499938964844,9447500,2746860625.0,290.75
2024-04-10,290.3999938964844,290.70001220703125,289.29998779296875,11358900,3290105315.6707764,289.6499938964844
2024-04-11,287.20001220703125,290.45001220703125,287.04998779296875,14568900,4227166246.078491,290.1499938964844
2024-04-12,291.6000061035156,292.3999938964844,290.5,23164500,6754768341.384888,291.6000061035156
2024-04-15,289.6000061035156,290.6499938964844,287.1499938964844,16637700,4832420168.096924,290.45001220703125
2024-04-16,289.5,289.5,284.04998779296875,26780000,7621588163.452148,284.6000061035156
2024-04-17,285.0,285.6499938964844,281.04998779296875,26817000,7539599386.322021,281.1499938964844
2024-04-18,280.8999938964844,284.0,279.95001220703125,24512400,6932106420.776367,282.79998779296875
2024-04-19,280.79998779296875,280.95001220703125,274.3999938964844,44480700,12341170757.977297,277.45001220703125
2024-04-22,281.70001220703125,282.3999938964844,279.20001220703125,25899800,7288203561.920166,281.3999938964844
2024-04-23,283.25,283.8999938964844,280.3999938964844,17525400,4914122053.033447,280.3999938964844
2024-04-24,283.3500061035156,286.29998779296875,283.0,13616600,3893666936.2182617,285.95001220703125
2024-04-25,283.79998779296875,285.0,281.20001220703125,12269500,3453864250.0,281.5
2024-04-26,282.0,284.6499938964844,280.25,21834400,6185685253.466797,283.29998779296875
2024-04-30,286.79998779296875,290.1499938964844,286.75,29652700,8578525748.028564,289.29998779296875
2024-05-01,287.6499938964844,289.5,286.8500061035156,28157200,8113497008.14209,288.1499938964844
2024-05-02,287.54998779296875,289.0,286.54998779296875,12749900,3677071082.180786,288.3999938964844
2024-05-07,291.0,291.04998779296875,288.1499938964844,23103400,6702296481.011963,290.1000061035156
2024-05-08,288.79998779296875,289.5,285.8500061035156,16072000,4599806596.191406,286.20001220703125
2024-05-09,287.25,288.54998779296875,285.8999938964844,11428500,3275408169.7540283,286.6000061035156
2024-05-10,289.1000061035156,291.1000061035156,287.20001220703125,21783600,6275855292.956543,288.1000061035156
2024-05-13,288.0,288.3999938964844,286.3999938964844,11358000,3269400369.3237305,287.8500061035156
2024-05-14,288.3500061035156,289.8500061035156,286.54998779296875,11640000,3355230000.0,288.25
2024-05-15,289.8999938964844,291.5,288.5,10363100,2992345125.0,288.75
2024-05-16,290.0,290.54998779296875,287.25,28414200,8215965756.573486,289.1499938964844
2024-05-17,288.1000061035156,290.54998779296875,287.54998779296875,22734000,6598543500.0,290.25
2024-05-20,289.8999938964844,294.3500061035156,289.8999938964844,18004900,5271834500.213623,292.79998779296875
2024-05-21,293.75,294.5,291.54998779296875,13307600,3881827082.446289,291.70001220703125
2024-05-22,291.25,291.54998779296875,289.25,9912900,2867801848.99292,289.29998779296875
2024-05-23,290.1000061035156,291.5,287.8500061035156,18046800,5257032619.702148,291.29998779296875
2024-05-24,287.3999938964844,290.5,286.6499938964844,16857500,4882774772.109985,289.6499938964844
2024-05-27,290.54998779296875,292.5,290.25,13383700,3914732250.0,292.5
2024-05-28,292.45001220703125,293.0,291.70001220703125,10435500,3053949011.3067627,292.6499938964844
2024-05-29,292.3999938964844,294.29998779296875,289.54998779296875,23681200,6862811470.922852,289.79998779296875
2024-05-30,286.54998779296875,288.6499938964844,284.79998779296875,19760600,5692040588.781738,288.04998779296875
2024-05-31,289.1499938964844,295.0,289.1499938964844,21187400,6250283000.0,295.0
2024-06-03,295.1499938964844,297.0,295.0,14952100,4423578876.260376,295.8500061035156
2024-06-04,293.8999938964844,295.8999938964844,293.5,12738900,3754790775.0,294.75
2024-06-05,292.70001220703125,292.79998779296875,289.95001220703125,24273000,7050093146.30127,290.45001220703125
2024-06-06,292.6000061035156,293.25,291.0,22725600,6622239701.293945,291.3999938964844
2024-06-07,291.0,291.79998779296875,290.45001220703125,9545400,2780097750.0,291.25
2024-06-10,291.6000061035156,294.54998779296875,291.6000061035156,11576300,3406326275.0,294.25
2024-06-11,294.8999938964844,296.29998779296875,293.25,10465500,3073194011.123657,293.6499938964844
2024-06-12,291.3999938964844,292.04998779296875,290.8999938964844,11684600,3401971218.6828613,291.1499938964844
2024-06-13,292.95001220703125,293.0,288.5,19805300,5713829050.0,288.5
2024-06-14,287.6499938964844,291.1499938964844,286.5,17619800,5115027724.914551,290.29998779296875
2024-06-17,288.1000061035156,288.1499938964844,284.6000061035156,27834800,7941268100.219727,285.29998779296875
2024-06-18,287.54998779296875,287.79998779296875,286.25,10209000,2931003962.310791,287.1000061035156
2024-06-19,287.8999938964844,289.25,287.54998779296875,11856500,3422378652.633667,288.6499938964844
2024-06-20,287.5,288.3999938964844,285.8500061035156,8959000,2582431750.0,288.25
2024-06-21,289.04998779296875,290.6000061035156,287.75,15483800,4458560399.01123,287.95001220703125
2024-06-24,288.04998779296875,290.6499938964844,287.79998779296875,12248900,3547893810.2386475,289.6499938964844
2024-06-25,291.04998779296875,294.8500061035156,290.8999938964844,15968000,4706568000.0,294.75
2024-06-26,295.5,296.70001220703125,294.0,13621200,4031875200.0,296.0
2024-06-27,295.0,295.8999938964844,294.1499938964844,9420600,2779547915.0024414,295.04998779296875
2024-06-28,296.79998779296875,298.5,296.3500061035156,68960800,20471013900.90332,296.8500061035156
2024-07-01,299.5,300.29998779296875,298.0,18737500,5594080396.270752,298.54998779296875
2024-07-02,298.95001220703125,302.6000061035156,298.45001220703125,14740400,4450126670.031738,301.8999938964844
2024-07-03,302.3999938964844,304.70001220703125,301.3999938964844,15758900,4801737022.369385,304.70001220703125
2024-07-04,304.79998779296875,306.8999938964844,304.5,13674700,4196765346.536255,306.8999938964844
2024-07-05,306.8999938964844,307.5,304.3999938964844,8800400,2679721800.0,304.5
2024-07-08,304.5,305.5,303.29998779296875,14521800,4407366300.0,303.5
2024-07-09,299.1499938964844,301.70001220703125,297.75,24316900,7307228450.0,300.5
2024-07-10,300.1000061035156,302.3999938964844,299.45001220703125,30330700,9172003494.8761,302.3999938964844
2024-07-11,305.1000061035156,306.0,303.3999938964844,28009400,8526061189.044189,304.3999938964844
2024-07-12,300.1000061035156,302.6000061035156,299.1499938964844,23560000,7084492287.597656,300.70001220703125
2024-07-16,301.70001220703125,303.29998779296875,301.1000061035156,21426400,6453631941.552734,301.20001220703125
2024-07-17,303.29998779296875,303.8999938964844,302.0,16862500,5100906250.0,302.5
2024-07-18,298.1000061035156,300.5,297.25,27196000,8090810000.0,297.5
2024-07-19,297.04998779296875,298.04998779296875,295.1499938964844,22699300,6700833637.091064,295.20001220703125
2024-07-22,296.5,296.8500061035156,293.1000061035156,17240100,5057383440.22522,293.3500061035156
2024-07-23,295.1499938964844,296.04998779296875,293.25,12491000,3676101147.5219727,294.29998779296875
2024-07-24,292.3999938964844,293.75,289.6499938964844,20294100,5879201017.730713,289.70001220703125
2024-07-25,284.70001220703125,284.8999938964844,280.8500061035156,57782300,16280163025.0,281.75
2024-07-26,281.45001220703125,283.1499938964844,279.70001220703125,21431200,6065029600.0,283.0
2024-07-29,284.25,287.3999938964844,282.8999938964844,16100300,4609515693.463135,286.29998779296875
2024-07-30,285.1000061035156,286.29998779296875,283.6499938964844,15650600,4471376611.047363,285.70001220703125
2024-07-31,283.04998779296875,290.6499938964844,282.20001220703125,51467700,14928205756.732178,290.04998779296875
2024-08-01,286.70001220703125,286.8500061035156,278.6000061035156,46476300,13041250063.668823,280.6000061035156
2024-08-02,270.6000061035156,270.6000061035156,263.1499938964844,72492800,19098229044.921875,263.45001220703125
2024-08-05,248.4499969482422,256.79998779296875,224.3999938964844,86154500,20241999512.07733,234.9499969482422
2024-08-06,254.9499969482422,256.3500061035156,245.75,68702400,17117202540.673828,249.1499938964844
2024-08-07,247.3000030517578,263.95001220703125,245.8000030517578,67136800,17348148710.229492,258.3999938964844
2024-08-08,253.75,260.1499938964844,252.6499938964844,56581700,14450965834.65271,255.3999938964844
2024-08-09,260.3999938964844,261.04998779296875,253.5500030517578,42204600,10893007517.596436,258.1000061035156
2024-08-13,261.04998779296875,265.04998779296875,260.8500061035156,18893000,5000977330.627441,264.70001220703125
2024-08-14,267.0,269.79998779296875,265.75,28075500,7515811692.718506,267.70001220703125
2024-08-15,268.3999938964844,271.79998779296875,268.25,42253600,11397908600.0,269.75
2024-08-16,276.5,278.3999938964844,274.5,26122400,7269863601.123047,278.29998779296875
2024-08-19,276.95001220703125,278.29998779296875,273.6000061035156,20600200,5648575091.467285,274.20001220703125
2024-08-20,277.1000061035156,278.20001220703125,275.6000061035156,19987300,5537481221.014404,277.04998779296875
2024-08-21,274.20001220703125,277.0,273.95001220703125,18906400,5226674510.791016,276.45001220703125
2024-08-22,276.5,277.8500061035156,275.75,12677900,3518117250.0,277.5
2024-08-23,277.6000061035156,279.1000061035156,276.3999938964844,12394400,3456798084.350586,278.8999938964844
2024-08-26,276.95001220703125,277.54998779296875,274.75,15415000,4255310561.828613,276.04998779296875
2024-08-27,276.3500061035156,278.6499938964844,275.3999938964844,13625000,3787750000.0,278.0
2024-08-28,277.6499938964844,279.45001220703125,277.20001220703125,9475600,2647482582.165528,279.3999938964844
2024-08-29,278.5,279.79998779296875,277.8999938964844,7597500,2123881032.25708,279.54998779296875
2024-08-30,280.0,281.79998779296875,279.3999938964844,72246800,20308575920.959476,281.1000061035156
2024-09-02,283.5,283.8500061035156,280.20001220703125,16994800,4787435367.456055,281.70001220703125
2024-09-03,281.8500061035156,284.5,281.79998779296875,19922800,5646121398.400879,283.3999938964844
2024-09-04,275.1499938964844,277.20001220703125,272.45001220703125,24937400,6807910200.0,273.0
2024-09-05,269.95001220703125,275.6000061035156,269.1000061035156,14671100,3994206975.0,272.25
2024-09-06,272.1499938964844,272.79998779296875,268.25,11802900,3180881550.0,269.5
2024-09-09,262.20001220703125,268.3500061035156,261.75,32707000,8770381850.372314,268.1499938964844
2024-09-10,268.79998779296875,270.20001220703125,267.1000061035156,17852200,4772785778.961182,267.3500061035156
2024-09-11,265.75,266.45001220703125,260.3500061035156,19703500,5178079559.47876,262.79998779296875
2024-09-12,268.70001220703125,270.3999938964844,266.8999938964844,14056400,3782577325.793457,269.1000061035156
2024-09-13,268.45001220703125,268.70001220703125,266.04998779296875,10926400,2911885600.0,266.5
2024-09-17,267.54998779296875,267.8999938964844,261.6499938964844,16646100,4424533176.800537,265.79998779296875
2024-09-18,267.8999938964844,268.25,264.1000061035156,11277100,2998580821.170044,265.8999938964844
2024-09-19,270.6499938964844,273.29998779296875,270.6000061035156,36618700,9945639143.502808,271.6000061035156
2024-09-20,276.29998779296875,276.95001220703125,274.0,16421600,4501160660.229492,274.1000061035156
2024-09-24,277.45001220703125,278.04998779296875,275.5,14623900,4031077945.742798,275.6499938964844
2024-09-25,275.20001220703125,276.20001220703125,274.45001220703125,16122100,4435995716.598511,275.1499938964844
2024-09-26,278.04998779296875,281.8999938964844,277.54998779296875,23559800,6641507476.202393,281.8999938964844
2024-09-27,284.95001220703125,287.5,282.45001220703125,20376200,5830649505.633545,286.1499938964844
2024-09-30,276.20001220703125,279.75,275.8999938964844,20857300,5771215164.605713,276.70001220703125
2024-10-01,279.0,282.5,278.6000061035156,11962800,3373509600.0,282.0
2024-10-02,278.0,280.6499938964844,276.6000061035156,13708400,3802024823.6694336,277.3500061035156
2024-10-03,283.95001220703125,284.25,280.6499938964844,14613500,4104201564.1937256,280.8500061035156
2024-10-04,281.54998779296875,282.8999938964844,281.29998779296875,6628600,1870259449.5422363,282.1499938964844
2024-10-07,287.5,288.54998779296875,286.20001220703125,30223100,8692163744.467163,287.6000061035156
2024-10-08,284.5,285.1000061035156,282.1499938964844,14412900,4083174394.0612793,283.29998779296875
2024-10-09,285.25,285.75,282.5,17117500,4851955583.953857,283.45001220703125
2024-10-10,285.70001220703125,285.8500061035156,283.75,6630300,1886320350.0,284.5
2024-10-11,285.0,285.54998779296875,283.3500061035156,15563200,4412945170.019531,283.54998779296875
2024-10-15,287.1000061035156,287.5,285.0,24119100,6873943500.0,285.0
2024-10-16,281.54998779296875,284.29998779296875,280.6000061035156,10590100,2991173874.2736816,282.45001220703125
2024-10-17,283.3500061035156,283.8500061035156,281.3999938964844,14918200,4200219027.8930655,281.54998779296875
2024-10-18,282.6499938964844,283.3999938964844,281.29998779296875,17275400,4867343950.0,281.75
2024-10-21,281.8999938964844,282.3500061035156,280.04998779296875,10109400,2840741400.0,281.0
2024-10-22,280.45001220703125,281.1499938964844,276.20001220703125,24178400,6720386575.146484,277.95001220703125
2024-10-23,277.79998779296875,279.20001220703125,275.8500061035156,7955300,2200038117.8894043,276.54998779296875
2024-10-24,274.0,277.20001220703125,273.1000061035156,59105500,16336759839.248655,276.3999938964844
2024-10-25,275.0,275.6499938964844,272.95001220703125,10842000,2976129000.0,274.5
2024-10-28,273.75,279.45001220703125,273.1000061035156,25154000,7010420107.055664,278.70001220703125
2024-10-29,278.79998779296875,281.3999938964844,278.3500061035156,11681100,3282389100.0,281.0
2024-10-30,282.1499938964844,284.6499938964844,282.1000061035156,10350100,2937875948.171997,283.8500061035156
2024-10-31,282.0,283.3500061035156,280.8999938964844,19256200,5426396924.938965,281.79998779296875
2024-11-01,278.1000061035156,280.1499938964844,276.45001220703125,14325200,3972377785.131836,277.29998779296875
2024-11-05,278.8500061035156,280.04998779296875,276.95001220703125,10870100,3017539826.345825,277.6000061035156
2024-11-06,280.6499938964844,286.45001220703125,280.04998779296875,19155400,5454500150.0,284.75
2024-11-07,287.79998779296875,289.79998779296875,284.6499938964844,21853800,6274226113.38501,287.1000061035156
2024-11-08,290.04998779296875,290.29998779296875,286.5,10844200,3107947786.187744,286.6000061035156
2024-11-11,287.25,288.70001220703125,286.20001220703125,9495600,2727136435.913086,287.20001220703125
2024-11-12,288.6000061035156,290.29998779296875,286.25,16291200,4673945180.566406,286.8999938964844
2024-11-13,287.1499938964844,287.3500061035156,282.95001220703125,17793300,5049738322.796631,283.79998779296875
2024-11-14,284.70001220703125,286.8500061035156,283.25,12562200,3558243150.0,283.25
2024-11-15,285.1499938964844,286.3500061035156,284.20001220703125,25118000,7138535906.616211,284.20001220703125
2024-11-18,282.0,283.79998779296875,281.3999938964844,13912300,3927442120.172119,282.29998779296875
2024-11-19,283.20001220703125,284.8500061035156,282.20001220703125,13740700,3905107107.733154,284.20001220703125
2024-11-20,284.20001220703125,285.1499938964844,282.04998779296875,29761800,8425565761.651611,283.1000061035156
2024-11-21,282.70001220703125,283.20001220703125,281.0,9909400,2785532400.4821777,281.1000061035156
2024-11-22,281.75,283.70001220703125,281.5,12166200,3436343338.513184,282.45001220703125
2024-11-25,285.20001220703125,286.6499938964844,284.29998779296875,16061300,4566227393.939209,284.29998779296875
2024-11-26,283.25,283.45001220703125,279.8500061035156,15081200,4257422575.90332,282.29998779296875
2024-11-27,281.20001220703125,281.54998779296875,278.25,11108100,3107490975.0,279.75
2024-11-28,278.29998779296875,282.3500061035156,278.1000061035156,15031800,4237464328.253174,281.8999938964844
2024-11-29,281.3999938964844,281.6000061035156,279.6000061035156,47120600,13214972845.202637,280.45001220703125
2024-12-02,281.3999938964844,285.1000061035156,281.20001220703125,17871000,5084299500.0,284.5
2024-12-03,285.75,290.0,285.75,19361500,5574175731.826782,287.8999938964844
2024-12-04,289.0,289.3999938964844,286.6000061035156,11183900,3206983325.0,286.75
2024-12-05,289.3500061035156,289.3500061035156,286.8500061035156,16186800,4644802457.592773,286.95001220703125
2024-12-06,287.54998779296875,287.8999938964844,285.1000061035156,10883800,3110589907.1411133,285.79998779296875
2024-12-09,287.1499938964844,287.70001220703125,285.29998779296875,11621100,3331769511.859131,286.70001220703125
2024-12-10,289.04998779296875,289.5,287.1000061035156,18203700,5226282381.106567,287.1000061035156
2024-12-11,287.8999938964844,288.5,286.54998779296875,9789700,2823839084.503174,288.45001220703125
2024-12-12,290.45001220703125,292.29998779296875,290.45001220703125,18532600,5385573673.114014,290.6000061035156
2024-12-13,289.1000061035156,289.1000061035156,286.3999938964844,20881500,6014915820.098877,288.04998779296875
2024-12-16,288.0,288.79998779296875,286.6499938964844,15740300,4515105151.071167,286.8500061035156
2024-12-17,287.25,289.54998779296875,285.45001220703125,15166600,4329306155.13916,285.45001220703125
2024-12-18,285.5,287.45001220703125,285.25,10496100,2994012525.0,285.25
2024-12-19,280.45001220703125,285.3500061035156,280.0,19572000,5567255638.916016,284.45001220703125
2024-12-20,285.6000061035156,286.04998779296875,283.04998779296875,13307600,3766716017.553711,283.04998779296875
2024-12-23,284.75,286.25,284.04998779296875,11087000,3170327785.3393555,285.95001220703125
2024-12-24,286.75,286.75,285.6499938964844,8864600,2536605235.8947754,286.1499938964844
2024-12-25,286.3999938964844,286.5,284.0,17649400,5050375702.276611,286.1499938964844
2024-12-26,286.75,290.20001220703125,286.75,8833900,2563156031.0821533,290.1499938964844
2024-12-27,291.54998779296875,294.3999938964844,291.3500061035156,11357800,3342600401.3549805,294.29998779296875
2024-12-30,294.54998779296875,295.0,291.3999938964844,93596500,27320817778.7323,291.8999938964844
2025-01-06,292.70001220703125,293.3500061035156,288.3500061035156,26401200,7629946800.0,289.0
2025-01-07,290.8500061035156,293.70001220703125,289.5,42955500,12575222625.0,292.75
2025-01-08,291.04998779296875,291.45001220703125,289.70001220703125,22111900,6429034925.0,290.75
2025-01-09,289.70001220703125,290.04998779296875,286.29998779296875,30990300,8898864455.85022,287.1499938964844
2025-01-10,285.75,287.20001220703125,284.75,11741900,3343506025.0,284.75
2025-01-14,284.3999938964844,284.8999938964844,280.29998779296875,22458000,6324172937.072754,281.6000061035156
2025-01-15,283.6000061035156,284.3500061035156,281.6000061035156,9548900,2698519198.2818604,282.6000061035156
2025-01-16,284.1000061035156,285.1000061035156,281.8999938964844,9541200,2693003700.0,282.25
2025-01-17,281.3500061035156,281.45001220703125,278.1000061035156,11387700,3199374454.01001,280.95001220703125
2025-01-20,283.25,285.6499938964844,283.0,13413400,3815441793.737793,284.45001220703125
2025-01-21,286.5,286.75,282.75,8903800,2534911968.688965,284.70001220703125
2025-01-22,286.8999938964844,287.79998779296875,286.3999938964844,9079200,2609362024.584961,287.3999938964844
2025-01-23,288.25,289.29998779296875,287.1499938964844,15345800,4432634423.66333,288.8500061035156
2025-01-24,289.3999938964844,291.0,287.75,36951000,10662210598.937988,288.54998779296875
2025-01-27,290.6499938964844,291.8999938964844,288.8999938964844,13227800,3828786871.472168,289.45001220703125
2025-01-28,287.95001220703125,291.1000061035156,286.5,15887100,4594549513.934326,289.20001220703125
2025-01-29,290.75,291.8999938964844,290.20001220703125,12536200,3653675643.029785,291.45001220703125
2025-01-30,290.3999938964844,292.3500061035156,290.25,5851200,1708550400.0,292.0
2025-01-31,292.20001220703125,293.3999938964844,291.3500061035156,15510800,4536909000.0,292.5
2025-02-03,285.75,287.75,284.8500061035156,30448000,8688336985.839844,285.3500061035156
2025-02-04,289.6499938964844,290.04998779296875,286.20001220703125,19803400,5689516578.259277,287.29998779296875
2025-02-05,288.3999938964844,290.5,286.8500061035156,84826700,24438572787.74109,288.1000061035156
2025-02-06,288.70001220703125,290.70001220703125,288.3999938964844,9926700,2869312513.824463,289.04998779296875
2025-02-07,287.95001220703125,288.5,286.3500061035156,8898200,2556452751.3793945,287.29998779296875
2025-02-10,287.1000061035156,287.54998779296875,286.0,8531700,2448597900.0,287.0
2025-02-12,286.95001220703125,287.3999938964844,285.45001220703125,10352700,2970707391.3757324,286.95001220703125
2025-02-13,288.5,290.8999938964844,287.8500061035156,11570600,3359523780.621338,290.3500061035156
2025-02-14,291.3999938964844,292.29998779296875,289.3500061035156,10928600,3164375996.5942383,289.54998779296875
2025-02-17,289.1499938964844,290.95001220703125,288.8500061035156,8355800,2426942211.999512,290.45001220703125
2025-02-18,290.70001220703125,292.79998779296875,290.29998779296875,52444600,15271868160.192871,291.20001220703125
2025-02-19,290.6499938964844,292.04998779296875,289.3999938964844,13270800,3854504021.9970703,290.45001220703125
2025-02-20,288.95001220703125,289.1000061035156,285.6000061035156,9974700,2861741369.1192627,286.8999938964844
2025-02-21,285.8999938964844,287.70001220703125,285.6000061035156,8054800,2313741300.0,287.25
2025-02-25,283.79998779296875,286.95001220703125,283.45001220703125,12219600,3496027634.5825195,286.1000061035156
2025-02-26,285.04998779296875,285.45001220703125,282.6499938964844,24205800,6909545905.480957,285.45001220703125
2025-02-27,285.5,287.45001220703125,285.20001220703125,9418500,2707347939.971924,287.45001220703125
2025-02-28,284.3500061035156,284.8500061035156,280.29998779296875,49972700,14059819450.009155,281.3500061035156
2025-03-03,285.04998779296875,286.70001220703125,283.54998779296875,17966700,5150154445.339966,286.6499938964844
2025-03-04,284.70001220703125,285.8999938964844,281.8500061035156,20587500,5858172873.687744,284.54998779296875
2025-03-05,284.6499938964844,286.54998779296875,283.3500061035156,15579100,4444717039.825439,285.29998779296875
2025-03-06,286.8999938964844,289.5,286.8999938964844,9424100,2722151342.5201416,288.8500061035156
2025-03-07,284.0,286.1000061035156,282.29998779296875,10742100,3055590476.1291504,284.45001220703125
2025-03-10,284.70001220703125,285.1499938964844,282.75,9903900,2810231625.0,283.75
2025-03-11,279.3999938964844,280.70001220703125,275.1499938964844,24745300,6946006012.06665,280.70001220703125
2025-03-12,280.1499938964844,284.1000061035156,280.1499938964844,18368400,5200094152.111816,283.1000061035156
2025-03-13,284.8999938964844,286.20001220703125,283.1499938964844,11634200,3301785817.980957,283.79998779296875
2025-03-14,282.1000061035156,286.1000061035156,281.70001220703125,12236300,3494687354.684448,285.6000061035156
2025-03-17,287.95001220703125,289.5,287.8500061035156,11318700,3266010746.8322754,288.54998779296875
2025-03-18,292.29998779296875,293.25,291.75,22493700,6578282839.581299,292.45001220703125
2025-03-19,292.6000061035156,295.3999938964844,292.6000061035156,26907600,7898725651.538086,293.54998779296875
2025-03-21,292.29998779296875,295.8500061035156,292.1499938964844,17463800,5140469636.590576,294.3500061035156
2025-03-24,294.70001220703125,294.95001220703125,292.8500061035156,25765900,7558426922.262573,293.3500061035156
2025-03-25,295.25,295.95001220703125,293.0,10144700,2981527268.081665,293.8999938964844
2025-03-26,296.20001220703125,296.3999938964844,294.1499938964844,35265500,10424482015.24353,295.6000061035156
2025-03-27,293.04998779296875,295.1499938964844,292.54998779296875,20171600,5953647616.882324,295.1499938964844
2025-03-28,294.3500061035156,294.8500061035156,291.1499938964844,15542800,4548600325.134277,292.6499938964844
2025-03-31,283.95001220703125,284.75,281.1499938964844,43436700,12266523814.883425,282.3999938964844
2025-04-01,285.6499938964844,286.29998779296875,281.8500061035156,20931500,5906869555.511475,282.20001220703125
2025-04-02,283.1000061035156,283.1000061035156,279.1499938964844,17992100,5066575469.815063,281.6000061035156
2025-04-03,269.3999938964844,273.79998779296875,268.79998779296875,44941000,12268893000.0,273.0
2025-04-04,266.1499938964844,267.8999938964844,258.6000061035156,48017500,12643007163.848877,263.29998779296875
2025-04-07,241.0,249.0,235.8500061035156,58501500,14230489875.0,243.25
2025-04-08,254.5500030517578,260.3999938964844,254.5500030517578,31341100,8082869498.709106,257.8999938964844
2025-04-09,252.8999938964844,253.3999938964844,246.0,48223000,12017171452.835085,249.1999969482422
2025-04-10,272.20001220703125,272.54998779296875,266.5,41657100,11253665310.74524,270.1499938964844
2025-04-11,255.8000030517578,263.0,255.1000061035156,30829300,8068028186.334228,261.70001220703125
2025-04-14,264.54998779296875,267.29998779296875,264.0,16931100,4469810400.0,264.0
2025-04-15,267.29998779296875,268.29998779296875,266.6499938964844,9379600,2502008300.0,266.75
2025-04-16,267.04998779296875,267.8999938964844,262.8500061035156,20882200,5528562450.0,264.75
2025-04-17,265.3500061035156,268.54998779296875,264.6000061035156,15327600,4116226792.895508,268.54998779296875
2025-04-18,269.95001220703125,271.79998779296875,268.3500061035156,12836000,3484332356.689453,271.45001220703125
2025-04-21,269.8500061035156,270.6499938964844,267.5,18108000,4858376178.955078,268.29998779296875
2025-04-22,267.5,269.04998779296875,267.04998779296875,10916700,2935500563.369751,268.8999938964844
2025-04-23,275.29998779296875,275.45001220703125,272.8999938964844,17440000,4777688212.890625,273.95001220703125
2025-04-24,276.75,277.1000061035156,274.45001220703125,13817500,3797048831.3293457,274.79998779296875
2025-04-25,277.70001220703125,279.95001220703125,277.29998779296875,11875100,3313152900.0,279.0
2025-04-28,281.29998779296875,283.04998779296875,280.79998779296875,25310700,7122430825.515747,281.3999938964844
2025-04-30,283.0,283.70001220703125,281.45001220703125,56308600,15960673357.36084,283.45001220703125
2025-05-01,283.3999938964844,285.0,282.20001220703125,27160900,7727276050.0,284.5
2025-05-02,285.1499938964844,287.1000061035156,284.3500061035156,15820200,4511129933.441162,285.1499938964844
2025-05-07,286.8999938964844,287.5,285.20001220703125,15202600,4354024547.210693,286.3999938964844
2025-05-08,286.6000061035156,287.1000061035156,284.04998779296875,11559500,3311796750.0,286.5
2025-05-09,289.79998779296875,290.70001220703125,288.8999938964844,14795700,4292972264.694214,290.1499938964844
2025-05-12,291.5,291.54998779296875,289.25,13613200,3966886396.911621,291.3999938964844
2025-05-13,296.3999938964844,296.95001220703125,294.29998779296875,28736500,8462899250.0,294.5
2025-05-14,294.04998779296875,294.3999938964844,290.3999938964844,16531500,4847036001.800537,293.20001220703125
2025-05-15,291.0,291.8999938964844,289.95001220703125,12028500,3494880528.1677246,290.54998779296875
2025-05-16,291.45001220703125,291.6000061035156,289.25,9302500,2707027500.0,291.0
2025-05-19,290.6000061035156,291.3999938964844,289.95001220703125,6009400,1747834026.6784668,290.8500061035156
2025-05-20,292.45001220703125,293.1499938964844,290.04998779296875,19811900,5753375639.077759,290.3999938964844
2025-05-21,291.75,292.25,289.8500061035156,13521800,3923350187.4694815,290.1499938964844
2025-05-22,288.04998779296875,289.3999938964844,287.20001220703125,7764500,2238117125.0,288.25
2025-05-23,289.70001220703125,290.79998779296875,289.45001220703125,13261400,3853762920.941162,290.6000061035156
2025-05-26,291.29998779296875,292.70001220703125,290.70001220703125,9671200,2825924758.0566406,292.20001220703125
2025-05-27,292.20001220703125,294.54998779296875,291.6000061035156,13156100,3873813805.596924,294.45001220703125
2025-05-28,296.8500061035156,297.20001220703125,294.1000061035156,17186800,5061512600.0,294.5
2025-05-29,296.3999938964844,298.95001220703125,296.1000061035156,15041100,4489016478.607178,298.45001220703125
2025-05-30,294.6000061035156,298.5,294.6000061035156,11928700,3545806075.0,297.25
2025-06-02,295.25,295.6000061035156,293.75,11769300,3469589496.331787,294.79998779296875
2025-06-03,295.3999938964844,295.95001220703125,294.25,6535200,1923309280.2246091,294.29998779296875
2025-06-04,295.75,296.6000061035156,295.3999938964844,7127700,2106948163.5040283,295.6000061035156
2025-06-05,294.0,294.3500061035156,292.3500061035156,8312700,2431464750.0,292.5
2025-06-06,293.3999938964844,294.6499938964844,293.3999938964844,7692600,2263163013.9038086,294.20001220703125
2025-06-09,296.25,296.54998779296875,295.45001220703125,9656600,2855456737.878418,295.70001220703125
2025-06-10,296.45001220703125,297.54998779296875,295.1499938964844,15824300,4675289628.167725,295.45001220703125
2025-06-11,296.8999938964844,297.0,295.45001220703125,9729400,2880875399.383545,296.1000061035156
2025-06-12,295.8999938964844,296.70001220703125,294.54998779296875,5859400,1731159801.525879,295.45001220703125
2025-06-13,294.1499938964844,294.8500061035156,291.3500061035156,13643000,3989895516.5405273,292.45001220703125
2025-06-16,294.6000061035156,295.79998779296875,293.6000061035156,7890300,2327638500.0,295.0
2025-06-17,295.1499938964844,296.04998779296875,294.75,9934100,2935029966.265869,295.45001220703125
2025-06-18,294.79998779296875,298.45001220703125,294.70001220703125,9622900,2870992273.7335205,298.3500061035156
2025-06-19,297.8999938964844,298.1000061035156,295.8500061035156,11467100,3398275154.989624,296.3500061035156
2025-06-20,296.0,296.8500061035156,294.3999938964844,5816300,1712318684.500122,294.3999938964844
2025-06-23,293.45001220703125,293.45001220703125,291.79998779296875,11249700,3297849486.3372803,293.1499938964844
2025-06-24,296.29998779296875,297.25,294.70001220703125,9147900,2700002629.1656494,295.1499938964844
2025-06-25,296.25,296.5,294.1000061035156,8477600,2503859211.743164,295.3500061035156
2025-06-26,295.6499938964844,297.95001220703125,295.6499938964844,13726400,4088408323.779297,297.8500061035156
2025-06-27,300.0,302.5,299.79998779296875,16063400,4852753238.043213,302.1000061035156
2025-06-30,304.70001220703125,305.1000061035156,302.3999938964844,15523400,4703590200.0,303.0
2025-07-01,302.70001220703125,302.8999938964844,300.3999938964844,14241400,4285237173.0773926,300.8999938964844
2025-07-02,299.29998779296875,301.5,298.95001220703125,10287800,3086340000.0,300.0
2025-07-03,300.0,300.6000061035156,299.29998779296875,10228500,3072641337.5701904,300.3999938964844
2025-07-04,302.29998779296875,302.3999938964844,299.75,15435400,4642968131.57959,300.79998779296875
2025-07-07,300.6000061035156,300.8999938964844,298.20001220703125,19256200,5747975700.0,298.5
2025-07-08,298.3500061035156,299.75,298.20001220703125,17906500,5363891856.414795,299.54998779296875
2025-07-09,294.20001220703125,294.45001220703125,292.6499938964844,11828500,3474621875.0,293.75
2025-07-10,293.29998779296875,293.3500061035156,290.8999938964844,47596900,13874496350.0,291.5
2025-07-11,293.45001220703125,295.1499938964844,292.3999938964844,13553200,3974475900.0,293.25
2025-07-14,292.54998779296875,294.1499938964844,291.70001220703125,11585700,3398085668.572998,293.29998779296875
2025-07-15,294.04998779296875,294.70001220703125,292.6000061035156,9235700,2709754323.6297607,293.3999938964844
2025-07-16,293.6000061035156,293.95001220703125,292.1499938964844,5062700,1482105425.0,292.75
2025-07-17,292.0,295.1000061035156,291.75,8545400,2520893000.0,295.0
2025-07-18,295.8500061035156,296.0,294.1000061035156,16994700,5003239576.272583,294.3999938964844
2025-07-22,294.54998779296875,297.29998779296875,292.8999938964844,14695600,4325649949.694824,294.3500061035156
2025-07-23,298.95001220703125,305.20001220703125,298.6000061035156,37500000,11400000000.0,304.0
2025-07-24,307.29998779296875,310.20001220703125,306.79998779296875,16442400,5085634119.287109,309.29998779296875
2025-07-25,308.20001220703125,308.5,306.0,8434300,2582582762.957764,306.20001220703125
2025-07-28,306.70001220703125,306.70001220703125,304.1000061035156,4474200,1361499005.3833008,304.29998779296875
2025-07-29,302.6000061035156,302.70001220703125,301.20001220703125,18360900,5543155597.93396,301.8999938964844
2025-07-30,302.0,303.3999938964844,301.6000061035156,8649700,2623453904.412842,303.29998779296875
2025-07-31,304.20001220703125,306.0,303.6000061035156,16449400,5026936740.39917,305.6000061035156
2025-08-01,305.20001220703125,307.6000061035156,304.79998779296875,7858800,2407936272.0336914,306.3999938964844
2025-08-04,299.75,303.1000061035156,299.04998779296875,15003300,4542999056.854248,302.79998779296875
2025-08-05,304.5,305.79998779296875,303.70001220703125,7416700,2262835215.2679443,305.1000061035156
2025-08-06,305.20001220703125,308.70001220703125,305.1000061035156,16448300,5074300550.0,308.5
2025-08-07,307.5,311.1000061035156,307.5,10418900,3234026496.408081,310.3999938964844
2025-08-08,311.6000061035156,315.6000061035156,311.6000061035156,13758600,4320200400.0,314.0
2025-08-12,316.1000061035156,320.20001220703125,316.0,17989000,5727697490.203857,318.3999938964844
2025-08-13,320.5,322.29998779296875,319.6000061035156,14517500,4661569338.607788,321.1000061035156
2025-08-14,319.5,319.79998779296875,317.1000061035156,18035600,5729910340.161133,317.70001220703125
2025-08-15,319.29998779296875,322.8999938964844,319.29998779296875,10874200,3511279113.6291504,322.8999938964844
2025-08-18,323.0,325.20001220703125,323.0,9694600,3141050400.0,324.0
2025-08-19,324.8999938964844,325.1000061035156,322.5,9449600,3058835635.3515625,323.70001220703125
2025-08-20,322.6000061035156,323.29998779296875,321.20001220703125,12887400,4149742800.0,322.0
2025-08-21,321.79998779296875,321.79998779296875,319.3999938964844,6868000,2199820316.1621094,320.29998779296875
2025-08-22,320.79998779296875,322.3999938964844,319.70001220703125,7619100,2453350200.0,322.0
2025-08-25,324.8999938964844,325.0,321.70001220703125,11419600,3680536940.600586,322.29998779296875
2025-08-26,321.6000061035156,322.0,318.29998779296875,20145300,6428365352.957153,319.1000061035156
2025-08-27,319.3999938964844,319.3999938964844,317.79998779296875,4210800,1342402988.5986328,318.79998779296875
2025-08-28,318.0,321.0,317.5,7319000,2349399000.0,321.0
2025-08-29,320.1000061035156,320.20001220703125,318.79998779296875,9367700,2993916977.175904,319.6000061035156
2025-09-01,317.70001220703125,320.0,316.29998779296875,16194000,5151311498.840332,318.1000061035156
2025-09-02,319.0,320.70001220703125,318.5,11458400,3671271290.0634766,320.3999938964844
2025-09-03,319.29998779296875,319.8999938964844,316.1000061035156,12083600,3828084332.495117,316.79998779296875
2025-09-04,317.5,320.20001220703125,317.5,9290600,2972062883.2946777,319.8999938964844
2025-09-05,322.5,323.29998779296875,320.6000061035156,10124200,3270116600.0,323.0
2025-09-08,324.8999938964844,327.0,323.8999938964844,10874200,3547164172.741699,326.20001220703125
2025-09-09,327.6000061035156,328.6000061035156,324.0,7597700,2465453650.0,324.5
2025-09-10,324.3999938964844,326.5,324.20001220703125,10802200,3522597485.9313965,326.1000061035156
2025-09-11,325.79998779296875,327.3999938964844,324.8999938964844,11199500,3662236500.0,327.0
2025-09-12,329.3999938964844,329.6000061035156,327.5,11350600,3727536970.721436,328.3999938964844
2025-09-16,329.1000061035156,330.70001220703125,327.70001220703125,12080400,3979283686.26709,329.3999938964844
2025-09-17,327.79998779296875,328.1000061035156,325.5,18223300,5955374217.547607,326.79998779296875
2025-09-18,327.79998779296875,329.20001220703125,325.8999938964844,18956000,6228941715.698242,328.6000061035156
2025-09-19,330.1000061035156,331.20001220703125,324.6000061035156,26607100,8689879022.39685,326.6000061035156
2025-09-22,327.5,330.20001220703125,327.3999938964844,12073800,3967450753.692627,328.6000061035156
2025-09-24,328.3999938964844,329.70001220703125,326.70001220703125,11865200,3907210215.161133,329.29998779296875
2025-09-25,330.29998779296875,331.70001220703125,329.5,20842000,6902870654.418945,331.20001220703125
2025-09-26,330.79998779296875,333.1000061035156,330.5,19865900,6567666661.251831,330.6000061035156
2025-09-29,331.1000061035156,331.5,327.8999938964844,19496400,6404567400.0,328.5
2025-09-30,328.6000061035156,329.8999938964844,326.5,24949600,8190953375.439453,328.29998779296875
2025-10-01,326.79998779296875,327.20001220703125,322.8999938964844,17838300,5788528350.0,324.5
2025-10-02,324.6000061035156,325.70001220703125,322.0,14300000,4627480087.280273,323.6000061035156
2025-10-03,324.29998779296875,328.29998779296875,324.20001220703125,13730700,4503669600.0,328.0
2025-10-06,338.70001220703125,339.5,335.3999938964844,30185700,10217859450.0,338.5
2025-10-07,339.79998779296875,340.70001220703125,337.8999938964844,18084200,6117884639.245605,338.29998779296875
2025-10-08,339.6000061035156,342.29998779296875,338.70001220703125,12133500,4118109825.942993,339.3999938964844
2025-10-09,340.8999938964844,341.70001220703125,339.8999938964844,10458500,3571577750.0,341.5
2025-10-10,340.3999938964844,340.3999938964844,334.70001220703125,22707400,7606979000.0,335.0
2025-10-14,329.6000061035156,333.29998779296875,326.6000061035156,29367600,9653130478.49121,328.70001220703125
2025-10-15,330.8999938964844,334.20001220703125,330.3999938964844,12168400,4066679428.540039,334.20001220703125
2025-10-16,336.29998779296875,337.20001220703125,334.3999938964844,8951000,3003060500.0,335.5
2025-10-17,333.1000061035156,335.0,331.8999938964844,18288200,6078997568.377686,332.3999938964844
2025-10-20,337.5,340.29998779296875,336.29998779296875,17144800,5829232000.0,340.0
2025-10-21,342.20001220703125,343.29998779296875,340.1000061035156,26663500,9086920474.517822,340.79998779296875
2025-10-22,340.20001220703125,343.29998779296875,339.6000061035156,19802100,6774298530.862427,342.1000061035156
2025-10-23,340.0,341.29998779296875,338.8999938964844,11773600,4011265663.720703,340.70001220703125
2025-10-24,342.70001220703125,343.8999938964844,341.29998779296875,16046500,5495926250.0,342.5
2025-10-27,347.1000061035156,349.1000061035156,346.5,17143500,5974509750.0,348.5
2025-10-28,347.70001220703125,347.70001220703125,344.20001220703125,12575600,4337324363.244629,344.8999938964844
2025-10-29,346.0,346.20001220703125,343.29998779296875,16188400,5565571722.387695,343.79998779296875
2025-10-30,344.3999938964844,346.70001220703125,343.3999938964844,28804700,9960664908.380129,345.79998779296875
2025-10-31,348.8999938964844,351.0,346.8999938964844,19715700,6884722680.670166,349.20001220703125
2025-11-04,348.3999938964844,351.5,347.0,23800700,8265982819.464111,347.29998779296875
2025-11-05,343.8999938964844,344.8999938964844,335.5,62824000,21523502783.447266,342.6000061035156
2025-11-06,345.8999938964844,348.3999938964844,345.29998779296875,15374500,5338026587.677002,347.20001220703125
2025-11-07,344.8999938964844,346.6000061035156,342.70001220703125,23649700,8170971350.0,345.5
2025-11-10,348.1000061035156,348.20001220703125,346.29998779296875,10363400,3605426796.746826,347.8999938964844
2025-11-11,350.0,350.6000061035156,347.0,21464500,7471792581.008911,348.1000061035156
2025-11-12,349.5,352.70001220703125,349.0,25451100,8963877730.682373,352.20001220703125
2025-11-13,353.29998779296875,355.5,353.20001220703125,15383600,5459639546.105957,354.8999938964844
2025-11-14,349.0,352.8999938964844,348.79998779296875,28700800,10108422110.351562,352.20001220703125
2025-11-17,351.1000061035156,351.6000061035156,349.29998779296875,12643100,4433935324.334717,350.70001220703125
2025-11-18,348.5,349.29998779296875,341.0,23987000,8181965846.405029,341.1000061035156
2025-11-19,342.1000061035156,343.6000061035156,338.5,16652900,5670312450.0,340.5
2025-11-20,347.8999938964844,349.5,345.3999938964844,30139400,10425218276.0437,345.8999938964844
2025-11-21,341.5,346.8999938964844,341.0,21307900,7366141290.106201,345.70001220703125
2025-11-25,349.0,349.1000061035156,343.8999938964844,21198100,7315464439.382935,345.1000061035156
2025-11-26,347.8999938964844,352.5,347.5,25093600,8832947200.0,352.0
2025-11-27,353.70001220703125,354.5,352.79998779296875,23483000,8291847443.328857,353.1000061035156
2025-11-28,352.70001220703125,354.6000061035156,352.5,11753700,4163160683.477783,354.20001220703125
2025-12-01,354.20001220703125,354.70001220703125,349.70001220703125,58398100,20445175166.43372,350.1000061035156
2025-12-02,350.8999938964844,352.20001220703125,349.70001220703125,18951600,6634955275.671387,350.1000061035156
2025-12-03,350.6000061035156,351.5,348.8999938964844,11993000,4192752873.199463,349.6000061035156
2025-12-04,350.1000061035156,356.70001220703125,350.0,29571800,10545304060.491943,356.6000061035156
2025-12-05,352.79998779296875,353.5,351.1000061035156,16113500,5675174896.697998,352.20001220703125
2025-12-08,353.6000061035156,355.0,351.79998779296875,15890300,5641056500.0,355.0
2025-12-09,355.3999938964844,356.20001220703125,354.1000061035156,17114800,6072330831.079102,354.79998779296875
2025-12-10,356.1000061035156,357.3999938964844,354.0,12657800,4496050714.51416,355.20001220703125
2025-12-11,357.3999938964844,357.79998779296875,351.6000061035156,22307800,7863499500.0,352.5
2025-12-12,356.0,359.70001220703125,355.3999938964844,24862500,8933095946.502686,359.29998779296875
2025-12-15,357.6000061035156,360.6000061035156,357.29998779296875,24320800,8770080628.442383,360.6000061035156
2025-12-16,359.79998779296875,360.1000061035156,353.79998779296875,30867700,10920991883.19702,353.79998779296875
2025-12-17,353.0,353.8999938964844,350.70001220703125,10878700,3847796322.796631,353.70001220703125
2025-12-18,351.20001220703125,353.1000061035156,350.20001220703125,19745100,6952249830.514526,352.1000061035156
2025-12-19,353.70001220703125,356.29998779296875,353.1000061035156,22364300,7946035516.998291,355.29998779296875
2025-12-22,359.3999938964844,359.70001220703125,356.70001220703125,20868200,7454121294.73877,357.20001220703125
2025-12-23,357.70001220703125,359.3999938964844,357.3999938964844,140778300,50511252321.51489,358.79998779296875
2025-12-24,359.0,359.70001220703125,356.79998779296875,20740100,7410437476.824951,357.29998779296875
2025-12-25,358.70001220703125,358.70001220703125,356.8999938964844,4590000,1645974028.0151367,358.6000061035156
2025-12-26,359.0,360.3999938964844,357.70001220703125,17290000,6203651788.94043,358.79998779296875
2025-12-29,359.29998779296875,360.2999877929688,357.70001220703125,12171200,4380414805.712891,359.8999938964844
2025-12-30,359.20001220703125,359.3999938964844,357.79998779296875,38590900,13811682874.45984,357.8999938964844
2026-01-05,362.2000122070313,366.1000061035156,362.2000122070313,26016300,9495949500.0,365.0
2026-01-06,368.5,371.7000122070313,368.3999938964844,17084100,6345034635.726929,371.3999938964844
2026-01-07,368.3999938964844,370.1000061035156,367.1000061035156,18237600,6718731728.686523,368.3999938964844
2026-01-08,367.6000061035156,368.3999938964844,365.5,16445100,6010684050.0,365.5
2026-01-09,367.2999877929688,369.3999938964844,366.1000061035156,7136300,2633294700.0,369.0
2026-01-13,378.6000061035156,378.7000122070313,376.0,30854200,11647460500.0,377.5
2026-01-14,379.5,382.3999938964844,378.7999877929688,24845900,9501072008.35266,382.3999938964844
2026-01-15,381.5,385.8999938964844,381.3999938964844,14103700,5435565893.917847,385.3999938964844
2026-01-16,383.7000122070313,384.8999938964844,382.3999938964844,11255600,4331154742.602539,384.7999877929688
2026-01-19,382.0,384.1000061035156,380.0,13555700,5205388800.0,384.0
2026-01-20,382.2000122070313,382.7000122070313,380.1000061035156,17733600,6745861331.762695,380.3999938964844
2026-01-21,375.1000061035156,378.0,374.5,22312700,8409656493.814087,376.8999938964844
2026-01-22,381.7000122070313,381.7999877929688,379.3999938964844,14603400,5550752429.13208,380.1000061035156
2026-01-23,381.5,383.0,380.2000122070313,12257200,4673670210.375977,381.2999877929688
2026-01-26,374.1000061035156,375.7000122070313,372.5,21723600,8100730307.409668,372.8999938964844
2026-01-27,372.7999877929688,374.7000122070313,370.2000122070313,13353000,4994022000.0,374.0
2026-01-28,371.0,372.7000122070313,369.6000061035156,22451700,8325090085.931396,370.7999877929688
2026-01-29,371.3999938964844,373.5,368.3999938964844,20522400,7632280434.741211,371.8999938964844
2026-01-30,373.7000122070313,375.2000122070313,371.2000122070313,19822400,7421506439.013672,374.3999938964844
2026-02-02,378.7000122070313,380.8999938964844,370.8999938964844,23797400,8835974329.504395,371.2999877929688
2026-02-03,377.7999877929688,383.2999877929688,377.2999877929688,18187800,6967746291.0095215,383.1000061035156
2026-02-04,381.7999877929688,384.2999877929688,380.1000061035156,12223600,4691417530.786133,383.7999877929688
2026-02-05,385.5,387.0,382.1000061035156,15991900,6134492937.606812,383.6000061035156
2026-02-06,381.3999938964844,388.5,379.2999877929688,29618000,11506593000.0,388.5
2026-02-09,401.7000122070313,401.8999938964844,396.5,41648600,16546988271.594238,397.2999877929688
2026-02-10,400.7000122070313,405.7999877929688,400.7000122070313,21567800,8728488923.278809,404.7000122070313
2026-02-12,405.1000061035156,408.2999877929688,403.8999938964844,40253100,16411189361.37085,407.7000122070313
2026-02-13,403.6000061035156,405.7999877929688,400.5,28486200,11428663787.731934,401.2000122070313
2026-02-16,402.5,402.5,397.2999877929688,18820400,7492401354.870605,398.1000061035156
2026-02-17,397.7000122070313,398.5,393.2000122070313,14154700,5593937612.786865,395.2000122070313
2026-02-18,397.5,400.7999877929688,397.2000122070313,9773500,3906468069.30542,399.7000122070313
2026-02-19,401.6000061035156,405.2000122070313,400.5,14019500,5672289785.568237,404.6000061035156
2026-02-20,401.3999938964844,401.5,398.3999938964844,13829400,5533143024.407959,400.1000061035156
2026-02-24,400.0,401.6000061035156,398.1000061035156,23656300,9488542074.386597,401.1000061035156
2026-02-25,403.5,405.5,399.7999877929688,16628700,6726309150.0,404.5
2026-02-26,408.6000061035156,410.0,407.2000122070313,23666500,9651198411.102297,407.7999877929688
2026-02-27,407.6000061035156,413.7000122070313,407.1000061035156,21163100,8742476739.169312,413.1000061035156
2026-03-02,403.7999877929688,409.3999938964844,401.5,40552500,16602193252.487185,409.3999938964844
2026-03-03,405.3999938964844,406.6000061035156,395.2000122070313,33759800,13365504613.946531,395.8999938964844
2026-03-04,385.8999938964844,391.0,377.0,81757000,31214821601.989742,381.7999877929688
2026-03-05,393.8999938964844,396.6000061035156,386.6000061035156,37578400,14599208400.0,388.5
2026-03-06,384.2000122070313,390.7999877929688,383.3999938964844,24475500,9552787351.226809,390.2999877929688
2026-03-09,369.2999877929688,376.7999877929688,366.7999877929688,59976200,22515065113.934326,375.3999938964844
2026-03-10,382.3999938964844,387.6000061035156,380.7999877929688,31016200,11931932518.615725,384.7000122070313
2026-03-11,389.7999877929688,392.8999938964844,387.8999938964844,23769500,9229696559.84497,388.2999877929688
2026-03-12,383.3999938964844,384.8999938964844,379.3999938964844,29928300,11459545887.332151,382.8999938964844
2026-03-13,377.8999938964844,383.1000061035156,375.5,32447000,12359062101.959229,380.8999938964844
2026-03-16,380.2000122070313,382.1000061035156,376.3999938964844,18649300,7068084700.0,379.0
2026-03-17,383.7999877929688,385.3999938964844,379.2999877929688,24285700,9250422981.77185,380.8999938964844
2026-03-18,384.0,390.7000122070313,384.0,22680900,8861427906.866455,390.7000122070313
2026-03-19,381.7000122070313,383.7999877929688,378.7999877929688,22021100,8348199144.406128,379.1000061035156
2026-03-23,367.2000122070313,368.2999877929688,361.8999938964844,32390200,11851573982.305908,365.8999938964844
2026-03-24,375.7999877929688,376.2000122070313,370.0,34556500,12934497528.167725,374.2999877929688
2026-03-25,383.5,384.5,381.6000061035156,30731800,11788718667.57202,383.6000061035156
2026-03-26,384.2999877929688,385.7000122070313,379.1000061035156,14377100,5500678547.750855,382.6000061035156
2026-03-27,379.8999938964844,384.7999877929688,377.7000122070313,20778200,7951817393.640137,382.7000122070313
2026-03-30,37.0,37.63999938964844,36.7400016784668,79754900,3001974387.321472,37.63999938964844
2026-03-31,37.130001068115234,37.93000030517578,36.90999984741211,251780300,9351120188.3255,37.13999938964844
2026-04-01,383.5,389.2000122070313,381.2999877929688,19862090,7730325670.457153,389.2000122070313
2026-04-02,392.7999877929688,394.1000061035156,381.7999877929688,14557440,5575499520.0,383.0
2026-04-03,386.7999877929688,388.6000061035156,385.0,16726160,6466333558.088379,386.6000061035156
2026-04-06,387.2000122070313,390.5,386.2999877929688,7404380,2864014093.614502,386.7999877929688
2026-04-07,388.2999877929688,390.7999877929688,385.3999938964844,10961600,4250908346.1914062,387.7999877929688
2026-04-08,403.5,403.5,397.6000061035156,17892030,7163968702.795715,400.3999938964844
2026-04-09,400.7000122070313,401.3999938964844,396.1000061035156,12475840,4949165880.292969,396.7000122070313
2026-04-10,398.8999938964844,399.0,396.1000061035156,14727190,5839330835.0,396.5
2026-04-13,394.5,397.7999877929688,392.8999938964844,13770580,5436624815.9021,394.7999877929688
2026-04-14,400.0,400.0,397.1000061035156,8691770,3461062920.100708,398.2000122070313
2026-04-15,402.3999938964844,403.0,398.8999938964844,14926010,5964433687.101135,399.6000061035156
2026-04-16,402.2999877929688,405.3999938964844,402.2000122070313,17643250,7134930192.314148,404.3999938964844
2026-04-17,403.0,403.1000061035156,399.1000061035156,15100850,6026749327.168274,399.1000061035156
2026-04-20,401.5,402.2999877929688,399.7999877929688,8808500,3528685153.7628174,400.6000061035156
2026-04-21,401.1000061035156,401.7000122070313,399.3999938964844,16652130,6652525935.0,399.5
2026-04-22,397.7999877929688,398.1000061035156,395.5,20743070,8232924356.394348,396.8999938964844
2026-04-23,396.7000122070313,397.6000061035156,390.2999877929688,21774440,8570419716.900635,393.6000061035156
2026-04-24,395.7000122070313,395.8999938964844,392.5,9457590,3723453298.4490967,393.7000122070313
2026-04-27,394.2999877929688,397.8999938964844,391.0,35268650,13962858319.737244,395.8999938964844
2026-04-28,397.7999877929688,400.0,396.5,18269570,7307828000.0,400.0
2026-04-30,396.0,396.0,392.2999877929688,17418510,6864634897.314148,394.1000061035156
2026-05-01,394.2000122070313,396.5,391.2000122070313,13476730,5317917740.255432,394.6000061035156
2026-05-07,404.1000061035156,409.6000061035156,402.5,25211910,10266290059.762571,407.2000122070313
2026-05-08,405.5,406.2000122070313,402.8999938964844,12794980,5193482303.90564,405.8999938964844
2026-05-11,407.1000061035156,410.0,405.7999877929688,9307430,3789054809.808045,407.1000061035156
2026-05-12,410.3999938964844,412.7000122070313,406.7999877929688,9041680,3709801193.6279297,410.2999877929688
2026-05-13,410.0,416.3999938964844,409.7999877929688,17206170,7152605079.036255,415.7000122070313
2026-05-14,416.5,416.6000061035156,411.2000122070313,16840080,6924641101.567383,411.2000122070313
2026-05-15,413.2000122070313,416.7000122070313,406.2000122070313,15449260,6332651579.7052,409.8999938964844
2026-05-18,410.0,411.1000061035156,404.5,20930820,8495819710.248413,405.8999938964844
2026-05-19,409.3999938964844,411.3999938964844,406.5,8957190,3657220567.6593018,408.2999877929688
2026-05-20,408.0,408.2000122070313,399.1000061035156,14204900,5713210953.399658,402.2000122070313
2026-05-21,408.5,411.2999877929688,407.2000122070313,15455940,6318388083.328857,408.7999877929688
2026-05-22,410.7999877929688,414.1000061035156,409.2999877929688,16415570,6769780967.807312,412.3999938964844
2026-05-25,415.6000061035156,419.2999877929688,413.3999938964844,18311940,7654390920.0,418.0
2026-05-26,418.0,419.1000061035156,415.3999938964844,12508960,5221239827.651367,417.3999938964844
2026-05-27,419.6000061035156,421.2999877929688,415.2999877929688,14750680,6130382698.031006,415.6000061035156
2026-05-28,413.1000061035156,415.2999877929688,409.8999938964844,11073780,4579008030.0,413.5
2026-05-29,416.7999877929688,422.6000061035156,416.2999877929688,16905480,7064799988.817139,417.8999938964844
2026-06-01,417.7999877929688,421.2000122070313,416.6000061035156,39102560,16325318800.0,417.5
2026-06-02,415.8999938964844,416.1000061035156,410.7999877929688,27046750,11246038319.839478,415.7999877929688
2026-06-03,420.1000061035156,426.1000061035156,418.7000122070313,25944760,10995388971.291504,423.7999877929688
2026-06-04,420.2000122070313,420.5,417.0,27551630,11533112486.161804,418.6000061035156
2026-06-05,419.0,420.6000061035156,416.8999938964844,21573860,9030817927.676392,418.6000061035156
2026-06-08,408.8999938964844,411.0,405.2000122070313,21345450,8726019699.435425,408.7999877929688
2026-06-09,413.8999938964844,414.2999877929688,409.0,21046250,8696310756.912231,413.2000122070313
2026-06-10,412.2999877929688,412.5,406.1000061035156,28495650,11620525722.15271,407.7999877929688
2026-06-11,401.1000061035156,407.0,399.5,24318340,9880541245.145264,406.2999877929688
2026-06-12,414.2999877929688,416.2999877929688,410.2000122070313,21172680,8727378954.455566,412.2000122070313
2026-06-15,421.3999938964844,427.7999877929688,421.0,29199710,12395276895.0,424.5
2026-06-16,423.5,425.2000122070313,422.1000061035156,17003560,7194206339.781494,423.1000061035156
2026-06-17,422.8999938964844,428.0,422.8999938964844,11852430,5043208965.0,425.5
2026-06-18,428.8999938964844,433.6000061035156,428.0,19945970,8622642587.51892,432.2999877929688
2026-06-19,435.2000122070313,435.2999877929688,426.7000122070313,18075430,7767012491.647339,429.7000122070313
2026-06-22,428.7000122070313,435.6000061035156,428.2000122070313,33964840,14757722980.0,434.5
2026-06-23,434.7999877929688,435.0,422.7999877929688,22291940,9425031959.881592,422.7999877929688
2026-06-24,423.2000122070313,425.1000061035156,417.7000122070313,26681010,11203355936.15204,419.8999938964844
2026-06-25,427.3999938964844,427.8999938964844,422.7999877929688,24347130,10369442518.396912,425.8999938964844
2026-06-26,422.7999877929688,425.2000122070313,417.0,31212940,13121919785.491331,420.3999938964844
2026-06-29,423.2000122070313,424.3999938964844,418.5,20256510,8542170514.271851,421.7000122070313
2026-06-30,425.5,426.8999938964844,421.7000122070313,13186710,5585890436.485291,423.6000061035156
2026-07-01,427.5,430.0,424.2999877929688,11629380,4951789862.039795,425.7999877929688
2026-07-02,425.8999938964844,430.3999938964844,423.7999877929688,20511410,8746065098.808289,426.3999938964844
2026-07-03,427.6000061035156,431.7000122070313,424.8999938964844,16798390,7251865168.058472,431.7000122070313
2026-07-06,433.2999877929688,436.2999877929688,431.6000061035156,17831580,7763869823.164673,435.3999938964844
2026-07-07,436.2000122070313,439.3999938964844,430.7000122070313,30094520,12994813368.635254,431.7999877929688
2026-07-08,427.7999877929688,431.6000061035156,425.8999938964844,15556910,6635022115.0,426.5
2026-07-09,419.0,420.5,417.2000122070313,27122170,11366901612.540588,419.1000061035156
2026-07-10,422.3999938964844,423.2999877929688,420.2999877929688,19626030,8284147382.787781,422.1000061035156
2026-07-13,422.0,424.6000061035156,415.6000061035156,13900030,5807432364.321899,417.7999877929688
2026-07-14,418.2999877929688,422.0,415.3999938964844,12782800,5385393483.959961,421.2999877929688
2026-07-15,424.0,425.7999877929688,420.5,15643440,6657848159.47998,425.6000061035156
2026-07-16,421.0,423.2999877929688,419.0,11434220,4798942273.577881,419.7000122070313
2026-07-17,415.8999938964844,416.7999877929688,401.8999938964844,31540630,12865422784.491272,407.8999938964844
2026-07-21,411.8999938964844,418.2999877929688,409.7000122070313,20619610,8625182611.295776,418.2999877929688
2026-07-22,421.6000061035156,424.1000061035156,419.5,33929460,14260551623.82202,420.2999877929688
2026-07-23,420.7000122070313,423.7999877929688,420.6000061035156,11131220,4698488029.939575,422.1000061035156
2026-07-24,417.8999938964844,418.3999938964844,416.1000061035156,11065970,4620042475.0,417.5
2026-07-27,420.3999938964844,424.2999877929688,418.7000122070313,14187050,6019565141.818237,424.2999877929688
2026-07-28,418.7000122070313,419.3999938964844,411.2000122070313,36925830,15246674981.62262,412.8999938964844
2026-07-29,414.7000122070313,416.6000061035156,409.7999877929688,18153180,7531754271.201782,414.8999938964844
2026-07-30,410.7000122070313,415.0,408.2999877929688,11897310,4910019982.230835,412.7000122070313
2026-07-31,417.6000061035156,422.3999938964844,414.8999938964844,41985870,17516505476.522827,417.2000122070313
2026-08-03,412.8999938964844,413.2999877929688,404.1000061035156,23173840,9542987029.11621,411.7999877929688
2026-08-04,411.3999938964844,413.7000122070313,409.1000061035156,22158610,9138210628.754578,412.3999938964844
2026-08-05,417.2000122070313,422.0,417.0,14596150,6149357816.824341,421.2999877929688
2026-08-06,420.6000061035156,423.7000122070313,419.6000061035156,17161180,7271192175.487061,423.7000122070313
2026-08-07,424.0,425.2000122070313,421.5,14522160,6173370304.63623,425.1000061035156
2026-08-10,426.8999938964844,428.6000061035156,424.5,10609610,4536669300.75592,427.6000061035156
2026-08-12,429.6000061035156,431.8999938964844,427.3999938964844,9512360,4108388225.941162,431.8999938964844
2026-08-13,434.7000122070313,436.2999877929688,432.3999938964844,10609810,4619511209.242859,435.3999938964844
2026-08-14,437.7000122070313,439.8999938964844,436.1000061035156,14148620,6194265663.2873535,437.7999877929688
2026-08-17,438.1000061035156,438.5,434.6000061035156,7963570,3471320114.394226,435.8999938964844
2026-08-18,435.0,436.8999938964844,430.7000122070313,14336900,6179203900.0,431.0
2026-08-19,425.2000122070313,425.2999877929688,417.3999938964844,23980250,10009356203.63617,417.3999938964844
2026-08-20,420.6000061035156,423.2000122070313,420.0,14126880,5972844691.552734,422.7999877929688
2026-08-21,420.2999877929688,424.3999938964844,420.2999877929688,9084530,3852749228.447571,424.1000061035156
