date,open,high,low,volume,amount,close
2015-01-05,3258.626953125,3369.281005859375,3253.883056640625,531400,1780465819.4335938,3350.51904296875
2015-01-06,3330.799072265625,3394.22412109375,3303.18408203125,501700,1681420480.7373047,3351.446044921875
2015-01-07,3326.64892578125,3374.89599609375,3312.2109375,391900,1322252612.4023438,3373.9541015625
2015-01-08,3371.95703125,3381.56591796875,3285.094970703125,371100,1222201541.8945312,3293.4560546875
2015-01-09,3276.965087890625,3404.833984375,3267.509033203125,410200,1347676047.265625,3285.412109375
2015-01-12,3258.212890625,3275.18505859375,3191.58203125,322100,1040162657.1777344,3229.31591796875
2015-01-13,3223.5419921875,3259.385986328125,3214.412109375,230700,746383946.5576172,3235.301025390625
2015-01-14,3242.3369140625,3268.48291015625,3193.97802734375,240200,774029370.2148438,3222.43701171875
2015-01-15,3224.070068359375,3337.083984375,3207.544921875,282500,942548559.5703124,3336.455078125
2015-01-16,3343.60302734375,3400.318115234375,3340.489990234375,339900,1147670690.3320312,3376.4951171875
2015-01-19,3189.72705078125,3262.20703125,3095.06591796875,401100,1249968415.8691406,3116.35107421875
2015-01-20,3114.56005859375,3190.2451171875,3100.47705078125,357100,1133096869.897461,3173.052001953125
2015-01-21,3189.0849609375,3337.00390625,3178.343017578125,411000,1366004155.517578,3323.611083984375
2015-01-22,3327.319091796875,3352.384033203125,3293.97802734375,353400,1181537767.5292969,3343.343994140625
2015-01-23,3357.095947265625,3406.785888671875,3328.29296875,366200,1227415946.044922,3351.763916015625
2015-01-26,3347.257080078125,3384.798095703125,3321.31494140625,317500,1074160248.413086,3383.181884765625
2015-01-27,3389.85302734375,3390.216064453125,3290.218994140625,374500,1255683505.3710938,3352.9599609375
2015-01-28,3325.721923828125,3354.802001953125,3294.655029296875,301900,998002313.4033204,3305.738037109375
2015-01-29,3258.9970703125,3286.785888671875,3234.240966796875,274700,896155164.7216797,3262.304931640625
2015-01-30,3273.7470703125,3288.5029296875,3210.30810546875,258300,829236772.4853516,3210.363037109375
2015-02-02,3148.135986328125,3175.134033203125,3122.572021484375,250900,784890482.2509766,3128.300048828125
2015-02-03,3156.0859375,3207.93505859375,3129.73193359375,248200,795457913.0371094,3204.906982421875
2015-02-04,3212.822021484375,3238.98193359375,3171.14404296875,249100,790674780.7617188,3174.1259765625
2015-02-05,3251.2119140625,3251.2119140625,3135.819091796875,306100,960092140.8935548,3136.531005859375
2015-02-06,3120.090087890625,3129.5390625,3052.93896484375,246700,758826252.5634766,3075.906982421875
2015-02-09,3063.510009765625,3119.033935546875,3049.111083984375,206100,637905061.2304688,3095.1240234375
2015-02-10,3090.489990234375,3142.09912109375,3084.2529296875,193800,608840726.8066406,3141.593017578125
2015-02-11,3145.764892578125,3166.4208984375,3139.052001953125,172800,545651268.75,3157.7041015625
2015-02-12,3157.958984375,3181.76611328125,3134.243896484375,194600,617546756.640625,3173.416015625
2015-02-13,3186.80810546875,3237.158935546875,3182.7939453125,261300,837159970.0927734,3203.826904296875
2015-02-16,3206.136962890625,3228.845947265625,3195.884033203125,223800,721164847.7050781,3222.363037109375
2015-02-17,3230.884033203125,3255.72509765625,3230.77197265625,228300,741268641.1376953,3246.906005859375
2015-02-25,3256.47900390625,3257.222900390625,3215.552001953125,233300,753289076.0009766,3228.843017578125
2015-02-26,3222.15087890625,3300.615966796875,3202.18798828125,301300,993795532.5683594,3298.35888671875
2015-02-27,3296.8310546875,3324.5458984375,3291.007080078125,299200,990442651.171875,3310.302978515625
2015-03-02,3332.720947265625,3336.760009765625,3298.6689453125,346400,1155689093.5546875,3336.284912109375
2015-03-03,3317.695068359375,3317.695068359375,3260.428955078125,382000,1246485864.7460938,3263.052001953125
2015-03-04,3264.181884765625,3286.587890625,3250.48388671875,293600,962870876.7578124,3279.532958984375
2015-03-05,3264.0849609375,3266.637939453125,3221.666015625,320700,1041786277.0019532,3248.47607421875
2015-03-06,3248.035888671875,3266.93310546875,3234.532958984375,282900,916931805.6152344,3241.18701171875
2015-03-09,3224.31396484375,3307.701904296875,3198.3701171875,321500,1061724158.8134766,3302.407958984375
2015-03-10,3289.0849609375,3309.9150390625,3277.094970703125,285800,939158267.3339844,3286.068115234375
2015-03-11,3289.593994140625,3325.053955078125,3278.470947265625,283000,931324672.3632812,3290.89990234375
2015-03-12,3314.81298828125,3360.053955078125,3300.488037109375,357300,1196713107.2021484,3349.322998046875
2015-03-13,3359.488037109375,3391.2548828125,3352.14990234375,328400,1107663935.8398438,3372.910888671875
2015-03-16,3391.157958984375,3449.304931640625,3377.0869140625,399100,1376617598.2177734,3449.304931640625
2015-03-17,3469.60302734375,3504.123046875,3459.694091796875,520900,1824632962.6220703,3502.846923828125
2015-03-18,3510.5009765625,3577.662109375,3503.85302734375,545200,1950344519.0429688,3577.301025390625
2015-03-19,3576.01904296875,3600.68408203125,3546.843994140625,537300,1924754206.201172,3582.27099609375
2015-03-20,3587.083984375,3632.337890625,3569.3798828125,516700,1869068270.1416016,3617.318115234375
2015-03-23,3640.10400390625,3688.2490234375,3635.485107421875,536100,1976990995.4589844,3687.72802734375
2015-03-24,3692.569091796875,3715.873046875,3600.697998046875,639600,2361025779.785156,3691.409912109375
2015-03-25,3680.952880859375,3693.15087890625,3634.55908203125,521900,1910533447.8027344,3660.72705078125
2015-03-26,3641.94189453125,3707.318115234375,3615.010986328125,488600,1799071602.6855469,3682.094970703125
2015-03-27,3686.134033203125,3710.47705078125,3656.8310546875,408900,1509289132.836914,3691.095947265625
2015-03-30,3710.612060546875,3795.93505859375,3710.612060546875,564700,2138275014.672852,3786.568115234375
2015-03-31,3822.987060546875,3835.56689453125,3737.04296875,561700,2105194826.611328,3747.89892578125
2015-04-01,3748.340087890625,3817.08203125,3742.212890625,447500,1705106540.5273438,3810.2939453125
2015-04-02,3827.68896484375,3835.450927734375,3775.89404296875,479300,1833698240.3076167,3825.783935546875
2015-04-03,3803.383056640625,3864.405029296875,3792.2109375,473000,1827638395.751953,3863.928955078125
2015-04-07,3899.419921875,3961.666015625,3891.72802734375,570400,2259569971.09375,3961.3779296875
2015-04-08,3976.531982421875,4000.219970703125,3903.64794921875,618100,2469192700.830078,3994.81103515625
2015-04-09,4006.1298828125,4016.39599609375,3900.027099609375,585200,2315948859.0820312,3957.533935546875
2015-04-10,3947.491943359375,4040.347900390625,3929.319091796875,484300,1953816361.376953,4034.31005859375
2015-04-13,4072.722900390625,4128.07177734375,4057.29296875,589800,2430987414.84375,4121.71484375
2015-04-14,4125.7822265625,4168.34619140625,4091.257080078125,610700,2525589509.716797,4135.56494140625
2015-04-15,4135.64794921875,4175.494140625,4069.007080078125,613000,2503591971.6796875,4084.1630859375
2015-04-16,4055.916015625,4195.30517578125,4031.243896484375,551200,2312186571.09375,4194.8232421875
2015-04-17,4254.72314453125,4317.22314453125,4238.91015625,701700,3008395531.9335938,4287.2958984375
2015-04-20,4301.35205078125,4356.0009765625,4190.68115234375,857100,3614456823.925781,4217.0771484375
2015-04-21,4212.18505859375,4294.375,4188.56884765625,634500,2724303823.2421875,4293.623046875
2015-04-22,4304.59716796875,4400.19287109375,4297.951171875,680300,2992295563.8671875,4398.494140625
2015-04-23,4414.48486328125,4444.41015625,4358.84423828125,667300,2945801063.28125,4414.5078125
2015-04-24,4355.951171875,4416.3759765625,4318.119140625,628600,2761871041.6992188,4393.68603515625
2015-04-27,4441.92919921875,4529.73486328125,4441.92919921875,671100,3038335452.978516,4527.39599609375
2015-04-28,4527.634765625,4572.39111328125,4432.90380859375,767700,3436390135.546875,4476.21484375
2015-04-29,4446.119140625,4499.94482421875,4398.63916015625,519800,2326947136.9140625,4476.6201171875
2015-04-30,4483.01318359375,4507.34423828125,4441.05419921875,526700,2339419575.341797,4441.65478515625
2015-05-04,4441.3427734375,4487.56982421875,4387.42578125,494200,2214245243.1640625,4480.4638671875
2015-05-05,4479.84814453125,4488.865234375,4282.23681640625,572900,2462728698.7304688,4298.7060546875
2015-05-06,4311.64111328125,4376.35302734375,4187.3681640625,481700,2037237486.767578,4229.26611328125
2015-05-07,4197.89599609375,4213.76416015625,4108.0087890625,394600,1622679591.9921875,4112.2138671875
2015-05-08,4152.98388671875,4206.85986328125,4099.0419921875,397400,1671431412.6953125,4205.9169921875
2015-05-11,4231.27099609375,4334.876953125,4187.81982421875,488800,2118255851.5625,4333.583984375
2015-05-12,4342.3701171875,4402.30908203125,4317.97509765625,521900,2296996320.4589844,4401.21923828125
2015-05-13,4402.3779296875,4415.62890625,4342.48095703125,510500,2233825360.3515625,4375.759765625
2015-05-14,4372.81591796875,4397.7451171875,4329.0419921875,449100,1966299485.888672,4378.31103515625
2015-05-15,4366.82177734375,4366.82177734375,4278.55322265625,439700,1894531396.6308596,4308.69091796875
2015-05-18,4277.89501953125,4324.826171875,4260.5087890625,380100,1628155009.2773438,4283.4912109375
2015-05-19,4285.77685546875,4418.40283203125,4285.77685546875,436700,1929144852.6367188,4417.5517578125
2015-05-20,4434.97900390625,4520.5380859375,4432.27880859375,514100,2285836704.9804688,4446.2880859375
2015-05-21,4456.43505859375,4530.47802734375,4438.2578125,465000,2106181171.875,4529.421875
2015-05-22,4584.98388671875,4658.27294921875,4562.98876953125,655600,3053520063.085937,4657.59619140625
2015-05-25,4660.0751953125,4814.671875,4656.8251953125,682500,3285417033.6914062,4813.7978515625
2015-05-26,4854.85009765625,4911.68505859375,4779.0751953125,704900,3461691276.0253906,4910.89697265625
2015-05-27,4932.84619140625,4958.15576171875,4857.05615234375,681200,3366295486.328125,4941.7138671875
2015-05-28,4943.7421875,4986.5029296875,4614.2412109375,783000,3617668366.6992183,4620.26611328125
2015-05-29,4603.46484375,4698.19287109375,4431.56298828125,611300,2819159193.1640625,4611.744140625
2015-06-01,4633.09814453125,4829.501953125,4615.23095703125,593400,2865373006.347656,4828.73779296875
2015-06-02,4844.7041015625,4911.57421875,4797.5517578125,623700,3062695599.7558594,4910.52685546875
2015-06-03,4924.380859375,4942.06494140625,4822.44189453125,611500,3002451563.720703,4909.97802734375
2015-06-04,4912.94482421875,4947.96484375,4647.4072265625,675000,3339293884.277344,4947.10205078125
2015-06-05,5016.087890625,5051.6259765625,4898.06787109375,772200,3878834879.003906,5023.09619140625
2015-06-08,5045.69384765625,5146.94921875,4997.48095703125,855000,4387758134.765625,5131.880859375
2015-06-09,5145.97802734375,5147.4541015625,5042.962890625,729900,3732368597.753906,5113.5341796875
2015-06-10,5049.19677734375,5164.162109375,5001.48876953125,597000,3048303571.2890625,5106.0361328125
2015-06-11,5101.43994140625,5122.45703125,5050.76513671875,564000,2888578324.21875,5121.5927734375
2015-06-12,5143.3427734375,5178.19091796875,5103.40087890625,625600,3232068621.09375,5166.35009765625
2015-06-15,5174.41796875,5176.794921875,5048.7421875,637800,3229177040.0390625,5062.9931640625
2015-06-16,5004.412109375,5029.68408203125,4842.10009765625,550800,2691997616.6015625,4887.43212890625
2015-06-17,4890.55078125,4983.658203125,4767.2158203125,537100,2668257988.5253906,4967.89794921875
2015-06-18,4942.52001953125,4966.76708984375,4780.873046875,507400,2428089612.597656,4785.35595703125
2015-06-19,4689.92919921875,4744.0810546875,4476.5009765625,452700,2027355278.4667969,4478.36376953125
2015-06-23,4471.61279296875,4577.93896484375,4264.77197265625,473500,2166969050.78125,4576.4921875
2015-06-24,4604.5791015625,4691.76806640625,4552.12890625,543000,2546751396.972656,4690.14990234375
2015-06-25,4711.76318359375,4720.701171875,4483.5478515625,572800,2593511701.5625,4527.77880859375
2015-06-26,4399.93310546875,4456.89599609375,4139.52978515625,565200,2369811846.09375,4192.873046875
2015-06-29,4289.77099609375,4297.47509765625,3875.050048828125,673800,2730931633.7402344,4053.030029296875
2015-06-30,4006.75390625,4279.96923828125,3847.8798828125,709200,3033405961.523437,4277.22216796875
2015-07-01,4214.14990234375,4317.05322265625,4043.366943359375,598800,2427355530.7617188,4053.699951171875
2015-07-02,4058.6240234375,4080.386962890625,3795.2529296875,586000,2292881514.648437,3912.76708984375
2015-07-03,3793.7119140625,3927.1279296875,3629.555908203125,548200,2021166824.4140625,3686.9150390625
2015-07-06,3975.214111328125,3975.214111328125,3653.037109375,831100,3138160554.1015625,3775.912109375
2015-07-07,3654.778076171875,3750.570068359375,3585.39892578125,698800,2604514950.0,3727.125
2015-07-08,3467.39892578125,3599.2529296875,3421.52490234375,680400,2386293365.0390625,3507.19189453125
2015-07-09,3432.4541015625,3748.47900390625,3373.5400390625,656900,2436658928.3203125,3709.330078125
2015-07-10,3707.4580078125,3959.219970703125,3677.43505859375,586400,2273943666.6015625,3877.802978515625
2015-07-13,3918.989990234375,4030.195068359375,3858.636962890625,643500,2554944639.038086,3970.387939453125
2015-07-14,3958.373046875,4035.43505859375,3855.56005859375,670600,2631761022.8027344,3924.487060546875
2015-07-15,3874.968017578125,3914.27294921875,3741.25,601300,2288369142.260742,3805.702880859375
2015-07-16,3758.5048828125,3877.513916015625,3688.44189453125,492300,1882149557.2998047,3823.176025390625
2015-07-17,3831.4208984375,3994.47705078125,3814.14697265625,481700,1906256482.861328,3957.35205078125
2015-07-20,3948.4208984375,4021.325927734375,3927.12109375,539100,2152146558.911133,3992.110107421875
2015-07-21,3939.89794921875,4041.819091796875,3912.801025390625,504300,2026113527.1240237,4017.675048828125
2015-07-22,3996.427001953125,4042.337890625,3960.864013671875,520700,2096361590.8203125,4026.044921875
2015-07-23,4022.26806640625,4132.61181640625,4019.0380859375,563600,2324242919.140625,4123.9228515625
2015-07-24,4124.7548828125,4184.44921875,4044.8310546875,627400,2554087653.466797,4070.907958984375
2015-07-27,3985.570068359375,4051.158935546875,3720.444091796875,556000,2071410306.640625,3725.55810546875
2015-07-28,3573.14306640625,3762.52587890625,3537.35791015625,563300,2063369000.1953125,3663.001953125
2015-07-29,3689.824951171875,3792.072021484375,3612.06396484375,434400,1646014565.625,3789.16796875
2015-07-30,3773.7880859375,3844.3740234375,3685.9560546875,457900,1696870303.2714844,3705.76611328125
2015-07-31,3655.6669921875,3729.511962890625,3620.1650390625,351000,1285967852.0507812,3663.72607421875
2015-08-03,3614.989990234375,3648.943115234375,3549.49609375,364000,1318737430.6640625,3622.905029296875
2015-08-04,3621.85498046875,3757.029052734375,3601.2890625,362900,1363250152.1484375,3756.544921875
2015-08-05,3745.64599609375,3782.35205078125,3676.389892578125,366400,1353691546.484375,3694.572998046875
2015-08-06,3625.50390625,3710.570068359375,3614.741943359375,274100,1003627857.03125,3661.5390625
2015-08-07,3692.614013671875,3756.739990234375,3686.300048828125,340800,1276025090.625,3744.205078125
2015-08-10,3786.032958984375,3943.6240234375,3775.85400390625,497300,1953600798.9257808,3928.4150390625
2015-08-11,3928.80810546875,3970.3369140625,3891.178955078125,538900,2116749599.09668,3927.907958984375
2015-08-12,3881.22802734375,3937.77197265625,3871.135986328125,442700,1720473894.2626953,3886.320068359375
2015-08-13,3869.910888671875,3955.7890625,3838.158935546875,430100,1700854496.118164,3954.555908203125
2015-08-14,3976.405029296875,4000.68408203125,3939.8349609375,468000,1855776761.71875,3965.3349609375
2015-08-17,3947.843994140625,3994.537109375,3907.39892578125,460400,1838684732.8125,3993.66796875
2015-08-18,3999.134033203125,4006.3369140625,3743.39404296875,543800,2038251617.1875,3748.1640625
2015-08-19,3646.802978515625,3811.427001953125,3558.383056640625,475400,1803719364.7460935,3794.10888671875
2015-08-20,3754.56689453125,3788.0048828125,3663.60693359375,390100,1429439925.1953125,3664.291015625
2015-08-21,3609.958984375,3652.8369140625,3490.5400390625,369900,1297514467.3095703,3507.743896484375
2015-08-24,3373.47802734375,3388.364013671875,3191.87890625,334700,1074355213.305664,3209.905029296875
2015-08-25,3004.1259765625,3123.033935546875,2947.944091796875,352300,1044557888.5498048,2964.967041015625
2015-08-26,2980.7939453125,3092.041015625,2850.714111328125,466700,1366165349.7070312,2927.2880859375
2015-08-27,2978.030029296875,3085.422119140625,2906.489990234375,400300,1234361503.100586,3083.591064453125
2015-08-28,3125.263916015625,3235.839111328125,3102.945068359375,443100,1432254328.2714844,3232.35009765625
2015-08-31,3203.55908203125,3207.862060546875,3109.1630859375,397400,1274058869.7753906,3205.986083984375
2015-09-01,3157.83203125,3180.3310546875,3053.738037109375,432400,1369248227.734375,3166.6240234375
2015-09-02,3027.677978515625,3194.485107421875,3019.0869140625,438200,1384785175.9765625,3160.1669921875
2015-09-07,3149.3798828125,3217.5791015625,3066.303955078125,296500,913344506.8359376,3080.419921875
2015-09-08,3054.444091796875,3174.708984375,3011.116943359375,255400,809733416.3574219,3170.451904296875
2015-09-09,3182.552001953125,3256.742919921875,3165.696044921875,375300,1217131343.4814453,3243.089111328125
2015-09-10,3190.552978515625,3243.281005859375,3178.904052734375,273300,873984175.0488281,3197.89306640625
2015-09-11,3189.47900390625,3223.761962890625,3163.448974609375,224600,718772530.9570312,3200.23388671875
2015-09-14,3221.1650390625,3229.48193359375,3049.22998046875,346600,1079589019.9707031,3114.798095703125
2015-09-15,3043.804931640625,3081.702880859375,2983.919921875,249200,748888892.0898438,3005.172119140625
2015-09-16,2998.035888671875,3182.93408203125,2983.534912109375,277500,874752965.6982422,3152.262939453125
2015-09-17,3131.98193359375,3204.701904296875,3085.31396484375,317600,980132984.765625,3086.06103515625
2015-09-18,3100.280029296875,3122.048095703125,3070.3359375,209200,648084234.765625,3097.9169921875
2015-09-21,3072.093994140625,3159.883056640625,3060.85595703125,239900,757253955.3710938,3156.5400390625
2015-09-22,3161.318115234375,3213.47607421875,3152.48095703125,274800,875408072.7539062,3185.618896484375
2015-09-23,3137.722900390625,3164.041015625,3104.743896484375,236300,736284320.0927734,3115.887939453125
2015-09-24,3126.490966796875,3151.1650390625,3109.69091796875,212900,669078064.7949219,3142.68701171875
2015-09-25,3130.85107421875,3149.947998046875,3062.9951171875,236300,730721578.1005859,3092.346923828125
2015-09-28,3085.56689453125,3103.069091796875,3042.31005859375,156700,485888481.4208984,3100.756103515625
2015-09-29,3055.218017578125,3068.298095703125,3021.156982421875,163200,495823952.34375,3038.136962890625
2015-09-30,3052.841064453125,3073.300048828125,3039.741943359375,146600,447537695.4589844,3052.781005859375
2015-10-08,3156.074951171875,3172.281005859375,3133.126953125,234300,736488529.5410156,3143.35693359375
2015-10-09,3146.64404296875,3192.717041015625,3137.7880859375,234900,747722428.1982422,3183.152099609375
2015-10-12,3193.5400390625,3318.714111328125,3188.406982421875,386300,1270023872.8515625,3287.662109375
2015-10-13,3262.156005859375,3298.6259765625,3253.2490234375,297200,978747950.1953124,3293.22998046875
2015-10-14,3280.02001953125,3307.31494140625,3256.2529296875,295100,962746314.892578,3262.44091796875
2015-10-15,3255.031982421875,3338.297119140625,3254.39208984375,316300,1055832489.2822266,3338.072998046875
2015-10-16,3358.297119140625,3393.01806640625,3334.85400390625,395500,1341279736.0839844,3391.35205078125
2015-10-19,3401.626953125,3423.402099609375,3355.56591796875,378100,1280511251.538086,3386.699951171875
2015-10-20,3377.547119140625,3425.51611328125,3357.861083984375,319000,1092680294.921875,3425.330078125
2015-10-21,3428.56103515625,3447.258056640625,3265.43603515625,458500,1522529957.6416016,3320.676025390625
2015-10-22,3292.291015625,3373.77587890625,3282.992919921875,323700,1090460818.725586,3368.739013671875
2015-10-23,3377.548095703125,3422.02197265625,3360.218017578125,347400,1185479600.0976562,3412.43408203125
2015-10-26,3448.64892578125,3457.51708984375,3402.0,365600,1253854833.59375,3429.5810546875
2015-10-27,3409.136962890625,3441.56494140625,3332.615966796875,328200,1127149054.6875,3434.3359375
2015-10-28,3417.010986328125,3439.758056640625,3367.23095703125,293500,990620039.1845704,3375.196044921875
2015-10-29,3387.77392578125,3411.714111328125,3362.509033203125,235700,798390131.6894531,3387.31494140625
2015-10-30,3380.283935546875,3417.200927734375,3346.591064453125,243600,823991868.1640625,3382.56103515625
2015-11-02,3337.577880859375,3391.06396484375,3322.31201171875,231000,768094625.9765625,3325.0849609375
2015-11-03,3330.31591796875,3346.27490234375,3302.18408203125,192900,639790478.6865234,3316.695068359375
2015-11-04,3325.618896484375,3459.64599609375,3325.618896484375,339100,1173163887.5732422,3459.639892578125
2015-11-05,3459.215087890625,3585.656982421875,3455.52490234375,553300,1949175803.491211,3522.819091796875
2015-11-06,3514.43603515625,3596.382080078125,3508.826904296875,429200,1540841726.8554688,3590.031982421875
2015-11-09,3588.498046875,3673.760009765625,3588.498046875,503000,1834381195.0683596,3646.881103515625
2015-11-10,3617.39599609375,3669.532958984375,3607.89111328125,429700,1564316450.6591797,3640.485107421875
2015-11-11,3635.00390625,3654.876953125,3605.62109375,361000,1317739897.4609375,3650.2490234375
2015-11-12,3656.81689453125,3659.31494140625,3603.22802734375,361700,1314020689.428711,3632.902099609375
2015-11-13,3600.763916015625,3632.555908203125,3564.80908203125,345900,1238612248.6083984,3580.839111328125
2015-11-16,3522.4609375,3607.612060546875,3519.4208984375,276200,996241532.03125,3606.95703125
2015-11-17,3629.97705078125,3678.27294921875,3598.068115234375,383600,1382799332.03125,3604.794921875
2015-11-18,3605.06103515625,3617.069091796875,3558.697021484375,297600,1061976082.03125,3568.468017578125
2015-11-19,3573.77587890625,3618.212890625,3561.0439453125,247900,896669672.7050781,3617.06201171875
2015-11-20,3620.791015625,3640.529052734375,3607.9150390625,310800,1128359400.0,3630.5
2015-11-23,3630.866943359375,3654.75390625,3598.87109375,316000,1140859521.484375,3610.31494140625
2015-11-24,3602.886962890625,3616.48388671875,3563.10400390625,248800,899688923.6328125,3616.113037109375
2015-11-25,3614.068115234375,3648.366943359375,3607.51806640625,273000,995884871.3378906,3647.929931640625
2015-11-26,3659.573974609375,3668.3759765625,3629.864990234375,306800,1115387354.1992188,3635.552001953125
2015-11-27,3616.5439453125,3621.89697265625,3412.427001953125,354300,1217482145.288086,3436.302978515625
2015-11-30,3433.85498046875,3470.37109375,3327.81201171875,304200,1048092209.9121094,3445.405029296875
2015-12-01,3442.44091796875,3483.4140625,3417.544921875,252400,872372412.3046875,3456.30908203125
2015-12-02,3450.278076171875,3538.846923828125,3427.660888671875,301500,1066376866.3330078,3536.905029296875
2015-12-03,3525.72705078125,3591.72998046875,3517.22998046875,281100,1007694019.2626952,3584.823974609375
2015-12-04,3558.14892578125,3568.969970703125,3510.412109375,251700,887240472.1435547,3524.991943359375
2015-12-07,3529.805908203125,3543.945068359375,3506.625,208300,736741894.5068359,3536.927001953125
2015-12-08,3518.64794921875,3518.64794921875,3466.7900390625,224400,778683723.3398438,3470.070068359375
2015-12-09,3462.5830078125,3495.701904296875,3454.87890625,195700,679556305.4199219,3472.43896484375
2015-12-10,3469.805908203125,3503.654052734375,3446.27294921875,200400,692481221.484375,3455.4951171875
2015-12-11,3441.596923828125,3455.548095703125,3410.924072265625,182900,628184874.9023438,3434.5810546875
2015-12-14,3403.507080078125,3521.779052734375,3399.280029296875,215400,758351880.46875,3520.66796875
2015-12-15,3518.1259765625,3529.9609375,3496.85400390625,200500,703825977.7832031,3510.35400390625
2015-12-16,3522.091064453125,3538.68896484375,3506.291015625,193500,680382186.7675781,3516.18701171875
2015-12-17,3533.6279296875,3583.407958984375,3533.6279296875,283900,1016361722.7539062,3579.9990234375
2015-12-18,3574.93994140625,3614.697998046875,3568.160888671875,273700,979562477.2705078,3578.964111328125
2015-12-21,3568.5810546875,3651.055908203125,3565.7509765625,299800,1092013082.763672,3642.471923828125
2015-12-22,3645.989990234375,3652.635009765625,3616.8701171875,261200,953841563.8671876,3651.76708984375
2015-12-23,3653.281982421875,3684.56689453125,3633.02490234375,298200,1084281772.9980469,3636.089111328125
2015-12-24,3631.31298828125,3640.220947265625,3572.277099609375,227800,822924107.4707031,3612.485107421875
2015-12-25,3614.053955078125,3635.256103515625,3601.738037109375,192500,698390187.9882812,3628.0009765625
2015-12-28,3635.76904296875,3641.587890625,3533.779052734375,270000,954120344.2382812,3533.779052734375
2015-12-29,3528.39501953125,3564.1708984375,3515.52001953125,182600,650738208.9355469,3563.736083984375
2015-12-30,3566.73095703125,3573.68408203125,3538.112060546875,187900,671343395.9960938,3572.8759765625
2015-12-31,3570.467041015625,3580.60205078125,3538.35302734375,177000,626435193.6035156,3539.181884765625
2016-01-04,3536.589111328125,3538.68896484375,3295.740966796875,184400,607829985.6445312,3296.258056640625
2016-01-05,3196.65087890625,3328.138916015625,3189.60498046875,266900,877490049.21875,3287.7109375
2016-01-06,3291.195068359375,3362.97412109375,3288.93310546875,238900,803143596.9970703,3361.840087890625
2016-01-07,3309.656982421875,3309.656982421875,3115.885009765625,70600,220625137.890625,3125.001953125
2016-01-08,3194.625,3235.450927734375,3056.8779296875,286400,912588428.125,3186.412109375
2016-01-11,3131.85302734375,3166.215087890625,3016.697021484375,271600,819336833.984375,3016.7041015625
2016-01-12,3026.158935546875,3047.6640625,2978.462890625,207700,627848247.1435547,3022.861083984375
2016-01-13,3041.10693359375,3059.014892578125,2949.2900390625,194300,573106682.2998047,2949.596923828125
2016-01-14,2874.049072265625,3012.29296875,2867.552978515625,212900,640328456.2988281,3007.64892578125
2016-01-15,2988.048095703125,3001.7080078125,2883.867919921875,198700,576422733.1787109,2900.969970703125
2016-01-18,2847.5390625,2945.449951171875,2844.7041015625,164700,479908939.74609375,2913.8369140625
2016-01-19,2914.407958984375,3012.068115234375,2906.404052734375,205300,617488819.5068359,3007.739013671875
2016-01-20,2993.013916015625,3016.282958984375,2951.922119140625,216500,644454270.8740234,2976.694091796875
2016-01-21,2934.39111328125,2998.7900390625,2880.0849609375,191700,552188386.6699219,2880.48193359375
2016-01-22,2911.112060546875,2931.35888671875,2851.73291015625,159800,466066609.47265625,2916.56201171875
2016-01-25,2934.077880859375,2955.782958984375,2911.8291015625,153000,449592778.5644531,2938.514892578125
2016-01-26,2907.718017578125,2911.990966796875,2743.839111328125,210800,579654659.4726562,2749.784912109375
2016-01-27,2756.08203125,2768.77197265625,2638.302001953125,215700,590059883.3496094,2735.55810546875
2016-01-28,2711.157958984375,2740.535888671875,2647.492919921875,171100,454383578.0517578,2655.660888671875
2016-01-29,2652.85400390625,2755.366943359375,2649.791015625,186700,511109938.2324219,2737.60009765625
2016-02-01,2730.98388671875,2735.2548828125,2655.623046875,156400,420536766.2109375,2688.85400390625
2016-02-02,2687.98193359375,2755.158935546875,2687.98193359375,158100,434707027.8076172,2749.570068359375
2016-02-03,2719.573974609375,2746.072021484375,2696.884033203125,148400,406504265.234375,2739.2470703125
2016-02-04,2751.431884765625,2793.298095703125,2751.31396484375,170400,473886310.546875,2781.02294921875
2016-02-05,2783.075927734375,2790.06103515625,2762.159912109375,141200,390205062.40234375,2763.491943359375
2016-02-15,2684.9609375,2760.35888671875,2682.090087890625,129300,355083148.60839844,2746.196044921875
2016-02-16,2758.5791015625,2840.6220703125,2758.5791015625,196000,555967924.8046875,2836.571044921875
2016-02-17,2829.763916015625,2868.700927734375,2824.35595703125,216900,621925588.4765625,2867.337890625
2016-02-18,2881.777099609375,2893.215087890625,2857.698974609375,219200,627546160.15625,2862.89306640625
2016-02-19,2854.904052734375,2872.72412109375,2840.488037109375,163400,467327430.7617188,2860.02099609375
2016-02-22,2888.597900390625,2933.964111328125,2880.346923828125,232200,679690046.3378906,2927.175048828125
2016-02-23,2925.7080078125,2928.048095703125,2872.281982421875,199700,579795211.6210938,2903.3310546875
2016-02-24,2889.885009765625,2929.87109375,2872.27392578125,213400,625026405.5664062,2928.89599609375
2016-02-25,2922.237060546875,2922.237060546875,2729.85107421875,270300,740958555.1757812,2741.2451171875
2016-02-26,2760.05810546875,2784.7529296875,2715.8740234375,191100,528813823.53515625,2767.2099609375
2016-02-29,2754.81396484375,2755.889892578125,2638.962890625,207400,557486845.4101562,2687.97900390625
2016-03-01,2688.3798828125,2747.56201171875,2668.757080078125,187200,511649409.375,2733.169921875
2016-03-02,2733.76708984375,2852.699951171875,2732.5390625,271000,772263526.1230469,2849.680908203125
2016-03-03,2847.3310546875,2878.445068359375,2840.8740234375,287500,822180441.2841797,2859.758056640625
2016-03-04,2848.5380859375,2880.3720703125,2808.84912109375,312500,898170928.9550781,2874.14697265625
2016-03-07,2886.639892578125,2911.839111328125,2871.345947265625,217500,630171469.1162109,2897.340087890625
2016-03-08,2895.666015625,2902.62109375,2802.56298828125,233500,677473855.8349609,2901.386962890625
2016-03-09,2839.410888671875,2863.014892578125,2811.718017578125,183400,524992753.5644531,2862.555908203125
2016-03-10,2847.56689453125,2863.176025390625,2803.47607421875,139000,389856924.3164063,2804.72607421875
2016-03-11,2781.60009765625,2815.60693359375,2772.551025390625,127200,357471035.7421875,2810.306884765625
2016-03-14,2830.083984375,2889.81591796875,2823.028076171875,194800,557030409.765625,2859.4990234375
2016-03-15,2853.97802734375,2865.787109375,2819.794921875,163400,468037718.1152344,2864.367919921875
2016-03-16,2858.708984375,2881.529052734375,2854.19189453125,186500,535335182.25097656,2870.429931640625
2016-03-17,2875.410888671875,2921.0,2857.19091796875,200300,581837855.859375,2904.83203125
2016-03-18,2915.51806640625,2971.551025390625,2908.741943359375,313300,925848464.4042968,2955.14990234375
2016-03-21,2978.455078125,3028.322021484375,2973.758056640625,352400,1063825825.4882812,3018.802001953125
2016-03-22,3001.6298828125,3019.10107421875,2988.426025390625,270400,811027765.234375,2999.363037109375
2016-03-23,2991.1689453125,3012.56005859375,2980.85498046875,217000,653161311.5234375,3009.9599609375
2016-03-24,2986.801025390625,2998.154052734375,2960.537109375,237000,701749883.0566406,2960.969970703125
2016-03-25,2956.199951171875,2981.407958984375,2952.10595703125,169800,505855590.8203125,2979.1259765625
2016-03-28,2988.010009765625,3008.16796875,2948.52587890625,202000,597479653.8085938,2957.820068359375
2016-03-29,2956.705078125,2962.202880859375,2905.2509765625,183000,534329261.71875,2919.83203125
2016-03-30,2941.218017578125,3001.10595703125,2941.218017578125,210400,631335712.109375,3000.64501953125
2016-03-31,3009.366943359375,3023.408935546875,2992.916015625,220400,662062874.609375,3003.9150390625
2016-04-01,2997.087890625,3009.673095703125,2956.2470703125,206500,621467951.0498047,3009.530029296875
2016-04-05,3000.93798828125,3057.330078125,2993.14794921875,256700,783721770.4589844,3053.06494140625
2016-04-06,3039.7451171875,3059.7939453125,3029.0048828125,232300,708652531.1279297,3050.592041015625
2016-04-07,3058.339111328125,3062.35791015625,3007.06005859375,220900,664559960.7421875,3008.419921875
2016-04-08,2988.199951171875,2996.1708984375,2960.4599609375,187900,560873609.6679688,2984.9580078125
2016-04-11,3006.908935546875,3048.97705078125,3006.908935546875,220000,667470546.875,3033.95703125
2016-04-12,3031.301025390625,3036.824951171875,3001.31494140625,182700,552420123.4863281,3023.64599609375
2016-04-13,3041.35791015625,3097.1650390625,3041.35791015625,310000,950657761.2304688,3066.637939453125
2016-04-14,3080.090087890625,3086.697998046875,3056.989013671875,208200,641747781.0058594,3082.362060546875
2016-04-15,3085.02587890625,3089.950927734375,3066.8720703125,189600,583610972.4609375,3078.116943359375
2016-04-18,3058.462890625,3058.462890625,3022.969970703125,183300,556069861.8896484,3033.659912109375
2016-04-19,3047.133056640625,3054.5029296875,3024.89501953125,156500,476201799.194336,3042.822998046875
2016-04-20,3050.381103515625,3055.68896484375,2905.049072265625,283100,841538525.9765625,2972.583984375
2016-04-21,2954.3701171875,2990.673095703125,2943.464111328125,189400,559277576.8554688,2952.89111328125
2016-04-22,2933.034912109375,2960.208984375,2926.77587890625,137200,406007726.66015625,2959.239990234375
2016-04-25,2949.972900390625,2954.092041015625,2917.02001953125,125900,370985743.1640625,2946.669921875
2016-04-26,2944.716064453125,2965.428955078125,2933.970947265625,117700,348945184.2529297,2964.699951171875
2016-04-27,2967.18994140625,2976.02197265625,2949.431884765625,130900,386635520.6054688,2953.6708984375
2016-04-28,2955.741943359375,2959.511962890625,2916.3740234375,138700,408553209.7412109,2945.589111328125
2016-04-29,2935.3759765625,2950.575927734375,2930.35693359375,109300,321158810.4248047,2938.323974609375
2016-05-03,2940.39208984375,2993.534912109375,2929.81494140625,168700,504858885.3027344,2992.64306640625
2016-05-04,2983.027099609375,3004.41796875,2978.330078125,165400,494756384.27734375,2991.27197265625
2016-05-05,2987.02197265625,2999.117919921875,2977.199951171875,144800,434087527.5390625,2997.842041015625
2016-05-06,2998.402099609375,3003.590087890625,2913.035888671875,206800,602459696.09375,2913.248046875
2016-05-09,2896.162109375,2896.162109375,2821.825927734375,180400,510913191.8945313,2832.113037109375
2016-05-10,2822.326904296875,2845.238037109375,2820.1640625,120800,342177000.5859375,2832.591064453125
2016-05-11,2843.544921875,2857.25390625,2818.698974609375,135800,385269639.453125,2837.037109375
2016-05-12,2812.10791015625,2839.27587890625,2781.236083984375,136300,386527998.8525391,2835.862060546875
2016-05-13,2828.4619140625,2850.093017578125,2814.114990234375,114300,323138545.7519531,2827.10888671875
2016-05-16,2816.77490234375,2851.22900390625,2804.990966796875,114700,326993878.34472656,2850.862060546875
2016-05-17,2850.926025390625,2860.321044921875,2832.458984375,123400,350910615.72265625,2843.68408203125
2016-05-18,2828.177978515625,2828.2548828125,2781.4169921875,140500,394455705.2001953,2807.513916015625
2016-05-19,2802.31494140625,2829.402099609375,2801.548095703125,111600,313250710.25390625,2806.906005859375
2016-05-20,2792.887939453125,2825.951904296875,2785.080078125,108700,307129992.3339844,2825.48291015625
2016-05-23,2826.31201171875,2848.071044921875,2826.256103515625,120500,342659224.8535156,2843.64501953125
2016-05-24,2839.681884765625,2839.695068359375,2807.18798828125,111500,314615760.7421875,2821.666015625
2016-05-25,2835.029052734375,2843.1650390625,2807.7490234375,103500,291361394.53125,2815.0859375
2016-05-26,2813.54296875,2827.092041015625,2780.762939453125,114800,324016469.62890625,2822.443115234375
2016-05-27,2817.968017578125,2832.799072265625,2809.799072265625,109800,309750839.6484375,2821.0458984375
2016-05-30,2814.65087890625,2830.969970703125,2794.660888671875,106300,300026533.61816406,2822.450927734375
2016-05-31,2822.593017578125,2917.135009765625,2822.593017578125,215300,627947417.6513672,2916.615966796875
2016-06-01,2917.154052734375,2929.075927734375,2909.511962890625,188400,548904917.8710938,2913.508056640625
2016-06-02,2911.218994140625,2925.669921875,2906.52392578125,159700,467159071.9238281,2925.22900390625
2016-06-03,2929.7880859375,2945.51904296875,2915.18505859375,172000,505453284.1796875,2938.681884765625
2016-06-06,2940.993896484375,2945.94189453125,2922.282958984375,142000,416641901.8554688,2934.097900390625
2016-06-07,2936.281982421875,2938.444091796875,2923.501953125,133000,390493974.609375,2936.044921875
2016-06-08,2932.3759765625,2937.986083984375,2908.366943359375,143000,418583727.7832031,2927.158935546875
2016-06-13,2897.27294921875,2911.157958984375,2832.507080078125,169300,479638927.90527344,2833.071044921875
2016-06-14,2824.22900390625,2843.4560546875,2822.06103515625,119800,340494237.98828125,2842.18896484375
2016-06-15,2814.693115234375,2894.263916015625,2811.781005859375,166700,481297900.4882813,2887.2099609375
2016-06-16,2878.402099609375,2887.742919921875,2865.387939453125,173900,499582857.9589844,2872.81689453125
2016-06-17,2873.009033203125,2900.299072265625,2872.18505859375,171500,494795504.1503906,2885.10498046875
2016-06-20,2887.635986328125,2891.657958984375,2864.02001953125,136600,394611320.6054688,2888.80908203125
2016-06-21,2898.384033203125,2919.302001953125,2869.176025390625,164400,473234952.5390625,2878.55810546875
2016-06-22,2872.73388671875,2905.97802734375,2869.512939453125,130600,379464836.3769531,2905.550048828125
2016-06-23,2902.39794921875,2904.112060546875,2878.660888671875,136100,393595750.68359375,2891.9599609375
2016-06-24,2883.759033203125,2899.569091796875,2807.597900390625,190800,544597747.5585938,2854.285888671875
2016-06-27,2840.55908203125,2895.73095703125,2840.277099609375,156700,453756641.43066406,2895.702880859375
2016-06-28,2885.010986328125,2913.58203125,2878.823974609375,173900,506493642.2607422,2912.556884765625
2016-06-29,2918.533935546875,2933.9970703125,2915.06201171875,193200,566383582.3242188,2931.592041015625
2016-06-30,2931.48095703125,2938.136962890625,2922.31201171875,154500,452624120.3613281,2929.60595703125
2016-07-01,2931.802001953125,2944.989013671875,2925.81005859375,141200,414065621.6796875,2932.47607421875
2016-07-04,2924.29296875,2992.498046875,2922.52001953125,222000,663470088.8671875,2988.60400390625
2016-07-05,2991.751953125,3010.27490234375,2990.64208984375,235200,707103419.53125,3006.39208984375
2016-07-06,2998.52099609375,3017.652099609375,2984.827880859375,212400,640872819.140625,3017.2919921875
2016-07-07,3009.35302734375,3024.10888671875,2994.64306640625,222700,671851809.9365234,3016.846923828125
2016-07-08,3000.325927734375,3001.551025390625,2983.881103515625,169000,504987885.0097656,2988.093994140625
2016-07-11,2993.7490234375,3022.944091796875,2990.906982421875,224300,671759881.3476562,2994.9169921875
2016-07-12,2992.52001953125,3049.680908203125,2984.4208984375,259500,791314396.3623047,3049.381103515625
2016-07-13,3049.512939453125,3069.047119140625,3048.198974609375,253700,776496790.3808594,3060.68896484375
2016-07-14,3054.97509765625,3057.0458984375,3036.52294921875,180200,550334055.5664062,3054.01806640625
2016-07-15,3056.681884765625,3062.68310546875,3044.5380859375,172900,528087760.83984375,3054.2958984375
2016-07-18,3047.636962890625,3058.321044921875,3031.638916015625,177500,540232603.7597656,3043.56396484375
2016-07-19,3040.22607421875,3043.60009765625,3014.2890625,155400,471887313.7207031,3036.597900390625
2016-07-20,3034.714111328125,3042.9970703125,3022.631103515625,138200,418455766.5039063,3027.89990234375
2016-07-21,3027.60400390625,3053.333984375,3027.367919921875,163800,497789679.6386719,3039.009033203125
2016-07-22,3038.117919921875,3039.27001953125,3007.45703125,162000,488076178.7109375,3012.81591796875
2016-07-25,3008.093994140625,3027.123046875,3003.2919921875,144200,434882380.4199219,3015.827880859375
2016-07-26,3014.0400390625,3050.614990234375,3013.802001953125,156700,477961014.6484375,3050.166015625
2016-07-27,3050.367919921875,3057.424072265625,2939.22705078125,280200,838358126.3671875,2991.9990234375
2016-07-28,2980.5009765625,3003.363037109375,2968.181884765625,190600,570717963.4277344,2994.322998046875
2016-07-29,2992.535888671875,3000.054931640625,2972.9169921875,150100,447198800.6103516,2979.339111328125
2016-08-01,2971.948974609375,2972.875,2931.962890625,147400,435328950.4394531,2953.385009765625
2016-08-02,2950.080078125,2971.279052734375,2946.636962890625,115500,343182730.5908203,2971.279052734375
2016-08-03,2963.215087890625,2981.156005859375,2956.785888671875,141100,420260838.28125,2978.4609375
2016-08-04,2976.409912109375,2982.860107421875,2958.93310546875,133900,399346844.7998047,2982.426025390625
2016-08-05,2978.778076171875,2991.677001953125,2971.56396484375,141900,422393168.77441406,2976.696044921875
2016-08-08,2972.625,3004.718017578125,2959.048095703125,155700,467765944.4091797,3004.277099609375
2016-08-09,3001.305908203125,3025.910888671875,2998.677001953125,170000,514365754.3945313,3025.680908203125
2016-08-10,3023.471923828125,3033.196044921875,3017.090087890625,164700,497187481.640625,3018.74609375
2016-08-11,3013.677978515625,3038.048095703125,3001.16796875,161900,486127082.39746094,3002.637939453125
2016-08-12,3000.27294921875,3051.053955078125,2999.0390625,168200,513122188.0859375,3050.6669921875
2016-08-15,3056.48388671875,3137.47607421875,3053.87109375,297600,930058052.34375,3125.195068359375
2016-08-16,3130.532958984375,3140.44091796875,3102.06494140625,278300,865523327.5390625,3110.037109375
2016-08-17,3106.990966796875,3114.2548828125,3090.281005859375,213800,664822844.3847656,3109.554931640625
2016-08-18,3107.7529296875,3125.5810546875,3093.31689453125,229400,712083754.7363281,3104.114013671875
2016-08-19,3100.39111328125,3113.343994140625,3082.77099609375,194300,603904228.4667969,3108.10205078125
2016-08-22,3107.381103515625,3112.739990234375,3083.593017578125,185400,571922834.3261719,3084.804931640625
2016-08-23,3081.572021484375,3101.110107421875,3073.529052734375,161400,498678557.2265625,3089.7060546875
2016-08-24,3092.02001953125,3097.14794921875,3079.548095703125,145700,449612698.9257813,3085.8798828125
2016-08-25,3073.444091796875,3073.444091796875,3041.5048828125,174000,533889263.671875,3068.3291015625
2016-08-26,3069.85009765625,3087.652099609375,3063.89404296875,149700,459625269.5800781,3070.30908203125
2016-08-29,3068.4599609375,3074.943115234375,3058.784912109375,144500,443618915.8935547,3070.027099609375
2016-08-30,3071.43994140625,3082.988037109375,3065.970947265625,140400,431684651.0742188,3074.677001953125
2016-08-31,3072.916015625,3087.697998046875,3063.39599609375,141400,436288422.7050781,3085.490966796875
2016-09-01,3083.9609375,3088.7041015625,3062.8759765625,155200,475424925.390625,3063.304931640625
2016-09-02,3057.4951171875,3072.52587890625,3050.491943359375,150400,461329748.4375,3067.35205078125
2016-09-05,3070.70703125,3085.485107421875,3065.3291015625,145000,445453770.7519531,3072.094970703125
2016-09-06,3071.054931640625,3095.509033203125,3053.18701171875,172900,534384258.7890625,3090.712890625
2016-09-07,3091.3291015625,3105.677978515625,3087.87890625,187000,578190531.9824219,3091.927978515625
2016-09-08,3089.952880859375,3096.782958984375,3083.902099609375,145900,451699703.4179688,3095.9541015625
2016-09-09,3095.427001953125,3101.7919921875,3078.218017578125,160700,494771995.3613281,3078.85498046875
2016-09-12,3037.507080078125,3040.951904296875,2999.928955078125,206000,622527272.4609375,3021.97705078125
2016-09-13,3025.034912109375,3029.720947265625,3008.740966796875,135400,409383255.3222656,3023.510009765625
2016-09-14,3008.904052734375,3017.945068359375,2995.416015625,133400,400580072.7539063,3002.84912109375
2016-09-19,3005.322998046875,3026.65087890625,3005.322998046875,119200,360705282.2265625,3026.051025390625
2016-09-20,3027.172119140625,3027.81689453125,3015.8798828125,118900,359434700.0,3023.0
2016-09-21,3021.575927734375,3032.449951171875,3017.541015625,115700,350093624.51171875,3025.8740234375
2016-09-22,3038.422119140625,3054.43505859375,3035.070068359375,139300,423794199.2675781,3042.31298828125
2016-09-23,3044.785888671875,3046.804931640625,3032.802001953125,125600,381057337.109375,3033.89599609375
2016-09-26,3028.242919921875,3028.242919921875,2980.116943359375,144300,430076039.1357422,2980.429931640625
2016-09-27,2974.593017578125,2998.23291015625,2969.132080078125,121700,364877546.89941406,2998.172119140625
2016-09-28,3000.695068359375,3000.695068359375,2984.321044921875,104600,312529937.4023437,2987.85791015625
2016-09-29,2992.16796875,3009.197998046875,2991.908935546875,113200,339428265.4296875,2998.48291015625
2016-09-30,2994.2509765625,3009.195068359375,2993.06201171875,101300,304376401.8310547,3004.702880859375
2016-10-10,3020.45703125,3048.236083984375,3014.6201171875,160100,488007704.9316406,3048.14306640625
2016-10-11,3051.6220703125,3066.10400390625,3048.01806640625,167300,512816325.0,3065.25
2016-10-12,3057.31591796875,3060.513916015625,3048.887939453125,142500,435835971.6796875,3058.498046875
2016-10-13,3057.971923828125,3064.9990234375,3052.639892578125,154800,473896352.6367188,3061.345947265625
2016-10-14,3056.992919921875,3064.7900390625,3043.18408203125,155400,476115931.34765625,3063.80908203125
2016-10-17,3064.69091796875,3068.81201171875,3033.7529296875,163700,497838876.7578125,3041.166015625
2016-10-18,3037.404052734375,3084.18701171875,3037.404052734375,182000,561265250.0,3083.875
2016-10-19,3085.7490234375,3096.222900390625,3076.77099609375,182500,562961216.4306641,3084.718994140625
2016-10-20,3084.907958984375,3089.681884765625,3076.294921875,160700,495672401.8554688,3084.4580078125
2016-10-21,3081.388916015625,3101.84912109375,3069.26708984375,187400,579242328.0273438,3090.94091796875
2016-10-24,3092.047119140625,3137.033935546875,3090.785888671875,240500,752343420.4101562,3128.2470703125
2016-10-25,3127.968017578125,3132.5048828125,3121.050048828125,203400,637036385.4492188,3131.93896484375
2016-10-26,3129.837890625,3129.837890625,3110.386962890625,191700,597397012.6464844,3116.31201171875
2016-10-27,3112.60302734375,3114.759033203125,3100.39208984375,158000,491751315.4296875,3112.35009765625
2016-10-28,3111.7041015625,3128.64306640625,3101.237060546875,181800,564356289.5507812,3104.27001953125
2016-10-31,3097.18798828125,3102.302001953125,3081.072021484375,151500,469724529.4189453,3100.491943359375
2016-11-01,3101.6640625,3122.614990234375,3097.0419921875,160200,500214252.8320313,3122.43603515625
2016-11-02,3115.72900390625,3118.97705078125,3099.820068359375,182700,566869302.6855469,3102.73291015625
2016-11-03,3096.764892578125,3140.929931640625,3094.10302734375,223000,697752735.8398438,3128.93603515625
2016-11-04,3126.34912109375,3141.333984375,3119.534912109375,197700,617875150.0488281,3125.31689453125
2016-11-07,3124.89208984375,3139.201904296875,3117.095947265625,179400,562119941.6015625,3133.3330078125
2016-11-08,3140.944091796875,3156.881103515625,3134.955078125,190800,600617018.8476562,3147.887939453125
2016-11-09,3146.077880859375,3146.949951171875,3096.947021484375,241100,754250035.2539062,3128.3701171875
2016-11-10,3148.5439453125,3172.30908203125,3148.5439453125,244200,774427060.1074219,3171.281982421875
2016-11-11,3169.40087890625,3202.739990234375,3166.070068359375,310900,993650062.5976562,3196.0439453125
2016-11-14,3187.708984375,3221.4580078125,3186.7958984375,329600,1058138312.5,3210.37109375
2016-11-15,3209.955078125,3214.2919921875,3195.034912109375,240900,772562947.6318359,3206.986083984375
2016-11-16,3208.4970703125,3210.89306640625,3195.410888671875,221800,710881617.0410156,3205.056884765625
2016-11-17,3198.4990234375,3211.052978515625,3187.2060546875,214200,687250607.0800781,3208.452880859375
2016-11-18,3207.193115234375,3212.39404296875,3187.49609375,209800,669861179.7851562,3192.85595703125
2016-11-21,3188.49609375,3229.757080078125,3188.280029296875,230700,742426731.8847656,3218.14794921875
2016-11-22,3220.98291015625,3249.677001953125,3220.98291015625,261600,849768896.484375,3248.35205078125
2016-11-23,3247.945068359375,3262.87890625,3231.5859375,250000,810284240.7226562,3241.136962890625
2016-11-24,3237.427978515625,3257.85693359375,3232.868896484375,232300,753055292.3095703,3241.736083984375
2016-11-25,3241.242919921875,3262.43798828125,3209.597900390625,233900,762967295.4589844,3261.93798828125
2016-11-28,3270.047119140625,3288.3369140625,3267.674072265625,281600,922803200.0,3277.0
2016-11-29,3269.23388671875,3301.212890625,3263.39697265625,320800,1053162042.3828124,3282.924072265625
2016-11-30,3272.14208984375,3277.26904296875,3239.52099609375,243600,791708266.6992188,3250.033935546875
2016-12-01,3257.027099609375,3279.6708984375,3256.256103515625,237800,778392899.7070312,3273.30908203125
2016-12-02,3270.12109375,3279.714111328125,3235.277099609375,259600,842101647.3632812,3243.843017578125
2016-12-05,3203.783935546875,3219.51806640625,3194.87890625,223000,714650103.515625,3204.708984375
2016-12-06,3202.029052734375,3215.31103515625,3196.52490234375,157600,504264362.890625,3199.64697265625
2016-12-07,3198.47509765625,3222.427978515625,3189.485107421875,169100,544881112.6220703,3222.241943359375
2016-12-08,3225.550048828125,3228.1220703125,3211.470947265625,170700,548862970.5322266,3215.365966796875
2016-12-09,3209.340087890625,3244.801025390625,3207.04296875,204000,659508143.5546875,3232.883056640625
2016-12-12,3233.666015625,3245.094970703125,3149.89599609375,274700,866120850.9521484,3152.969970703125
2016-12-13,3138.988037109375,3162.49609375,3118.7119140625,185200,584312872.65625,3155.037109375
2016-12-14,3149.376953125,3170.02099609375,3136.347900390625,201400,632502944.5800781,3140.531005859375
2016-12-15,3125.757080078125,3138.779052734375,3100.9130859375,190000,592358630.3710938,3117.677001953125
2016-12-16,3111.514892578125,3128.8740234375,3106.345947265625,165000,515292019.0429688,3122.98193359375
2016-12-19,3120.696044921875,3125.283935546875,3110.08203125,154200,480808700.9765625,3118.0849609375
2016-12-20,3115.89794921875,3117.014892578125,3084.800048828125,157400,488392678.7109375,3102.8759765625
2016-12-21,3107.239990234375,3140.2509765625,3107.239990234375,186700,585758168.2373047,3137.429931640625
2016-12-22,3132.156005859375,3143.1689453125,3126.886962890625,167800,526817850.09765625,3139.55810546875
2016-12-23,3134.928955078125,3138.404052734375,3103.748046875,166200,516907603.5644531,3110.154052734375
2016-12-26,3095.5791015625,3122.881103515625,3068.4150390625,152600,476504043.4082031,3122.569091796875
2016-12-27,3117.386962890625,3127.883056640625,3113.7451171875,141500,440724964.84375,3114.6640625
2016-12-28,3113.76708984375,3118.781982421875,3094.549072265625,135700,420973436.5966797,3102.236083984375
2016-12-29,3095.844970703125,3111.799072265625,3087.343994140625,132600,410542452.0996094,3096.096923828125
2016-12-30,3097.344970703125,3108.839111328125,3089.989013671875,133300,413714807.1533203,3103.636962890625
2017-01-03,3105.30908203125,3136.4560546875,3105.30908203125,141600,444046399.21875,3135.9208984375
2017-01-04,3133.787109375,3160.10302734375,3130.114990234375,167900,530361503.4179688,3158.7939453125
2017-01-05,3157.906005859375,3168.501953125,3154.281005859375,174700,552997282.2509766,3165.410888671875
2017-01-06,3163.77587890625,3172.034912109375,3153.02490234375,183700,579448775.9521484,3154.321044921875
2017-01-09,3148.531982421875,3173.135986328125,3147.735107421875,171700,544501235.6201172,3171.236083984375
2017-01-10,3167.570068359375,3174.577880859375,3157.33203125,179800,568468427.5390625,3161.6708984375
2017-01-11,3156.68603515625,3167.029052734375,3136.26708984375,178400,559596896.875,3136.75390625
2017-01-12,3133.60205078125,3144.969970703125,3115.97900390625,148900,464462141.40625,3119.2890625
2017-01-13,3116.0830078125,3130.514892578125,3102.1630859375,156300,486525000.0732422,3112.763916015625
2017-01-16,3104.491943359375,3105.14208984375,3044.291015625,257900,800374075.6591797,3103.427978515625
2017-01-17,3087.030029296875,3108.906982421875,3072.337890625,136200,423415141.6992188,3108.77490234375
2017-01-18,3104.76611328125,3123.719970703125,3098.5859375,131800,410294976.7089844,3113.011962890625
2017-01-19,3104.971923828125,3115.778076171875,3094.006103515625,123900,384250955.0537109,3101.299072265625
2017-01-20,3095.819091796875,3125.659912109375,3095.215087890625,122400,382272203.3203125,3123.138916015625
2017-01-23,3125.4208984375,3145.841064453125,3125.4208984375,132700,416250029.5410156,3136.77490234375
2017-01-24,3134.592041015625,3149.531005859375,3131.218017578125,126000,395961675.2929688,3142.552978515625
2017-01-25,3137.64599609375,3151.471923828125,3133.19091796875,112100,353065107.83691406,3149.554931640625
2017-01-26,3149.217041015625,3163.10400390625,3148.907958984375,113900,359829009.1796875,3159.166015625
2017-02-03,3160.08203125,3162.677001953125,3136.012939453125,92200,289523666.796875,3140.169921875
2017-02-06,3143.093017578125,3158.843017578125,3135.386962890625,127200,401568350.390625,3156.98388671875
2017-02-07,3154.405029296875,3159.5439453125,3140.035888671875,128300,404541176.3671875,3153.087890625
2017-02-08,3148.0859375,3167.447021484375,3132.032958984375,144900,458895682.1777344,3166.98193359375
2017-02-09,3164.68798828125,3186.837890625,3162.573974609375,191600,609897087.7929688,3183.178955078125
2017-02-10,3183.007080078125,3205.049072265625,3182.802001953125,239300,764970064.6240234,3196.698974609375
2017-02-13,3198.9951171875,3219.406982421875,3198.9951171875,220200,708347972.3144531,3216.839111328125
2017-02-14,3216.136962890625,3219.405029296875,3205.284912109375,188800,607544802.34375,3217.927978515625
2017-02-15,3215.464111328125,3235.998046875,3206.56103515625,241500,775936139.2822266,3212.986083984375
2017-02-16,3210.35693359375,3230.27490234375,3207.784912109375,217000,700827088.6230469,3229.617919921875
2017-02-17,3227.70703125,3238.39599609375,3199.425048828125,226200,724309574.8535156,3202.075927734375
2017-02-20,3198.962890625,3241.4580078125,3198.962890625,232200,752318929.6875,3239.9609375
2017-02-21,3242.222900390625,3254.3359375,3239.8779296875,211700,688729098.9013672,3253.325927734375
2017-02-22,3252.68994140625,3261.381103515625,3243.840087890625,207500,676702738.6474609,3261.218017578125
2017-02-23,3258.83203125,3264.08203125,3236.35498046875,209200,680187650.0,3251.375
2017-02-24,3246.860107421875,3253.9560546875,3233.534912109375,186400,606439930.859375,3253.43310546875
2017-02-27,3249.195068359375,3251.654052734375,3224.087890625,182600,589553299.9511719,3228.659912109375
2017-02-28,3225.968994140625,3242.678955078125,3225.968994140625,151200,490150016.015625,3241.73291015625
2017-03-01,3240.072998046875,3259.97802734375,3237.87109375,190700,619190329.4433594,3246.93408203125
2017-03-02,3250.51806640625,3256.806884765625,3228.6650390625,181200,585281087.4023438,3230.028076171875
2017-03-03,3219.201904296875,3221.155029296875,3206.613037109375,157100,505596817.0410156,3218.31201171875
2017-03-06,3217.3349609375,3234.6630859375,3215.06689453125,156100,504806477.4169922,3233.865966796875
2017-03-07,3233.093994140625,3242.658935546875,3226.822021484375,164100,532078825.5615234,3242.406005859375
2017-03-08,3240.531982421875,3245.303955078125,3230.60791015625,160700,520774871.77734375,3240.6650390625
2017-03-09,3233.700927734375,3233.875,3205.279052734375,167400,538483296.09375,3216.74609375
2017-03-10,3213.72900390625,3222.319091796875,3208.447021484375,136700,439184293.33496094,3212.760009765625
2017-03-13,3209.448974609375,3237.12109375,3193.156982421875,163700,529900816.6503906,3237.02392578125
2017-03-14,3235.251953125,3246.3291015625,3231.52099609375,146900,475857265.6982422,3239.327880859375
2017-03-15,3235.403076171875,3243.712890625,3227.738037109375,144100,467137617.40722656,3241.760009765625
2017-03-16,3247.1630859375,3269.77001953125,3247.1630859375,189400,619136300.0976562,3268.93505859375
2017-03-17,3271.866943359375,3274.18994140625,3232.281005859375,200600,649431872.5097656,3237.447021484375
2017-03-20,3241.110107421875,3251.126953125,3228.117919921875,170500,554262781.9824219,3250.80810546875
2017-03-21,3250.2470703125,3262.220947265625,3246.696044921875,162700,530664123.3642578,3261.611083984375
2017-03-22,3246.222900390625,3255.778076171875,3229.1279296875,189700,615618228.4423828,3245.219970703125
2017-03-23,3245.80810546875,3262.091064453125,3221.93408203125,193000,626970159.4238281,3248.550048828125
2017-03-24,3247.35009765625,3275.20703125,3241.123046875,219800,718624026.0253906,3269.445068359375
2017-03-27,3268.924072265625,3283.239013671875,3262.117919921875,201900,659598230.2734375,3266.955078125
2017-03-28,3265.634033203125,3265.634033203125,3246.0859375,161700,526001691.2841797,3252.947998046875
2017-03-29,3252.864990234375,3262.097900390625,3233.280029296875,216100,700447947.8027344,3241.31396484375
2017-03-30,3235.136962890625,3240.01708984375,3195.85205078125,247100,793249577.6611328,3210.237060546875
2017-03-31,3206.2529296875,3226.248046875,3205.537109375,196400,632901733.1054688,3222.513916015625
2017-04-05,3235.659912109375,3270.64501953125,3233.237060546875,248300,812016714.5263672,3270.304931640625
2017-04-06,3272.193115234375,3286.674072265625,3265.764892578125,245300,804830497.7539062,3281.0048828125
2017-04-07,3280.6240234375,3295.18701171875,3275.051025390625,236100,775970029.7607422,3286.615966796875
2017-04-10,3285.458984375,3285.458984375,3265.011962890625,232700,760787766.5527344,3269.39306640625
2017-04-11,3266.221923828125,3290.388916015625,3244.405029296875,281300,925186153.930664,3288.966064453125
2017-04-12,3283.8369140625,3284.93408203125,3262.277099609375,269400,881969823.046875,3273.830078125
2017-04-13,3265.218017578125,3281.136962890625,3261.489990234375,207300,679106499.9023438,3275.9599609375
2017-04-14,3276.137939453125,3276.7109375,3238.89599609375,208100,675176893.6035156,3244.48291015625
2017-04-17,3229.948974609375,3229.948974609375,3199.912109375,212700,685354919.2382812,3222.1669921875
2017-04-18,3215.39599609375,3225.054931640625,3196.488037109375,188700,603219722.4609375,3196.712890625
2017-04-19,3184.666015625,3189.43701171875,3147.06591796875,213200,675990470.8984375,3170.68701171875
2017-04-20,3165.6650390625,3178.18310546875,3148.18408203125,190900,605553908.6425781,3172.10009765625
2017-04-21,3170.2900390625,3180.7939453125,3158.62890625,164800,522935264.84375,3173.15087890625
2017-04-24,3164.248046875,3164.248046875,3111.215087890625,186300,583031626.3916016,3129.531005859375
2017-04-25,3123.89404296875,3145.26708984375,3117.448974609375,153400,480842561.62109375,3134.56689453125
2017-04-26,3132.91796875,3152.952880859375,3131.41796875,169900,533629892.3583984,3140.846923828125
2017-04-27,3131.35009765625,3155.0029296875,3097.3330078125,211800,667633209.0820312,3152.18701171875
2017-04-28,3144.02197265625,3154.72705078125,3136.577880859375,162900,513893781.5185547,3154.657958984375
2017-05-02,3147.22802734375,3154.781005859375,3136.5390625,154200,484760377.1484375,3143.7119140625
2017-05-03,3138.306884765625,3148.285888671875,3123.7509765625,163800,513569666.1621094,3135.345947265625
2017-05-04,3127.10595703125,3143.818115234375,3111.39111328125,178000,556671663.5742188,3127.368896484375
2017-05-05,3114.77392578125,3117.614013671875,3092.092041015625,176200,546755310.7421875,3103.0380859375
2017-05-08,3090.06494140625,3093.451904296875,3067.694091796875,180500,555689653.1982422,3078.613037109375
2017-05-09,3064.847900390625,3084.2080078125,3056.55810546875,135100,416179211.15722656,3080.527099609375
2017-05-10,3078.173095703125,3090.819091796875,3051.590087890625,160800,490887813.8671875,3052.784912109375
2017-05-11,3036.7890625,3063.56396484375,3016.531005859375,191300,585664950.0,3061.5
2017-05-12,3054.112060546875,3090.490966796875,3051.87109375,159700,492437016.43066406,3083.512939453125
2017-05-15,3085.931884765625,3098.9130859375,3085.931884765625,135700,419344075.8300781,3090.22900390625
2017-05-16,3082.8720703125,3113.511962890625,3060.533935546875,173800,541033162.5488281,3112.964111328125
2017-05-17,3107.802001953125,3119.58203125,3101.294921875,168700,523719347.6074219,3104.44189453125
2017-05-18,3082.3291015625,3103.44091796875,3077.962890625,148600,459194642.9199219,3090.138916015625
2017-05-19,3086.705078125,3095.48291015625,3081.278076171875,129600,400545791.015625,3090.631103515625
2017-05-22,3087.1708984375,3103.93798828125,3063.153076171875,153700,472731405.1025391,3075.676025390625
2017-05-23,3069.39404296875,3084.235107421875,3050.842041015625,178300,545945153.9306641,3061.947021484375
2017-05-24,3047.568115234375,3064.81298828125,3022.302978515625,139800,428357814.6972656,3064.075927734375
2017-05-25,3055.343017578125,3114.657958984375,3052.8310546875,191400,594838863.8671875,3107.8310546875
2017-05-26,3101.285888671875,3120.6630859375,3100.387939453125,155900,484858210.8886719,3110.05908203125
2017-05-31,3125.324951171875,3143.279052734375,3111.555908203125,153000,476928230.7128906,3117.177978515625
2017-06-01,3108.4208984375,3113.52099609375,3097.678955078125,163000,505727556.640625,3102.623046875
2017-06-02,3094.22509765625,3110.388916015625,3081.84912109375,142500,442539455.5664063,3105.5400390625
2017-06-05,3102.110107421875,3105.506103515625,3084.830078125,132600,409953586.3769531,3091.656005859375
2017-06-06,3084.5400390625,3102.863037109375,3078.787109375,113400,351781085.7421875,3102.1259765625
2017-06-07,3101.760986328125,3140.77392578125,3098.950927734375,173200,543904281.5429688,3140.324951171875
2017-06-08,3136.470947265625,3153.263916015625,3132.827880859375,152300,479795865.8203125,3150.333984375
2017-06-09,3147.452880859375,3165.919921875,3146.10791015625,160100,505659824.3652344,3158.39990234375
2017-06-12,3149.527099609375,3164.949951171875,3135.31396484375,146700,460619949.0234375,3139.876953125
2017-06-13,3134.009033203125,3155.989990234375,3131.04296875,128300,404625216.62597656,3153.742919921875
2017-06-14,3146.748046875,3149.173095703125,3125.35498046875,138300,432972224.194336,3130.674072265625
2017-06-15,3125.5869140625,3137.5849609375,3117.083984375,147000,460475454.3457031,3132.486083984375
2017-06-16,3126.373046875,3134.2509765625,3117.85693359375,129700,405074632.2265625,3123.166015625
2017-06-19,3122.157958984375,3146.77001953125,3121.779052734375,134900,424176055.7617188,3144.3740234375
2017-06-20,3148.01904296875,3150.465087890625,3134.611083984375,141200,443369964.9414063,3140.013916015625
2017-06-21,3148.986083984375,3157.028076171875,3132.616943359375,136700,431454168.65234375,3156.2119140625
2017-06-22,3152.241943359375,3186.98193359375,3146.64306640625,191300,602107736.1083984,3147.452880859375
2017-06-23,3138.444091796875,3158.047119140625,3118.094970703125,154800,488838747.65625,3157.873046875
2017-06-26,3157.001953125,3187.888916015625,3156.97705078125,173600,552993094.3359375,3185.444091796875
2017-06-27,3183.419921875,3193.4609375,3172.462890625,148200,472935398.5839844,3191.197021484375
2017-06-28,3183.633056640625,3193.43994140625,3170.785888671875,146500,464873935.91308594,3173.200927734375
2017-06-29,3174.98095703125,3188.77392578125,3174.283935546875,128800,410622512.890625,3188.06298828125
2017-06-30,3176.947998046875,3193.240966796875,3171.570068359375,121500,387879880.7373047,3192.427001953125
2017-07-03,3191.998046875,3196.285888671875,3177.02392578125,140300,448386468.9453125,3195.912109375
2017-07-04,3192.888916015625,3193.06396484375,3174.31396484375,141100,449093638.0615234,3182.803955078125
2017-07-05,3179.217041015625,3207.31005859375,3174.7080078125,148300,475617977.1240234,3207.134033203125
2017-07-06,3203.863037109375,3215.949951171875,3188.77294921875,175800,564747671.3378906,3212.444091796875
2017-07-07,3203.822998046875,3219.52294921875,3195.291015625,176700,568613007.421875,3217.95703125
2017-07-10,3208.462890625,3223.340087890625,3203.208984375,198900,638992520.7275391,3212.632080078125
2017-07-11,3201.51708984375,3226.907958984375,3199.22412109375,187800,601530552.5390625,3203.0380859375
2017-07-12,3201.928955078125,3215.196044921875,3177.93505859375,186900,597620963.3789062,3197.5439453125
2017-07-13,3192.362060546875,3219.26806640625,3190.339111328125,195300,628507250.6835938,3218.1630859375
2017-07-14,3212.031982421875,3222.97802734375,3204.85302734375,160100,515908960.4492188,3222.4169921875
2017-07-17,3219.791015625,3230.35400390625,3139.50390625,266200,845575006.3964844,3176.465087890625
2017-07-18,3159.73193359375,3187.6708984375,3150.1279296875,190600,607550250.0976562,3187.56689453125
2017-07-19,3181.402099609375,3232.94091796875,3179.72998046875,272400,880117882.6171875,3230.97607421875
2017-07-20,3227.506103515625,3246.236083984375,3225.43310546875,232100,753133164.2333984,3244.864990234375
2017-07-21,3236.587890625,3247.7119140625,3231.9560546875,206000,667024278.3203125,3237.98193359375
2017-07-24,3230.89794921875,3261.10498046875,3230.071044921875,233100,757714655.1269531,3250.59912109375
2017-07-25,3249.137939453125,3261.64501953125,3233.137939453125,205600,666902451.171875,3243.68896484375
2017-07-26,3244.4609375,3264.847900390625,3228.0390625,213500,693378622.9248047,3247.675048828125
2017-07-27,3243.764892578125,3251.926025390625,3220.636962890625,228500,742574959.8388672,3249.781005859375
2017-07-28,3240.173095703125,3256.37109375,3232.962890625,182200,592740326.2207031,3253.239990234375
2017-07-31,3252.751953125,3276.946044921875,3251.194091796875,246000,805164906.7382812,3273.028076171875
2017-08-01,3274.368896484375,3292.637939453125,3273.50390625,237200,781013719.2382812,3292.637939453125
2017-08-02,3288.51806640625,3305.430908203125,3282.0380859375,266700,876124671.1669922,3285.056884765625
2017-08-03,3279.986083984375,3293.368896484375,3262.155029296875,233300,763574325.2197266,3272.928955078125
2017-08-04,3269.318115234375,3287.193115234375,3261.306884765625,275900,900008162.9882812,3262.0810546875
2017-08-07,3257.669921875,3280.10400390625,3243.715087890625,231200,758210465.625,3279.45703125
2017-08-08,3277.18896484375,3285.48291015625,3269.657958984375,252000,827032007.8125,3281.873046875
2017-08-09,3277.80810546875,3277.943115234375,3263.846923828125,235600,771724998.3398438,3275.572998046875
2017-08-10,3269.735107421875,3282.51904296875,3236.18310546875,240700,785102989.9414062,3261.7490234375
2017-08-11,3237.922119140625,3245.115966796875,3200.748046875,263000,843846287.109375,3208.541015625
2017-08-14,3206.0439453125,3240.052001953125,3206.0439453125,190300,616069628.4423828,3237.360107421875
2017-08-15,3235.22998046875,3263.589111328125,3235.10107421875,182300,592705055.8349609,3251.261962890625
2017-08-16,3247.85302734375,3248.784912109375,3228.87109375,176900,574297169.1162109,3246.450927734375
2017-08-17,3253.845947265625,3269.138916015625,3251.458984375,203600,665452334.0820312,3268.429931640625
2017-08-18,3253.242919921875,3275.075927734375,3248.0830078125,191100,624653179.5410156,3268.72412109375
2017-08-21,3274.5810546875,3287.51904296875,3270.47509765625,186100,611693207.6904297,3286.906005859375
2017-08-22,3287.614990234375,3293.47607421875,3274.94091796875,186500,613627162.8417969,3290.22607421875
2017-08-23,3283.797119140625,3299.45703125,3274.43994140625,179800,591129373.046875,3287.705078125
2017-08-24,3287.958984375,3297.989013671875,3266.35888671875,163500,534892205.9326172,3271.511962890625
2017-08-25,3271.4609375,3331.9150390625,3271.4609375,205800,685627221.9726562,3331.52197265625
2017-08-28,3336.1259765625,3375.033935546875,3336.1259765625,257500,865882601.3183594,3362.65087890625
2017-08-29,3362.06005859375,3374.594970703125,3354.462890625,219500,738667123.2910156,3365.22607421875
2017-08-30,3361.821044921875,3376.64794921875,3357.080078125,246900,830479494.7265625,3363.626953125
2017-08-31,3361.4619140625,3367.35791015625,3340.68701171875,234400,787773877.734375,3360.81005859375
2017-09-01,3365.990966796875,3381.925048828125,3358.471923828125,282500,951211088.256836,3367.118896484375
2017-09-04,3369.718994140625,3381.403076171875,3359.131103515625,259400,876729442.1875,3379.8359375
2017-09-05,3377.197021484375,3390.822998046875,3371.571044921875,216600,733043039.3554688,3384.31689453125
2017-09-06,3372.427978515625,3391.010986328125,3364.764892578125,229100,775592600.6591797,3385.388916015625
2017-09-07,3383.6279296875,3387.7958984375,3363.177001953125,221100,744111402.2460938,3365.4970703125
2017-09-08,3364.427978515625,3380.889892578125,3353.68798828125,198400,667664195.3125,3365.242919921875
2017-09-11,3365.35107421875,3384.81005859375,3360.0458984375,219000,739435749.0234375,3376.4189453125
2017-09-12,3381.487060546875,3391.069091796875,3370.85205078125,272900,922262285.3271484,3379.488037109375
2017-09-13,3374.718994140625,3387.139892578125,3366.541015625,194600,658555000.8789062,3384.14697265625
2017-09-14,3383.469970703125,3391.64404296875,3361.333984375,221300,746096579.4189453,3371.426025390625
2017-09-15,3365.14501953125,3365.528076171875,3345.327880859375,219800,737125433.4472656,3353.618896484375
2017-09-18,3352.512939453125,3371.7490234375,3352.512939453125,190300,639952046.1425781,3362.85888671875
2017-09-19,3365.531982421875,3370.40087890625,3344.705078125,191100,641493073.9013672,3356.844970703125
2017-09-20,3352.18505859375,3370.097900390625,3346.535888671875,192200,646944449.21875,3365.99609375
2017-09-21,3364.697998046875,3377.884033203125,3356.875,197400,662832091.1132812,3357.81201171875
2017-09-22,3347.156982421875,3356.450927734375,3334.985107421875,179200,600773206.25,3352.529052734375
2017-09-25,3344.589111328125,3350.9609375,3334.944091796875,169600,566726722.65625,3341.549072265625
2017-09-26,3336.35009765625,3347.1630859375,3332.59912109375,132600,443359106.8359375,3343.5830078125
2017-09-27,3340.822021484375,3349.695068359375,3340.299072265625,143100,478708419.2871094,3345.27197265625
2017-09-28,3343.844970703125,3344.60107421875,3336.177978515625,149400,498942528.22265625,3339.64208984375
2017-09-29,3340.31103515625,3357.014892578125,3340.31103515625,144900,485261857.39746094,3348.943115234375
2017-10-09,3403.24609375,3410.169921875,3366.965087890625,191700,646868249.1210938,3374.3779296875
2017-10-10,3373.344970703125,3384.02587890625,3358.794921875,179400,606908053.8574219,3382.988037109375
2017-10-11,3381.488037109375,3395.779052734375,3379.1630859375,181500,614973534.3017578,3388.283935546875
2017-10-12,3385.532958984375,3390.2041015625,3372.532958984375,161800,547870995.8007812,3386.10009765625
2017-10-13,3384.488037109375,3395.748046875,3383.239013671875,140000,474673212.890625,3390.52294921875
2017-10-16,3393.2060546875,3400.510986328125,3374.76904296875,174300,588867315.8935547,3378.469970703125
2017-10-17,3373.23388671875,3382.406982421875,3365.56494140625,125400,422853943.359375,3372.041015625
2017-10-18,3373.528076171875,3383.23193359375,3371.925048828125,157200,531618008.203125,3381.7939453125
2017-10-19,3374.64404296875,3378.736083984375,3359.6279296875,158500,534172280.88378906,3370.172119140625
2017-10-20,3363.513916015625,3379.764892578125,3360.10009765625,127200,429764019.140625,3378.64794921875
2017-10-23,3382.280029296875,3385.284912109375,3374.705078125,130800,442195425.8789063,3380.698974609375
2017-10-24,3376.59912109375,3388.68896484375,3374.125,139900,474015901.7578125,3388.248046875
2017-10-25,3384.85791015625,3398.303955078125,3382.033935546875,123100,418158137.5488281,3396.89794921875
2017-10-26,3397.51904296875,3414.241943359375,3391.455078125,183800,626310795.2148438,3407.56689453125
2017-10-27,3404.498046875,3421.10302734375,3402.114013671875,170300,581883085.5957031,3416.81201171875
2017-10-30,3413.867919921875,3419.73193359375,3357.27587890625,208300,706207179.1992188,3390.3369140625
2017-10-31,3380.9990234375,3397.09912109375,3376.1240234375,153500,520878003.2958984,3393.342041015625
2017-11-01,3393.968017578125,3410.35205078125,3388.597900390625,180600,613301903.3203125,3395.9130859375
2017-11-02,3391.652099609375,3391.652099609375,3372.212890625,166900,564674448.7792969,3383.31005859375
2017-11-03,3377.736083984375,3380.570068359375,3347.360107421875,172700,582300170.9228516,3371.743896484375
2017-11-06,3369.68505859375,3389.383056640625,3356.533935546875,154600,523811711.5722656,3388.174072265625
2017-11-07,3389.471923828125,3415.14794921875,3387.946044921875,190600,650627385.6933594,3413.574951171875
2017-11-08,3409.14697265625,3434.491943359375,3404.881103515625,185400,633226276.7578125,3415.4599609375
2017-11-09,3410.672119140625,3428.77001953125,3408.618896484375,158700,543991054.1015625,3427.794921875
2017-11-10,3423.18505859375,3438.7919921875,3414.3291015625,189300,649805017.0166016,3432.673095703125
2017-11-13,3435.18408203125,3449.1640625,3435.0849609375,205400,708185501.5625,3447.8359375
2017-11-14,3446.544921875,3450.4951171875,3419.69189453125,196500,673906200.8056641,3429.548095703125
2017-11-15,3416.2109375,3423.75,3396.381103515625,168800,574346203.515625,3402.52490234375
2017-11-16,3393.194091796875,3409.653076171875,3390.589111328125,156700,532662475.0,3399.25
2017-11-17,3392.68310546875,3403.285888671875,3373.2958984375,249500,844035535.7666016,3382.907958984375
2017-11-20,3361.35595703125,3393.10595703125,3337.115966796875,176500,598758410.4003906,3392.39892578125
2017-11-21,3382.360107421875,3419.802001953125,3377.59912109375,196900,671527065.4296875,3410.498046875
2017-11-22,3417.3310546875,3442.177978515625,3404.287109375,213600,732747134.1796875,3430.464111328125
2017-11-23,3425.009033203125,3429.424072265625,3342.33203125,208800,700104106.0546875,3352.989013671875
2017-11-24,3340.384033203125,3360.74609375,3328.333984375,159600,535269838.7695313,3353.821044921875
2017-11-27,3346.656982421875,3347.051025390625,3315.263916015625,166400,552819068.75,3322.22998046875
2017-11-28,3311.23193359375,3333.800048828125,3300.781005859375,138200,460711394.9707031,3333.656982421875
2017-11-29,3335.56689453125,3343.06201171875,3305.572021484375,183800,613499046.7285156,3337.862060546875
2017-11-30,3328.64306640625,3340.919921875,3306.282958984375,156600,519471638.96484375,3317.18798828125
2017-12-01,3315.10498046875,3324.51611328125,3302.43994140625,139200,461812278.515625,3317.616943359375
2017-12-04,3310.381103515625,3323.99609375,3304.10302734375,148100,490154413.9404297,3309.617919921875
2017-12-05,3301.69091796875,3315.737060546875,3300.511962890625,208300,688155512.6708984,3303.675048828125
2017-12-06,3291.31298828125,3296.200927734375,3254.611083984375,151600,499365107.3242188,3293.965087890625
2017-12-07,3283.279052734375,3291.281982421875,3259.1640625,132100,432238327.4658203,3272.053955078125
2017-12-08,3264.47802734375,3297.1298828125,3258.759033203125,133200,438226926.8554688,3289.991943359375
2017-12-11,3290.488037109375,3322.674072265625,3288.294921875,132000,438529877.9296875,3322.196044921875
2017-12-12,3320.31005859375,3320.31005859375,3280.3291015625,124600,408789420.0195313,3280.81396484375
2017-12-13,3278.39697265625,3304.010009765625,3273.324951171875,112000,369940156.25,3303.037109375
2017-12-14,3302.931884765625,3309.530029296875,3282.572998046875,120500,396738895.2636719,3292.43896484375
2017-12-15,3287.529052734375,3287.529052734375,3259.387939453125,130900,427537328.4423828,3266.136962890625
2017-12-18,3268.033935546875,3280.5439453125,3254.177978515625,120700,394438199.78027344,3267.922119140625
2017-12-19,3266.01904296875,3296.93994140625,3266.01904296875,115100,379431533.6914063,3296.5380859375
2017-12-20,3296.739990234375,3300.2119140625,3276.1201171875,137700,452703340.2832031,3287.60595703125
2017-12-21,3281.117919921875,3309.222900390625,3267.404052734375,142100,468938395.5566406,3300.05908203125
2017-12-22,3297.68505859375,3307.327880859375,3293.44189453125,124000,408835810.546875,3297.06298828125
2017-12-25,3296.2109375,3312.300048828125,3270.44091796875,142500,467519573.3642578,3280.839111328125
2017-12-26,3277.8369140625,3307.299072265625,3274.326904296875,142400,470792200.0,3306.125
2017-12-27,3302.4609375,3307.080078125,3270.34912109375,162700,532969887.4267578,3275.782958984375
2017-12-28,3272.291015625,3304.095947265625,3263.72802734375,175400,578185930.7128906,3296.385009765625
2017-12-29,3295.24609375,3308.22509765625,3292.77001953125,141600,468295572.0703125,3307.172119140625
2018-01-02,3314.031005859375,3349.052978515625,3314.031005859375,202300,677366335.1806641,3348.325927734375
2018-01-03,3347.742919921875,3379.9150390625,3345.2890625,213800,720315271.1914062,3369.10791015625
2018-01-04,3371.0,3392.825927734375,3365.294921875,207000,700841961.9140625,3385.7099609375
2018-01-05,3386.464111328125,3402.069091796875,3380.2451171875,213100,722781925.0,3391.75
2018-01-08,3391.552978515625,3412.73095703125,3384.55908203125,236200,805319171.3867188,3409.47998046875
2018-01-09,3406.112060546875,3417.22802734375,3403.5869140625,191500,653761831.2988281,3413.89990234375
2018-01-10,3414.113037109375,3430.214111328125,3398.842041015625,209100,715505486.1328125,3421.833984375
2018-01-11,3415.5849609375,3426.48291015625,3405.638916015625,173800,595324955.9082031,3425.344970703125
2018-01-12,3423.87890625,3435.424072265625,3417.97998046875,174100,596978613.8183594,3428.94091796875
2018-01-15,3428.950927734375,3442.5009765625,3402.31201171875,232000,791233224.609375,3410.488037109375
2018-01-16,3403.468994140625,3437.5830078125,3401.9609375,211500,726839629.7607422,3436.593994140625
2018-01-17,3438.575927734375,3465.205078125,3430.510986328125,261000,899059104.4921875,3444.6708984375
2018-01-18,3449.881103515625,3476.5458984375,3448.7890625,220000,764445859.375,3474.75390625
2018-01-19,3481.6201171875,3498.43408203125,3474.2919921875,247500,863246343.3837891,3487.864013671875
2018-01-22,3476.993896484375,3503.385986328125,3475.673095703125,217500,761546248.1689453,3501.362060546875
2018-01-23,3504.343994140625,3547.221923828125,3504.343994140625,238700,846550715.5273438,3546.5048828125
2018-01-24,3553.47900390625,3569.489013671875,3527.112060546875,253000,900544667.2363281,3559.465087890625
2018-01-25,3555.16796875,3571.48095703125,3528.034912109375,243400,863657895.7519531,3548.306884765625
2018-01-26,3535.492919921875,3574.905029296875,3534.195068359375,222700,792395307.421875,3558.12890625
2018-01-29,3563.639892578125,3587.031982421875,3510.26904296875,236000,831428230.46875,3523.0009765625
2018-01-30,3511.5009765625,3523.051025390625,3484.656005859375,186400,650164883.7890625,3488.009033203125
2018-01-31,3470.509033203125,3495.452880859375,3454.72607421875,207300,721576682.5195312,3480.8330078125
2018-02-01,3478.669921875,3495.093017578125,3424.4189453125,260500,897938284.9121094,3446.97998046875
2018-02-02,3419.22509765625,3463.1640625,3388.860107421875,208100,720459067.4804688,3462.0810546875
2018-02-05,3411.669921875,3487.720947265625,3406.240966796875,217700,759228112.2070312,3487.4970703125
2018-02-06,3418.010009765625,3440.1240234375,3364.216064453125,280600,945804979.1503906,3370.652099609375
2018-02-07,3412.743896484375,3425.5380859375,3304.007080078125,260900,863385936.5478516,3309.260009765625
2018-02-08,3281.0458984375,3307.162109375,3225.7119140625,201300,656650674.8291016,3262.050048828125
2018-02-09,3172.85107421875,3180.110107421875,3062.742919921875,256400,802493815.4296875,3129.85107421875
2018-02-12,3128.37109375,3168.1259765625,3113.60498046875,153300,483527362.5,3154.125
2018-02-13,3176.10693359375,3219.217041015625,3176.10693359375,151500,482521286.1328125,3184.958984375
2018-02-14,3188.248046875,3203.4970703125,3171.384033203125,100300,320875641.2353516,3199.158935546875
2018-02-22,3237.569091796875,3269.916015625,3234.114990234375,138700,453349144.6777344,3268.55908203125
2018-02-23,3275.428955078125,3294.134033203125,3258.488037109375,145800,479539688.3789063,3289.02392578125
2018-02-26,3307.294921875,3335.986083984375,3281.614990234375,188600,627957651.6113281,3329.573974609375
2018-02-27,3328.672119140625,3328.672119140625,3284.62890625,174200,573478265.6738281,3292.068115234375
2018-02-28,3264.05908203125,3277.83203125,3239.843994140625,151000,492170601.8066406,3259.407958984375
2018-03-01,3235.089111328125,3280.14892578125,3228.5849609375,159100,520854401.8554688,3273.7548828125
2018-03-02,3248.446044921875,3269.93798828125,3242.26708984375,150900,491108286.694336,3254.528076171875
2018-03-05,3255.87109375,3269.39990234375,3236.717041015625,144800,471602888.4765625,3256.926025390625
2018-03-06,3266.487060546875,3290.2529296875,3243.654052734375,195400,642796064.3554688,3289.64208984375
2018-03-07,3288.864990234375,3308.406005859375,3264.763916015625,168700,551930386.328125,3271.66796875
2018-03-08,3268.346923828125,3289.4970703125,3261.552001953125,149800,492603219.6777344,3288.406005859375
2018-03-09,3291.426025390625,3309.715087890625,3283.55908203125,168400,556926757.03125,3307.166015625
2018-03-12,3319.208984375,3333.56103515625,3313.554931640625,206500,686963338.2568359,3326.698974609375
2018-03-13,3324.1220703125,3333.875,3307.3759765625,177100,586243329.3212891,3310.239013671875
2018-03-14,3298.666015625,3304.97900390625,3287.35595703125,157500,518392677.6123047,3291.382080078125
2018-03-15,3277.513916015625,3297.097900390625,3273.200927734375,148600,489059252.1972656,3291.112060546875
2018-03-16,3290.208984375,3300.56494140625,3269.282958984375,141200,461707349.7070313,3269.882080078125
2018-03-19,3264.927978515625,3280.56689453125,3251.047119140625,138000,452536769.53125,3279.251953125
2018-03-20,3257.218994140625,3292.573974609375,3252.43310546875,139900,460360520.9716797,3290.639892578125
2018-03-21,3299.73095703125,3314.208984375,3268.8779296875,168400,552512300.6835938,3280.951904296875
2018-03-22,3281.264892578125,3288.797119140625,3242.761962890625,150400,490827389.0625,3263.47998046875
2018-03-23,3172.77197265625,3188.235107421875,3110.6640625,275500,868585651.7333984,3152.760986328125
2018-03-26,3117.319091796875,3134.27587890625,3091.4580078125,186400,584125766.6015625,3133.721923828125
2018-03-27,3164.798095703125,3172.778076171875,3143.570068359375,189100,598813311.8652344,3166.64892578125
2018-03-28,3130.571044921875,3165.212890625,3117.533935546875,163500,510494421.3867188,3122.2900390625
2018-03-29,3127.262939453125,3174.509033203125,3098.2470703125,170300,538238430.2978516,3160.531005859375
2018-03-30,3161.785888671875,3177.720947265625,3152.888916015625,154600,489911471.97265625,3168.89697265625
2018-04-02,3169.779052734375,3192.340087890625,3159.986083984375,177700,562096900.3173828,3163.178955078125
2018-04-03,3130.012939453125,3144.33203125,3119.132080078125,152200,477395551.2207031,3136.633056640625
2018-04-04,3147.049072265625,3163.340087890625,3128.866943359375,147000,460273329.3457031,3131.111083984375
2018-04-09,3125.44189453125,3146.093017578125,3110.302978515625,139600,438105834.765625,3138.2939453125
2018-04-10,3144.257080078125,3190.64892578125,3139.0810546875,168200,536612164.0136719,3190.322021484375
2018-04-11,3197.3720703125,3220.844970703125,3191.5869140625,175900,564301629.296875,3208.08203125
2018-04-12,3203.278076171875,3205.251953125,3177.049072265625,148200,471299409.5214844,3180.157958984375
2018-04-13,3192.0419921875,3197.89599609375,3155.506103515625,127600,403095035.4492188,3159.052001953125
2018-04-16,3152.887939453125,3153.10595703125,3096.10009765625,154400,480284194.140625,3110.64892578125
2018-04-17,3112.97509765625,3118.760009765625,3064.028076171875,147200,451432535.9375,3066.797119140625
2018-04-18,3091.909912109375,3096.888916015625,3041.625,159300,492459848.8769531,3091.39892578125
2018-04-19,3094.27392578125,3127.43896484375,3090.287109375,160100,499091893.84765625,3117.3759765625
2018-04-20,3105.4619140625,3111.1708984375,3065.9208984375,155100,476396314.453125,3071.54296875
2018-04-23,3063.443115234375,3085.056884765625,3045.93701171875,131700,404057175.5126953,3068.011962890625
2018-04-24,3069.74609375,3136.0400390625,3069.74609375,162300,507824852.4169922,3128.927001953125
2018-04-25,3112.39794921875,3122.907958984375,3107.0009765625,127300,396918105.6152344,3117.97412109375
2018-04-26,3119.49609375,3121.93310546875,3067.928955078125,134000,412054023.9257813,3075.030029296875
2018-04-27,3082.4150390625,3088.034912109375,3049.9140625,131200,404388829.6875,3082.23193359375
2018-05-02,3087.408935546875,3097.60400390625,3064.762939453125,134200,413493953.6621094,3081.177001953125
2018-05-03,3074.51708984375,3105.659912109375,3056.156982421875,140000,434120244.140625,3100.85888671875
2018-05-04,3093.116943359375,3104.093017578125,3086.784912109375,118700,366905612.2314453,3091.032958984375
2018-05-07,3094.89892578125,3136.8359375,3091.657958984375,138900,435679993.2128906,3136.64501953125
2018-05-08,3135.2958984375,3169.700927734375,3134.06201171875,146900,464424063.0859375,3161.498046875
2018-05-09,3160.137939453125,3165.373046875,3145.656982421875,122600,387311778.02734375,3159.14990234375
2018-05-10,3169.050048828125,3176.137939453125,3155.532958984375,133000,422196940.4296875,3174.4130859375
2018-05-11,3179.797119140625,3180.756103515625,3162.2119140625,130700,413438466.1865234,3163.262939453125
2018-05-14,3167.0419921875,3183.81591796875,3163.47607421875,129300,410402335.3271485,3174.031982421875
2018-05-15,3180.425048828125,3192.806884765625,3164.51806640625,124500,397418681.03027344,3192.117919921875
2018-05-16,3180.22607421875,3191.947998046875,3166.81103515625,130500,413628224.8535156,3169.56494140625
2018-05-17,3170.006103515625,3172.76611328125,3148.62109375,114000,359588257.32421875,3154.282958984375
2018-05-18,3151.08203125,3193.452880859375,3144.77587890625,136500,435885856.5673828,3193.302978515625
2018-05-21,3206.176025390625,3219.739990234375,3203.3359375,164500,528676694.4580078,3213.840087890625
2018-05-22,3211.2470703125,3214.589111328125,3192.22802734375,144300,463830719.0917969,3214.35009765625
2018-05-23,3205.43701171875,3205.43701171875,3168.964111328125,157800,500062536.7675781,3168.964111328125
2018-05-24,3167.93896484375,3173.531005859375,3152.069091796875,124100,391492174.0722656,3154.65087890625
2018-05-25,3148.409912109375,3156.72607421875,3131.068115234375,128600,403971563.0371094,3141.302978515625
2018-05-28,3136.80908203125,3149.6650390625,3115.958984375,128800,403798565.625,3135.08203125
2018-05-29,3129.62109375,3143.2080078125,3112.153076171875,135700,423446549.21875,3120.4609375
2018-05-30,3081.14208984375,3085.39697265625,3041.0,155100,471727827.1728516,3041.443115234375
2018-05-31,3061.8291015625,3098.075927734375,3054.26904296875,140500,434914114.0136719,3095.47412109375
2018-06-01,3084.75390625,3102.087890625,3059.785888671875,129900,399460291.4794922,3075.136962890625
2018-06-04,3083.427001953125,3098.402099609375,3076.993896484375,114600,354250479.19921875,3091.19091796875
2018-06-05,3088.008056640625,3114.76904296875,3080.0458984375,118700,369656258.6914063,3114.2060546875
2018-06-06,3109.175048828125,3117.52490234375,3103.532958984375,120200,374444627.7832031,3115.179931640625
2018-06-07,3121.18408203125,3128.715087890625,3105.577880859375,127800,397393975.1953125,3109.4990234375
2018-06-08,3100.60400390625,3100.68505859375,3053.2880859375,134700,413144828.7597656,3067.14794921875
2018-06-11,3057.339111328125,3063.610107421875,3037.9140625,108600,331532229.3457031,3052.782958984375
2018-06-12,3053.028076171875,3081.447021484375,3034.10107421875,113300,348941566.82128906,3079.802001953125
2018-06-13,3071.464111328125,3071.464111328125,3044.1201171875,119600,364755735.4492188,3049.797119140625
2018-06-14,3038.070068359375,3066.047119140625,3032.406005859375,115500,351600469.8486328,3044.159912109375
2018-06-15,3037.451904296875,3048.797119140625,3008.73193359375,144500,436664677.0019531,3021.90087890625
2018-06-19,2982.64990234375,2984.970947265625,2871.35498046875,230600,670543758.1542969,2907.822021484375
2018-06-20,2889.98388671875,2925.56103515625,2872.1630859375,144300,420739977.0996094,2915.73095703125
2018-06-21,2912.0029296875,2940.5859375,2872.618896484375,154400,444025073.046875,2875.81005859375
2018-06-22,2855.5849609375,2891.968994140625,2837.14404296875,126100,364398737.2314453,2889.760009765625
2018-06-25,2903.449951171875,2908.6240234375,2857.87109375,121900,348553050.78125,2859.3359375
2018-06-26,2829.9951171875,2850.239990234375,2803.784912109375,125900,358123564.3310547,2844.508056640625
2018-06-27,2842.39599609375,2854.258056640625,2798.800048828125,129400,364025230.4199219,2813.177978515625
2018-06-28,2799.904052734375,2825.987060546875,2782.446044921875,118400,329968601.5625,2786.89697265625
2018-06-29,2789.81103515625,2848.3720703125,2782.381103515625,125700,357920438.671875,2847.41796875
2018-07-02,2841.580078125,2845.679931640625,2756.81494140625,137000,380251293.2128906,2775.556884765625
2018-07-03,2774.570068359375,2786.887939453125,2722.448974609375,142500,397131531.3720703,2786.887939453125
2018-07-04,2776.632080078125,2793.178955078125,2754.155029296875,123300,340200232.91015625,2759.1259765625
2018-07-05,2755.339111328125,2777.52294921875,2727.93994140625,129200,353217564.7460937,2733.882080078125
2018-07-06,2731.35302734375,2768.8740234375,2691.02099609375,136300,374447313.2324219,2747.22900390625
2018-07-09,2752.447021484375,2815.7900390625,2752.447021484375,121500,342035878.0517578,2815.110107421875
2018-07-10,2819.7119140625,2828.492919921875,2800.625,117100,331114887.5,2827.625
2018-07-11,2780.7041015625,2794.360107421875,2752.43505859375,126800,352221362.3046875,2777.77099609375
2018-07-12,2771.041015625,2844.193115234375,2771.041015625,147000,417135863.5253906,2837.658935546875
2018-07-13,2831.427978515625,2835.462890625,2818.847900390625,117700,333230366.4550781,2831.18408203125
2018-07-16,2827.08203125,2837.509033203125,2804.492919921875,107800,303353726.7578125,2814.0419921875
2018-07-17,2806.885009765625,2806.9189453125,2774.761962890625,105400,294922477.9296875,2798.1259765625
2018-07-18,2801.777099609375,2818.39501953125,2786.0400390625,121000,337258106.6894531,2787.257080078125
2018-07-19,2791.01611328125,2805.010986328125,2764.486083984375,114500,317456393.5546875,2772.544921875
2018-07-20,2769.75390625,2837.862060546875,2753.840087890625,145900,412790638.3300781,2829.27099609375
2018-07-23,2815.200927734375,2863.571044921875,2809.615966796875,173400,495844581.4453125,2859.5419921875
2018-07-24,2862.26708984375,2911.465087890625,2862.26708984375,229600,667117037.890625,2905.56201171875
2018-07-25,2911.452880859375,2912.31298828125,2894.0390625,167800,487231962.0117188,2903.64697265625
2018-07-26,2905.7939453125,2915.297119140625,2875.700927734375,168400,485366706.4453125,2882.22509765625
2018-07-27,2879.68994140625,2889.694091796875,2864.110107421875,146400,420694160.7421875,2873.593994140625
2018-07-30,2871.93994140625,2896.010986328125,2850.2958984375,151700,435234892.40722656,2869.050048828125
2018-07-31,2866.89892578125,2884.679931640625,2854.320068359375,118900,342004064.5019531,2876.40087890625
2018-08-01,2882.506103515625,2897.39990234375,2823.928955078125,149500,422267823.3642578,2824.533935546875
2018-08-02,2815.343994140625,2815.343994140625,2726.48291015625,174200,482189767.87109375,2768.02392578125
2018-08-03,2763.39599609375,2777.656982421875,2740.431884765625,127000,348036275.6347656,2740.443115234375
2018-08-06,2736.52587890625,2760.47412109375,2692.322021484375,129800,351129376.3183594,2705.156982421875
2018-08-07,2711.736083984375,2779.3740234375,2696.0390625,149600,415794353.90625,2779.3740234375
2018-08-08,2771.12890625,2779.912109375,2741.06689453125,147700,405299149.0966797,2744.070068359375
2018-08-09,2729.5791015625,2801.658935546875,2726.215087890625,151700,423907761.5478516,2794.382080078125
2018-08-10,2791.402099609375,2806.114990234375,2777.506103515625,121500,339630172.1191406,2795.31005859375
2018-08-13,2769.01708984375,2789.798095703125,2742.56005859375,127500,355198688.9648437,2785.8720703125
2018-08-14,2780.736083984375,2789.444091796875,2766.569091796875,109600,304793773.6328125,2780.965087890625
2018-08-15,2777.2490234375,2777.702880859375,2721.239990234375,116200,316442586.1816406,2723.258056640625
2018-08-16,2691.426025390625,2732.948974609375,2672.740966796875,120300,325434584.9121094,2705.19189453125
2018-08-17,2723.886962890625,2730.3330078125,2665.592041015625,112400,299991785.64453125,2668.966064453125
2018-08-20,2673.06591796875,2698.466064453125,2653.112060546875,110800,298990039.94140625,2698.466064453125
2018-08-21,2700.342041015625,2739.173095703125,2696.2919921875,113600,310562625.390625,2733.825927734375
2018-08-22,2731.9580078125,2731.9580078125,2709.06201171875,93700,254358761.18164065,2714.60791015625
2018-08-23,2714.866943359375,2736.010009765625,2700.803955078125,98400,268103003.90625,2724.6240234375
2018-08-24,2717.0810546875,2748.823974609375,2705.323974609375,100500,274307806.27441406,2729.430908203125
2018-08-27,2736.319091796875,2780.89892578125,2736.319091796875,132800,369303377.34375,2780.89892578125
2018-08-28,2782.29296875,2791.389892578125,2769.40087890625,118700,329746339.5996094,2777.98095703125
2018-08-29,2774.864990234375,2778.5390625,2762.35009765625,100200,277483351.171875,2769.294921875
2018-08-30,2769.33203125,2780.527099609375,2736.345947265625,106100,290473902.12402344,2737.737060546875
2018-08-31,2730.113037109375,2744.631103515625,2710.537109375,109800,299232450.0,2725.25
2018-09-03,2716.404052734375,2722.85205078125,2692.364013671875,102200,278059003.22265625,2720.73388671875
2018-09-04,2720.64794921875,2756.60693359375,2712.3759765625,109000,299813228.515625,2750.580078125
2018-09-05,2741.3798828125,2745.467041015625,2704.3369140625,105000,283955375.9765625,2704.3369140625
2018-09-06,2697.577880859375,2719.406005859375,2683.7451171875,99000,266467708.7402344,2691.593017578125
2018-09-07,2696.677978515625,2728.5458984375,2683.718994140625,107500,290497360.2294922,2702.301025390625
2018-09-10,2698.010986328125,2703.428955078125,2667.31689453125,103600,276558657.12890625,2669.485107421875
2018-09-11,2668.487060546875,2680.572998046875,2652.7041015625,99900,266213524.8779297,2664.800048828125
2018-09-12,2659.743896484375,2672.073974609375,2647.169921875,90000,239049909.66796875,2656.110107421875
2018-09-13,2679.2080078125,2689.06201171875,2653.18896484375,107300,288269806.61621094,2686.577880859375
2018-09-14,2688.779052734375,2694.919921875,2675.2900390625,100000,268164306.640625,2681.64306640625
2018-09-17,2671.291015625,2671.291015625,2647.9150390625,88200,233887795.3125,2651.7890625
2018-09-18,2644.2958984375,2700.193115234375,2644.2958984375,115800,312654204.3457031,2699.949951171875
2018-09-19,2694.799072265625,2746.080078125,2690.993896484375,141600,386688373.828125,2730.85009765625
2018-09-20,2732.169921875,2743.965087890625,2724.083984375,111400,304037770.0683594,2729.243896484375
2018-09-21,2733.8740234375,2797.485107421875,2722.031982421875,158000,442002646.97265625,2797.485107421875
2018-09-25,2775.06591796875,2790.031982421875,2771.159912109375,112000,311487558.59375,2781.138916015625
2018-09-26,2785.31689453125,2827.341064453125,2783.342041015625,139600,391831093.1640625,2806.81298828125
2018-09-27,2805.79296875,2810.506103515625,2786.322021484375,124000,346180087.890625,2791.77490234375
2018-09-28,2794.263916015625,2821.7548828125,2791.8359375,134300,378907318.1152344,2821.35009765625
2018-10-08,2768.2080078125,2771.93798828125,2710.177978515625,149500,406118246.45996094,2716.510009765625
2018-10-09,2713.73193359375,2734.31396484375,2711.197021484375,116800,317814311.328125,2721.012939453125
2018-10-10,2723.72412109375,2743.548095703125,2703.06298828125,113500,309382489.7460937,2725.8369140625
2018-10-11,2643.073974609375,2661.285888671875,2560.31591796875,197200,509457919.140625,2583.4580078125
2018-10-12,2574.0419921875,2615.9169921875,2536.6650390625,170100,443435915.9179688,2606.9130859375
2018-10-15,2605.912109375,2611.968994140625,2564.738037109375,118600,304576410.9863281,2568.097900390625
2018-10-16,2567.763916015625,2597.715087890625,2536.44091796875,119400,304031811.328125,2546.330078125
2018-10-17,2574.31298828125,2582.549072265625,2517.572998046875,130000,333009821.7773437,2561.614013671875
2018-10-18,2544.910888671875,2544.910888671875,2485.618896484375,125400,311796935.7421875,2486.4189453125
2018-10-19,2460.0810546875,2553.386962890625,2449.197021484375,147300,375683507.44628906,2550.465087890625
2018-10-22,2565.64404296875,2675.406005859375,2565.64404296875,211900,562568219.4335938,2654.8759765625
2018-10-23,2652.64794921875,2659.81201171875,2583.260986328125,178300,462657462.9150391,2594.825927734375
2018-10-24,2579.971923828125,2640.402099609375,2577.77294921875,160100,416787516.9921875,2603.294921875
2018-10-25,2540.93505859375,2606.10107421875,2531.534912109375,162000,421815607.91015625,2603.800048828125
2018-10-26,2610.89794921875,2626.115966796875,2580.844970703125,158900,412956776.19628906,2598.846923828125
2018-10-29,2593.591064453125,2595.537109375,2529.18798828125,134200,341150226.26953125,2542.10302734375
2018-10-30,2538.573974609375,2586.9189453125,2521.783935546875,166700,428093617.5537109,2568.048095703125
2018-10-31,2573.014892578125,2612.922119140625,2567.027099609375,180600,470062602.3925781,2602.782958984375
2018-11-01,2617.032958984375,2636.799072265625,2603.65087890625,200900,523593025.4638672,2606.237060546875
2018-11-02,2649.2509765625,2676.47607421875,2628.8701171875,225000,602207116.6992188,2676.47607421875
2018-11-05,2665.427001953125,2673.18798828125,2639.27099609375,193800,516560510.0097656,2665.430908203125
2018-11-06,2660.718994140625,2660.863037109375,2635.321044921875,163700,435336570.1660156,2659.35595703125
2018-11-07,2659.844970703125,2675.677001953125,2639.24609375,173200,457480441.5039063,2641.342041015625
2018-11-08,2660.0869140625,2662.368896484375,2632.301025390625,159600,420646879.9804688,2635.632080078125
2018-11-09,2621.238037109375,2621.238037109375,2598.160888671875,152400,396068103.515625,2598.8720703125
2018-11-12,2593.199951171875,2631.169921875,2590.2109375,175000,460341003.4179688,2630.52001953125
2018-11-13,2600.5,2666.485107421875,2597.347900390625,249300,661861554.7851562,2654.8798828125
2018-11-14,2648.30908203125,2658.306884765625,2627.95703125,238400,627526712.109375,2632.242919921875
2018-11-15,2632.137939453125,2668.169921875,2631.887939453125,207800,554445709.765625,2668.169921875
2018-11-16,2669.780029296875,2695.569091796875,2657.033935546875,242200,648880468.0175781,2679.110107421875
2018-11-19,2681.89892578125,2703.511962890625,2674.177978515625,231700,626403721.8017578,2703.511962890625
2018-11-20,2684.287109375,2690.830078125,2643.35888671875,215900,571240090.2832031,2645.85498046875
2018-11-21,2619.821044921875,2653.7958984375,2617.77587890625,182600,484164791.6015625,2651.5048828125
2018-11-22,2655.89599609375,2658.0009765625,2634.48291015625,149300,394963308.4472656,2645.43408203125
2018-11-23,2640.6669921875,2642.035888671875,2577.35107421875,191500,493970977.2949219,2579.48291015625
2018-11-26,2580.842041015625,2594.9970703125,2568.034912109375,134300,345931290.8691406,2575.81005859375
2018-11-27,2585.825927734375,2592.534912109375,2566.166015625,123700,318487786.74316406,2574.678955078125
2018-11-28,2575.4541015625,2601.962890625,2561.56201171875,146000,379853610.83984375,2601.737060546875
2018-11-29,2613.781005859375,2617.548095703125,2567.443115234375,157200,403602057.71484375,2567.443115234375
2018-11-30,2564.56396484375,2590.2099609375,2555.322021484375,139300,360534586.7675781,2588.18798828125
2018-12-03,2647.132080078125,2665.298095703125,2629.18408203125,207500,550870604.8583984,2654.798095703125
2018-12-04,2651.56103515625,2666.077880859375,2644.89599609375,167900,447614349.5117188,2665.9580078125
2018-12-05,2629.8330078125,2660.388916015625,2625.9130859375,154500,409394861.93847656,2649.804931640625
2018-12-06,2629.820068359375,2633.677978515625,2603.132080078125,141700,369154134.6923828,2605.180908203125
2018-12-07,2609.341064453125,2614.58203125,2599.278076171875,109100,284302374.19433594,2605.887939453125
2018-12-10,2589.194091796875,2599.761962890625,2576.241943359375,113200,292574685.9375,2584.58203125
2018-12-11,2587.014892578125,2596.14599609375,2583.196044921875,101300,262781103.3203125,2594.087890625
2018-12-12,2608.114013671875,2610.009033203125,2595.074951171875,103500,269322843.38378906,2602.153076171875
2018-12-13,2607.14404296875,2645.8369140625,2599.458984375,150700,396951195.1904297,2634.049072265625
2018-12-14,2627.282958984375,2629.1640625,2593.740966796875,145900,378426807.05566406,2593.740966796875
2018-12-17,2587.262939453125,2598.967041015625,2573.866943359375,117400,305002161.81640625,2597.97412109375
2018-12-18,2583.634033203125,2599.14794921875,2563.572998046875,117000,301468038.57421875,2576.64990234375
2018-12-19,2578.675048828125,2579.8740234375,2547.077880859375,107700,274587933.8378906,2549.56298828125
2018-12-20,2544.5048828125,2554.85888671875,2516.01904296875,120600,305873928.8085937,2536.26806640625
2018-12-21,2526.553955078125,2527.4208984375,2498.694091796875,115700,291130237.98828125,2516.2509765625
2018-12-24,2506.737060546875,2529.43994140625,2500.443115234375,97300,245877788.8916016,2527.007080078125
2018-12-25,2503.949951171875,2513.964111328125,2462.844970703125,136500,341907806.03027344,2504.819091796875
2018-12-26,2501.1201171875,2513.825927734375,2492.075927734375,108800,271814381.25,2498.2939453125
2018-12-27,2527.717041015625,2532.001953125,2483.0859375,135400,336209835.9375,2483.0859375
2018-12-28,2483.616943359375,2505.114013671875,2478.324951171875,119200,297272402.734375,2493.89599609375
2019-01-02,2497.881103515625,2500.278076171875,2456.423095703125,109900,270935482.6171875,2465.291015625
2019-01-03,2461.782958984375,2488.47900390625,2455.926025390625,124400,306566761.81640625,2464.363037109375
2019-01-04,2446.01904296875,2515.31591796875,2440.906982421875,168900,424761191.6748047,2514.867919921875
2019-01-07,2528.698974609375,2536.97802734375,2515.508056640625,177300,449116699.43847656,2533.089111328125
2019-01-08,2530.300048828125,2531.344970703125,2520.1650390625,158100,399433628.6132813,2526.4619140625
2019-01-09,2536.4169921875,2574.407958984375,2536.156982421875,191900,488259799.8779297,2544.344970703125
2019-01-10,2543.85302734375,2551.825927734375,2531.6640625,159900,405362349.4628906,2535.09912109375
2019-01-11,2539.549072265625,2554.787109375,2533.35888671875,149400,381542359.5703125,2553.8310546875
2019-01-14,2553.327880859375,2556.2939453125,2533.010009765625,144800,367178756.4453125,2535.764892578125
2019-01-15,2537.3701171875,2571.501953125,2532.43310546875,160300,412026298.8037109,2570.344970703125
2019-01-16,2569.070068359375,2574.236083984375,2563.006103515625,149300,383764022.3876953,2570.422119140625
2019-01-17,2573.575927734375,2582.555908203125,2557.7109375,162500,415941006.46972656,2559.636962890625
2019-01-18,2567.739013671875,2598.884033203125,2565.904052734375,190800,495317964.5507813,2596.006103515625
2019-01-21,2599.05810546875,2618.97998046875,2599.05810546875,163400,426557176.0253906,2610.509033203125
2019-01-22,2609.64208984375,2609.64208984375,2573.06201171875,152500,393404875.4882813,2579.7041015625
2019-01-23,2575.258056640625,2589.512939453125,2572.405029296875,131400,339143913.28125,2581.00390625
2019-01-24,2584.64794921875,2597.2890625,2569.699951171875,154000,399120890.1367188,2591.694091796875
2019-01-25,2596.261962890625,2617.001953125,2595.62890625,159400,414714630.3222656,2601.722900390625
2019-01-28,2615.7119140625,2630.318115234375,2591.10009765625,147000,381755626.46484375,2596.97705078125
2019-01-29,2592.35498046875,2601.736083984375,2559.98193359375,155600,403665907.8125,2594.25390625
2019-01-30,2584.74609375,2598.81494140625,2575.408935546875,120500,310356899.2919922,2575.575927734375
2019-01-31,2581.33203125,2606.6279296875,2571.5791015625,154300,398799462.9150391,2584.572021484375
2019-02-01,2597.778076171875,2618.47705078125,2590.553955078125,132000,345606615.234375,2618.23193359375
2019-02-11,2613.174072265625,2654.095947265625,2613.174072265625,154900,411088489.7949219,2653.89599609375
2019-02-12,2654.034912109375,2674.47802734375,2648.830078125,184100,491895693.3105469,2671.89404296875
2019-02-13,2674.52001953125,2727.074951171875,2666.52197265625,243800,663396406.4941406,2721.068115234375
2019-02-14,2715.535888671875,2729.455078125,2707.487060546875,197000,535780890.3808594,2719.699951171875
2019-02-15,2712.785888671875,2715.632080078125,2679.784912109375,196000,525747461.9140625,2682.385009765625
2019-02-18,2699.81689453125,2754.35693359375,2699.81689453125,260400,717234545.5078125,2754.35693359375
2019-02-19,2759.49609375,2780.783935546875,2737.5859375,288000,793626046.875,2755.64599609375
2019-02-20,2761.05908203125,2767.410888671875,2739.97802734375,246000,679259872.5585938,2761.218994140625
2019-02-21,2759.93798828125,2794.012939453125,2744.97607421875,298600,821687786.1816406,2751.801025390625
2019-02-22,2749.4619140625,2804.22607421875,2736.33203125,301500,845474161.3769531,2804.22607421875
2019-02-25,2838.389892578125,2961.794921875,2838.389892578125,528700,1565630300.415039,2961.282958984375
2019-02-26,2969.097900390625,2995.676025390625,2938.623046875,565600,1663721513.671875,2941.51611328125
2019-02-27,2939.928955078125,2997.488037109375,2924.64306640625,475000,1403066387.9394531,2953.823974609375
2019-02-28,2950.054931640625,2965.303955078125,2930.195068359375,350200,1029922126.3671876,2940.9541015625
2019-03-01,2954.402099609375,2994.0048828125,2930.8349609375,345800,1035326888.4765624,2994.0048828125
2019-03-04,3015.943115234375,3090.7958984375,3006.94189453125,525600,1591293907.6171875,3027.575927734375
2019-03-05,3019.8798828125,3054.9619140625,3009.447998046875,424100,1295306182.5195312,3054.2470703125
2019-03-06,3060.43310546875,3103.824951171875,3050.111083984375,555000,1721665012.2070312,3102.09912109375
2019-03-07,3103.66796875,3129.93994140625,3074.97802734375,583800,1813526810.15625,3106.41796875
2019-03-08,3038.3359375,3075.0458984375,2969.58203125,577900,1716282720.4345703,2969.861083984375
2019-03-11,2969.080078125,3028.25390625,2963.5830078125,426200,1290104382.4707031,3026.992919921875
2019-03-12,3049.083984375,3093.39111328125,3029.89990234375,511200,1564428879.4921875,3060.306884765625
2019-03-13,3062.326904296875,3065.2880859375,3013.931884765625,453200,1371814160.4492188,3026.950927734375
2019-03-14,3013.596923828125,3041.156005859375,2968.823974609375,373100,1115824595.361328,2990.68505859375
2019-03-15,3000.87890625,3048.12109375,2999.431884765625,341200,1031021433.203125,3021.7509765625
2019-03-18,3027.801025390625,3096.41796875,3009.507080078125,397800,1231755067.96875,3096.41796875
2019-03-19,3099.89697265625,3113.43310546875,3076.363037109375,350900,1084623161.767578,3090.97509765625
2019-03-20,3084.169921875,3102.52001953125,3053.451904296875,358600,1108303465.4785156,3090.639892578125
2019-03-21,3094.125,3125.01904296875,3086.85009765625,414300,1284932838.8671875,3101.455078125
2019-03-22,3100.72607421875,3107.27490234375,3064.884033203125,364800,1132393528.125,3104.14892578125
2019-03-25,3058.802001953125,3086.99609375,3041.949951171875,380300,1157264691.5283203,3043.031005859375
2019-03-26,3057.55908203125,3062.68994140625,2988.490966796875,353500,1059473072.1435548,2997.094970703125
2019-03-27,3012.257080078125,3022.761962890625,2987.77197265625,291400,880820599.4628906,3022.719970703125
2019-03-28,3009.799072265625,3025.779052734375,2991.779052734375,288100,862843111.4990234,2994.943115234375
2019-03-29,3000.677978515625,3093.032958984375,2999.987060546875,375100,1159343347.0458984,3090.758056640625
2019-04-01,3111.662109375,3176.6220703125,3111.662109375,466100,1477705301.2451172,3170.361083984375
2019-04-02,3183.27392578125,3193.27197265625,3164.906982421875,447100,1420357562.4267578,3176.822998046875
2019-04-03,3159.14697265625,3219.256103515625,3152.33203125,430500,1384614963.8671875,3216.294921875
2019-04-04,3233.68896484375,3254.139892578125,3216.85498046875,469100,1522966477.1728516,3246.571044921875
2019-04-08,3271.27197265625,3288.452880859375,3210.514892578125,504500,1637006674.5605469,3244.81005859375
2019-04-09,3240.39404296875,3251.64599609375,3215.705078125,364200,1179885651.5625,3239.6640625
2019-04-10,3224.64501953125,3264.778076171875,3204.87890625,380100,1232257567.0166016,3241.929931640625
2019-04-11,3241.547119140625,3254.1259765625,3185.5458984375,353000,1126056555.6640625,3189.9619140625
2019-04-12,3184.860107421875,3199.278076171875,3168.0419921875,289800,924063808.0078124,3188.6259765625
2019-04-15,3233.4580078125,3253.97607421875,3177.27001953125,348800,1108412143.75,3177.787109375
2019-04-16,3164.39697265625,3253.597900390625,3153.2060546875,357900,1164462688.5498047,3253.597900390625
2019-04-17,3250.152099609375,3275.333984375,3239.804931640625,357500,1166564656.3720703,3263.117919921875
2019-04-18,3261.073974609375,3271.387939453125,3241.825927734375,325500,1057940401.9775392,3250.200927734375
2019-04-19,3250.14501953125,3274.3349609375,3226.81201171875,305700,999882679.3212892,3270.797119140625
2019-04-22,3278.490966796875,3279.489013671875,3206.8779296875,353200,1135553176.5625,3215.04296875
2019-04-23,3211.8720703125,3231.58203125,3186.757080078125,328400,1050418267.6757812,3198.593994140625
2019-04-24,3203.55908203125,3210.65087890625,3156.60693359375,274900,880123692.3583984,3201.614013671875
2019-04-25,3190.5849609375,3193.7490234375,3123.02587890625,325900,1018054869.8486328,3123.825927734375
2019-04-26,3108.1640625,3129.212890625,3085.804931640625,280900,866969458.2519531,3086.39892578125
2019-05-06,2984.72705078125,2986.5400390625,2876.468994140625,327000,950413764.4042968,2906.464111328125
2019-05-07,2914.291015625,2937.282958984375,2889.072998046875,253300,741254868.9941406,2926.39111328125
2019-05-08,2873.14306640625,2929.430908203125,2866.7041015625,231500,669904764.0380859,2893.757080078125
2019-05-09,2871.197021484375,2888.860107421875,2845.037109375,200000,570190820.3125,2850.9541015625
2019-05-10,2878.23388671875,2941.4541015625,2838.385009765625,282300,829739247.65625,2939.2109375
2019-05-13,2905.06689453125,2921.409912109375,2892.175048828125,212000,615587132.8125,2903.712890625
2019-05-14,2872.833984375,2909.2041015625,2872.833984375,208300,600656188.7939453,2883.611083984375
2019-05-15,2902.64208984375,2945.39501953125,2902.64208984375,230500,677365274.0478516,2938.677978515625
2019-05-16,2933.4951171875,2956.1708984375,2929.06494140625,248400,734198596.875,2955.7109375
2019-05-17,2955.76708984375,2956.782958984375,2873.800048828125,266300,767555397.7539062,2882.2958984375
2019-05-20,2874.801025390625,2882.62890625,2838.452880859375,209500,601391743.4082031,2870.60498046875
2019-05-21,2867.70703125,2919.237060546875,2862.4951171875,211400,614321845.3613281,2905.968994140625
2019-05-22,2905.52392578125,2912.39501953125,2879.64404296875,200000,578341015.625,2891.705078125
2019-05-23,2880.843017578125,2885.138916015625,2846.9560546875,197300,562801188.3056641,2852.514892578125
2019-05-24,2847.8359375,2871.85595703125,2846.02197265625,167200,477020783.59375,2852.9951171875
2019-05-27,2851.281005859375,2898.12890625,2833.035888671875,196700,568930738.7695312,2892.3779296875
2019-05-28,2890.26611328125,2924.0400390625,2887.083984375,223300,649783101.4404297,2909.910888671875
2019-05-29,2894.830078125,2934.97705078125,2890.6650390625,199000,580024512.9394531,2914.696044921875
2019-05-30,2903.425048828125,2907.845947265625,2881.3798828125,205800,598014654.9316406,2905.804931640625
2019-05-31,2904.498046875,2922.907958984375,2895.577880859375,195200,565825467.96875,2898.696044921875
2019-06-03,2901.741943359375,2920.8291015625,2875.902099609375,215900,623968499.7070312,2890.0810546875
2019-06-04,2887.64111328125,2888.385986328125,2851.972900390625,188500,539539785.5224609,2862.280029296875
2019-06-05,2882.93701171875,2888.76806640625,2858.572021484375,181600,519633503.125,2861.41796875
2019-06-06,2862.3330078125,2862.3330078125,2822.18505859375,177100,500803042.7490234,2827.798095703125
2019-06-10,2833.014892578125,2861.131103515625,2824.35498046875,166600,475164838.4765625,2852.1298828125
2019-06-11,2854.070068359375,2927.429931640625,2854.070068359375,260500,762149034.7900391,2925.716064453125
2019-06-12,2917.22412109375,2924.701904296875,2903.883056640625,240300,699123985.8398438,2909.3798828125
2019-06-13,2905.2880859375,2918.423095703125,2885.923095703125,213000,619987825.9277344,2910.740966796875
2019-06-14,2912.9990234375,2924.320068359375,2879.656982421875,215400,620777225.6835938,2881.97412109375
2019-06-17,2880.423095703125,2902.48095703125,2877.39404296875,154000,444693798.828125,2887.6220703125
2019-06-18,2891.092041015625,2898.330078125,2874.31298828125,147700,426876330.5419922,2890.157958984375
2019-06-19,2944.114990234375,2953.3359375,2916.215087890625,230800,673428927.4414062,2917.802978515625
2019-06-20,2917.3310546875,2997.388916015625,2915.090087890625,291000,869251598.8769531,2987.118896484375
2019-06-21,2990.368896484375,3010.34912109375,2989.2451171875,287000,861568254.3945312,3001.97998046875
2019-06-24,3004.2890625,3012.825927734375,2994.422119140625,210500,633215143.3105469,3008.14794921875
2019-06-25,3004.909912109375,3004.909912109375,2948.990966796875,243700,726731427.6123047,2982.073974609375
2019-06-26,2964.614990234375,2986.9140625,2958.462890625,174400,519063918.359375,2976.283935546875
2019-06-27,2982.613037109375,3011.5380859375,2981.044921875,195400,585573346.09375,2996.79296875
2019-06-28,2992.242919921875,2992.242919921875,2961.222900390625,181400,540368456.4453125,2978.8779296875
2019-07-01,3024.6240234375,3045.366943359375,3014.68701171875,243300,740824918.4326172,3044.903076171875
2019-07-02,3042.580078125,3048.48388671875,3033.781005859375,208100,633444562.2802734,3043.943115234375
2019-07-03,3031.83203125,3031.83203125,3006.324951171875,205900,620842639.2333984,3015.262939453125
2019-07-04,3015.678955078125,3024.501953125,2991.907958984375,188600,566789965.8203125,3005.2490234375
2019-07-05,3004.738037109375,3014.846923828125,2990.925048828125,152100,457982086.3769531,3011.05908203125
2019-07-08,2997.806884765625,2997.806884765625,2918.716064453125,205200,601926095.2148438,2933.363037109375
2019-07-09,2928.819091796875,2937.761962890625,2912.805908203125,140700,412001958.2519531,2928.22998046875
2019-07-10,2935.18603515625,2936.751953125,2908.162109375,131400,383070683.0566406,2915.302001953125
2019-07-11,2928.054931640625,2945.802001953125,2907.885009765625,139400,406735881.4941406,2917.760986328125
2019-07-12,2915.340087890625,2938.530029296875,2905.81005859375,133700,391814541.5283203,2930.550048828125
2019-07-15,2921.550048828125,2955.0,2886.699951171875,162600,478400084.47265625,2942.18994140625
2019-07-16,2938.639892578125,2944.820068359375,2931.2900390625,127800,375427850.9765625,2937.6201171875
2019-07-17,2933.02001953125,2942.070068359375,2924.4599609375,145100,425388210.4980469,2931.68994140625
2019-07-18,2921.739990234375,2921.739990234375,2901.179931640625,145400,421831562.0605469,2901.179931640625
2019-07-19,2909.679931640625,2939.60009765625,2909.679931640625,145000,424008992.9199219,2924.199951171875
2019-07-22,2925.7880859375,2927.159912109375,2879.68994140625,175300,506086563.4277344,2886.97412109375
2019-07-23,2886.89990234375,2901.360107421875,2883.050048828125,125400,363652468.65234375,2899.93994140625
2019-07-24,2907.929931640625,2936.449951171875,2907.7900390625,150500,439953644.4091797,2923.280029296875
2019-07-25,2923.18994140625,2937.360107421875,2916.14990234375,141300,415048983.1787109,2937.360107421875
2019-07-26,2928.06005859375,2948.330078125,2924.449951171875,135100,397807359.27734375,2944.5400390625
2019-07-29,2943.919921875,2948.469970703125,2932.97998046875,124200,365273443.2128906,2941.010009765625
2019-07-30,2946.260009765625,2965.6298828125,2946.260009765625,143900,424841738.64746094,2952.340087890625
2019-07-31,2944.39990234375,2944.39990234375,2926.489990234375,136900,401460620.33691406,2932.510009765625
2019-08-01,2920.85009765625,2927.340087890625,2901.75,138100,401701139.6972656,2908.77001953125
2019-08-02,2861.330078125,2872.469970703125,2851.43994140625,179400,514490511.7675781,2867.840087890625
2019-08-05,2854.580078125,2863.68994140625,2821.5,162400,458211600.0,2821.5
2019-08-06,2776.989013671875,2787.4189453125,2733.924072265625,224200,622728034.6191406,2777.555908203125
2019-08-07,2789.01904296875,2792.693115234375,2768.679931640625,153000,423608029.5410156,2768.679931640625
2019-08-08,2784.18408203125,2799.68603515625,2782.2451171875,145000,405210040.2832031,2794.552001953125
2019-08-09,2805.590087890625,2808.330078125,2770.47998046875,143800,399009050.0,2774.75
2019-08-12,2781.97998046875,2814.989990234375,2776.6201171875,131600,370452682.71484375,2814.989990234375
2019-08-13,2798.050048828125,2802.0400390625,2790.610107421875,130900,366161335.2783203,2797.260009765625
2019-08-14,2824.489990234375,2829.889892578125,2807.719970703125,144000,404483027.34375,2808.909912109375
2019-08-15,2762.340087890625,2815.89990234375,2756.830078125,152800,430254247.4609375,2815.800048828125
2019-08-16,2817.570068359375,2840.320068359375,2811.800048828125,148600,419619662.1582031,2823.820068359375
2019-08-19,2835.52001953125,2883.10009765625,2829.85009765625,214500,618424970.9472656,2883.10009765625
2019-08-20,2879.080078125,2892.080078125,2875.0,189700,546336000.0,2880.0
2019-08-21,2875.469970703125,2885.590087890625,2872.56005859375,159000,457972482.421875,2880.330078125
2019-08-22,2887.659912109375,2888.5,2867.550048828125,149200,430209239.2578125,2883.43994140625
2019-08-23,2885.14990234375,2902.4599609375,2878.739990234375,159200,461270845.1171875,2897.429931640625
2019-08-26,2851.02001953125,2870.489990234375,2849.239990234375,169900,486520554.6142578,2863.570068359375
2019-08-27,2879.52001953125,2919.639892578125,2879.409912109375,208100,603945726.8066406,2902.18994140625
2019-08-28,2901.6298828125,2905.43994140625,2887.010009765625,183100,529847457.78808594,2893.760009765625
2019-08-29,2896.0,2898.60009765625,2878.590087890625,178600,516318298.046875,2890.919921875
2019-08-30,2907.3798828125,2914.580078125,2874.10009765625,194000,559930558.1054688,2886.239990234375
2019-09-02,2886.94189453125,2928.47900390625,2883.681884765625,202800,593008688.0859375,2924.10595703125
2019-09-03,2925.93994140625,2930.14990234375,2915.199951171875,189000,553798331.5429688,2930.14990234375
2019-09-04,2927.75,2957.409912109375,2925.8798828125,225500,666895935.1806641,2957.409912109375
2019-09-05,2972.659912109375,3015.840087890625,2972.659912109375,305400,911881676.8066406,2985.860107421875
2019-09-06,2996.6201171875,2999.93994140625,2981.60009765625,216800,650313301.171875,2999.60009765625
2019-09-09,3023.780029296875,3026.239990234375,3005.68994140625,243400,736221713.6230469,3024.739990234375
2019-09-10,3027.409912109375,3027.409912109375,3005.3798828125,240000,725087988.28125,3021.199951171875
2019-09-11,3029.929931640625,3030.56005859375,3004.219970703125,229800,691424551.4648438,3008.81005859375
2019-09-12,3016.6298828125,3033.469970703125,3005.18994140625,197000,597154278.0761719,3031.239990234375
2019-09-16,3041.919921875,3042.929931640625,3020.050048828125,221900,672523425.0,3030.75
2019-09-17,3023.7099609375,3023.7099609375,2970.570068359375,223300,665014222.1679688,2978.1201171875
2019-09-18,2984.080078125,2996.39990234375,2982.39990234375,168000,501590865.234375,2985.659912109375
2019-09-19,2992.919921875,2999.280029296875,2975.39990234375,162700,487982860.7666016,2999.280029296875
2019-09-20,3004.81005859375,3011.340087890625,2996.18994140625,182100,547474536.1083984,3006.449951171875
2019-09-23,2998.39990234375,2998.39990234375,2960.830078125,168100,500447161.1328125,2977.080078125
2019-09-24,2979.47998046875,3002.89990234375,2973.760009765625,163900,489297240.40527344,2985.340087890625
2019-09-25,2977.669921875,2977.669921875,2955.429931640625,168500,497989943.4814453,2955.429931640625
2019-09-26,2964.47998046875,2970.0400390625,2928.260009765625,188900,553305117.6025391,2929.090087890625
2019-09-27,2929.489990234375,2939.080078125,2920.929931640625,132900,389685382.6171875,2932.169921875
2019-09-30,2927.919921875,2936.47998046875,2905.18994140625,116600,338745147.16796875,2905.18994140625
2019-10-08,2905.760009765625,2933.02001953125,2905.760009765625,125500,365653043.5791016,2913.570068359375
2019-10-09,2902.080078125,2924.860107421875,2891.5400390625,130400,381401758.0078125,2924.860107421875
2019-10-10,2923.7099609375,2949.239990234375,2918.22998046875,134200,395582676.7578125,2947.7099609375
2019-10-11,2954.820068359375,2980.7900390625,2943.010009765625,161200,479353977.8320313,2973.659912109375
2019-10-14,2993.9599609375,3026.3798828125,2989.81005859375,208600,627443743.5546875,3007.8798828125
2019-10-15,3005.659912109375,3005.659912109375,2986.300048828125,155400,464809177.5878906,2991.050048828125
2019-10-16,2992.610107421875,3010.419921875,2975.919921875,149900,446508623.1445313,2978.7099609375
2019-10-17,2979.989990234375,2986.719970703125,2969.570068359375,122500,364722934.5703125,2977.330078125
2019-10-18,2982.340087890625,2987.199951171875,2933.239990234375,150000,440720983.8867188,2938.139892578125
2019-10-21,2933.89990234375,2940.320068359375,2917.68994140625,132500,389499665.52734375,2939.6201171875
2019-10-22,2945.60009765625,2954.639892578125,2934.389892578125,117500,347139636.23046875,2954.3798828125
2019-10-23,2952.969970703125,2957.300048828125,2934.6298828125,123800,364172570.5078125,2941.6201171875
2019-10-24,2944.010009765625,2953.0400390625,2927.06005859375,126500,372026370.1171875,2940.919921875
2019-10-25,2940.469970703125,2958.239990234375,2920.52001953125,136900,404529907.6416016,2954.929931640625
2019-10-28,2958.68994140625,2980.1298828125,2956.9599609375,173700,517634693.4814453,2980.050048828125
2019-10-29,2979.0400390625,2979.0400390625,2954.179931640625,166100,490689286.6455078,2954.179931640625
2019-10-30,2949.4599609375,2953.300048828125,2934.830078125,158800,466764026.8554688,2939.320068359375
2019-10-31,2944.840087890625,2946.75,2923.52001953125,161600,473336105.46875,2929.06005859375
2019-11-01,2924.340087890625,2959.830078125,2917.14990234375,159900,473016172.1923828,2958.199951171875
2019-11-04,2964.580078125,2983.06005859375,2964.580078125,167200,497501926.3671875,2975.489990234375
2019-11-05,2977.699951171875,3008.31005859375,2968.030029296875,179900,538181654.5410156,2991.56005859375
2019-11-06,2992.0400390625,2995.56005859375,2969.719970703125,165300,492362596.1425781,2978.60009765625
2019-11-07,2978.14990234375,2988.9599609375,2969.1201171875,137000,408083264.6484375,2978.7099609375
2019-11-08,2993.97998046875,2998.760009765625,2962.840087890625,149700,443737735.7666016,2964.179931640625
2019-11-11,2949.9599609375,2949.9599609375,2906.77001953125,157900,459484258.3740234,2909.969970703125
2019-11-12,2913.0,2918.300048828125,2891.510009765625,129700,378052162.8662109,2914.820068359375
2019-11-13,2913.02001953125,2913.860107421875,2893.969970703125,129800,377100150.7324219,2905.239990234375
2019-11-14,2907.739990234375,2917.3701171875,2899.6201171875,129100,375664232.1289063,2909.8701171875
2019-11-15,2911.35009765625,2917.830078125,2891.199951171875,135500,391776581.9091797,2891.340087890625
2019-11-18,2889.550048828125,2911.3798828125,2884.090087890625,124400,361904473.9257813,2909.199951171875
2019-11-19,2904.280029296875,2933.989990234375,2902.860107421875,135400,397262244.6777344,2933.989990234375
2019-11-20,2928.110107421875,2930.489990234375,2907.419921875,137400,399978276.7089844,2911.050048828125
2019-11-21,2902.550048828125,2910.360107421875,2891.530029296875,123500,358599526.73339844,2903.639892578125
2019-11-22,2906.239990234375,2925.02001953125,2873.989990234375,158600,457607000.1953125,2885.2900390625
2019-11-25,2885.610107421875,2906.610107421875,2880.64990234375,178600,519041948.046875,2906.169921875
2019-11-26,2912.52001953125,2915.0400390625,2897.929931640625,170000,494200209.9609375,2907.06005859375
2019-11-27,2905.39990234375,2914.489990234375,2893.419921875,133900,388737133.1542969,2903.18994140625
2019-11-28,2902.364013671875,2909.840087890625,2883.43408203125,119500,345318327.2705078,2889.693115234375
2019-11-29,2885.969970703125,2892.389892578125,2858.580078125,122600,352104745.60546875,2871.97998046875
2019-12-02,2874.449951171875,2888.889892578125,2870.239990234375,128800,370404335.546875,2875.81005859375
2019-12-03,2869.8798828125,2884.860107421875,2857.320068359375,123800,357125853.9550781,2884.699951171875
2019-12-04,2876.907958984375,2882.498046875,2869.422119140625,125500,361203553.8330078,2878.115966796875
2019-12-05,2886.51611328125,2902.001953125,2885.080078125,143200,415203959.9609375,2899.468994140625
2019-12-06,2902.278076171875,2912.013916015625,2894.7509765625,134100,390501066.1376953,2912.013916015625
2019-12-09,2914.4580078125,2919.589111328125,2905.25,160800,468648066.796875,2914.47802734375
2019-12-10,2908.944091796875,2919.200927734375,2902.7900390625,170100,496235437.6464844,2917.31591796875
2019-12-11,2922.60205078125,2928.256103515625,2915.0009765625,165500,483991012.2070313,2924.4169921875
2019-12-12,2926.342041015625,2926.342041015625,2913.47607421875,151800,442602956.1035156,2915.697998046875
2019-12-13,2937.77587890625,2969.98095703125,2935.84912109375,212000,629147317.3828125,2967.676025390625
2019-12-16,2970.968994140625,2984.64111328125,2958.7060546875,211900,632392890.7714844,2984.39306640625
2019-12-17,2985.261962890625,3039.383056640625,2982.49609375,293000,885569680.9082031,3022.422119140625
2019-12-18,3021.466064453125,3033.23388671875,3011.720947265625,244100,736460427.0507812,3017.0439453125
2019-12-19,3017.153076171875,3021.41796875,3007.991943359375,208600,629359950.4882812,3017.06591796875
2019-12-20,3019.639892578125,3027.48388671875,3002.260009765625,215100,646362161.2792969,3004.93798828125
2019-12-23,2999.035888671875,3009.337890625,2960.43505859375,205700,609437875.8789062,2962.7509765625
2019-12-24,2965.825927734375,2983.819091796875,2960.68408203125,163000,486176988.0371094,2982.680908203125
2019-12-25,2980.427978515625,2988.2919921875,2970.656982421875,175700,523916509.8876953,2981.881103515625
2019-12-26,2981.2490234375,3007.35498046875,2980.39697265625,182400,548541548.4375,3007.35498046875
2019-12-27,3006.85205078125,3036.113037109375,3003.631103515625,247100,742544368.0908203,3005.035888671875
2019-12-30,2998.1689453125,3041.39697265625,2983.343994140625,248100,754229935.9863281,3040.02392578125
2019-12-31,3036.385986328125,3051.677001953125,3030.511962890625,217400,663096962.6953125,3050.1240234375
2020-01-02,3066.3359375,3098.10009765625,3066.3359375,292500,902420414.4287108,3085.197998046875
2020-01-03,3089.02197265625,3093.819091796875,3074.51806640625,261500,806410009.8876953,3083.785888671875
2020-01-06,3070.908935546875,3107.202880859375,3065.30908203125,312600,963873327.9785156,3083.407958984375
2020-01-07,3085.488037109375,3105.450927734375,3084.3291015625,276600,858788233.7402344,3104.802001953125
2020-01-08,3094.239013671875,3094.239013671875,3059.131103515625,297900,913627444.482422,3066.89306640625
2020-01-09,3082.639892578125,3097.3291015625,3080.131103515625,243400,753294298.2910156,3094.882080078125
2020-01-10,3102.2939453125,3105.22509765625,3081.39599609375,210400,650618029.6875,3092.291015625
2020-01-13,3091.492919921875,3115.570068359375,3075.384033203125,210600,656139056.3964844,3115.570068359375
2020-01-14,3120.6669921875,3127.1689453125,3105.60498046875,230000,714568615.7226562,3106.820068359375
2020-01-15,3103.169921875,3107.93994140625,3082.0400390625,202300,625115099.9023438,3090.0400390625
2020-01-16,3095.73388671875,3096.3720703125,3070.884033203125,203400,625268086.5234375,3074.0810546875
2020-01-17,3081.464111328125,3091.951904296875,3067.2529296875,190300,585266906.640625,3075.49609375
2020-01-20,3082.113037109375,3096.31103515625,3070.47998046875,210500,651663186.5234375,3095.787109375
2020-01-21,3085.7900390625,3085.7900390625,3051.22998046875,234800,716642446.7773438,3052.139892578125
2020-01-22,3038.487060546875,3069.2529296875,3006.26806640625,223900,685303018.2617188,3060.7548828125
2020-01-23,3037.951904296875,3045.041015625,2955.345947265625,272800,811996859.1796875,2976.528076171875
2020-02-03,2716.697998046875,2766.576904296875,2716.697998046875,215900,592992226.1230469,2746.60595703125
2020-02-04,2685.26904296875,2786.1640625,2685.26904296875,364000,1013116863.28125,2783.2880859375
2020-02-05,2792.37109375,2842.742919921875,2778.864013671875,309800,873043628.515625,2818.087890625
2020-02-06,2826.889892578125,2876.590087890625,2807.610107421875,316400,906963767.0898438,2866.510009765625
2020-02-07,2858.929931640625,2875.9599609375,2838.77001953125,309500,890109607.9101562,2875.9599609375
2020-02-10,2860.4990234375,2891.847900390625,2851.050048828125,294900,852404922.1435547,2890.488037109375
2020-02-11,2894.5400390625,2913.820068359375,2882.239990234375,269200,781129542.96875,2901.669921875
2020-02-12,2895.555908203125,2926.89892578125,2892.424072265625,248700,727919762.8417969,2926.89892578125
2020-02-13,2927.14404296875,2935.406005859375,2901.242919921875,274800,798589128.2226562,2906.073974609375
2020-02-14,2899.865966796875,2926.943115234375,2899.573974609375,250700,731293919.7998047,2917.008056640625
2020-02-17,2924.990966796875,2983.636962890625,2924.990966796875,313200,934470432.421875,2983.6220703125
2020-02-18,2981.409912109375,2990.60009765625,2960.77490234375,311700,930415748.6572266,2984.971923828125
2020-02-19,2979.52197265625,2998.27197265625,2971.822021484375,315100,937549201.586914,2975.402099609375
2020-02-20,2981.8798828125,3031.37109375,2968.445068359375,345700,1047524256.0302734,3030.154052734375
2020-02-21,3022.24609375,3058.89794921875,3020.14111328125,364600,1108263297.4609375,3039.6689453125
2020-02-24,3027.89306640625,3042.181884765625,3007.35595703125,370400,1122768669.921875,3031.23291015625
2020-02-25,2982.070068359375,3016.946044921875,2943.717041015625,441600,1330562901.5625,3013.050048828125
2020-02-26,2978.419921875,3028.780029296875,2974.93994140625,469000,1401338679.9316406,2987.928955078125
2020-02-27,2992.489990234375,3009.4599609375,2980.47998046875,350500,1048461192.3828124,2991.330078125
2020-02-28,2924.64111328125,2948.1259765625,2878.5439453125,401200,1155577946.7773438,2880.303955078125
2020-03-02,2899.31005859375,2982.507080078125,2899.31005859375,367300,1091222922.5830078,2970.930908203125
2020-03-03,3006.888916015625,3026.842041015625,2976.623046875,410100,1227387048.486328,2992.89697265625
2020-03-04,2981.805908203125,3012.00390625,2974.35791015625,353300,1064021603.3203124,3011.666015625
2020-03-05,3036.155029296875,3074.257080078125,3022.926025390625,445400,1368124936.669922,3071.677001953125
2020-03-06,3039.93994140625,3052.444091796875,3029.462890625,362100,1098796428.149414,3034.510986328125
2020-03-09,2987.180908203125,2989.205078125,2940.714111328125,414600,1220288455.078125,2943.291015625
2020-03-10,2918.93505859375,3000.2958984375,2904.799072265625,393300,1178626480.0048828,2996.761962890625
2020-03-11,3001.761962890625,3010.029052734375,2968.51708984375,352500,1046402274.169922,2968.51708984375
2020-03-12,2936.01611328125,2944.465087890625,2906.283935546875,307800,899849016.6503906,2923.486083984375
2020-03-13,2804.23193359375,2910.881103515625,2799.98388671875,366500,1058241996.2158204,2887.427001953125
2020-03-16,2897.301025390625,2898.034912109375,2784.662109375,351900,981538449.609375,2789.25390625
2020-03-17,2796.283935546875,2826.906982421875,2715.220947265625,306100,850848144.7753906,2779.64111328125
2020-03-18,2792.322021484375,2815.8740234375,2728.756103515625,291200,794613777.34375,2728.756103515625
2020-03-19,2719.406005859375,2736.820068359375,2646.804931640625,302300,816853863.5742188,2702.1298828125
2020-03-20,2727.01904296875,2751.89599609375,2702.492919921875,252000,691895715.8203125,2745.617919921875
2020-03-23,2677.590087890625,2703.330078125,2656.5,249800,664510446.484375,2660.169921875
2020-03-24,2703.01904296875,2723.406982421875,2667.133056640625,257000,699666562.9882812,2722.43798828125
2020-03-25,2775.302978515625,2788.635009765625,2757.802001953125,273100,759652519.7021484,2781.591064453125
2020-03-26,2761.89599609375,2788.50390625,2753.427978515625,234100,647265639.0380859,2764.910888671875
2020-03-27,2792.98388671875,2805.548095703125,2771.756103515625,240800,667546453.7109375,2772.202880859375
2020-03-30,2739.718994140625,2759.09912109375,2723.053955078125,239700,658507222.4853516,2747.214111328125
2020-03-31,2767.306884765625,2771.16796875,2743.114990234375,218600,601214683.3984375,2750.2958984375
2020-04-01,2743.541015625,2773.364013671875,2731.0791015625,217300,594211624.6582031,2734.52197265625
2020-04-02,2720.22802734375,2780.637939453125,2719.904052734375,217900,605901007.0068359,2780.637939453125
2020-04-03,2773.575927734375,2780.5869140625,2754.072998046875,200800,555008601.7578125,2763.987060546875
2020-04-07,2806.968017578125,2823.277099609375,2801.839111328125,270200,762170146.2402344,2820.762939453125
2020-04-08,2805.9169921875,2823.214111328125,2800.2958984375,243500,685542326.2939453,2815.368896484375
2020-04-09,2825.839111328125,2832.39501953125,2820.43310546875,238200,673130345.3613281,2825.904052734375
2020-04-10,2827.18701171875,2833.014892578125,2789.97607421875,233500,653013362.6708984,2796.631103515625
2020-04-13,2784.597900390625,2792.89111328125,2774.0810546875,177100,492877817.7490234,2783.048095703125
2020-04-14,2794.801025390625,2827.298095703125,2789.427978515625,202700,573090255.7861328,2827.282958984375
2020-04-15,2826.662109375,2829.75,2808.7041015625,205600,577977389.2578125,2811.174072265625
2020-04-16,2798.429931640625,2823.337890625,2796.839111328125,203000,572446816.8945312,2819.93505859375
2020-04-17,2835.55810546875,2854.9599609375,2830.02197265625,245700,697418250.2929688,2838.4951171875
2020-04-20,2840.408935546875,2852.989990234375,2833.261962890625,211800,604170720.8496094,2852.552978515625
2020-04-21,2842.237060546875,2842.237060546875,2808.02099609375,233200,659259417.4804688,2827.012939453125
2020-04-22,2814.06591796875,2843.97998046875,2808.48193359375,217300,617996849.7558594,2843.97998046875
2020-04-23,2850.510009765625,2853.635986328125,2835.89599609375,248800,706218557.03125,2838.4990234375
2020-04-24,2834.93896484375,2834.93896484375,2802.4990234375,235200,660566033.203125,2808.529052734375
2020-04-27,2812.241943359375,2832.666015625,2802.9580078125,210100,591535524.1210938,2815.4951171875
2020-04-28,2819.990966796875,2821.7451171875,2758.24609375,253900,713465074.7558594,2810.02392578125
2020-04-29,2801.383056640625,2831.763916015625,2800.738037109375,202100,570415506.8847656,2822.44189453125
2020-04-30,2832.384033203125,2865.590087890625,2832.384033203125,242500,693569892.578125,2860.08203125
2020-05-06,2831.633056640625,2879.262939453125,2830.654052734375,249800,718959345.1660156,2878.139892578125
2020-05-07,2876.472900390625,2882.02197265625,2864.5810546875,226700,650974252.5878906,2871.52294921875
2020-05-08,2882.7099609375,2903.800048828125,2879.199951171875,226800,656663131.9335938,2895.340087890625
2020-05-11,2901.570068359375,2914.280029296875,2884.3798828125,225100,651619490.9912109,2894.800048828125
2020-05-12,2894.616943359375,2897.902099609375,2871.22998046875,197100,569925669.5068359,2891.555908203125
2020-05-13,2882.955078125,2900.259033203125,2875.534912109375,185100,536429064.03808594,2898.050048828125
2020-05-14,2887.05810546875,2887.05810546875,2869.18310546875,197800,567753655.7128906,2870.342041015625
2020-05-15,2880.70703125,2884.219970703125,2863.3701171875,189000,542138748.046875,2868.458984375
2020-05-18,2872.52392578125,2889.97998046875,2862.27099609375,226000,649844460.9375,2875.41796875
2020-05-19,2897.68701171875,2900.218994140625,2887.576904296875,197200,571599172.9492188,2898.575927734375
2020-05-20,2896.466064453125,2896.466064453125,2876.177001953125,210500,607026856.8115234,2883.738037109375
2020-05-21,2890.720947265625,2891.51806640625,2864.20703125,203500,583622548.7060547,2867.924072265625
2020-05-22,2863.0458984375,2863.0458984375,2808.01806640625,209100,588358239.0380859,2813.764892578125
2020-05-25,2816.240966796875,2821.498046875,2802.465087890625,172900,487227007.9345703,2817.969970703125
2020-05-26,2827.89697265625,2848.3369140625,2825.90087890625,174600,497007127.0019531,2846.547119140625
2020-05-27,2847.320068359375,2848.9970703125,2831.927978515625,198100,561970863.5009766,2836.803955078125
2020-05-28,2838.20703125,2861.924072265625,2820.14599609375,207500,590591049.1943359,2846.221923828125
2020-05-29,2835.583984375,2855.3759765625,2829.626953125,206800,589866202.1484375,2852.35107421875
2020-06-01,2871.964111328125,2917.15087890625,2871.964111328125,260200,758595122.3144531,2915.430908203125
2020-06-02,2916.31689453125,2926.35888671875,2909.1279296875,256100,748170014.7949219,2921.39794921875
2020-06-03,2930.39111328125,2942.760009765625,2922.660888671875,255700,747505988.671875,2923.37109375
2020-06-04,2931.837890625,2932.968017578125,2910.751953125,226600,661502271.2890625,2919.2509765625
2020-06-05,2923.18896484375,2930.799072265625,2909.117919921875,217400,637155718.3105469,2930.799072265625
2020-06-08,2941.98193359375,2950.06591796875,2934.2099609375,231100,678918877.1972656,2937.77099609375
2020-06-09,2939.534912109375,2957.118896484375,2932.93896484375,209000,617827420.6542969,2956.112060546875
2020-06-10,2951.278076171875,2951.330078125,2934.843017578125,207900,612006234.0820312,2943.7529296875
2020-06-11,2939.791015625,2952.65087890625,2912.193115234375,233700,682613622.5097656,2920.89697265625
2020-06-12,2876.802978515625,2930.2548828125,2872.616943359375,236000,689058868.1640625,2919.740966796875
2020-06-15,2908.280029296875,2922.5400390625,2890.030029296875,243200,702855303.125,2890.030029296875
2020-06-16,2912.830078125,2931.780029296875,2909.1298828125,223300,654659775.0,2931.75
2020-06-17,2932.669921875,2936.6201171875,2919.0400390625,234700,689048716.5039062,2935.8701171875
2020-06-18,2929.8798828125,2942.89990234375,2920.110107421875,258700,760402101.6845703,2939.320068359375
2020-06-19,2938.7900390625,2973.320068359375,2935.820068359375,264300,784344578.0273438,2967.6298828125
2020-06-22,2966.90087890625,2983.43798828125,2959.034912109375,267900,794396361.4746094,2965.27197265625
2020-06-23,2960.887939453125,2972.403076171875,2949.846923828125,225200,668983650.390625,2970.6201171875
2020-06-24,2972.98291015625,2982.943115234375,2971.22412109375,213200,635240278.6132812,2979.551025390625
2020-06-29,2973.075927734375,2977.912109375,2951.77001953125,220600,653310454.5898438,2961.51611328125
2020-06-30,2965.10498046875,2990.824951171875,2965.10498046875,215000,641704925.5371094,2984.674072265625
2020-07-01,2991.180908203125,3026.18603515625,2984.98388671875,273300,827000595.5566406,3025.98095703125
2020-07-02,3023.718994140625,3092.443115234375,3021.674072265625,391100,1208721571.8017578,3090.569091796875
2020-07-03,3103.9951171875,3152.81298828125,3103.9951171875,458800,1446510599.0234375,3152.81298828125
2020-07-06,3187.839111328125,3337.27197265625,3187.839111328125,643900,2146042142.553711,3332.881103515625
2020-07-07,3380.9541015625,3407.0810546875,3336.241943359375,657800,2200562622.0703125,3345.3369140625
2020-07-08,3337.552001953125,3421.531005859375,3327.7060546875,587100,1998159589.5996091,3403.43994140625
2020-07-09,3403.48291015625,3456.971923828125,3393.637939453125,620000,2139368276.3671875,3450.593994140625
2020-07-10,3418.93505859375,3433.10888671875,3372.507080078125,556100,1881465376.147461,3383.322021484375
2020-07-13,3379.386962890625,3458.791015625,3369.0380859375,558000,1921353525.8789065,3443.285888671875
2020-07-14,3435.02392578125,3451.221923828125,3366.0830078125,543200,1854820984.5703125,3414.618896484375
2020-07-15,3422.077880859375,3432.450927734375,3345.7490234375,492000,1653761545.8984375,3361.303955078125
2020-07-16,3356.35888671875,3373.531982421875,3209.72705078125,490600,1574874628.8085938,3210.09912109375
2020-07-17,3214.402099609375,3252.779052734375,3181.27490234375,359700,1156122167.578125,3214.12890625
2020-07-20,3243.910888671875,3314.14892578125,3220.68408203125,418600,1387302740.3320312,3314.14892578125
2020-07-21,3330.547119140625,3336.678955078125,3300.572021484375,359300,1193197580.517578,3320.89501953125
2020-07-22,3315.181884765625,3381.97607421875,3311.785888671875,393300,1310933425.78125,3333.1640625
2020-07-23,3306.14892578125,3336.300048828125,3257.826904296875,407000,1353319813.7207031,3325.110107421875
2020-07-24,3310.64501953125,3319.126953125,3184.965087890625,427100,1365339641.1621094,3196.76806640625
2020-07-27,3210.385986328125,3221.985107421875,3174.657958984375,299300,959324456.298828,3205.22705078125
2020-07-28,3226.133056640625,3245.297119140625,3208.493896484375,289400,934171612.6953124,3227.9599609375
2020-07-29,3221.988037109375,3294.552001953125,3209.989990234375,324900,1070399945.4345704,3294.552001953125
2020-07-30,3299.572021484375,3312.450927734375,3282.162109375,340700,1119820262.7197266,3286.822021484375
2020-07-31,3280.7958984375,3333.785888671875,3261.614013671875,353800,1171080504.9316406,3310.007080078125
2020-08-03,3332.18310546875,3368.10302734375,3327.677001953125,407500,1372446171.2646484,3367.966064453125
2020-08-04,3376.43994140625,3391.070068359375,3352.5,442300,1491298461.0839844,3371.68994140625
2020-08-05,3363.330078125,3383.639892578125,3333.8798828125,385800,1303062670.6054688,3377.56005859375
2020-08-06,3380.760009765625,3392.699951171875,3334.330078125,415300,1406396821.7773438,3386.4599609375
2020-08-07,3370.587890625,3374.133056640625,3307.712890625,403900,1354694701.0009766,3354.034912109375
2020-08-10,3341.528076171875,3399.931884765625,3335.04296875,381400,1288846694.921875,3379.251953125
2020-08-11,3379.487060546875,3409.05908203125,3336.094970703125,400500,1337786160.6445312,3340.2900390625
2020-08-12,3327.492919921875,3335.72900390625,3263.264892578125,378300,1255678370.6542969,3319.26611328125
2020-08-13,3328.175048828125,3338.152099609375,3309.462890625,324300,1076911465.8691406,3320.72607421875
2020-08-14,3315.6689453125,3362.027099609375,3302.736083984375,306000,1028190331.0546876,3360.09912109375
2020-08-17,3373.902099609375,3450.89892578125,3369.3740234375,434600,1494502925.6347656,3438.801025390625
2020-08-18,3441.93408203125,3456.720947265625,3432.639892578125,380700,1313829624.6826172,3451.089111328125
2020-08-19,3444.56494140625,3454.4609375,3406.1640625,405700,1382677897.265625,3408.12890625
2020-08-20,3385.965087890625,3394.556884765625,3352.777099609375,335600,1128924479.4921875,3363.89892578125
2020-08-21,3380.22705078125,3393.91796875,3358.0009765625,287500,971946392.8222656,3380.68310546875
2020-08-24,3391.113037109375,3396.56591796875,3368.02587890625,266200,901256819.482422,3385.637939453125
2020-08-25,3392.8798828125,3408.8701171875,3364.159912109375,277100,934818430.7861328,3373.577880859375
2020-08-26,3371.80810546875,3382.60302734375,3320.135986328125,294500,980608139.5263672,3329.739013671875
2020-08-27,3333.489990234375,3351.830078125,3312.989990234375,237100,794311106.4697266,3350.110107421875
2020-08-28,3346.2890625,3405.876953125,3339.64892578125,271300,923452807.836914,3403.806884765625
2020-08-31,3416.550048828125,3442.736083984375,3395.468017578125,323500,1098501826.0498047,3395.677978515625
2020-09-01,3389.741943359375,3410.60693359375,3381.7109375,247000,842419912.5976562,3410.60693359375
2020-09-02,3420.468994140625,3421.39599609375,3377.2109375,261500,890355723.5107422,3404.802001953125
2020-09-03,3404.031982421875,3425.62890625,3374.262939453125,255300,864185638.3300781,3384.98095703125
2020-09-04,3336.407958984375,3360.10595703125,3328.552001953125,221600,743549314.6484375,3355.366943359375
2020-09-07,3349.91796875,3368.2451171875,3285.633056640625,260600,858049231.3964844,3292.591064453125
2020-09-08,3301.217041015625,3324.39306640625,3276.443115234375,271100,899080646.5820312,3316.4169921875
2020-09-09,3280.9970703125,3289.614990234375,3238.56103515625,351500,1144001717.2851562,3254.6279296875
2020-09-10,3282.23193359375,3285.472900390625,3227.64404296875,312500,1010882186.8896484,3234.822998046875
2020-09-11,3225.783935546875,3262.498046875,3220.535888671875,221700,722818696.5087891,3260.345947265625
2020-09-14,3275.91796875,3283.532958984375,3261.14794921875,213900,701338307.0800781,3278.81396484375
2020-09-15,3277.1279296875,3297.68994140625,3263.751953125,197700,651555922.4853516,3295.679931640625
2020-09-16,3293.16796875,3302.4560546875,3271.074951171875,200400,658098384.0820312,3283.924072265625
2020-09-17,3277.323974609375,3290.408935546875,3248.4990234375,202900,663571273.3886719,3270.43505859375
2020-09-18,3270.910888671875,3338.323974609375,3268.52587890625,256300,855552489.5263672,3338.090087890625
2020-09-21,3348.89892578125,3350.589111328125,3313.071044921875,216500,718116440.1855469,3316.93505859375
2020-09-22,3290.666015625,3320.22802734375,3265.702880859375,214000,700700628.4179688,3274.302001953125
2020-09-23,3278.8359375,3289.761962890625,3264.89111328125,169200,554927090.625,3279.7109375
2020-09-24,3262.87890625,3265.344970703125,3221.237060546875,206700,666230484.4482422,3223.176025390625
2020-09-25,3234.3740234375,3239.466064453125,3208.034912109375,164800,530560081.25,3219.41796875
2020-09-28,3224.97705078125,3238.18310546875,3210.89306640625,156000,501935446.2890625,3217.534912109375
2020-09-29,3231.85498046875,3242.7939453125,3219.7900390625,151300,487845499.5605469,3224.35888671875
2020-09-30,3232.7099609375,3244.9130859375,3202.343994140625,153500,493970982.2998047,3218.052001953125
2020-10-09,3262.611083984375,3280.511962890625,3260.18701171875,188300,616131897.1923828,3272.075927734375
2020-10-12,3287.327880859375,3359.153076171875,3286.111083984375,259600,871857536.8164062,3358.465087890625
2020-10-13,3353.12109375,3361.83203125,3334.4990234375,204900,688412775.0,3359.75
2020-10-14,3353.625,3353.625,3332.964111328125,198700,663812603.7353516,3340.778076171875
2020-10-15,3342.922119140625,3354.577880859375,3330.0009765625,191000,636446973.1445312,3332.18310546875
2020-10-16,3334.45703125,3348.9541015625,3319.110107421875,194300,648254341.9433594,3336.35791015625
2020-10-19,3351.10009765625,3371.090087890625,3307.840087890625,212300,703279824.4140625,3312.669921875
2020-10-20,3307.14990234375,3328.10009765625,3293.77001953125,165100,549469326.1230469,3328.10009765625
2020-10-21,3332.14990234375,3332.14990234375,3304.169921875,177600,590523555.46875,3325.02001953125
2020-10-22,3315.820068359375,3320.8798828125,3281.3701171875,165900,549543750.0,3312.5
2020-10-23,3308.157958984375,3326.049072265625,3276.6201171875,174200,571027089.6484375,3277.9970703125
2020-10-26,3258.702880859375,3264.446044921875,3226.60205078125,167700,545212638.9404297,3251.118896484375
2020-10-27,3240.739990234375,3258.3369140625,3235.5439453125,149100,485218503.3691406,3254.31591796875
2020-10-28,3256.219970703125,3275.8701171875,3238.3798828125,173200,566232366.3085938,3269.239990234375
2020-10-29,3235.760009765625,3289.77001953125,3231.1201171875,184700,604473227.3925781,3272.72998046875
2020-10-30,3278.631103515625,3279.85595703125,3219.422119140625,230200,742287487.1582031,3224.532958984375
2020-11-02,3228.715087890625,3242.803955078125,3209.908935546875,226800,731457242.578125,3225.1201171875
2020-11-03,3239.805908203125,3278.381103515625,3237.85400390625,215300,704262226.7333984,3271.073974609375
2020-11-04,3273.43310546875,3286.62109375,3254.111083984375,188500,617797428.9550781,3277.43994140625
2020-11-05,3305.580078125,3320.407958984375,3291.60009765625,226800,753006177.2460938,3320.133056640625
2020-11-06,3326.465087890625,3326.465087890625,3292.15087890625,234900,778026133.9599609,3312.158935546875
2020-11-09,3329.428955078125,3380.823974609375,3329.428955078125,310200,1046531039.9414062,3373.72998046875
2020-11-10,3387.6220703125,3387.6220703125,3346.172119140625,278700,936473505.6152344,3360.14892578125
2020-11-11,3354.02490234375,3365.8359375,3339.041015625,271200,906405421.2890624,3342.202880859375
2020-11-12,3344.4599609375,3350.280029296875,3329.489990234375,216500,722824205.2001953,3338.679931640625
2020-11-13,3327.22900390625,3327.22900390625,3291.64306640625,227900,754372925.0488281,3310.10498046875
2020-11-16,3325.62109375,3346.968994140625,3313.64697265625,279600,935812530.7617188,3346.968994140625
2020-11-17,3347.14990234375,3347.699951171875,3323.949951171875,283600,947195612.3046876,3339.89990234375
2020-11-18,3337.33203125,3358.89404296875,3333.991943359375,287500,962349606.3232422,3347.302978515625
2020-11-19,3339.0859375,3367.3330078125,3330.449951171875,253300,851870162.6953125,3363.087890625
2020-11-20,3359.60009765625,3380.14990234375,3356.31005859375,261300,882600843.8964844,3377.72998046875
2020-11-23,3384.10009765625,3431.64990234375,3377.989990234375,373900,1276677807.3486328,3414.489990234375
2020-11-24,3407.408935546875,3413.926025390625,3396.243896484375,301000,1024249722.4121094,3402.822998046875
2020-11-25,3417.514892578125,3423.485107421875,3362.326904296875,322100,1083005495.8740234,3362.326904296875
2020-11-26,3360.06103515625,3371.4541015625,3344.281982421875,255900,862314651.7089844,3369.73291015625
2020-11-27,3373.843017578125,3408.306884765625,3364.491943359375,280600,956370911.8652344,3408.306884765625
2020-11-30,3418.159912109375,3456.739990234375,3391.760009765625,385000,1305827603.7597656,3391.760009765625
2020-12-01,3388.989990234375,3457.639892578125,3386.909912109375,316200,1091503409.4726562,3451.93994140625
2020-12-02,3453.51806640625,3465.72900390625,3435.87109375,312800,1078966409.1796875,3449.381103515625
2020-12-03,3448.5400390625,3452.160888671875,3428.803955078125,298500,1027477591.9189452,3442.135986328125
2020-12-04,3436.72900390625,3448.404052734375,3417.048095703125,256300,882846124.3164062,3444.5810546875
2020-12-07,3446.64794921875,3449.577880859375,3414.31396484375,254500,869525718.9941406,3416.60400390625
2020-12-08,3417.68994140625,3428.659912109375,3403.030029296875,226900,773769826.4892578,3410.179931640625
2020-12-09,3416.077880859375,3422.535888671875,3371.916015625,260700,879071043.8232422,3371.964111328125
2020-12-10,3365.73095703125,3384.887939453125,3357.7529296875,247300,834211124.8535156,3373.27587890625
2020-12-11,3381.008056640625,3383.177978515625,3325.172119140625,298600,999471208.1054688,3347.19091796875
2020-12-14,3349.533935546875,3371.12890625,3338.6259765625,239800,807915004.1015625,3369.1201171875
2020-12-15,3366.580078125,3373.56005859375,3348.419921875,225700,759983806.5917969,3367.22998046875
2020-12-16,3371.262939453125,3378.6630859375,3359.1708984375,220800,743429826.5625,3366.98291015625
2020-12-17,3367.277099609375,3406.155029296875,3354.010986328125,275500,938042524.4140624,3404.873046875
2020-12-18,3400.489990234375,3413.81005859375,3382.75,281000,953966872.5585938,3394.89990234375
2020-12-21,3394.39501953125,3423.60888671875,3381.115966796875,283800,970757508.2519532,3420.569091796875
2020-12-22,3410.968017578125,3415.75390625,3353.85791015625,323000,1084240580.3222656,3356.781982421875
2020-12-23,3362.471923828125,3394.208984375,3360.201904296875,299500,1013004860.4736328,3382.320068359375
2020-12-24,3382.193115234375,3394.074951171875,3354.02197265625,275000,924856085.205078,3363.113037109375
2020-12-25,3351.7900390625,3397.007080078125,3348.344970703125,294500,1000287800.048828,3396.56298828125
2020-12-28,3396.35888671875,3412.51904296875,3383.654052734375,316200,1074221489.2089844,3397.284912109375
2020-12-29,3399.2939453125,3407.087890625,3376.087890625,311800,1053583390.0878906,3379.035888671875
2020-12-30,3375.009033203125,3414.4541015625,3374.416015625,291000,993605788.330078,3414.452880859375
2020-12-31,3419.72705078125,3474.91796875,3419.72705078125,335700,1165909294.116211,3473.069091796875
2021-01-04,3474.678955078125,3511.655029296875,3457.2060546875,380800,1333926409.375,3502.9580078125
2021-01-05,3492.19091796875,3528.677001953125,3484.715087890625,408000,1439700216.796875,3528.677001953125
2021-01-06,3530.906982421875,3556.802001953125,3513.1259765625,370200,1314534648.046875,3550.876953125
2021-01-07,3552.908935546875,3576.205078125,3526.616943359375,405300,1449435918.1640625,3576.205078125
2021-01-08,3577.68994140625,3588.06005859375,3544.889892578125,345600,1233830053.125,3570.110107421875
2021-01-11,3571.321044921875,3597.701904296875,3516.986083984375,362500,1280168041.9921875,3531.498046875
2021-01-12,3518.010009765625,3608.340087890625,3517.469970703125,323400,1166937184.423828,3608.340087890625
2021-01-13,3613.281005859375,3622.347900390625,3575.594970703125,388100,1396636879.8583984,3598.652099609375
2021-01-14,3584.931884765625,3599.05810546875,3559.60009765625,347700,1239865178.6865234,3565.905029296875
2021-01-15,3566.284912109375,3589.26611328125,3533.7880859375,324600,1157646275.9765625,3566.3779296875
2021-01-18,3554.800048828125,3608.77001953125,3544.260009765625,301700,1084979565.1611328,3596.219970703125
2021-01-19,3596.360107421875,3603.14990234375,3553.02001953125,323400,1153367254.1015625,3566.3798828125
2021-01-20,3564.12109375,3589.9619140625,3556.443115234375,272300,975675962.7685548,3583.092041015625
2021-01-21,3590.925048828125,3636.243896484375,3585.802001953125,327500,1185963932.4951172,3621.263916015625
2021-01-22,3616.5400390625,3616.5400390625,3585.033935546875,324500,1170390375.0,3606.75
2021-01-25,3605.361083984375,3637.10009765625,3591.02001953125,327300,1186213109.5458984,3624.238037109375
2021-01-26,3610.968994140625,3610.968994140625,3564.741943359375,278100,992658192.4072266,3569.428955078125
2021-01-27,3567.550048828125,3578.800048828125,3546.489990234375,264100,943719117.211914,3573.340087890625
2021-01-28,3534.6689453125,3549.5439453125,3496.87890625,270900,949552185.2783204,3505.176025390625
2021-01-29,3521.718017578125,3531.597900390625,3446.547119140625,293700,1022977392.2607422,3483.069091796875
2021-02-01,3477.172119140625,3506.388916015625,3469.875,277600,973066820.5078124,3505.283935546875
2021-02-02,3510.80810546875,3535.501953125,3495.568115234375,264500,934659697.9980468,3533.68505859375
2021-02-03,3531.14892578125,3544.009033203125,3508.507080078125,297400,1046047430.5664062,3517.30810546875
2021-02-04,3503.779052734375,3524.721923828125,3465.77099609375,298800,1046355435.3515624,3501.85888671875
2021-02-05,3509.489990234375,3536.5400390625,3492.9599609375,290100,1014285355.6640624,3496.330078125
2021-02-08,3504.56298828125,3542.2080078125,3492.12890625,249800,882405265.9667969,3532.447021484375
2021-02-09,3539.77294921875,3604.010986328125,3528.676025390625,253800,914565511.669922,3603.489013671875
2021-02-10,3612.613037109375,3662.76611328125,3612.5048828125,257900,942647166.9921876,3655.087890625
2021-02-18,3721.0869140625,3731.68701171875,3663.6640625,340300,1250723964.5019531,3675.35693359375
2021-02-19,3661.782958984375,3699.64990234375,3634.014892578125,361100,1334686253.515625,3696.16796875
2021-02-22,3707.18994140625,3717.27001953125,3642.43994140625,488800,1780424643.359375,3642.43994140625
2021-02-23,3617.699951171875,3672.14990234375,3617.699951171875,398900,1450544046.850586,3636.360107421875
2021-02-24,3638.93603515625,3645.64697265625,3531.593994140625,362200,1290909804.296875,3564.080078125
2021-02-25,3595.5400390625,3608.56005859375,3568.469970703125,366200,1312845327.8808594,3585.050048828125
2021-02-26,3514.56005859375,3550.409912109375,3500.699951171875,333300,1169576390.0390625,3509.080078125
2021-03-01,3531.47998046875,3552.56689453125,3511.989013671875,315500,1120466669.1894531,3551.39990234375
2021-03-02,3566.85205078125,3566.85205078125,3485.364013671875,339800,1192219243.701172,3508.591064453125
2021-03-03,3500.159912109375,3577.6201171875,3498.719970703125,347700,1243688096.044922,3576.89990234375
2021-03-04,3546.639892578125,3552.199951171875,3487.3798828125,393600,1378973660.15625,3503.489990234375
2021-03-05,3463.30908203125,3523.568115234375,3456.6669921875,356400,1248108188.3789062,3501.987060546875
2021-03-08,3524.97998046875,3542.300048828125,3421.219970703125,387000,1324085635.986328,3421.409912109375
2021-03-09,3415.340087890625,3429.14990234375,3328.31005859375,407700,1369582548.9257812,3359.2900390625
2021-03-10,3389.840087890625,3397.030029296875,3354.820068359375,299700,1006314675.0732422,3357.739990234375
2021-03-11,3369.89990234375,3436.830078125,3369.89990234375,322100,1107002968.1640625,3436.830078125
2021-03-12,3447.199951171875,3454.510009765625,3417.239990234375,358000,1236202667.96875,3453.080078125
2021-03-15,3441.8798828125,3457.489990234375,3392.510009765625,367800,1257857592.0410156,3419.949951171875
2021-03-16,3424.652099609375,3448.883056640625,3406.175048828125,316700,1091580312.6464844,3446.73291015625
2021-03-17,3435.73193359375,3454.055908203125,3410.281982421875,280100,965098842.211914,3445.551025390625
2021-03-18,3449.64111328125,3478.14501953125,3449.376953125,284400,984896571.9726562,3463.068115234375
2021-03-19,3423.8701171875,3439.52001953125,3389.2900390625,309200,1052720844.8242188,3404.659912109375
2021-03-22,3406.1201171875,3443.659912109375,3404.22998046875,312600,1076419325.6835938,3443.43994140625
2021-03-23,3445.340087890625,3445.419921875,3390.050048828125,326400,1113516867.1875,3411.510009765625
2021-03-24,3394.1298828125,3415.2900390625,3362.179931640625,317400,1068704862.5976562,3367.06005859375
2021-03-25,3355.070068359375,3382.22998046875,3344.969970703125,270700,910523836.7919922,3363.590087890625
2021-03-26,3373.31689453125,3423.222900390625,3373.31689453125,274600,938672567.919922,3418.326904296875
2021-03-29,3429.632080078125,3449.833984375,3409.886962890625,284800,978373453.90625,3435.300048828125
2021-03-30,3432.530029296875,3457.6298828125,3423.320068359375,285400,986536452.4902344,3456.679931640625
2021-03-31,3452.2099609375,3452.2099609375,3420.830078125,283000,974060505.1269532,3441.909912109375
2021-04-01,3444.81005859375,3470.030029296875,3438.830078125,275200,953934037.5,3466.330078125
2021-04-02,3472.6279296875,3487.5859375,3462.83203125,262700,915349802.0019532,3484.39208984375
2021-04-06,3491.6298828125,3493.280029296875,3471.760009765625,234700,817453052.1240234,3482.969970703125
2021-04-07,3483.419921875,3483.419921875,3453.18994140625,295800,1029274519.3359376,3479.6298828125
2021-04-08,3467.489990234375,3495.909912109375,3459.320068359375,331800,1155510106.201172,3482.550048828125
2021-04-09,3475.43994140625,3475.449951171875,3442.139892578125,280100,966535448.8525392,3450.679931640625
2021-04-12,3445.969970703125,3456.159912109375,3403.89990234375,309600,1056649304.8828124,3412.949951171875
2021-04-13,3411.2900390625,3425.389892578125,3387.89990234375,270600,919084774.0722656,3396.469970703125
2021-04-14,3397.02001953125,3420.030029296875,3392.97998046875,233200,796779097.1679688,3416.719970703125
2021-04-15,3409.610107421875,3409.610107421875,3373.090087890625,234000,795363657.7148438,3398.989990234375
2021-04-16,3407.18994140625,3432.6298828125,3394.1298828125,258600,886123962.3046875,3426.6201171875
2021-04-19,3427.550048828125,3479.010009765625,3414.360107421875,302700,1052654399.7802734,3477.550048828125
2021-04-20,3467.14990234375,3494.300048828125,3463.4599609375,285300,990829765.2832032,3472.93994140625
2021-04-21,3456.300048828125,3481.25,3450.110107421875,253800,881429616.6503906,3472.929931640625
2021-04-22,3482.830078125,3485.360107421875,3456.320068359375,251100,870089147.9736328,3465.110107421875
2021-04-23,3462.090087890625,3482.360107421875,3456.330078125,249400,866457978.515625,3474.169921875
2021-04-26,3484.110107421875,3497.1201171875,3438.570068359375,277000,953204068.359375,3441.169921875
2021-04-27,3440.090087890625,3443.85009765625,3417.260009765625,253000,870980357.1777344,3442.610107421875
2021-04-28,3432.159912109375,3457.070068359375,3423.330078125,247400,855279134.9121094,3457.070068359375
2021-04-29,3458.080078125,3478.22998046875,3447.590087890625,276600,961157312.9882812,3474.89990234375
2021-04-30,3468.300048828125,3469.090087890625,3426.89990234375,312700,1077833155.5908203,3446.860107421875
2021-05-06,3446.070068359375,3471.239990234375,3426.85009765625,310400,1068173321.09375,3441.280029296875
2021-05-07,3446.409912109375,3457.889892578125,3416.780029296875,353800,1209596247.4609375,3418.8701171875
2021-05-10,3423.590087890625,3429.739990234375,3401.929931640625,374200,1282753854.3457031,3427.989990234375
2021-05-11,3406.60009765625,3448.10009765625,3384.699951171875,350900,1207745199.267578,3441.85009765625
2021-05-12,3429.75,3466.3701171875,3428.389892578125,311400,1078300350.0,3462.75
2021-05-13,3432.139892578125,3448.02001953125,3418.3798828125,319300,1095052134.4726562,3429.5400390625
2021-05-14,3436.090087890625,3490.639892578125,3422.56005859375,337000,1176258020.5078125,3490.3798828125
2021-05-17,3490.409912109375,3530.510009765625,3490.139892578125,322100,1133025439.7460938,3517.6201171875
2021-05-18,3520.64990234375,3529.010009765625,3510.860107421875,271300,957420415.649414,3529.010009765625
2021-05-19,3521.110107421875,3521.110107421875,3503.820068359375,278300,977100157.1289062,3510.9599609375
2021-05-20,3500.8798828125,3517.739990234375,3486.070068359375,326000,1143262420.8984375,3506.93994140625
2021-05-21,3510.840087890625,3518.3798828125,3479.669921875,283800,989485744.6289062,3486.56005859375
2021-05-24,3486.27001953125,3498.300048828125,3469.8701171875,289500,1012462568.4814452,3497.280029296875
2021-05-25,3502.5400390625,3584.580078125,3502.43994140625,341200,1221953237.9882812,3581.340087890625
2021-05-26,3586.840087890625,3603.489990234375,3585.3701171875,342000,1228929156.7382812,3593.360107421875
2021-05-27,3585.72998046875,3626.360107421875,3579.260009765625,309600,1117299990.234375,3608.85009765625
2021-05-28,3610.77001953125,3622.179931640625,3582.360107421875,349200,1257392386.2304688,3600.780029296875
2021-05-31,3600.070068359375,3615.659912109375,3580.64990234375,331500,1198531613.5253906,3615.47998046875
2021-06-01,3608.60009765625,3626.070068359375,3581.909912109375,352800,1278797674.21875,3624.7099609375
2021-06-02,3626.330078125,3629.2900390625,3584.60009765625,348600,1253962966.5527344,3597.139892578125
2021-06-03,3595.419921875,3618.510009765625,3584.2099609375,354200,1269527168.1640625,3584.2099609375
2021-06-04,3565.469970703125,3618.800048828125,3561.889892578125,330900,1188539885.0830078,3591.840087890625
2021-06-07,3597.139892578125,3600.3798828125,3581.89990234375,303700,1093180309.8632812,3599.5400390625
2021-06-08,3598.75,3621.52001953125,3563.25,304500,1090143527.709961,3580.110107421875
2021-06-09,3576.800048828125,3598.7099609375,3572.639892578125,298300,1071314590.8691406,3591.39990234375
2021-06-10,3587.530029296875,3624.340087890625,3584.1298828125,318200,1148975686.1816406,3610.860107421875
2021-06-11,3614.110107421875,3614.39990234375,3587.14990234375,360600,1294463850.0,3589.75
2021-06-15,3587.469970703125,3592.949951171875,3547.18994140625,349200,1241950772.4609375,3556.56005859375
2021-06-16,3556.7099609375,3561.090087890625,3513.56005859375,312600,1099829982.421875,3518.330078125
2021-06-17,3508.320068359375,3534.199951171875,3507.35009765625,277200,977296347.0703124,3525.60009765625
2021-06-18,3520.5,3535.6201171875,3503.179931640625,296700,1045897198.9746094,3525.10009765625
2021-06-21,3515.5,3540.300048828125,3504.010009765625,280900,991346642.7978516,3529.179931640625
2021-06-22,3539.7900390625,3560.18994140625,3536.81005859375,307500,1093903547.9736328,3557.409912109375
2021-06-23,3559.39990234375,3577.469970703125,3549.85009765625,310700,1108024544.897461,3566.219970703125
2021-06-24,3568.580078125,3570.489990234375,3548.820068359375,335400,1196254377.2460938,3566.64990234375
2021-06-25,3567.3798828125,3614.300048828125,3564.52001953125,346100,1248576536.2792969,3607.56005859375
2021-06-28,3612.25,3614.360107421875,3594.219970703125,321300,1158726718.6523438,3606.3701171875
2021-06-29,3601.679931640625,3601.830078125,3570.530029296875,306100,1093750377.0751953,3573.179931640625
2021-06-30,3572.6201171875,3594.1201171875,3569.5,268200,963159826.9042968,3591.199951171875
2021-07-01,3600.550048828125,3607.699951171875,3573.93994140625,291900,1047564890.5517578,3588.780029296875
2021-07-02,3569.889892578125,3569.889892578125,3514.340087890625,291900,1027126046.850586,3518.760009765625
2021-07-05,3516.919921875,3534.320068359375,3510.580078125,288100,1018237611.694336,3534.320068359375
2021-07-06,3533.1298828125,3538.35009765625,3496.929931640625,314100,1108854669.0673828,3530.260009765625
2021-07-07,3508.590087890625,3557.8798828125,3504.469970703125,318800,1132925926.6601562,3553.719970703125
2021-07-08,3557.219970703125,3558.679931640625,3521.06005859375,350900,1237097950.0,3525.5
2021-07-09,3512.22998046875,3529.31005859375,3485.050048828125,349900,1233079121.7529297,3524.090087890625
2021-07-12,3545.199951171875,3565.030029296875,3527.389892578125,403600,1431908259.4726562,3547.840087890625
2021-07-13,3547.590087890625,3567.47998046875,3542.820068359375,362400,1292506855.078125,3566.52001953125
2021-07-14,3560.830078125,3560.830078125,3525.489990234375,372200,1313307700.0,3528.5
2021-07-15,3519.06005859375,3565.929931640625,3514.260009765625,363300,1295015578.930664,3564.590087890625
2021-07-16,3559.530029296875,3566.0,3537.72998046875,366000,1295383817.8710938,3539.300048828125
2021-07-19,3530.489990234375,3544.8798828125,3506.340087890625,336800,1191975655.46875,3539.1201171875
2021-07-20,3515.070068359375,3538.639892578125,3509.18994140625,293800,1039108913.4765624,3536.7900390625
2021-07-21,3543.052978515625,3569.090087890625,3543.052978515625,339000,1207742041.2597656,3562.660888671875
2021-07-22,3563.660888671875,3576.472900390625,3558.29296875,381100,1362331084.2285156,3574.73388671875
2021-07-23,3571.719970703125,3571.85009765625,3541.510009765625,446400,1584898516.40625,3550.39990234375
2021-07-26,3538.013916015625,3538.013916015625,3424.741943359375,442900,1535729150.048828,3467.43994140625
2021-07-27,3467.447021484375,3483.8740234375,3380.27587890625,469100,1586111505.9326172,3381.179931640625
2021-07-28,3355.820068359375,3385.5400390625,3312.719970703125,395800,1330517356.7871094,3361.590087890625
2021-07-29,3403.840087890625,3416.610107421875,3382.570068359375,344600,1175678701.9042969,3411.719970703125
2021-07-30,3398.199951171875,3404.8798828125,3370.449951171875,381400,1295753144.9707031,3397.360107421875
2021-08-02,3385.68994140625,3464.2900390625,3367.639892578125,432900,1499691157.9101562,3464.2900390625
2021-08-03,3446.780029296875,3470.659912109375,3435.4599609375,400700,1381609589.086914,3447.989990234375
2021-08-04,3442.93994140625,3477.60009765625,3440.780029296875,348700,1212506603.7841797,3477.219970703125
2021-08-05,3461.719970703125,3486.159912109375,3449.389892578125,348400,1207746037.0117188,3466.550048828125
2021-08-06,3465.47998046875,3466.389892578125,3436.929931640625,336800,1164731857.421875,3458.22998046875
2021-08-09,3441.75,3502.840087890625,3438.699951171875,349900,1222770995.9960938,3494.6298828125
2021-08-10,3488.659912109375,3529.929931640625,3477.06005859375,345100,1218178819.4091797,3529.929931640625
2021-08-11,3527.110107421875,3544.090087890625,3524.0400390625,383800,1355819600.9765625,3532.6201171875
2021-08-12,3522.719970703125,3538.39990234375,3513.449951171875,381100,1343278410.2783203,3524.739990234375
2021-08-13,3514.469970703125,3540.080078125,3500.800048828125,378200,1329864678.4667969,3516.300048828125
2021-08-16,3514.340087890625,3537.85009765625,3510.89990234375,391100,1375631708.3740234,3517.340087890625
2021-08-17,3512.10888671875,3531.72509765625,3438.123046875,422900,1457726181.7871094,3446.97607421875
2021-08-18,3442.346923828125,3487.43603515625,3437.69091796875,389200,1356473267.8710938,3485.285888671875
2021-08-19,3475.298095703125,3480.4599609375,3446.014892578125,382400,1325228205.859375,3465.554931640625
2021-08-20,3442.506103515625,3453.153076171875,3394.971923828125,391100,1340430321.2890625,3427.333984375
2021-08-23,3436.800048828125,3481.25,3436.669921875,384700,1337651865.9179688,3477.1298828125
2021-08-24,3482.26611328125,3522.697021484375,3481.14111328125,430200,1511925401.513672,3514.470947265625
2021-08-25,3517.919921875,3540.389892578125,3510.070068359375,450000,1593170947.265625,3540.3798828125
2021-08-26,3537.31396484375,3537.31591796875,3499.452880859375,502900,1760986857.03125,3501.6640625
2021-08-27,3494.41796875,3530.193115234375,3493.375,455300,1603638074.0966797,3522.156982421875
2021-08-30,3535.072998046875,3539.493896484375,3512.992919921875,512800,1809235770.703125,3528.15087890625
2021-08-31,3519.02001953125,3543.93994140625,3496.389892578125,524200,1857733317.285156,3543.93994140625
2021-09-01,3543.8701171875,3582.320068359375,3514.669921875,667300,2380325895.166016,3567.10009765625
2021-09-02,3559.89990234375,3597.3701171875,3557.679931640625,572700,2060024830.3710935,3597.0400390625
2021-09-03,3602.739990234375,3613.949951171875,3569.39990234375,614500,2200973072.998047,3581.72998046875
2021-09-06,3580.139892578125,3626.2900390625,3580.139892578125,521700,1889524418.041992,3621.860107421875
2021-09-07,3621.7099609375,3681.929931640625,3615.139892578125,547700,2013668391.1376956,3676.590087890625
2021-09-08,3673.39990234375,3695.320068359375,3661.0,586400,2155131381.640625,3675.18994140625
2021-09-09,3666.820068359375,3693.449951171875,3662.159912109375,604800,2233604953.125,3693.1298828125
2021-09-10,3691.18603515625,3722.873046875,3681.64208984375,635200,2352215540.234375,3703.110107421875
2021-09-13,3699.25,3716.830078125,3692.820068359375,557500,2071318840.3320312,3715.3701171875
2021-09-14,3709.6298828125,3723.85009765625,3655.6298828125,565000,2069369055.1757808,3662.60009765625
2021-09-15,3651.159912109375,3677.530029296875,3638.320068359375,475000,1736704486.0839844,3656.219970703125
2021-09-16,3664.840087890625,3677.919921875,3606.72998046875,546700,1971996151.0498047,3607.090087890625
2021-09-17,3595.27001953125,3620.9599609375,3569.27001953125,516900,1868061077.8564453,3613.969970703125
2021-09-22,3563.2099609375,3629.449951171875,3560.5,472300,1713735822.3876953,3628.489990234375
2021-09-23,3651.27001953125,3670.949951171875,3632.280029296875,535000,1948587684.326172,3642.219970703125
2021-09-24,3637.8701171875,3651.429931640625,3607.7900390625,507300,1832910445.678711,3613.070068359375
2021-09-27,3625.9599609375,3640.81005859375,3559.919921875,510800,1830109603.90625,3582.830078125
2021-09-28,3577.889892578125,3610.919921875,3568.820068359375,444200,1600106110.986328,3602.219970703125
2021-09-29,3573.52001953125,3573.52001953125,3518.050048828125,452500,1600171242.6757812,3536.2900390625
2021-09-30,3541.929931640625,3572.429931640625,3541.929931640625,395600,1411568021.09375,3568.169921875
2021-10-08,3609.090087890625,3612.550048828125,3571.72998046875,407200,1462731592.1875,3592.169921875
2021-10-11,3600.360107421875,3614.699951171875,3586.75,394400,1416570408.59375,3591.7099609375
2021-10-12,3581.300048828125,3583.639892578125,3515.139892578125,405400,1437929452.2460938,3546.93994140625
2021-10-13,3543.489990234375,3569.1298828125,3515.64990234375,325100,1157928179.1748047,3561.760009765625
2021-10-14,3555.110107421875,3569.68994140625,3547.179931640625,295000,1049692608.642578,3558.280029296875
2021-10-15,3551.989990234375,3578.77001953125,3542.68994140625,320300,1144230148.5351562,3572.3701171875
2021-10-18,3571.050048828125,3571.050048828125,3539.47998046875,341000,1216735703.3691406,3568.139892578125
2021-10-19,3562.300048828125,3596.7900390625,3560.6201171875,334200,1200830697.3632812,3593.14990234375
2021-10-20,3583.239990234375,3596.050048828125,3574.300048828125,344200,1234645400.0,3587.0
2021-10-21,3590.050048828125,3610.9599609375,3576.35009765625,352300,1266441004.321289,3594.780029296875
2021-10-22,3594.75,3607.580078125,3578.760009765625,353200,1265374354.4921875,3582.60009765625
2021-10-25,3574.260009765625,3611.090087890625,3564.2099609375,321200,1159487066.5039062,3609.860107421875
2021-10-26,3612.830078125,3625.02001953125,3589.7099609375,337300,1213483935.7666016,3597.639892578125
2021-10-27,3589.860107421875,3589.860107421875,3553.1298828125,350600,1248945906.5429688,3562.31005859375
2021-10-28,3548.699951171875,3552.0400390625,3509.489990234375,378200,1330666414.453125,3518.419921875
2021-10-29,3519.330078125,3547.340087890625,3502.800048828125,358800,1272785623.5351562,3547.340087890625
2021-11-01,3530.39990234375,3556.590087890625,3519.2900390625,382300,1355054696.5332031,3544.47998046875
2021-11-02,3543.3798828125,3559.050048828125,3477.659912109375,417600,1463951039.0625,3505.6298828125
2021-11-03,3501.110107421875,3512.610107421875,3480.489990234375,306600,1072652375.9765624,3498.5400390625
2021-11-04,3505.889892578125,3527.949951171875,3503.010009765625,319400,1126482315.4296875,3526.8701171875
2021-11-05,3520.2099609375,3525.8701171875,3491.4599609375,354500,1237761589.2333984,3491.570068359375
2021-11-08,3491.969970703125,3507.27001953125,3484.239990234375,298200,1043291431.0546876,3498.6298828125
2021-11-09,3507.110107421875,3514.949951171875,3489.0400390625,287300,1007561100.0,3507.0
2021-11-10,3498.93994140625,3498.93994140625,3448.43994140625,307000,1072185208.0078124,3492.4599609375
2021-11-11,3486.449951171875,3534.199951171875,3482.830078125,322100,1137911671.5820312,3532.7900390625
2021-11-12,3534.14990234375,3543.64990234375,3527.389892578125,308700,1092520200.1464844,3539.10009765625
2021-11-15,3542.89990234375,3550.43994140625,3521.2900390625,313000,1105922915.2832031,3533.300048828125
2021-11-16,3530.4599609375,3549.77001953125,3517.81005859375,310400,1093163628.125,3521.7900390625
2021-11-17,3518.56005859375,3537.510009765625,3513.52001953125,276700,978790311.4257812,3537.3701171875
2021-11-18,3531.489990234375,3537.97998046875,3513.110107421875,312400,1099869791.796875,3520.7099609375
2021-11-19,3519.280029296875,3561.909912109375,3517.64990234375,318000,1132197697.265625,3560.3701171875
2021-11-22,3562.762939453125,3585.18798828125,3562.7509765625,330000,1182086425.78125,3582.080078125
2021-11-23,3580.506103515625,3598.375,3577.361083984375,360000,1292072080.078125,3589.089111328125
2021-11-24,3590.01904296875,3602.735107421875,3575.2880859375,336800,1210022330.2734375,3592.702880859375
2021-11-25,3593.389892578125,3597.14990234375,3579.530029296875,306500,1098551149.0478516,3584.179931640625
2021-11-26,3576.110107421875,3576.110107421875,3554.8798828125,301000,1072791116.455078,3564.090087890625
2021-11-29,3528.669921875,3563.679931640625,3526.360107421875,333600,1188516703.7109375,3562.699951171875
2021-11-30,3570.75,3582.1201171875,3546.360107421875,349200,1244510350.4882812,3563.889892578125
2021-12-01,3561.889892578125,3576.889892578125,3558.68994140625,329900,1180015975.5615234,3576.889892578125
2021-12-02,3573.25,3586.8701171875,3567.139892578125,354000,1265139391.1132812,3573.840087890625
2021-12-03,3576.449951171875,3608.469970703125,3573.2099609375,377600,1362165542.1875,3607.429931640625
2021-12-06,3615.239990234375,3626.1298828125,3586.81005859375,418700,1502844121.5332031,3589.31005859375
2021-12-07,3611.219970703125,3614.219970703125,3572.570068359375,403800,1451697377.4902344,3595.090087890625
2021-12-08,3602.820068359375,3637.719970703125,3591.989990234375,361000,1313162794.6777344,3637.570068359375
2021-12-09,3641.159912109375,3688.39990234375,3638.699951171875,431900,1586385992.8710938,3673.0400390625
2021-12-10,3654.3701171875,3667.85009765625,3651.35009765625,420000,1539867041.015625,3666.35009765625
2021-12-13,3686.93994140625,3708.93994140625,3678.06005859375,424100,1561146061.1328125,3681.080078125
2021-12-14,3669.81005859375,3671.679931640625,3654.659912109375,362200,1326206176.611328,3661.530029296875
2021-12-15,3655.050048828125,3668.39990234375,3645.239990234375,377500,1376980280.7617188,3647.6298828125
2021-12-16,3648.929931640625,3675.02001953125,3644.659912109375,381300,1401285133.4472656,3675.02001953125
2021-12-17,3670.260009765625,3673.64990234375,3631.659912109375,408500,1483819103.881836,3632.360107421875
2021-12-20,3620.0400390625,3643.949951171875,3589.360107421875,423900,1523327081.3964844,3593.60009765625
2021-12-21,3591.449951171875,3627.090087890625,3591.449951171875,408200,1479778018.1640625,3625.1298828125
2021-12-22,3632.679931640625,3635.89990234375,3616.550048828125,394800,1430210422.265625,3622.6201171875
2021-12-23,3625.469970703125,3643.550048828125,3618.050048828125,382900,1395034919.6533203,3643.340087890625
2021-12-24,3645.39501953125,3648.9560546875,3612.06689453125,390300,1412126458.6669922,3618.053955078125
2021-12-27,3613.050048828125,3632.18994140625,3601.93994140625,329200,1190377314.3554688,3615.969970703125
2021-12-28,3619.64208984375,3631.076904296875,3607.364013671875,316200,1147841433.544922,3630.112060546875
2021-12-29,3630.919921875,3630.919921875,3596.320068359375,305100,1097444700.0,3597.0
2021-12-30,3596.489990234375,3628.919921875,3595.5,307800,1113986663.9648438,3619.18994140625
2021-12-31,3626.239990234375,3642.840087890625,3624.93994140625,329700,1200035475.6591797,3639.780029296875
2022-01-04,3649.14990234375,3651.889892578125,3610.090087890625,405000,1471093681.640625,3632.330078125
2022-01-05,3628.260009765625,3628.260009765625,3583.469970703125,423900,1523996773.022461,3595.179931640625
2022-01-06,3581.219970703125,3594.489990234375,3559.8798828125,371500,1332228749.0234375,3586.080078125
2022-01-07,3588.989990234375,3607.22998046875,3577.10009765625,436300,1561753319.0429688,3579.5400390625
2022-01-10,3572.739990234375,3593.52001953125,3555.1298828125,356200,1280011830.9570312,3593.52001953125
2022-01-11,3589.89990234375,3602.14990234375,3562.75,359800,1283564890.9179688,3567.43994140625
2022-01-12,3578.159912109375,3599.5,3572.10009765625,343100,1234278209.5458984,3597.429931640625
2022-01-13,3601.030029296875,3601.070068359375,3555.159912109375,369400,1313313047.607422,3555.260009765625
2022-01-14,3544.070068359375,3548.419921875,3519.320068359375,376900,1327162897.680664,3521.260009765625
2022-01-17,3522.090087890625,3546.090087890625,3519.429931640625,312900,1108188518.5546875,3541.669921875
2022-01-18,3541.889892578125,3579.31005859375,3531.330078125,377100,1346213027.8564453,3569.909912109375
2022-01-19,3567.6298828125,3578.72998046875,3541.659912109375,333200,1185585553.2226562,3558.179931640625
2022-01-20,3556.22998046875,3576.260009765625,3540.550048828125,379500,1349145292.236328,3555.06005859375
2022-01-21,3546.75,3547.0,3514.889892578125,326500,1150119127.319336,3522.570068359375
2022-01-24,3508.239990234375,3531.610107421875,3500.139892578125,280300,987808063.1103516,3524.110107421875
2022-01-25,3509.280029296875,3519.830078125,3433.06005859375,327400,1123983863.1835938,3433.06005859375
2022-01-26,3442.68994140625,3462.1201171875,3417.760009765625,275100,950654795.5078124,3455.669921875
2022-01-27,3456.10009765625,3456.360107421875,3392.02001953125,280600,952426550.0,3394.25
2022-01-28,3407.590087890625,3417.050048828125,3356.56005859375,290900,977842878.955078,3361.43994140625
2022-02-07,3407.760009765625,3434.030029296875,3407.760009765625,320500,1099180415.0390625,3429.580078125
2022-02-08,3428.5400390625,3453.18994140625,3390.4599609375,366100,1264007800.0976562,3452.6298828125
2022-02-09,3450.820068359375,3484.739990234375,3444.080078125,350200,1218678472.9003906,3479.949951171875
2022-02-10,3481.909912109375,3488.860107421875,3464.219970703125,355700,1239938155.7373047,3485.909912109375
2022-02-11,3472.280029296875,3500.14990234375,3459.330078125,361400,1251510112.3535156,3462.949951171875
2022-02-14,3451.85009765625,3457.260009765625,3415.449951171875,315300,1081125827.0507812,3428.8798828125
2022-02-15,3428.0400390625,3447.489990234375,3421.639892578125,275600,949742428.2226562,3446.090087890625
2022-02-16,3457.070068359375,3475.06005859375,3453.800048828125,275000,953103271.484375,3465.830078125
2022-02-17,3464.2099609375,3480.969970703125,3454.280029296875,297300,1031048303.6132812,3468.0400390625
2022-02-18,3451.6298828125,3490.760009765625,3447.030029296875,295100,1030123278.881836,3490.760009765625
2022-02-21,3488.409912109375,3492.199951171875,3471.68994140625,301500,1052418947.3876952,3490.610107421875
2022-02-22,3473.2900390625,3473.389892578125,3437.669921875,326300,1128068013.1347656,3457.14990234375
2022-02-23,3458.510009765625,3490.760009765625,3458.179931640625,325600,1136067208.203125,3489.14990234375
2022-02-24,3474.3701171875,3486.97998046875,3400.2099609375,488400,1675192444.921875,3429.9599609375
2022-02-25,3445.340087890625,3480.179931640625,3440.929931640625,377500,1302907241.821289,3451.409912109375
2022-02-28,3450.320068359375,3462.31005859375,3425.52001953125,345800,1197266818.2617188,3462.31005859375
2022-03-01,3471.360107421875,3491.1298828125,3465.719970703125,326000,1137358605.46875,3488.830078125
2022-03-02,3478.2900390625,3486.6201171875,3467.0,329400,1147692166.6992188,3484.18994140625
2022-03-03,3495.929931640625,3500.2900390625,3473.340087890625,412600,1436306030.3222656,3481.110107421875
2022-03-04,3459.97998046875,3474.8798828125,3437.699951171875,393500,1356650236.5722656,3447.64990234375
2022-03-07,3438.56005859375,3438.56005859375,3360.739990234375,393600,1327557738.28125,3372.860107421875
2022-03-08,3372.550048828125,3383.6298828125,3287.340087890625,415900,1369779139.1845703,3293.530029296875
2022-03-09,3303.7099609375,3321.47998046875,3147.679931640625,466300,1518454606.9091797,3256.389892578125
2022-03-10,3312.179931640625,3326.580078125,3291.239990234375,378300,1246910880.2490234,3296.090087890625
2022-03-11,3259.320068359375,3315.659912109375,3217.419921875,384100,1271274975.0,3309.75
2022-03-14,3271.889892578125,3297.800048828125,3223.530029296875,338000,1089553149.9023438,3223.530029296875
2022-03-15,3192.360107421875,3196.919921875,3063.969970703125,465000,1424746036.3769531,3063.969970703125
2022-03-16,3107.669921875,3177.7900390625,3023.300048828125,444700,1410014719.6289062,3170.7099609375
2022-03-17,3215.010009765625,3260.169921875,3202.929931640625,420800,1352888848.4375,3215.0400390625
2022-03-18,3207.14990234375,3260.780029296875,3197.360107421875,373000,1212649135.4980469,3251.070068359375
2022-03-21,3255.6201171875,3267.5,3223.389892578125,354200,1152456977.2460938,3253.68994140625
2022-03-22,3249.5400390625,3279.110107421875,3239.530029296875,361200,1177461470.8007812,3259.860107421875
2022-03-23,3264.7900390625,3279.889892578125,3251.97998046875,349900,1144533407.2509766,3271.030029296875
2022-03-24,3256.06005859375,3266.889892578125,3236.659912109375,329000,1069335543.2128906,3250.260009765625
2022-03-25,3247.159912109375,3257.110107421875,3211.639892578125,340000,1092161596.6796875,3212.239990234375
2022-03-28,3185.169921875,3230.219970703125,3159.830078125,345000,1109002500.0,3214.5
2022-03-29,3216.010009765625,3229.179931640625,3196.4599609375,316300,1013406203.4667968,3203.93994140625
2022-03-30,3217.590087890625,3266.60009765625,3216.300048828125,366800,1198188915.8203125,3266.60009765625
2022-03-31,3256.139892578125,3272.0400390625,3246.06005859375,398400,1295676460.546875,3252.199951171875
2022-04-01,3234.669921875,3287.22998046875,3226.300048828125,378200,1241524692.919922,3282.719970703125
2022-04-06,3269.429931640625,3288.110107421875,3255.68994140625,429600,1410561498.6328125,3283.429931640625
2022-04-07,3267.81005859375,3290.260009765625,3236.47998046875,402600,1303095400.3417969,3236.699951171875
2022-04-08,3239.8798828125,3257.090087890625,3208.35009765625,413800,1345615570.4101562,3251.85009765625
2022-04-11,3239.860107421875,3239.860107421875,3156.510009765625,424200,1343496496.2890625,3167.1298828125
2022-04-12,3165.1201171875,3214.5400390625,3140.89990234375,418300,1344135971.6796875,3213.330078125
2022-04-13,3199.800048828125,3225.469970703125,3183.530029296875,391200,1246684010.7421875,3186.820068359375
2022-04-14,3203.6298828125,3240.0,3200.22998046875,371200,1197357528.125,3225.639892578125
2022-04-15,3210.699951171875,3229.865966796875,3200.133056640625,407800,1309545758.7890625,3211.2451171875
2022-04-18,3185.93994140625,3204.030029296875,3166.97998046875,347400,1110123654.7851562,3195.52001953125
2022-04-19,3192.090087890625,3207.830078125,3174.7099609375,339900,1085650806.9580078,3194.030029296875
2022-04-20,3189.889892578125,3191.830078125,3142.050048828125,362000,1140680117.6757812,3151.050048828125
2022-04-21,3138.429931640625,3160.89990234375,3069.679931640625,391900,1206977561.9628906,3079.81005859375
2022-04-22,3058.39990234375,3105.659912109375,3049.360107421875,342000,1055726613.28125,3086.919921875
2022-04-25,3034.27001953125,3043.820068359375,2928.510009765625,433600,1269801940.234375,2928.510009765625
2022-04-26,2930.449951171875,2957.679931640625,2878.260009765625,401600,1159190260.546875,2886.429931640625
2022-04-27,2866.820068359375,2959.179931640625,2863.64990234375,423100,1251648280.3955078,2958.280029296875
2022-04-28,2945.81005859375,2991.510009765625,2936.7900390625,100,297547.998046875,2975.47998046875
2022-04-29,2986.06005859375,3048.489990234375,2968.330078125,423900,1291648758.8378906,3047.06005859375
2022-05-05,3044.85009765625,3082.22998046875,3042.1201171875,383100,1175258859.741211,3067.760009765625
2022-05-06,3011.320068359375,3030.68994140625,2992.719970703125,343300,1030435568.1152344,3001.56005859375
2022-05-09,2990.199951171875,3015.93994140625,2983.610107421875,292100,877509262.6220703,3004.139892578125
2022-05-10,2965.780029296875,3043.780029296875,2957.39990234375,370700,1125385920.5810547,3035.840087890625
2022-05-11,3035.389892578125,3100.89990234375,3034.669921875,424000,1296888779.296875,3058.699951171875
2022-05-12,3044.800048828125,3072.159912109375,3032.949951171875,344400,1052138552.6367188,3054.989990234375
2022-05-13,3068.030029296875,3086.10009765625,3059.25,331700,1023055685.7177734,3084.280029296875
2022-05-16,3100.550048828125,3102.580078125,3063.39990234375,338100,1039234875.0,3073.75
2022-05-17,3076.5,3093.699951171875,3057.639892578125,330400,1022158463.8671876,3093.699951171875
2022-05-18,3095.889892578125,3105.840087890625,3071.31005859375,315000,972083693.8476562,3085.97998046875
2022-05-19,3046.7099609375,3096.9599609375,3042.669921875,336600,1042436722.8515624,3096.9599609375
2022-05-20,3107.090087890625,3146.570068359375,3107.090087890625,372300,1171468036.4501953,3146.570068359375
2022-05-23,3150.489990234375,3150.510009765625,3127.89990234375,353400,1112100361.9628906,3146.860107421875
2022-05-24,3149.06005859375,3153.1298828125,3070.929931640625,416300,1278428130.5419922,3070.929931640625
2022-05-25,3070.169921875,3107.6298828125,3069.949951171875,342300,1063683544.6289062,3107.4599609375
2022-05-26,3111.47998046875,3133.280029296875,3079.47998046875,370300,1156487672.7783203,3123.110107421875
2022-05-27,3135.030029296875,3151.050048828125,3112.5400390625,359500,1125321276.4892578,3130.239990234375
2022-05-30,3141.9599609375,3150.889892578125,3123.14990234375,349400,1100281584.4726562,3149.06005859375
2022-05-31,3149.93994140625,3188.60009765625,3142.0,374500,1193318009.399414,3186.429931640625
2022-06-01,3179.68994140625,3190.610107421875,3160.0400390625,365700,1163715879.8583984,3182.159912109375
2022-06-02,3170.31005859375,3197.280029296875,3163.760009765625,361800,1156117413.8671875,3195.4599609375
2022-06-06,3196.9599609375,3237.070068359375,3181.64990234375,422000,1365748189.453125,3236.3701171875
2022-06-07,3235.419921875,3253.090087890625,3222.639892578125,402200,1303835875.9277344,3241.760009765625
2022-06-08,3245.02001953125,3266.6298828125,3216.010009765625,434200,1417137634.9609375,3263.7900390625
2022-06-09,3259.489990234375,3270.56005859375,3223.47998046875,422700,1369104144.3603516,3238.949951171875
2022-06-10,3214.179931640625,3286.6201171875,3210.81005859375,439900,1444996751.3671875,3284.830078125
2022-06-13,3256.280029296875,3272.989990234375,3229.31005859375,438600,1427884251.4160156,3255.550048828125
2022-06-14,3224.2099609375,3289.1298828125,3195.820068359375,450400,1481325024.4140625,3288.909912109375
2022-06-15,3289.10009765625,3358.550048828125,3288.85009765625,550600,1819958697.6074216,3305.409912109375
2022-06-16,3306.840087890625,3319.68994140625,3277.530029296875,433200,1423226565.234375,3285.3798828125
2022-06-17,3265.510009765625,3323.280029296875,3262.889892578125,395300,1311127102.4414062,3316.7900390625
2022-06-20,3315.780029296875,3333.89990234375,3292.929931640625,413500,1370930276.7333984,3315.429931640625
2022-06-21,3313.7900390625,3329.389892578125,3279.830078125,394500,1304501028.4423828,3306.719970703125
2022-06-22,3309.1201171875,3311.02001953125,3266.5400390625,375500,1226833581.665039,3267.199951171875
2022-06-23,3269.050048828125,3320.14990234375,3262.2900390625,400600,1330052050.8789062,3320.14990234375
2022-06-24,3324.739990234375,3356.7099609375,3322.949951171875,390800,1309082300.0,3349.75
2022-06-27,3364.0,3393.31005859375,3364.0,414100,1399322554.736328,3379.18994140625
2022-06-28,3377.679931640625,3412.10009765625,3358.8701171875,412100,1404935424.9023438,3409.2099609375
2022-06-29,3399.679931640625,3414.64990234375,3358.469970703125,440600,1481085720.6054688,3361.52001953125
2022-06-30,3358.929931640625,3417.010009765625,3358.929931640625,381200,1295553988.671875,3398.6201171875
2022-07-01,3400.260009765625,3404.050048828125,3378.360107421875,350500,1187367782.3486328,3387.639892578125
2022-07-04,3381.820068359375,3405.6201171875,3364.090087890625,357700,1218122286.5478516,3405.429931640625
2022-07-05,3411.1298828125,3424.840087890625,3372.06005859375,411700,1401439163.0615234,3404.030029296875
2022-07-06,3391.030029296875,3391.030029296875,3333.10009765625,384600,1290467647.5585938,3355.35009765625
2022-07-07,3353.1298828125,3375.860107421875,3332.31005859375,334400,1125055327.34375,3364.39990234375
2022-07-08,3380.3701171875,3386.31005859375,3354.1201171875,322900,1083678257.2265625,3356.080078125
2022-07-11,3341.10009765625,3341.10009765625,3297.010009765625,342700,1135563892.7734375,3313.580078125
2022-07-12,3307.219970703125,3319.25,3277.080078125,334600,1097979852.1972656,3281.469970703125
2022-07-13,3279.60009765625,3297.02001953125,3266.47998046875,331800,1089727434.9609375,3284.2900390625
2022-07-14,3277.449951171875,3299.25,3261.489990234375,355900,1167971262.524414,3281.739990234375
2022-07-15,3261.3798828125,3288.919921875,3228.06005859375,380200,1227308434.2773438,3228.06005859375
2022-07-18,3235.090087890625,3278.469970703125,3226.22998046875,348300,1141762264.013672,3278.10009765625
2022-07-19,3278.719970703125,3283.929931640625,3256.02001953125,315700,1035316029.4189452,3279.429931640625
2022-07-20,3291.550048828125,3308.35009765625,3287.739990234375,301500,996373071.1669922,3304.719970703125
2022-07-21,3297.659912109375,3300.530029296875,3272.0,332400,1087612800.0,3272.0
2022-07-22,3276.199951171875,3293.639892578125,3246.72998046875,300700,983279970.1904296,3269.969970703125
2022-07-25,3269.7099609375,3273.179931640625,3243.030029296875,271200,881505738.8671875,3250.389892578125
2022-07-26,3254.18994140625,3282.409912109375,3246.0400390625,259500,850495664.7949219,3277.43994140625
2022-07-27,3271.780029296875,3282.570068359375,3265.72998046875,249100,815991818.4326172,3275.760009765625
2022-07-28,3287.5,3305.7099609375,3277.110107421875,288100,945711320.5078124,3282.580078125
2022-07-29,3282.81005859375,3294.800048828125,3246.3701171875,307300,999720648.9990234,3253.239990234375
2022-08-01,3246.6201171875,3264.300048828125,3225.550048828125,292200,952560300.5859376,3259.9599609375
2022-08-02,3231.260009765625,3231.260009765625,3155.18994140625,394200,1256027641.6992188,3186.27001953125
2022-08-03,3188.889892578125,3217.550048828125,3159.4599609375,324900,1027876357.6171876,3163.669921875
2022-08-04,3179.429931640625,3191.0,3155.699951171875,260900,832020546.1914062,3189.0400390625
2022-08-05,3195.22998046875,3228.889892578125,3184.449951171875,274700,886465149.0478516,3227.030029296875
2022-08-08,3218.85009765625,3237.969970703125,3214.080078125,254300,823151281.6162109,3236.929931640625
2022-08-09,3235.739990234375,3248.77001953125,3227.5400390625,259600,843032810.2539062,3247.429931640625
2022-08-10,3242.360107421875,3253.169921875,3217.81005859375,257600,832053157.03125,3230.02001953125
2022-08-11,3243.469970703125,3281.669921875,3237.89990234375,300600,986469978.515625,3281.669921875
2022-08-12,3275.77001953125,3288.219970703125,3272.840087890625,299900,982739278.7841796,3276.889892578125
2022-08-15,3268.3701171875,3286.889892578125,3261.820068359375,287100,940565464.2333984,3276.090087890625
2022-08-16,3278.679931640625,3295.02001953125,3271.570068359375,303600,995164332.421875,3277.8798828125
2022-08-17,3282.10009765625,3296.0,3263.35009765625,326100,1073694042.5537108,3292.530029296875
2022-08-18,3286.3701171875,3289.139892578125,3270.56005859375,301700,988833829.7851562,3277.5400390625
2022-08-19,3275.6201171875,3286.489990234375,3258.06005859375,333500,1086569706.0546875,3258.080078125
2022-08-22,3249.699951171875,3278.169921875,3247.18994140625,314500,1030864967.2851562,3277.7900390625
2022-08-23,3274.429931640625,3284.60009765625,3262.6298828125,316600,1037251242.7246094,3276.219970703125
2022-08-24,3279.169921875,3281.8798828125,3212.389892578125,366100,1177084702.1240234,3215.199951171875
2022-08-25,3223.4599609375,3248.35009765625,3199.1201171875,336200,1091389250.0,3246.25
2022-08-26,3250.6298828125,3266.27001953125,3232.280029296875,309900,1002904568.9208984,3236.219970703125
2022-08-29,3203.10009765625,3240.72998046875,3199.0,297000,962496804.1992188,3240.72998046875
2022-08-30,3240.179931640625,3243.75,3212.6298828125,294300,949770837.3779296,3227.219970703125
2022-08-31,3216.530029296875,3232.02001953125,3184.389892578125,344400,1102816979.0039062,3202.139892578125
2022-09-01,3196.5400390625,3214.56005859375,3181.6298828125,274700,874914000.6347656,3184.97998046875
2022-09-02,3189.639892578125,3198.280029296875,3173.7900390625,250500,798213235.1074219,3186.47998046875
2022-09-05,3183.946044921875,3199.912109375,3172.0390625,280700,898215329.1015625,3199.912109375
2022-09-06,3207.929931640625,3244.639892578125,3203.820068359375,318900,1034336189.4287108,3243.449951171875
2022-09-07,3232.139892578125,3253.77001953125,3227.820068359375,301000,977133301.7578124,3246.2900390625
2022-09-08,3245.56005859375,3253.699951171875,3233.800048828125,281700,911465727.7587892,3235.590087890625
2022-09-09,3241.179931640625,3266.199951171875,3236.510009765625,283800,925769803.857422,3262.050048828125
2022-09-13,3272.050048828125,3278.169921875,3259.659912109375,276200,901461573.486328,3263.800048828125
2022-09-14,3224.679931640625,3250.800048828125,3221.9599609375,255200,826220217.96875,3237.5400390625
2022-09-15,3248.969970703125,3254.179931640625,3174.389892578125,325200,1040613958.59375,3199.919921875
2022-09-16,3189.830078125,3191.830078125,3126.39990234375,316500,989505569.0917968,3126.39990234375
2022-09-19,3122.75,3135.56005859375,3101.219970703125,249100,776095984.3261719,3115.60009765625
2022-09-20,3127.840087890625,3140.030029296875,3114.0400390625,219900,686617939.6728516,3122.409912109375
2022-09-21,3116.010009765625,3129.820068359375,3091.300048828125,233000,726302924.0722656,3117.179931640625
2022-09-22,3098.77001953125,3125.679931640625,3092.820068359375,221100,687379981.5673828,3108.909912109375
2022-09-23,3106.81005859375,3124.659912109375,3072.239990234375,243100,750782775.4882812,3088.3701171875
2022-09-26,3067.570068359375,3102.64990234375,3048.510009765625,262700,801558115.8691406,3051.22998046875
2022-09-27,3056.389892578125,3094.0400390625,3048.3701171875,232700,719941246.9970703,3093.860107421875
2022-09-28,3089.10009765625,3089.10009765625,3044.860107421875,230100,700670622.7294922,3045.070068359375
2022-09-29,3067.469970703125,3076.760009765625,3026.080078125,230000,699475988.7695312,3041.199951171875
2022-09-30,3042.169921875,3054.610107421875,3021.929931640625,204100,617277977.0751953,3024.389892578125
2022-10-10,3026.93994140625,3029.449951171875,2968.280029296875,243400,723908086.2304688,2974.14990234375
2022-10-11,2978.06005859375,2986.909912109375,2953.5,208600,621584202.1484375,2979.7900390625
2022-10-12,2976.719970703125,3025.510009765625,2934.090087890625,248000,750326482.421875,3025.510009765625
2022-10-13,3008.300048828125,3036.25,3004.5,249700,753185118.8232422,3016.360107421875
2022-10-14,3035.030029296875,3084.27001953125,3035.030029296875,277300,851862824.2919922,3071.989990234375
2022-10-17,3060.52001953125,3087.18994140625,3052.7099609375,262600,810105228.6132812,3084.93994140625
2022-10-18,3094.929931640625,3099.919921875,3074.219970703125,245600,756683766.40625,3080.9599609375
2022-10-19,3073.260009765625,3081.389892578125,3044.3798828125,230900,702947314.9414062,3044.3798828125
2022-10-20,3029.300048828125,3070.260009765625,3013.68994140625,244700,742676746.9482422,3035.050048828125
2022-10-21,3038.0400390625,3055.419921875,3026.9599609375,245300,745449512.2314453,3038.929931640625
2022-10-24,3034.75,3064.419921875,2965.169921875,298100,887610653.4667969,2977.56005859375
2022-10-25,2969.159912109375,3001.719970703125,2944.260009765625,255600,760737175.4882812,2976.280029296875
2022-10-26,2977.56005859375,3028.35009765625,2977.56005859375,268700,805965650.0,2999.5
2022-10-27,3005.0400390625,3017.260009765625,2981.68994140625,265600,792258214.0625,2982.89990234375
2022-10-28,2967.02001953125,2974.239990234375,2908.97998046875,292500,852909505.0048828,2915.929931640625
2022-10-31,2893.199951171875,2926.02001953125,2885.090087890625,302000,873830954.1015625,2893.47998046875
2022-11-01,2899.5,2969.199951171875,2896.760009765625,319800,949550144.3847656,2969.199951171875
2022-11-02,2960.64990234375,3019.050048828125,2954.949951171875,325100,976395625.0976562,3003.3701171875
2022-11-03,2981.199951171875,3003.719970703125,2977.719970703125,259300,777332148.1933594,2997.81005859375
2022-11-04,2997.0,3081.590087890625,2997.0,329800,1012749856.1035156,3070.800048828125
2022-11-07,3062.860107421875,3088.18994140625,3054.4599609375,320600,986749113.9160156,3077.820068359375
2022-11-08,3077.31005859375,3078.280029296875,3047.4599609375,256500,786041682.4951172,3064.489990234375
2022-11-09,3064.4599609375,3073.919921875,3046.18994140625,235600,718148833.59375,3048.169921875
2022-11-10,3031.68994140625,3047.97998046875,3022.85009765625,270400,820969520.3125,3036.1298828125
2022-11-11,3099.64990234375,3117.739990234375,3070.300048828125,409600,1264554000.0,3087.2900390625
2022-11-14,3100.8701171875,3121.409912109375,3075.219970703125,361800,1115574084.6679688,3083.39990234375
2022-11-15,3081.1298828125,3135.590087890625,3074.5,331500,1038947545.8984376,3134.080078125
2022-11-16,3133.64990234375,3145.75,3115.35009765625,303400,946601926.0742188,3119.97998046875
2022-11-17,3110.9599609375,3115.43994140625,3087.169921875,287000,894128390.3808594,3115.429931640625
2022-11-18,3116.72998046875,3126.7099609375,3096.889892578125,300000,929171997.0703124,3097.239990234375
2022-11-21,3078.056884765625,3085.242919921875,3056.169921875,256000,789771250.0,3085.0439453125
2022-11-22,3084.23291015625,3118.1201171875,3076.321044921875,327600,1011937764.5507812,3088.943115234375
2022-11-23,3084.739990234375,3108.243896484375,3075.323974609375,326200,1010211057.6660156,3096.906982421875
2022-11-24,3104.095947265625,3113.239013671875,3084.85498046875,267500,826390440.6738281,3089.31005859375
2022-11-25,3085.4599609375,3111.419921875,3077.969970703125,311400,965866247.7539062,3101.68994140625
2022-11-28,3055.2900390625,3080.179931640625,3034.699951171875,305800,941420604.9316406,3078.550048828125
2022-11-29,3096.110107421875,3152.0,3096.110107421875,391400,1232812150.0,3149.75
2022-11-30,3141.39990234375,3158.570068359375,3137.3701171875,372700,1174504450.756836,3151.340087890625
2022-12-01,3187.989990234375,3198.409912109375,3164.530029296875,387000,1225036878.6621094,3165.469970703125
2022-12-02,3160.580078125,3170.89990234375,3149.840087890625,307800,971459858.9355468,3156.139892578125
2022-12-05,3181.919921875,3213.43994140625,3177.06005859375,447400,1436963820.2148438,3211.81005859375
2022-12-06,3200.280029296875,3224.820068359375,3195.080078125,373600,1200201218.9453125,3212.530029296875
2022-12-07,3204.93994140625,3226.080078125,3188.669921875,354100,1132985483.4960938,3199.6201171875
2022-12-08,3196.02001953125,3206.719970703125,3187.260009765625,321000,1026349381.3476562,3197.35009765625
2022-12-09,3197.1201171875,3212.110107421875,3182.909912109375,373300,1197154416.772461,3206.949951171875
2022-12-12,3195.8701171875,3196.719970703125,3176.580078125,333400,1059891949.0234376,3179.0400390625
2022-12-13,3179.43994140625,3187.199951171875,3171.47998046875,285800,907795136.328125,3176.330078125
2022-12-14,3178.550048828125,3189.840087890625,3168.590087890625,265600,843686375.78125,3176.530029296875
2022-12-15,3177.199951171875,3179.10009765625,3158.449951171875,243000,769981926.2695312,3168.64990234375
2022-12-16,3156.135009765625,3175.35302734375,3151.60888671875,259800,823009485.0585938,3167.85791015625
2022-12-19,3165.31005859375,3170.260009765625,3096.10009765625,278500,865332952.6367188,3107.1201171875
2022-12-20,3098.949951171875,3100.75,3061.510009765625,218800,672540880.2734375,3073.77001953125
2022-12-21,3078.330078125,3085.800048828125,3060.550048828125,189100,580236314.3798828,3068.409912109375
2022-12-22,3085.800048828125,3096.239990234375,3044.60009765625,223600,682970532.7148438,3054.429931640625
2022-12-23,3038.842041015625,3061.866943359375,3031.535888671875,192000,584806265.625,3045.865966796875
2022-12-26,3048.196044921875,3071.8359375,3047.34912109375,206500,633038757.0800781,3065.56298828125
2022-12-27,3077.75,3098.080078125,3074.31005859375,222200,687835669.1894531,3095.570068359375
2022-12-28,3088.6201171875,3098.64990234375,3079.429931640625,224600,693430018.0664062,3087.39990234375
2022-12-29,3076.72998046875,3086.0,3064.4599609375,215600,662689709.4726562,3073.699951171875
2022-12-30,3084.52001953125,3096.31005859375,3082.199951171875,217500,671914052.1240234,3089.260009765625
2023-01-03,3087.510009765625,3119.860107421875,3073.050048828125,281400,876985916.7480469,3116.510009765625
2023-01-04,3117.570068359375,3129.090087890625,3109.449951171875,273300,853658021.3378906,3123.52001953125
2023-01-05,3132.760009765625,3159.429931640625,3130.22998046875,257000,810891532.4707031,3155.219970703125
2023-01-06,3155.070068359375,3170.739990234375,3151.840087890625,257400,812776508.3496094,3157.639892578125
2023-01-09,3169.3701171875,3183.580078125,3165.429931640625,258100,819746268.1640625,3176.080078125
2023-01-10,3178.02001953125,3178.159912109375,3165.139892578125,233000,738495832.2753906,3169.510009765625
2023-01-11,3172.3798828125,3184.760009765625,3160.889892578125,237700,751569388.8916016,3161.840087890625
2023-01-12,3167.27001953125,3171.590087890625,3153.39990234375,216700,685519604.4189453,3163.449951171875
2023-01-13,3170.35009765625,3195.31005859375,3167.510009765625,220200,703607274.9023438,3195.31005859375
2023-01-16,3198.51904296875,3251.3740234375,3197.319091796875,306700,989902478.9794922,3227.592041015625
2023-01-17,3229.43994140625,3231.260009765625,3211.760009765625,226600,730612781.7871094,3224.239990234375
2023-01-18,3227.590087890625,3234.820068359375,3220.3701171875,212100,683897342.3583984,3224.409912109375
2023-01-19,3221.52001953125,3240.280029296875,3210.3798828125,226500,733923426.6357422,3240.280029296875
2023-01-20,3247.199951171875,3267.06005859375,3247.199951171875,273200,891946108.0078125,3264.81005859375
2023-01-30,3308.8701171875,3310.489990234375,3266.760009765625,353300,1155050780.1513672,3269.320068359375
2023-01-31,3266.139892578125,3277.25,3252.010009765625,300200,977352110.546875,3255.669921875
2023-02-01,3262.199951171875,3284.919921875,3245.409912109375,339500,1115230313.4765625,3284.919921875
2023-02-02,3291.780029296875,3295.760009765625,3272.409912109375,333400,1095442351.953125,3285.669921875
2023-02-03,3275.659912109375,3275.659912109375,3235.35009765625,293300,957158127.2216796,3263.409912109375
2023-02-06,3244.699951171875,3250.35009765625,3226.2099609375,267100,865056756.9580078,3238.699951171875
2023-02-07,3245.22998046875,3250.030029296875,3233.830078125,250900,814945803.0517578,3248.090087890625
2023-02-08,3251.5,3257.110107421875,3230.43994140625,234500,757929820.1904297,3232.110107421875
2023-02-09,3227.72998046875,3270.3798828125,3225.77001953125,254800,833292794.140625,3270.3798828125
2023-02-10,3266.43994140625,3269.989990234375,3247.22998046875,260600,849730581.640625,3260.669921875
2023-02-13,3256.989990234375,3285.090087890625,3252.6298828125,297200,976052325.8789062,3284.159912109375
2023-02-14,3288.969970703125,3293.72998046875,3279.18994140625,271000,892478887.9394531,3293.280029296875
2023-02-15,3294.02001953125,3296.199951171875,3274.550048828125,269900,885404248.3642578,3280.489990234375
2023-02-16,3281.739990234375,3308.830078125,3231.340087890625,380900,1237555538.1591797,3249.030029296875
2023-02-17,3244.72998046875,3262.469970703125,3223.260009765625,278500,897889575.4394531,3224.02001953125
2023-02-20,3230.469970703125,3291.0400390625,3225.840087890625,325000,1069360528.5644532,3290.340087890625
2023-02-21,3291.6298828125,3308.7900390625,3282.43994140625,324400,1072635094.3359376,3306.52001953125
2023-02-22,3292.050048828125,3307.030029296875,3286.719970703125,255400,840559685.0585938,3291.14990234375
2023-02-23,3293.52001953125,3307.43994140625,3275.360107421875,262300,862305998.8769531,3287.47998046875
2023-02-24,3287.260009765625,3288.389892578125,3253.969970703125,234200,765168851.4160156,3267.159912109375
2023-02-27,3257.0,3276.580078125,3251.719970703125,242900,791375494.1162109,3258.030029296875
2023-02-28,3265.739990234375,3280.419921875,3246.139892578125,251600,825149903.0273438,3279.610107421875
2023-03-01,3279.139892578125,3315.159912109375,3272.0400390625,318400,1054652271.09375,3312.35009765625
2023-03-02,3308.010009765625,3320.739990234375,3306.4599609375,328500,1087548492.919922,3310.64990234375
2023-03-03,3314.77001953125,3330.60009765625,3302.6201171875,344000,1144966123.046875,3328.389892578125
2023-03-06,3332.02001953125,3333.06005859375,3308.72998046875,340500,1131151224.975586,3322.030029296875
2023-03-07,3320.2099609375,3342.860107421875,3284.409912109375,390000,1281189038.0859375,3285.10009765625
2023-03-08,3271.8798828125,3283.25,3263.68994140625,260400,854958300.0,3283.25
2023-03-09,3285.93994140625,3289.06005859375,3260.0,264000,864887783.203125,3276.090087890625
2023-03-10,3255.510009765625,3262.14990234375,3229.5,281100,907975509.9609376,3230.080078125
2023-03-13,3228.1201171875,3268.699951171875,3228.1201171875,294900,963939615.600586,3268.699951171875
2023-03-14,3261.919921875,3262.0,3216.989990234375,319900,1038174687.7441406,3245.31005859375
2023-03-15,3261.030029296875,3273.1201171875,3256.860107421875,305200,995962229.8828124,3263.31005859375
2023-03-16,3244.469970703125,3257.429931640625,3224.719970703125,327400,1056483750.830078,3226.889892578125
2023-03-17,3245.260009765625,3279.919921875,3240.159912109375,343000,1114938666.7480469,3250.550048828125
2023-03-20,3253.929931640625,3267.989990234375,3231.64990234375,392500,1269702140.5029297,3234.909912109375
2023-03-21,3240.840087890625,3256.0,3237.889892578125,301800,982555140.5273438,3255.64990234375
2023-03-22,3263.409912109375,3279.389892578125,3255.739990234375,290800,949680100.0,3265.75
2023-03-23,3258.780029296875,3286.64990234375,3252.989990234375,306100,1006043535.107422,3286.64990234375
2023-03-24,3282.739990234375,3282.739990234375,3260.840087890625,324500,1059703393.3105468,3265.64990234375
2023-03-27,3261.820068359375,3261.820068359375,3229.699951171875,337900,1098648027.0019531,3251.39990234375
2023-03-28,3256.60009765625,3264.10009765625,3241.739990234375,295700,959658831.3476562,3245.3798828125
2023-03-29,3253.6201171875,3254.56005859375,3229.580078125,296900,961973831.3964844,3240.06005859375
2023-03-30,3243.070068359375,3263.739990234375,3220.97998046875,299900,978048875.0,3261.25
2023-03-31,3263.409912109375,3278.419921875,3260.0400390625,283600,928183126.4648438,3272.860107421875
2023-04-03,3277.340087890625,3299.72998046875,3276.419921875,357700,1179122245.0683594,3296.39990234375
2023-04-04,3297.179931640625,3312.56005859375,3290.989990234375,385900,1278316926.611328,3312.56005859375
2023-04-06,3302.75,3314.530029296875,3296.06005859375,327200,1083892497.65625,3312.6298828125
2023-04-07,3312.47998046875,3328.85009765625,3308.06005859375,283000,941724922.3632812,3327.64990234375
2023-04-10,3331.510009765625,3332.719970703125,3309.919921875,340800,1129874724.609375,3315.360107421875
2023-04-11,3317.080078125,3317.449951171875,3298.25,320600,1062330563.9160156,3313.570068359375
2023-04-12,3316.860107421875,3330.7099609375,3315.39990234375,343000,1141222716.5527344,3327.179931640625
2023-04-13,3321.27001953125,3334.469970703125,3309.25,347900,1154457481.3720703,3318.360107421875
2023-04-14,3326.3701171875,3340.080078125,3316.81005859375,338300,1129296111.9628906,3338.14990234375
2023-04-17,3337.06005859375,3385.610107421875,3336.389892578125,402800,1363723751.2695312,3385.610107421875
2023-04-18,3379.22998046875,3396.169921875,3375.780029296875,348400,1182236199.21875,3393.330078125
2023-04-19,3391.35009765625,3394.9599609375,3364.639892578125,346100,1166401952.4414062,3370.1298828125
2023-04-20,3367.050048828125,3371.3701171875,3344.02001953125,350400,1179807322.265625,3367.030029296875
2023-04-21,3364.0,3367.610107421875,3301.260009765625,387400,1278908127.7832031,3301.260009765625
2023-04-24,3300.81005859375,3303.090087890625,3264.929931640625,354300,1160477731.8603516,3275.409912109375
2023-04-25,3276.39990234375,3288.570068359375,3229.449951171875,380900,1243589027.6367188,3264.8701171875
2023-04-26,3255.219970703125,3277.97998046875,3239.989990234375,357900,1168221424.951172,3264.10009765625
2023-04-27,3256.22998046875,3299.300048828125,3253.110107421875,341600,1122456567.96875,3285.8798828125
2023-04-28,3283.1201171875,3324.8798828125,3283.1201171875,401600,1334625239.84375,3323.27001953125
2023-05-04,3306.47998046875,3352.75,3302.030029296875,483400,1619612345.1171875,3350.4599609375
2023-05-05,3350.64990234375,3364.139892578125,3321.18994140625,436500,1455509250.0,3334.5
2023-05-08,3340.989990234375,3400.179931640625,3340.989990234375,534100,1813269500.0,3395.0
2023-05-09,3402.389892578125,3418.949951171875,3356.1201171875,573000,1923944865.234375,3357.669921875
2023-05-10,3347.699951171875,3349.719970703125,3305.25,451700,1499260010.888672,3319.14990234375
2023-05-11,3323.659912109375,3333.25,3307.2900390625,354300,1172573582.2998047,3309.550048828125
2023-05-12,3304.4599609375,3319.1298828125,3271.429931640625,347300,1136490665.3076172,3272.360107421875
2023-05-15,3269.8798828125,3310.739990234375,3235.8701171875,388000,1284567116.2109375,3310.739990234375
2023-05-16,3310.159912109375,3317.89990234375,3282.489990234375,322500,1061344271.850586,3290.989990234375
2023-05-17,3281.969970703125,3298.52001953125,3269.889892578125,285700,938304505.419922,3284.22998046875
2023-05-18,3288.409912109375,3313.860107421875,3284.169921875,310000,1022169221.1914062,3297.320068359375
2023-05-19,3288.889892578125,3302.340087890625,3268.219970703125,285400,937122327.1484376,3283.5400390625
2023-05-22,3278.60009765625,3308.530029296875,3276.5400390625,273900,902903124.975586,3296.469970703125
2023-05-23,3294.7900390625,3298.22998046875,3246.239990234375,275300,893689869.3115234,3246.239990234375
2023-05-24,3237.699951171875,3237.699951171875,3204.3798828125,288700,925211325.0,3204.75
2023-05-25,3197.360107421875,3207.02001953125,3168.570068359375,283600,907877338.7695312,3201.260009765625
2023-05-26,3198.8798828125,3220.77001953125,3179.820068359375,261700,840711250.0,3212.5
2023-05-29,3219.760009765625,3230.969970703125,3208.9599609375,297400,958059215.4785156,3221.449951171875
2023-05-30,3214.669921875,3230.6298828125,3186.6298828125,303500,978547723.1445312,3224.2099609375
2023-05-31,3214.659912109375,3216.360107421875,3190.27001953125,294600,944063393.2617188,3204.56005859375
2023-06-01,3196.14990234375,3225.090087890625,3189.52001953125,312300,1000805912.4023438,3204.6298828125
2023-06-02,3212.449951171875,3233.989990234375,3211.739990234375,294700,951901649.1455078,3230.070068359375
2023-06-05,3231.81005859375,3244.179931640625,3221.6298828125,278100,898941547.7050781,3232.43994140625
2023-06-06,3228.409912109375,3247.35009765625,3189.27001953125,308300,985123349.0966796,3195.340087890625
2023-06-07,3197.469970703125,3210.330078125,3188.010009765625,258100,825341858.5205078,3197.760009765625
2023-06-08,3194.830078125,3225.530029296875,3180.5400390625,293500,943188690.7958984,3213.590087890625
2023-06-09,3213.030029296875,3231.409912109375,3206.10009765625,314200,1015308994.3847656,3231.409912109375
2023-06-12,3225.300048828125,3239.43994140625,3210.7099609375,313800,1013206878.515625,3228.830078125
2023-06-13,3223.89990234375,3235.090087890625,3215.5,280600,907367780.078125,3233.669921875
2023-06-14,3238.1201171875,3248.4599609375,3226.77001953125,303500,979998462.0361328,3228.989990234375
2023-06-15,3230.449951171875,3252.97998046875,3229.14990234375,313300,1019158627.8808594,3252.97998046875
2023-06-16,3256.300048828125,3276.550048828125,3255.5,326300,1068087604.4921876,3273.330078125
2023-06-19,3271.159912109375,3271.159912109375,3251.780029296875,327800,1067254537.2070312,3255.81005859375
2023-06-20,3252.5400390625,3252.840087890625,3237.7900390625,298300,966599420.0439452,3240.360107421875
2023-06-21,3230.110107421875,3236.360107421875,3197.89990234375,294400,941461731.25,3197.89990234375
2023-06-26,3177.22998046875,3181.080078125,3144.25,308100,970706058.1054688,3150.6201171875
2023-06-27,3153.31005859375,3194.409912109375,3148.27001953125,287600,917282927.1484376,3189.43994140625
2023-06-28,3183.489990234375,3192.659912109375,3157.1201171875,276200,880906723.6328125,3189.3798828125
2023-06-29,3185.419921875,3196.5,3179.530029296875,250300,796549684.6679688,3182.3798828125
2023-06-30,3178.919921875,3212.989990234375,3177.989990234375,265400,849826739.5507812,3202.06005859375
2023-07-03,3209.159912109375,3246.860107421875,3209.159912109375,312400,1013419345.8984376,3243.97998046875
2023-07-04,3241.22998046875,3246.9599609375,3233.989990234375,279200,906101747.265625,3245.35009765625
2023-07-05,3240.050048828125,3241.840087890625,3218.60009765625,264000,850858787.109375,3222.949951171875
2023-07-06,3215.860107421875,3229.47998046875,3199.719970703125,246100,788890793.8232422,3205.570068359375
2023-07-07,3197.469970703125,3212.050048828125,3189.2099609375,255700,817373204.4677734,3196.610107421875
2023-07-10,3208.72998046875,3216.530029296875,3192.659912109375,236600,757995408.4472656,3203.699951171875
2023-07-11,3211.1201171875,3221.679931640625,3200.3798828125,227600,733183838.671875,3221.3701171875
2023-07-12,3220.3798828125,3224.330078125,3193.43994140625,271400,867429650.1953125,3196.1298828125
2023-07-13,3202.699951171875,3238.469970703125,3202.699951171875,276600,895210362.5976562,3236.47998046875
2023-07-14,3240.969970703125,3248.3798828125,3234.0,273300,884863396.6552734,3237.699951171875
2023-07-17,3219.02001953125,3219.02001953125,3195.889892578125,250200,803049396.6796875,3209.6298828125
2023-07-18,3206.7900390625,3210.25,3190.0,235000,751487716.0644531,3197.820068359375
2023-07-19,3195.010009765625,3204.360107421875,3181.56005859375,217400,695427835.1074219,3198.840087890625
2023-07-20,3201.909912109375,3209.06005859375,3165.669921875,238900,757198332.6660156,3169.52001953125
2023-07-21,3163.419921875,3185.639892578125,3157.330078125,225300,713694075.0,3167.75
2023-07-24,3157.469970703125,3178.72998046875,3151.1298828125,216600,685357036.9628906,3164.159912109375
2023-07-25,3201.4599609375,3231.75,3201.4599609375,348600,1126507878.8085938,3231.52001953125
2023-07-26,3228.090087890625,3229.889892578125,3212.8798828125,317200,1022345125.2929688,3223.030029296875
2023-07-27,3225.47998046875,3245.60009765625,3210.469970703125,327100,1052172731.4453124,3216.669921875
2023-07-28,3206.739990234375,3280.280029296875,3200.989990234375,411100,1346734794.897461,3275.929931640625
2023-07-31,3287.208984375,3322.12890625,3281.012939453125,459000,1510587377.9296875,3291.0400390625
2023-08-01,3288.760009765625,3305.340087890625,3279.56591796875,459900,1513507433.4228516,3290.948974609375
2023-08-02,3281.85791015625,3290.820068359375,3252.303955078125,405300,1321962933.2519531,3261.68994140625
2023-08-03,3254.56494140625,3280.864013671875,3247.27197265625,384700,1261994074.0234375,3280.462890625
2023-08-04,3296.093994140625,3315.049072265625,3281.73388671875,470900,1548358748.2421875,3288.083984375
2023-08-07,3276.77587890625,3276.77587890625,3258.537109375,360300,1177759829.0039062,3268.8310546875
2023-08-08,3260.719970703125,3274.52001953125,3246.669921875,316500,1031986267.0898438,3260.6201171875
2023-08-09,3251.14990234375,3257.080078125,3240.2900390625,271200,879905685.3515625,3244.489990234375
2023-08-10,3242.2099609375,3257.030029296875,3234.1201171875,287400,935360560.8398438,3254.56005859375
2023-08-11,3254.47998046875,3254.47998046875,3189.25,330100,1052771425.0,3189.25
2023-08-14,3159.7099609375,3180.510009765625,3141.659912109375,299800,952893293.5058594,3178.429931640625
2023-08-15,3180.56005859375,3186.22998046875,3147.35009765625,273300,868049975.3173828,3176.179931640625
2023-08-16,3164.699951171875,3176.6298828125,3149.719970703125,281700,887391587.9882812,3150.1298828125
2023-08-17,3137.35009765625,3167.449951171875,3123.25,294700,932354175.1220704,3163.739990234375
2023-08-18,3165.10009765625,3179.1201171875,3131.949951171875,294400,922046065.625,3131.949951171875
2023-08-21,3125.989990234375,3134.9599609375,3092.97998046875,265800,822114078.8085938,3092.97998046875
2023-08-22,3103.780029296875,3126.780029296875,3074.530029296875,309300,965118093.1640624,3120.330078125
2023-08-23,3116.27001953125,3116.3798828125,3077.610107421875,272200,837940453.4179688,3078.39990234375
2023-08-24,3085.909912109375,3106.179931640625,3072.949951171875,300000,924671997.0703124,3082.239990234375
2023-08-25,3068.6201171875,3085.050048828125,3053.0400390625,225200,690028579.3945312,3064.070068359375
2023-08-28,3219.0400390625,3219.0400390625,3089.1201171875,485600,1504699531.8359375,3098.639892578125
2023-08-29,3091.93994140625,3145.760009765625,3090.43994140625,398900,1250906478.149414,3135.889892578125
2023-08-30,3144.409912109375,3153.68994140625,3126.89990234375,347500,1090156112.6708984,3137.139892578125
2023-08-31,3134.550048828125,3139.97998046875,3113.949951171875,313400,977770355.2734376,3119.8798828125
2023-09-01,3126.02001953125,3143.85009765625,3123.18994140625,292300,915848975.0,3133.25
2023-09-04,3145.944091796875,3177.06005859375,3143.37890625,366400,1164074805.46875,3177.06005859375
2023-09-05,3169.739990234375,3169.739990234375,3150.080078125,294100,927700251.4648438,3154.3701171875
2023-09-06,3147.139892578125,3162.14990234375,3136.89990234375,267000,843207380.859375,3158.080078125
2023-09-07,3152.199951171875,3152.27001953125,3120.820068359375,269300,840848881.2988281,3122.35009765625
2023-09-08,3114.22998046875,3126.0400390625,3104.669921875,228100,710923825.3173828,3116.719970703125
2023-09-11,3119.610107421875,3155.10009765625,3113.820068359375,290400,912663320.5078124,3142.780029296875
2023-09-12,3140.340087890625,3147.510009765625,3134.320068359375,234700,736267995.7519531,3137.06005859375
2023-09-13,3137.77001953125,3143.760009765625,3106.969970703125,249700,779830596.0693359,3123.070068359375
2023-09-14,3124.85009765625,3135.030029296875,3111.860107421875,264000,825409212.890625,3126.550048828125
2023-09-15,3133.590087890625,3141.9599609375,3107.449951171875,292000,910380077.1484376,3117.739990234375
2023-09-18,3110.43994140625,3128.699951171875,3098.5,259400,810866224.2675781,3125.929931640625
2023-09-19,3123.989990234375,3131.1298828125,3113.530029296875,253700,792802342.0898438,3124.9599609375
2023-09-20,3118.6669921875,3122.1279296875,3108.157958984375,228100,709064387.0849609,3108.568115234375
2023-09-21,3103.175048828125,3113.493896484375,3084.700927734375,228700,705471102.1728516,3084.700927734375
2023-09-22,3084.757080078125,3132.55810546875,3078.801025390625,286000,895875519.0429688,3132.431884765625
2023-09-25,3131.2080078125,3131.2080078125,3112.15087890625,258100,804138149.5605469,3115.60693359375
2023-09-26,3114.02099609375,3120.2890625,3102.27294921875,222600,690565958.4960938,3102.27294921875
2023-09-27,3104.0400390625,3125.447021484375,3103.843994140625,240500,747309478.2714844,3107.31591796875
2023-09-28,3117.7548828125,3121.8349609375,3105.93994140625,236300,735005265.5761719,3110.47509765625
2023-10-09,3100.0,3103.360107421875,3072.64208984375,264400,818826208.3007812,3096.922119140625
2023-10-10,3104.3701171875,3109.97998046875,3073.18994140625,255300,785108769.5068359,3075.239990234375
2023-10-11,3085.698974609375,3095.658935546875,3071.93603515625,259900,800220678.6132812,3078.9560546875
2023-10-12,3101.705078125,3109.989990234375,3092.177001953125,274800,854051161.5234375,3107.90087890625
2023-10-13,3092.0,3094.919921875,3080.550048828125,255100,787774334.9121094,3088.10009765625
2023-10-16,3091.06494140625,3091.1259765625,3063.68603515625,263900,811179247.6074219,3073.81298828125
2023-10-17,3076.429931640625,3084.070068359375,3064.889892578125,259000,798626500.0,3083.5
2023-10-18,3076.580078125,3076.580078125,3057.05908203125,268600,821569495.5078125,3058.7099609375
2023-10-19,3043.196044921875,3043.196044921875,3004.77490234375,304000,913639492.1875,3005.39306640625
2023-10-20,2995.360107421875,3006.27001953125,2977.169921875,267100,796775341.6503906,2983.06005859375
2023-10-23,2969.785888671875,2973.660888671875,2923.510986328125,278900,819768264.2578125,2939.291015625
2023-10-24,2944.31103515625,2964.760986328125,2929.087890625,311000,921257851.8066406,2962.243896484375
2023-10-25,2986.406982421875,2993.294921875,2972.41796875,332400,988595498.1445312,2974.114013671875
2023-10-26,2960.10400390625,2990.327880859375,2956.006103515625,291800,871985669.2871094,2988.299072265625
2023-10-27,2978.403076171875,3029.2099609375,2974.8798828125,321800,971122870.4589844,3017.783935546875
2023-10-30,3009.610107421875,3028.263916015625,3002.347900390625,360600,1089572004.0527344,3021.552978515625
2023-10-31,3019.64599609375,3023.0009765625,3006.60888671875,319900,965704841.6503906,3018.77099609375
2023-11-01,3038.181884765625,3038.330078125,3013.93310546875,280100,846763840.8935547,3023.076904296875
2023-11-02,3028.6650390625,3038.64208984375,3009.12109375,268800,808928334.375,3009.406005859375
2023-11-03,3012.465087890625,3040.98095703125,3012.465087890625,268500,813769288.6962891,3030.798095703125
2023-11-06,3047.1298828125,3058.989013671875,3037.694091796875,372900,1140481420.3857422,3058.410888671875
2023-11-07,3052.919921875,3064.576904296875,3042.468994140625,326900,999421569.3847656,3057.27001953125
2023-11-08,3051.153076171875,3062.990966796875,3037.2890625,335700,1024681631.8359376,3052.373046875
2023-11-09,3047.653076171875,3063.467041015625,3045.833984375,315600,963614869.0429688,3053.279052734375
2023-11-10,3043.55908203125,3044.0009765625,3027.087890625,285500,867625926.6357422,3038.969970703125
2023-11-13,3044.031982421875,3048.62109375,3028.16796875,290400,884713171.2890625,3046.532958984375
2023-11-14,3046.81689453125,3059.529052734375,3044.426025390625,294800,900929456.1523438,3056.070068359375
2023-11-15,3077.029052734375,3080.1279296875,3064.345947265625,304300,935063678.6132812,3072.8349609375
2023-11-16,3066.85498046875,3071.451904296875,3050.926025390625,271100,827106045.4833984,3050.926025390625
2023-11-17,3043.6201171875,3055.860107421875,3033.75,267600,817349443.359375,3054.3701171875
2023-11-20,3056.927001953125,3072.512939453125,3043.514892578125,287600,882448570.8007812,3068.319091796875
2023-11-21,3074.827880859375,3089.77392578125,3063.344970703125,330700,1014565477.9785156,3067.93310546875
2023-11-22,3060.498046875,3067.962890625,3043.611083984375,289100,879907964.3798828,3043.611083984375
2023-11-23,3041.677978515625,3062.866943359375,3034.297119140625,276600,846909357.7148438,3061.85595703125
2023-11-24,3060.3310546875,3060.3310546875,3037.200927734375,287800,875191719.6777344,3040.971923828125
2023-11-27,3038.18603515625,3038.35791015625,3015.008056640625,310500,941342834.8388672,3031.699951171875
2023-11-28,3028.60009765625,3039.68994140625,3020.22998046875,268900,817066108.1298828,3038.550048828125
2023-11-29,3038.464111328125,3038.97705078125,3017.660888671875,278000,840028989.2578125,3021.68701171875
2023-11-30,3021.10302734375,3030.908935546875,3013.76806640625,282900,857094518.7744141,3029.673095703125
2023-12-01,3027.35302734375,3035.760009765625,3010.23291015625,286100,867351055.6884766,3031.635986328125
2023-12-04,3033.298095703125,3038.97900390625,3022.347900390625,288200,871203832.8125,3022.9140625
2023-12-05,3017.010009765625,3017.010009765625,2972.2958984375,293900,873557764.5507812,2972.2958984375
2023-12-06,2966.947998046875,2985.31396484375,2959.60302734375,294100,873163226.3183594,2968.93310546875
2023-12-07,2965.652099609375,2976.014892578125,2949.14404296875,296200,878590233.3984375,2966.2060546875
2023-12-08,2965.389892578125,2980.833984375,2962.326904296875,369100,1096064257.1777344,2969.55908203125
2023-12-11,2956.291015625,2995.669921875,2930.422119140625,360200,1077516315.1367188,2991.43896484375
2023-12-12,2986.327880859375,3003.74609375,2980.446044921875,287600,863788765.4296875,3003.43798828125
2023-12-13,2997.3359375,2997.3359375,2968.760986328125,282800,839565606.9335938,2968.760986328125
2023-12-14,2979.698974609375,2986.177001953125,2958.06591796875,271500,803364721.8017578,2958.986083984375
2023-12-15,2966.302001953125,2976.30908203125,2940.027099609375,289300,851281706.7626953,2942.556884765625
2023-12-18,2936.580078125,2951.14990234375,2924.330078125,293100,859017494.3115234,2930.800048828125
2023-12-19,2928.762939453125,2940.5009765625,2914.125,265900,779722797.0214844,2932.39111328125
2023-12-20,2932.118896484375,2937.10107421875,2902.0400390625,265600,770800444.53125,2902.110107421875
2023-12-21,2892.02001953125,2924.256103515625,2882.02001953125,282500,824537012.3291016,2918.715087890625
2023-12-22,2919.2880859375,2935.699951171875,2906.509033203125,296600,864522236.0351562,2914.77490234375
2023-12-25,2909.875,2920.632080078125,2903.987060546875,229800,670743224.7070312,2918.81298828125
2023-12-26,2917.969970703125,2917.969970703125,2892.840087890625,228100,661234501.2695312,2898.8798828125
2023-12-27,2900.14892578125,2917.9560546875,2890.1650390625,247900,722532813.9892578,2914.614013671875
2023-12-28,2913.110107421875,2961.64794921875,2909.388916015625,339200,1002235631.25,2954.7041015625
2023-12-29,2950.8369140625,2975.031982421875,2950.01708984375,290700,864813621.5332031,2974.93505859375
2024-01-02,2972.77490234375,2976.26806640625,2962.27587890625,304100,900828094.7753906,2962.27587890625
2024-01-03,2957.112060546875,2971.282958984375,2953.2900390625,285500,847149038.5742188,2967.2470703125
2024-01-04,2965.509033203125,2966.68310546875,2936.635009765625,265000,782902517.0898438,2954.34912109375
2024-01-05,2949.820068359375,2967.969970703125,2916.719970703125,301000,881683159.4238281,2929.179931640625
2024-01-08,2923.45703125,2924.4560546875,2887.5380859375,270300,780501544.6289062,2887.5380859375
2024-01-09,2887.110107421875,2900.72998046875,2878.409912109375,263000,760924750.0,2893.25
2024-01-10,2886.98095703125,2903.162109375,2870.416015625,244000,702159264.6484375,2877.701904296875
2024-01-11,2873.798095703125,2896.178955078125,2867.721923828125,267100,771024188.9160156,2886.64990234375
2024-01-12,2880.0400390625,2904.174072265625,2878.875,261600,753925196.484375,2881.97705078125
2024-01-15,2872.56005859375,2904.4599609375,2869.219970703125,244600,705986543.5546875,2886.2900390625
2024-01-16,2881.56005859375,2896.68310546875,2861.1298828125,286300,828549054.6142578,2893.989013671875
2024-01-17,2887.2919921875,2887.489013671875,2833.614990234375,261300,740423596.9482422,2833.614990234375
2024-01-18,2822.669921875,2849.260009765625,2760.97998046875,390400,1110992523.4375,2845.780029296875
2024-01-19,2836.97509765625,2849.8759765625,2822.843017578125,266700,755368823.3642578,2832.279052734375
2024-01-22,2826.5,2828.320068359375,2735.3701171875,350200,965270298.7792968,2756.340087890625
2024-01-23,2746.89208984375,2784.841064453125,2724.156982421875,308700,855400314.1113281,2770.97607421875
2024-01-24,2782.14208984375,2823.695068359375,2743.39697265625,369100,1041146935.107422,2820.77197265625
2024-01-25,2823.825927734375,2906.7939453125,2821.708984375,442000,1284500127.9296875,2906.10888671875
2024-01-26,2897.9150390625,2924.306884765625,2890.48193359375,421100,1225494863.3544922,2910.222900390625
2024-01-29,2910.610107421875,2923.89990234375,2883.330078125,410600,1183907660.107422,2883.360107421875
2024-01-30,2866.280029296875,2881.346923828125,2829.25,335700,950207947.3388672,2830.527099609375
2024-01-31,2815.50390625,2834.010986328125,2782.5869140625,377100,1051561486.8896484,2788.548095703125
2024-02-01,2773.424072265625,2805.014892578125,2752.781982421875,352900,977794142.5537108,2770.739990234375
2024-02-02,2773.294921875,2791.676025390625,2666.333984375,426200,1163590824.8535156,2730.152099609375
2024-02-05,2716.0810546875,2739.738037109375,2635.090087890625,479000,1294346643.0664062,2702.18505859375
2024-02-06,2680.485107421875,2802.930908203125,2669.673095703125,502800,1402553603.0273438,2789.486083984375
2024-02-07,2791.514892578125,2829.696044921875,2770.529052734375,547100,1548126706.1767578,2829.696044921875
2024-02-08,2832.486083984375,2867.47412109375,2827.902099609375,531100,1522081123.7548828,2865.903076171875
2024-02-19,2886.5869140625,2910.5439453125,2867.7099609375,459000,1335939670.8984375,2910.5439453125
2024-02-20,2902.876953125,2927.30810546875,2887.47412109375,350100,1023247766.1621094,2922.72998046875
2024-02-21,2906.02392578125,2994.614990234375,2898.050048828125,444200,1310814679.4921875,2950.9560546875
2024-02-22,2945.447021484375,2988.35791015625,2944.4990234375,354100,1058177535.986328,2988.35791015625
2024-02-23,2992.912109375,3009.135986328125,2979.972900390625,380100,1142155307.446289,3004.881103515625
2024-02-26,3002.117919921875,3009.47900390625,2967.056884765625,409000,1217601986.8164062,2977.02197265625
2024-02-27,2966.4169921875,3015.48095703125,2961.14794921875,373000,1124774396.9726562,3015.48095703125
2024-02-28,3016.256103515625,3031.488037109375,2957.85205078125,544100,1609367300.830078,2957.85205078125
2024-02-29,2943.6240234375,3015.1708984375,2943.6240234375,409700,1235315517.0898438,3015.1708984375
2024-03-01,3013.822998046875,3032.23193359375,3003.762939453125,379100,1147543289.4042969,3027.02001953125
2024-03-04,3026.60693359375,3040.344970703125,3007.68310546875,387800,1178642831.201172,3039.305908203125
2024-03-05,3027.10302734375,3052.541015625,3022.177978515625,383500,1168828603.515625,3047.79296875
2024-03-06,3041.751953125,3060.56298828125,3034.35400390625,341000,1036616439.6972656,3039.930908203125
2024-03-07,3040.2109375,3063.69189453125,3023.117919921875,377200,1141935611.5234375,3027.40087890625
2024-03-08,3026.1650390625,3049.194091796875,3016.903076171875,319200,972289278.515625,3046.01904296875
2024-03-11,3042.618896484375,3068.455078125,3035.445068359375,356500,1093904235.3515625,3068.455078125
2024-03-12,3068.181884765625,3075.131103515625,3044.85693359375,415700,1270352203.857422,3055.93505859375
2024-03-13,3053.341064453125,3061.950927734375,3031.89892578125,365000,1110999760.7421875,3043.8349609375
2024-03-14,3042.4130859375,3059.998046875,3020.636962890625,364100,1106220958.1542969,3038.23388671875
2024-03-15,3031.52294921875,3056.447021484375,3023.215087890625,360300,1100585345.8740234,3054.635986328125
2024-03-18,3057.208984375,3085.31201171875,3055.922119140625,406700,1254639414.5263672,3084.926025390625
2024-03-19,3077.98095703125,3090.0458984375,3062.6279296875,384100,1176404619.3603516,3062.756103515625
2024-03-20,3058.64794921875,3081.7548828125,3056.64501953125,349200,1075426363.4765625,3079.68603515625
2024-03-21,3084.412109375,3090.051025390625,3069.27197265625,366900,1128992773.3154297,3077.113037109375
2024-03-22,3070.548095703125,3073.2060546875,3027.761962890625,394700,1203058994.3603516,3048.033935546875
2024-03-25,3040.5009765625,3065.260986328125,3026.305908203125,387500,1172693539.428711,3026.305908203125
2024-03-26,3026.922119140625,3036.493896484375,3006.260009765625,345900,1048589263.0371094,3031.48095703125
2024-03-27,3026.81396484375,3030.449951171875,2993.138916015625,343200,1027245275.9765624,2993.138916015625
2024-03-28,2988.590087890625,3033.366943359375,2984.1201171875,353200,1063366546.875,3010.6640625
2024-03-29,3008.3759765625,3041.298095703125,3008.1669921875,334800,1018182708.984375,3041.1669921875
2024-04-01,3049.02099609375,3078.488037109375,3049.02099609375,375400,1155248041.40625,3077.37890625
2024-04-02,3076.875,3085.537109375,3063.98095703125,367300,1129432434.9609375,3074.958984375
2024-04-03,3074.89306640625,3079.02001953125,3057.39697265625,363200,1114768270.3125,3069.2958984375
2024-04-08,3057.325927734375,3077.35107421875,3045.468994140625,402900,1227657645.0439453,3047.052978515625
2024-04-09,3044.614013671875,3051.5849609375,3033.208984375,333500,1016687125.9765624,3048.537109375
2024-04-10,3045.9609375,3049.60693359375,3013.590087890625,349000,1056539901.3671876,3027.3349609375
2024-04-11,3013.572998046875,3050.3369140625,3009.89697265625,340900,1034374493.359375,3034.24609375
2024-04-12,3035.576904296875,3043.56005859375,3014.830078125,334200,1009108251.2695312,3019.47412109375
2024-04-15,3013.672119140625,3066.94091796875,2995.5419921875,461200,1410062701.171875,3057.3779296875
2024-04-16,3043.551025390625,3052.43505859375,3005.340087890625,448100,1347467222.4365234,3007.068115234375
2024-04-17,3008.06103515625,3071.381103515625,3002.055908203125,413400,1269708948.1933594,3071.381103515625
2024-04-18,3060.031005859375,3102.552978515625,3057.760986328125,416300,1279799908.1542969,3074.22509765625
2024-04-19,3060.299072265625,3080.322998046875,3055.05810546875,375500,1151005500.366211,3065.260986328125
2024-04-22,3059.06494140625,3078.423095703125,3042.5419921875,357200,1087529323.5351562,3044.594970703125
2024-04-23,3038.612060546875,3044.944091796875,3016.51708984375,325600,983956045.703125,3021.97802734375
2024-04-24,3029.403076171875,3045.639892578125,3019.1240234375,305300,929584163.1591796,3044.822021484375
2024-04-25,3037.927001953125,3060.263916015625,3034.64990234375,292300,892362641.4550781,3052.89990234375
2024-04-26,3054.97900390625,3092.429931640625,3054.97900390625,439400,1357146652.392578,3088.635986328125
2024-04-29,3086.681884765625,3119.68603515625,3080.5859375,506900,1578001480.859375,3113.04296875
2024-04-30,3110.158935546875,3123.2880859375,3104.2939453125,440200,1366743943.5058594,3104.824951171875
2024-05-06,3132.511962890625,3142.382080078125,3126.76904296875,450700,1415522490.7958984,3140.719970703125
2024-05-07,3139.6640625,3151.218994140625,3133.68994140625,379100,1193307489.868164,3147.738037109375
2024-05-08,3141.487060546875,3144.986083984375,3126.173095703125,334000,1044912313.4765624,3128.47998046875
2024-05-09,3128.1640625,3158.465087890625,3128.1640625,360900,1138394112.6708984,3154.320068359375
2024-05-10,3158.589111328125,3163.14404296875,3137.152099609375,384300,1212292457.8857422,3154.547119140625
2024-05-13,3139.47509765625,3157.365966796875,3126.169921875,397000,1249764335.4492188,3148.02099609375
2024-05-14,3148.84912109375,3155.806884765625,3137.60888671875,343500,1080573343.5058594,3145.77392578125
2024-05-15,3141.251953125,3142.972900390625,3117.928955078125,321000,1001488573.9746094,3119.902099609375
2024-05-16,3127.18408203125,3137.8779296875,3116.1630859375,367400,1147170082.9101562,3122.40087890625
2024-05-17,3121.712890625,3154.02587890625,3116.783935546875,383900,1210830534.9121094,3154.02587890625
2024-05-20,3156.14794921875,3174.26611328125,3155.989990234375,426900,1353761808.8378906,3171.14501953125
2024-05-21,3164.68310546875,3165.22412109375,3148.342041015625,335800,1060445004.4433594,3157.966064453125
2024-05-22,3157.18896484375,3166.9189453125,3152.45703125,354100,1118439027.8320312,3158.5400390625
2024-05-23,3149.875,3150.6279296875,3110.277099609375,353900,1102889346.1669922,3116.386962890625
2024-05-24,3110.7529296875,3130.425048828125,3087.7939453125,306500,946738990.234375,3088.87109375
2024-05-27,3094.139892578125,3125.506103515625,3091.989013671875,319400,997819324.21875,3124.04296875
2024-05-28,3122.387939453125,3130.31005859375,3106.364990234375,310100,964278283.8623048,3109.572021484375
2024-05-29,3108.027099609375,3128.136962890625,3100.97998046875,290000,902195239.2578124,3111.01806640625
2024-05-30,3103.7080078125,3121.218017578125,3085.384033203125,302400,934923420.703125,3091.677978515625
2024-05-31,3094.759033203125,3107.60400390625,3086.81298828125,276100,852269066.0644531,3086.81298828125
2024-06-03,3085.98095703125,3097.2041015625,3061.277099609375,357600,1100867671.2890625,3078.489013671875
2024-06-04,3071.320068359375,3095.322021484375,3063.587890625,309300,956107842.8466796,3091.198974609375
2024-06-05,3086.051025390625,3092.345947265625,3064.736083984375,290500,890499593.6279297,3065.403076171875
2024-06-06,3069.43896484375,3077.673095703125,3040.830078125,369900,1127748880.3710938,3048.7939453125
2024-06-07,3053.9150390625,3065.02490234375,3031.0439453125,316300,965119564.3798828,3051.279052734375
2024-06-11,3042.134033203125,3043.199951171875,3013.861083984375,310500,940207948.2421876,3028.044921875
2024-06-12,3025.2958984375,3042.0419921875,3021.30908203125,279500,848972310.9130859,3037.468017578125
2024-06-13,3038.0859375,3040.402099609375,3022.822021484375,297900,902314953.8085938,3028.9189453125
2024-06-14,3020.958984375,3037.905029296875,3011.576904296875,348700,1057479146.850586,3032.633056640625
2024-06-17,3017.717041015625,3026.6240234375,3012.044921875,295800,892100591.3085938,3015.89111328125
2024-06-18,3015.071044921875,3031.97607421875,3012.52294921875,273600,829075331.25,3030.24609375
2024-06-19,3029.09912109375,3030.22607421875,3015.325927734375,261300,788616222.5830078,3018.049072265625
2024-06-20,3015.721923828125,3028.513916015625,3001.76806640625,295500,888106636.9628906,3005.43701171875
2024-06-21,2998.240966796875,3011.9140625,2985.928955078125,255000,764525174.5605469,2998.137939453125
2024-06-24,2982.825927734375,2990.64306640625,2960.126953125,298700,885077707.4707031,2963.09912109375
2024-06-25,2962.764892578125,2971.653076171875,2935.5380859375,273200,805938932.8125,2949.99609375
2024-06-26,2943.447021484375,2976.6689453125,2933.330078125,282400,839441032.421875,2972.52490234375
2024-06-27,2962.696044921875,2963.06396484375,2944.89794921875,270500,796852979.7363281,2945.85205078125
2024-06-28,2940.302978515625,2985.468017578125,2939.98388671875,315200,935325449.609375,2967.403076171875
2024-07-01,2965.2451171875,2996.408935546875,2961.85595703125,297800,891830588.1835938,2994.72998046875
2024-07-02,2992.85595703125,3004.987060546875,2989.469970703125,281400,843358891.5527344,2997.010986328125
2024-07-03,2995.6640625,2998.537109375,2978.069091796875,246300,734559203.0273438,2982.3759765625
2024-07-04,2984.830078125,2995.570068359375,2955.2900390625,274300,811260599.1699219,2957.56689453125
2024-07-05,2954.3720703125,2957.10693359375,2920.205078125,272300,803266784.6191406,2949.93310546875
2024-07-08,2939.8369140625,2947.610107421875,2917.23193359375,277500,810979861.4501953,2922.449951171875
2024-07-09,2919.572998046875,2963.781982421875,2904.0390625,315100,932498139.3554688,2959.3720703125
2024-07-10,2949.02587890625,2958.85888671875,2935.330078125,301500,886218250.1220703,2939.364013671875
2024-07-11,2957.25,2971.361083984375,2947.403076171875,328400,975475078.6132812,2970.386962890625
2024-07-12,2965.612060546875,2977.14208984375,2963.302978515625,303700,902382267.7734376,2971.294921875
2024-07-15,2963.846923828125,2977.31298828125,2959.12890625,269000,800008955.3222656,2974.010986328125
2024-07-16,2963.89990234375,2977.361083984375,2959.666015625,260800,776220071.484375,2976.303955078125
2024-07-17,2970.80810546875,2972.794921875,2957.947998046875,282300,836413960.9863281,2962.85498046875
2024-07-18,2951.14306640625,2978.092041015625,2937.905029296875,278000,827642989.7460938,2977.133056640625
2024-07-19,2963.513916015625,2986.242919921875,2955.1201171875,280900,837730621.1425781,2982.30908203125
2024-07-22,2978.193115234375,2978.60107421875,2946.56103515625,278700,826127017.1630859,2964.216064453125
2024-07-23,2960.5,2960.5,2915.367919921875,296300,863823804.0283203,2915.368896484375
2024-07-24,2909.152099609375,2922.030029296875,2894.2890625,306100,888287477.9052734,2901.951904296875
2024-07-25,2891.89208984375,2897.76708984375,2872.85009765625,274600,792699337.6464844,2886.741943359375
2024-07-26,2885.9951171875,2899.115966796875,2875.39599609375,278400,804825717.1875,2890.89697265625
2024-07-29,2889.472900390625,2898.950927734375,2878.5830078125,256900,742914972.9736328,2891.844970703125
2024-07-30,2885.215087890625,2885.215087890625,2865.14892578125,262500,755816262.8173828,2879.300048828125
2024-07-31,2877.541015625,2940.593017578125,2876.301025390625,412700,1212821721.9726562,2938.7490234375
2024-08-01,2940.1201171875,2947.876953125,2928.825927734375,346600,1016365321.3378906,2932.386962890625
2024-08-02,2913.02001953125,2931.259033203125,2902.719970703125,312200,907046489.453125,2905.337890625
2024-08-05,2889.363037109375,2919.02490234375,2860.697998046875,355500,1016978138.305664,2860.697998046875
2024-08-06,2878.65087890625,2888.200927734375,2845.3349609375,297300,852443514.0380859,2867.283935546875
2024-08-07,2864.010009765625,2886.94189453125,2857.72509765625,263100,755053321.2890625,2869.833984375
2024-08-08,2864.758056640625,2886.39892578125,2850.875,289100,829688344.0917969,2869.90087890625
2024-08-09,2879.873046875,2887.84912109375,2862.194091796875,284300,813721780.2978516,2862.194091796875
2024-08-12,2858.89501953125,2869.26904296875,2851.294921875,244200,697973680.078125,2858.205078125
2024-08-13,2860.409912109375,2867.946044921875,2845.31005859375,231700,664503098.6083984,2867.946044921875
2024-08-14,2866.242919921875,2866.242919921875,2850.40087890625,217900,621157518.0908203,2850.654052734375
2024-08-15,2844.200927734375,2889.0869140625,2839.387939453125,271900,782353615.7714844,2877.35791015625
2024-08-16,2877.93994140625,2888.675048828125,2873.06005859375,263700,759305672.9736328,2879.429931640625
2024-08-19,2877.9541015625,2905.155029296875,2877.77099609375,261700,757274504.7119141,2893.674072265625
2024-08-20,2895.551025390625,2896.51904296875,2855.3291015625,263700,755938476.3427734,2866.660888671875
2024-08-21,2858.93896484375,2863.89111328125,2848.15087890625,229200,654729049.21875,2856.583984375
2024-08-22,2856.199951171875,2861.60693359375,2845.501953125,245400,699088642.0898438,2848.77197265625
2024-08-23,2844.77001953125,2860.73291015625,2839.3369140625,226700,647085207.4462891,2854.367919921875
2024-08-26,2855.47412109375,2860.655029296875,2844.383056640625,227400,649345252.4414062,2855.52001953125
2024-08-27,2850.876953125,2853.780029296875,2843.157958984375,230700,657202231.7871094,2848.73095703125
2024-08-28,2844.326904296875,2852.56201171875,2830.9619140625,228700,648920002.0263672,2837.428955078125
2024-08-29,2829.450927734375,2831.430908203125,2815.383056640625,277500,783411903.0761719,2823.10595703125
2024-08-30,2819.64990234375,2867.965087890625,2817.013916015625,397500,1129780109.2529297,2842.214111328125
2024-09-02,2832.35009765625,2839.278076171875,2810.3740234375,340700,957719594.555664,2811.034912109375
2024-09-03,2809.173095703125,2814.903076171875,2794.910888671875,275700,772781311.3769531,2802.97900390625
2024-09-04,2786.5048828125,2800.60693359375,2781.93505859375,257500,716951604.6142578,2784.278076171875
2024-09-05,2785.263916015625,2796.01904296875,2777.470947265625,242000,674771979.4921875,2788.31396484375
2024-09-06,2791.764892578125,2804.093017578125,2765.638916015625,253600,701408625.9765625,2765.806884765625
2024-09-09,2754.72412109375,2756.555908203125,2726.967041015625,261500,715591621.7041016,2736.488037109375
2024-09-10,2737.881103515625,2750.117919921875,2718.626953125,262200,719527114.7460938,2744.19189453125
2024-09-11,2732.73095703125,2732.73095703125,2710.62109375,242300,659490909.5703125,2721.794921875
2024-09-12,2722.137939453125,2734.68310546875,2716.554931640625,240100,652381243.5546875,2717.123046875
2024-09-13,2718.986083984375,2728.780029296875,2703.368896484375,251300,679537839.0869141,2704.090087890625
2024-09-18,2705.344970703125,2724.114013671875,2689.695068359375,247800,673342233.2519531,2717.281005859375
2024-09-19,2723.205078125,2747.739990234375,2697.77587890625,315200,862394125.78125,2736.02197265625
2024-09-20,2734.22802734375,2741.155029296875,2717.945068359375,285600,781634068.359375,2736.81396484375
2024-09-23,2735.389892578125,2760.47998046875,2731.35693359375,257600,708121268.75,2748.91796875
2024-09-24,2770.75390625,2863.152099609375,2761.3720703125,477600,1367428966.40625,2863.1259765625
2024-09-25,2901.4189453125,2952.450927734375,2889.048095703125,568300,1645970647.631836,2896.305908203125
2024-09-26,2893.7451171875,3000.952880859375,2889.013916015625,576300,1729449145.2392578,3000.952880859375
2024-09-27,3049.10302734375,3087.529052734375,3017.445068359375,492300,1519990552.6611328,3087.529052734375
2024-09-30,3194.721923828125,3358.587890625,3153.697021484375,1102300,3677820720.6054688,3336.4970703125
2024-10-08,3674.405029296875,3674.405029296875,3372.18701171875,1313500,4583819334.228516,3489.77490234375
2024-10-09,3427.219970703125,3437.156982421875,3249.158935546875,992800,3235394133.203125,3258.85791015625
2024-10-10,3277.69189453125,3379.804931640625,3228.125,834500,2755457268.1884766,3301.926025390625
2024-10-11,3287.873046875,3297.751953125,3187.988037109375,606000,1949949250.4882808,3217.738037109375
2024-10-14,3241.427978515625,3294.6201171875,3203.90087890625,631500,2074049973.2666016,3284.322998046875
2024-10-15,3265.74609375,3285.215087890625,3201.2919921875,566100,1812251396.777344,3201.2919921875
2024-10-16,3169.1689453125,3236.847900390625,3167.736083984375,515800,1652080577.392578,3202.947998046875
2024-10-17,3220.73291015625,3241.568115234375,3169.384033203125,528600,1675336399.951172,3169.384033203125
2024-10-18,3165.97509765625,3313.97802734375,3152.821044921875,693000,2260263150.8789062,3261.56298828125
2024-10-21,3276.06005859375,3300.6640625,3239.096923828125,668200,2183751173.779297,3268.110107421875
2024-10-22,3263.822021484375,3294.9609375,3255.137939453125,574900,1889044905.7373047,3285.866943359375
2024-10-23,3285.2470703125,3331.08203125,3277.06591796875,650400,2148143057.2265625,3302.802978515625
2024-10-24,3287.823974609375,3292.945068359375,3266.882080078125,519800,1705080675.9277344,3280.262939453125
2024-10-25,3280.761962890625,3319.35693359375,3276.1298828125,595700,1965631260.913086,3299.699951171875
2024-10-28,3300.462890625,3322.197998046875,3279.715087890625,672400,2233845933.8867188,3322.197998046875
2024-10-29,3328.089111328125,3340.4580078125,3284.2109375,725300,2383630984.350586,3286.406982421875
2024-10-30,3273.64208984375,3291.679931640625,3244.805908203125,669000,2185113246.826172,3266.238037109375
2024-10-31,3267.97509765625,3295.741943359375,3252.389892578125,784600,2573349890.478516,3279.823974609375
2024-11-01,3275.576904296875,3305.318115234375,3258.735107421875,852100,2788083057.836914,3272.013916015625
2024-11-04,3275.678955078125,3310.20703125,3263.842041015625,665100,2201618696.484375,3310.20703125
2024-11-05,3306.81005859375,3386.987060546875,3302.047119140625,821100,2781055075.415039,3386.987060546875
2024-11-06,3395.221923828125,3420.9990234375,3367.0810546875,895900,3031551713.15918,3383.805908203125
2024-11-07,3359.985107421875,3470.660888671875,3356.258056640625,959600,3330446188.7695312,3470.660888671875
2024-11-08,3502.133056640625,3509.818115234375,3443.193115234375,964000,3328014422.8515625,3452.297119140625
2024-11-11,3432.366943359375,3471.1220703125,3416.72705078125,818000,2838513920.898437,3470.06591796875
2024-11-12,3469.89111328125,3489.424072265625,3402.0419921875,817900,2798829239.038086,3421.969970703125
2024-11-13,3406.916015625,3442.298095703125,3404.52490234375,673700,2317041639.916992,3439.278076171875
2024-11-14,3429.5048828125,3441.77490234375,3376.153076171875,631600,2134706382.714844,3379.839111328125
2024-11-15,3369.80908203125,3391.320068359375,3330.72607421875,630300,2099356644.580078,3330.72607421875
2024-11-18,3344.68994140625,3386.903076171875,3309.008056640625,744000,2472943746.09375,3323.84912109375
2024-11-19,3324.883056640625,3346.758056640625,3284.133056640625,625000,2091256256.103516,3346.010009765625
2024-11-20,3337.677978515625,3375.248046875,3333.001953125,566200,1906955379.541016,3367.989013671875
2024-11-21,3362.944091796875,3378.51806640625,3348.85498046875,530300,1787325269.165039,3370.404052734375
2024-11-22,3368.04296875,3372.0029296875,3267.19189453125,630700,2060617927.8808596,3267.19189453125
2024-11-25,3274.884033203125,3285.4560546875,3232.91796875,538900,1758840269.2626953,3263.760009765625
2024-11-26,3256.85791015625,3285.327880859375,3252.865966796875,472200,1539257293.2128906,3259.757080078125
2024-11-27,3250.591064453125,3309.881103515625,3227.35498046875,511200,1691959051.7578125,3309.779052734375
2024-11-28,3308.280029296875,3319.256103515625,3290.364013671875,512000,1687397375.0,3295.697998046875
2024-11-29,3295.2099609375,3357.5009765625,3293.68994140625,580200,1930009802.9296875,3326.4560546875
2024-12-02,3328.48193359375,3369.302978515625,3323.009033203125,668500,2248821922.607422,3363.98193359375
2024-12-03,3366.284912109375,3386.617919921875,3348.3740234375,663000,2240148317.138672,3378.805908203125
2024-12-04,3376.572021484375,3388.02392578125,3352.943115234375,621000,2089447589.3554688,3364.64990234375
2024-12-05,3353.056884765625,3377.054931640625,3353.056884765625,543900,1832320223.876953,3368.85498046875
2024-12-06,3370.94091796875,3418.260986328125,3364.2060546875,698200,2376725812.7441406,3404.075927734375
2024-12-09,3402.62890625,3426.64501953125,3385.958984375,694900,2364420831.8115234,3402.533935546875
2024-12-10,3490.2890625,3494.866943359375,3417.764892578125,794700,2719988608.227539,3422.660888671875
2024-12-11,3416.0869140625,3437.81005859375,3416.0869140625,681500,2339241928.3447266,3432.489990234375
2024-12-12,3432.279052734375,3464.115966796875,3425.97607421875,700100,2423396150.0,3461.5
2024-12-13,3442.926025390625,3442.926025390625,3390.75390625,777500,2637185090.3320312,3391.8779296875
2024-12-16,3390.0830078125,3401.926025390625,3376.535888671875,625600,2118488707.8125,3386.3310546875
2024-12-17,3381.81396484375,3396.20703125,3357.76904296875,568900,1912348877.6123047,3361.485107421875
2024-12-18,3371.2958984375,3396.4599609375,3371.2958984375,512500,1733381604.0039062,3382.2080078125
2024-12-19,3355.904052734375,3377.531982421875,3346.468994140625,513900,1731859937.6220703,3370.032958984375
2024-12-20,3364.48095703125,3390.617919921875,3362.819091796875,491000,1653721924.0722656,3368.069091796875
2024-12-23,3367.904052734375,3384.991943359375,3348.277099609375,556700,1865644816.479492,3351.257080078125
2024-12-24,3353.534912109375,3394.904052734375,3352.947021484375,472000,1601745251.953125,3393.528076171875
2024-12-25,3395.10693359375,3406.212890625,3374.010986328125,471300,1599285901.0253906,3393.35009765625
2024-12-26,3389.337890625,3401.094970703125,3380.2548828125,422200,1434668068.9941406,3398.076904296875
2024-12-27,3397.2939453125,3418.951904296875,3388.322021484375,500500,1701771115.9667969,3400.14208984375
2024-12-30,3395.39599609375,3412.841064453125,3394.965087890625,455300,1551355494.897461,3407.325927734375
2024-12-31,3406.965087890625,3413.455078125,3351.762939453125,502700,1684931229.663086,3351.762939453125
2025-01-02,3347.93896484375,3351.721923828125,3242.0869140625,561400,1831601765.1367188,3262.56103515625
2025-01-03,3267.076904296875,3273.56591796875,3205.77587890625,517600,1662236132.6171875,3211.429931640625
2025-01-06,3209.782958984375,3219.488037109375,3185.462890625,431000,1382183854.2480469,3206.923095703125
2025-01-07,3203.306884765625,3230.85302734375,3190.4609375,409700,1323185164.4042969,3229.64404296875
2025-01-08,3218.85791015625,3246.291015625,3175.72509765625,472900,1527546432.421875,3230.16796875
2025-01-09,3220.720947265625,3228.972900390625,3205.909912109375,382900,1229642405.1269531,3211.39306640625
2025-01-10,3211.70703125,3220.10693359375,3168.52392578125,403700,1279133108.8378906,3168.52392578125
2025-01-13,3148.825927734375,3172.699951171875,3140.97802734375,372700,1178013344.8242188,3160.7548828125
2025-01-14,3165.160888671875,3245.219970703125,3159.431884765625,469200,1520649020.5078125,3240.93994140625
2025-01-15,3234.715087890625,3245.904052734375,3222.236083984375,404700,1306014226.977539,3227.116943359375
2025-01-16,3239.02587890625,3265.281982421875,3217.096923828125,430700,1393758974.8291016,3236.031982421875
2025-01-17,3226.761962890625,3256.507080078125,3219.77294921875,383600,1243562552.8320312,3241.821044921875
2025-01-20,3256.14892578125,3268.262939453125,3238.12109375,403300,1308457619.0429688,3244.3779296875
2025-01-21,3256.8330078125,3258.610107421875,3229.069091796875,384600,1247112823.828125,3242.623046875
2025-01-22,3235.492919921875,3235.5009765625,3203.3798828125,364800,1172330043.75,3213.6240234375
2025-01-23,3237.59912109375,3273.52001953125,3229.572021484375,458200,1480061173.4375,3230.1640625
2025-01-24,3222.876953125,3260.010986328125,3221.7119140625,398700,1296821976.8554688,3252.6259765625
2025-01-27,3256.614013671875,3274.39208984375,3250.60107421875,387500,1259607916.2597656,3250.60107421875
2025-02-05,3270.159912109375,3271.02197265625,3220.279052734375,406400,1312463938.28125,3229.488037109375
2025-02-06,3226.574951171875,3271.427001953125,3225.845947265625,460800,1507119637.5,3270.658935546875
2025-02-07,3269.22705078125,3324.427978515625,3262.509033203125,600600,1984182395.5078125,3303.6669921875
2025-02-10,3308.0400390625,3325.35595703125,3299.242919921875,546600,1815898079.296875,3322.169921875
2025-02-11,3323.6689453125,3324.173095703125,3304.444091796875,511900,1698513319.3115234,3318.056884765625
2025-02-12,3312.257080078125,3346.385009765625,3310.389892578125,513400,1718034064.013672,3346.385009765625
2025-02-13,3343.235107421875,3359.180908203125,3332.48291015625,568600,1894849782.714844,3332.48291015625
2025-02-14,3328.48291015625,3349.083984375,3322.529052734375,532300,1781461249.6582031,3346.72412109375
2025-02-17,3355.4169921875,3357.12109375,3333.195068359375,589500,1978261831.0546875,3355.830078125
2025-02-18,3348.98291015625,3366.011962890625,3314.301025390625,562700,1870691067.0166016,3324.490966796875
2025-02-19,3320.780029296875,3352.0869140625,3320.5810546875,502900,1685488994.53125,3351.5390625
2025-02-20,3347.589111328125,3355.556884765625,3338.033935546875,504400,1690134924.5117188,3350.782958984375
2025-02-21,3356.695068359375,3381.05810546875,3339.02587890625,608200,2055176549.1699216,3379.113037109375
2025-02-24,3374.0810546875,3384.81103515625,3355.868896484375,598200,2017745395.166016,3373.028076171875
2025-02-25,3345.653076171875,3369.55810546875,3337.844970703125,527600,1765370724.609375,3346.0400390625
2025-02-26,3351.208984375,3380.214111328125,3351.208984375,554000,1872638617.6757808,3380.214111328125
2025-02-27,3378.448974609375,3388.781005859375,3353.571044921875,575800,1950846106.347656,3388.06201171875
2025-02-28,3374.6640625,3383.19091796875,3318.716064453125,568300,1887265749.5605469,3320.89697265625
2025-03-03,3328.39599609375,3349.01708984375,3304.593017578125,502400,1666423144.53125,3316.925048828125
2025-03-04,3300.498046875,3327.823974609375,3297.530029296875,430000,1429410283.203125,3324.2099609375
2025-03-05,3324.696044921875,3342.714111328125,3314.14794921875,461000,1540645905.517578,3341.965087890625
2025-03-06,3353.570068359375,3387.053955078125,3348.68408203125,540000,1825792866.2109373,3381.097900390625
2025-03-07,3373.180908203125,3390.944091796875,3363.928955078125,517700,1745967011.6210938,3372.5458984375
2025-03-10,3373.259033203125,3375.798095703125,3347.18603515625,450400,1516119853.90625,3366.1630859375
2025-03-11,3335.43896484375,3379.8291015625,3334.8310546875,448500,1515852804.5654297,3379.827880859375
2025-03-12,3385.68505859375,3392.408935546875,3370.219970703125,502200,1693380269.0917969,3371.924072265625
2025-03-13,3371.094970703125,3377.117919921875,3341.117919921875,519000,1743180353.0273438,3358.72900390625
2025-03-14,3361.68603515625,3421.23291015625,3360.60595703125,582700,1992578784.228516,3419.56201171875
2025-03-17,3430.80908203125,3436.35205078125,3422.4619140625,515700,1766854676.953125,3426.12890625
2025-03-18,3434.56494140625,3437.06494140625,3423.301025390625,454900,1560197384.2041016,3429.759033203125
2025-03-19,3424.173095703125,3439.0458984375,3414.593017578125,440300,1508656668.9208984,3426.428955078125
2025-03-20,3425.216064453125,3427.044921875,3404.662109375,451600,1539480915.9179688,3408.947998046875
2025-03-21,3401.759033203125,3414.708984375,3355.840087890625,520900,1752740496.3867188,3364.8310546875
2025-03-24,3364.833984375,3373.694091796875,3340.238037109375,513300,1729835411.4990234,3370.028076171875
2025-03-25,3370.0009765625,3379.988037109375,3361.0458984375,456400,1538057080.2734375,3369.97607421875
2025-03-26,3365.666015625,3382.342041015625,3365.666015625,428500,1443486673.7060547,3368.697021484375
2025-03-27,3362.7119140625,3394.034912109375,3351.174072265625,414800,1399431094.921875,3373.7490234375
2025-03-28,3372.0390625,3375.052978515625,3346.0810546875,412300,1381743828.5888672,3351.306884765625
2025-03-31,3343.343994140625,3361.741943359375,3317.738037109375,472600,1576473603.90625,3335.74609375
2025-04-01,3340.7119140625,3357.6220703125,3338.779052734375,422600,1415048655.7617188,3348.43505859375
2025-04-02,3344.1708984375,3361.134033203125,3343.115966796875,350100,1172879446.2890625,3350.126953125
2025-04-03,3319.60595703125,3358.426025390625,3319.60595703125,400500,1338474226.6845703,3342.008056640625
2025-04-07,3193.10205078125,3217.781982421875,3040.693115234375,662200,2050552579.3457031,3096.575927734375
2025-04-08,3094.261962890625,3145.549072265625,3085.123046875,662200,2082982595.6542969,3145.549072265625
2025-04-09,3110.010009765625,3186.81005859375,3070.077880859375,684800,2182327528.125,3186.81005859375
2025-04-10,3227.8359375,3239.94091796875,3201.571044921875,591200,1905814749.8046875,3223.637939453125
2025-04-11,3219.5048828125,3249.85400390625,3211.35009765625,475500,1539776962.6464844,3238.22705078125
2025-04-14,3251.97802734375,3272.719970703125,3244.73291015625,471400,1538087740.9179688,3262.80810546875
2025-04-15,3260.68505859375,3268.985107421875,3246.3369140625,396700,1296281558.7890625,3267.662109375
2025-04-16,3267.6650390625,3276.0048828125,3233.791015625,429500,1407043677.734375,3276.00390625
2025-04-17,3261.718017578125,3285.9150390625,3258.14501953125,382000,1253090286.6210938,3280.341064453125
2025-04-18,3270.35302734375,3283.090087890625,3262.39208984375,358800,1175690716.9921875,3276.72998046875
2025-04-21,3273.137939453125,3298.639892578125,3270.012939453125,379300,1248440947.3144531,3291.43408203125
2025-04-22,3289.166015625,3311.153076171875,3288.33203125,403200,1330462054.6875,3299.757080078125
2025-04-23,3308.15087890625,3312.19189453125,3293.06298828125,411600,1356779709.9609375,3296.35498046875
2025-04-24,3295.14892578125,3313.509033203125,3286.236083984375,392800,1295174760.15625,3297.2880859375
2025-04-25,3300.39208984375,3305.261962890625,3288.7548828125,411000,1354269684.0820312,3295.06005859375
2025-04-28,3292.055908203125,3296.931884765625,3279.876953125,410700,1350552056.5429688,3288.4150390625
2025-04-29,3281.445068359375,3294.98193359375,3277.626953125,389000,1278508806.3964844,3286.655029296875
2025-04-30,3284.0810546875,3292.199951171875,3277.550048828125,435800,1429001712.3535156,3279.031005859375
2025-05-06,3295.25,3316.447998046875,3286.989013671875,474400,1573164488.0859375,3316.114013671875
2025-05-07,3354.97412109375,3356.68798828125,3324.80908203125,511200,1708770367.96875,3342.6650390625
2025-05-08,3331.205078125,3359.73095703125,3327.902099609375,428400,1435995126.5625,3351.99609375
2025-05-09,3350.405029296875,3351.219970703125,3335.126953125,398900,1333123410.4492188,3341.9990234375
2025-05-12,3352.969970703125,3372.471923828125,3344.26904296875,418200,1409018308.0078125,3369.2451171875
2025-05-13,3386.23388671875,3386.23388671875,3370.251953125,426200,1438370060.15625,3374.87109375
2025-05-14,3374.235107421875,3417.31396484375,3368.077880859375,464900,1582495424.2919922,3403.947998046875
2025-05-15,3398.427001953125,3402.865966796875,3378.02099609375,424100,1433806205.1513672,3380.821044921875
2025-05-16,3374.7060546875,3380.2900390625,3356.660888671875,395400,1331494440.8203125,3367.4619140625
2025-05-19,3365.882080078125,3373.59912109375,3356.64794921875,403100,1357472710.4492188,3367.5830078125
2025-05-20,3371.68896484375,3387.803955078125,3369.962890625,405500,1370783840.0878906,3380.47802734375
2025-05-21,3380.208984375,3394.75390625,3380.208984375,412500,1397374264.5263672,3387.573974609375
2025-05-22,3381.864990234375,3390.593017578125,3376.23291015625,394200,1332470489.9414062,3380.18896484375
2025-05-23,3376.868896484375,3389.468994140625,3348.3720703125,400200,1340018502.5390625,3348.3720703125
2025-05-26,3346.56103515625,3362.306884765625,3336.35498046875,347600,1163361275.0976562,3346.839111328125
2025-05-27,3346.5029296875,3351.572021484375,3332.489990234375,344100,1149530400.732422,3340.68701171875
2025-05-28,3341.85205078125,3348.23388671875,3336.72705078125,341600,1140920731.8359375,3339.931884765625
2025-05-29,3340.40087890625,3368.633056640625,3337.4150390625,393200,1322506984.8632812,3363.446044921875
2025-05-30,3358.80908203125,3361.27490234375,3341.64794921875,385600,1290791010.546875,3347.487060546875
2025-06-03,3340.06689453125,3366.9970703125,3340.06689453125,398100,1338402675.1464844,3361.97607421875
2025-06-04,3363.39111328125,3379.639892578125,3363.39111328125,386500,1304902413.4521484,3376.202880859375
2025-06-05,3378.217041015625,3387.764892578125,3371.14599609375,406300,1374959472.9003906,3384.09912109375
2025-06-06,3384.294921875,3391.450927734375,3379.763916015625,380100,1286774541.6503906,3385.35791015625
2025-06-09,3388.778076171875,3402.050048828125,3383.073974609375,427300,1452722563.9160156,3399.77197265625
2025-06-10,3402.012939453125,3406.451904296875,3365.6669921875,481600,1630127346.09375,3384.81591796875
2025-06-11,3385.45703125,3413.512939453125,3385.45703125,424100,1442922180.8105469,3402.31591796875
2025-06-12,3397.971923828125,3408.205078125,3388.865966796875,409500,1393388434.2041016,3402.657958984375
2025-06-13,3397.48388671875,3401.552978515625,3370.592041015625,510100,1722605707.421875,3376.99609375
2025-06-16,3369.365966796875,3389.756103515625,3368.8759765625,405400,1373790738.1835938,3388.72900390625
2025-06-17,3388.179931640625,3393.31298828125,3376.419921875,390000,1321087961.4257812,3387.405029296875
2025-06-18,3386.135986328125,3391.708984375,3369.986083984375,378700,1283341999.3652344,3388.80908203125
2025-06-19,3384.29296875,3386.9189453125,3353.93603515625,415300,1396283415.0878906,3362.10791015625
2025-06-20,3358.9130859375,3370.798095703125,3357.7060546875,350200,1176635235.8398438,3359.89501953125
2025-06-23,3349.4599609375,3389.451904296875,3347.65087890625,384600,1300556449.21875,3381.58203125
2025-06-24,3380.080078125,3423.783935546875,3380.080078125,461000,1576880888.1835938,3420.56591796875
2025-06-25,3419.091064453125,3459.009033203125,3417.410888671875,509400,1760473217.2851562,3455.97412109375
2025-06-26,3451.718994140625,3462.751953125,3446.18603515625,496500,1712156855.3466797,3448.452880859375
2025-06-27,3450.68603515625,3462.626953125,3421.0400390625,523100,1791213170.263672,3424.22705078125
2025-06-30,3423.47412109375,3447.4599609375,3420.112060546875,457300,1575136021.4111328,3444.426025390625
2025-07-01,3445.845947265625,3459.5869140625,3441.0380859375,444400,1536622798.046875,3457.7470703125
2025-07-02,3458.1708984375,3461.327880859375,3447.9560546875,498100,1720831891.3085938,3454.7919921875
2025-07-03,3456.152099609375,3463.6201171875,3446.97412109375,438500,1517714660.4003906,3461.15087890625
2025-07-04,3459.592041015625,3497.22509765625,3455.493896484375,500200,1736854009.7167969,3472.319091796875
2025-07-07,3467.985107421875,3474.801025390625,3462.7919921875,436600,1516367227.734375,3473.126953125
2025-07-08,3474.632080078125,3499.885986328125,3474.632080078125,493500,1726003960.6933594,3497.47509765625
2025-07-09,3498.72412109375,3512.6689453125,3491.200927734375,523900,1830008920.5810547,3493.050048828125
2025-07-10,3491.4970703125,3526.590087890625,3491.4970703125,564200,1980162519.3847656,3509.681884765625
2025-07-11,3511.364990234375,3555.218017578125,3506.799072265625,664200,2331459564.6972656,3510.177001953125
2025-07-14,3513.2509765625,3532.117919921875,3513.2509765625,572100,2013591709.1308596,3519.64990234375
2025-07-15,3519.804931640625,3527.0380859375,3483.3798828125,572100,2005209941.3085935,3504.9990234375
2025-07-16,3502.89892578125,3511.805908203125,3489.136962890625,470900,1649928636.2060547,3503.777099609375
2025-07-17,3500.3720703125,3517.284912109375,3499.18603515625,472200,1660644741.9433594,3516.824951171875
2025-07-18,3519.47509765625,3536.013916015625,3518.23095703125,493500,1744267316.1621094,3534.48291015625
2025-07-21,3542.81591796875,3560.6279296875,3542.568115234375,633600,2255483587.5,3559.791015625
2025-07-22,3561.632080078125,3584.718994140625,3547.251953125,716200,2565328908.3496094,3581.861083984375
2025-07-23,3588.8779296875,3613.02197265625,3577.593994140625,767700,2750130248.071289,3582.298095703125
2025-07-24,3578.912109375,3608.72802734375,3577.113037109375,773300,2788308728.3691406,3605.72705078125
2025-07-25,3604.449951171875,3610.029052734375,3586.219970703125,697200,2505496286.425781,3593.655029296875
2025-07-28,3594.23095703125,3606.27392578125,3582.14892578125,594200,2137894172.3632808,3597.93701171875
2025-07-29,3595.81005859375,3611.35302734375,3585.944091796875,610600,2204089498.4375,3609.7109375
2025-07-30,3608.35400390625,3636.1669921875,3593.73388671875,637200,2303934898.535156,3615.717041015625
2025-07-31,3604.696044921875,3606.375,3562.60693359375,654500,2338664641.113281,3573.2080078125
2025-08-01,3568.260986328125,3581.74609375,3550.04296875,509600,1814151490.4296875,3559.951904296875
2025-08-04,3547.1630859375,3583.30908203125,3547.1630859375,458600,1643305545.0195312,3583.30908203125
2025-08-05,3588.80810546875,3617.597900390625,3586.968994140625,499800,1808075430.6152344,3617.597900390625
2025-08-06,3615.80810546875,3634.31298828125,3613.989990234375,512500,1862422497.5585935,3633.9951171875
2025-08-07,3637.781005859375,3645.116943359375,3622.52197265625,535500,1949041674.3164065,3639.6669921875
2025-08-08,3634.85400390625,3645.366943359375,3625.450927734375,526400,1913531342.1875,3635.1279296875
2025-08-11,3637.052978515625,3656.85205078125,3629.626953125,551400,2011257481.4941409,3647.547119140625
2025-08-12,3647.9619140625,3669.0380859375,3647.9619140625,536600,1967131582.03125,3665.91796875
2025-08-13,3668.657958984375,3688.6279296875,3666.547119140625,613500,2259805831.4208984,3683.465087890625
2025-08-14,3685.52197265625,3704.77099609375,3662.570068359375,647800,2375121850.048828,3666.443115234375
2025-08-15,3659.81494140625,3702.2548828125,3658.3759765625,678500,2508259120.8496094,3696.77099609375
2025-08-18,3712.4951171875,3745.93896484375,3702.3798828125,776000,2892949029.296875,3728.027099609375
2025-08-19,3728.485107421875,3746.6689453125,3718.14697265625,696100,2594565236.6210938,3727.2880859375
2025-08-20,3716.68505859375,3767.429931640625,3704.990966796875,679800,2560269531.4453125,3766.2099609375
2025-08-21,3770.676025390625,3787.98095703125,3757.991943359375,691600,2608092152.148437,3771.09912109375
2025-08-22,3772.277099609375,3825.759033203125,3772.277099609375,698100,2670762381.0791016,3825.759033203125
2025-08-25,3848.1630859375,3883.56201171875,3839.971923828125,885500,3438894161.376953,3883.56201171875
2025-08-26,3871.470947265625,3888.597900390625,3859.758056640625,734600,2841713476.0253906,3868.382080078125
2025-08-27,3869.612060546875,3887.197998046875,3800.35009765625,858600,3262980593.847656,3800.35009765625
2025-08-28,3796.7109375,3845.0869140625,3761.422119140625,788400,3030291814.7460938,3843.596923828125
2025-08-29,3842.822998046875,3867.60595703125,3839.2060546875,739500,2852937017.944336,3857.927001953125
2025-09-01,3869.74609375,3879.044921875,3853.657958984375,747700,2897734533.0810547,3875.531005859375
2025-09-02,3877.0859375,3885.31396484375,3828.677001953125,762600,2942212268.9941406,3858.133056640625
2025-09-03,3865.285888671875,3868.387939453125,3794.884033203125,645700,2462413680.493164,3813.556884765625
2025-09-04,3807.757080078125,3808.39599609375,3732.840087890625,710200,2674525118.5546875,3765.8759765625
2025-09-05,3761.8798828125,3817.158935546875,3745.30908203125,626200,2387396214.2089844,3812.513916015625
2025-09-08,3811.6689453125,3833.14306640625,3803.60302734375,660100,2526097786.645508,3826.841064453125
2025-09-09,3816.656982421875,3834.6708984375,3791.72412109375,600200,2285136653.710937,3807.2919921875
2025-09-10,3806.583984375,3826.99609375,3794.056884765625,534500,2037632096.3134768,3812.220947265625
2025-09-11,3806.055908203125,3875.30908203125,3796.43505859375,617000,2391065703.613281,3875.30908203125
2025-09-12,3875.507080078125,3892.738037109375,3866.5390625,700600,2711740889.013672,3870.597900390625
2025-09-15,3876.096923828125,3879.737060546875,3855.971923828125,644800,2489252918.75,3860.50390625
2025-09-16,3865.97998046875,3876.68994140625,3838.64794921875,673400,2600579884.423828,3861.864990234375
2025-09-17,3854.072998046875,3882.6689453125,3848.946044921875,663400,2571564662.158203,3876.341064453125
2025-09-18,3876.05908203125,3899.958984375,3800.9951171875,876000,3356530661.1328125,3831.656005859375
2025-09-19,3830.444091796875,3843.169921875,3811.903076171875,682300,2606446800.65918,3820.089111328125
2025-09-22,3822.010009765625,3831.739990234375,3806.201904296875,568300,2175779699.7314453,3828.575927734375
2025-09-23,3830.137939453125,3838.60595703125,3774.528076171875,701900,2682544588.1835938,3821.8330078125
2025-09-24,3804.48291015625,3854.923095703125,3804.327880859375,602100,2320277902.294922,3853.64208984375
2025-09-25,3852.430908203125,3866.10595703125,3840.458984375,590000,2273448181.152344,3853.302001953125
2025-09-26,3839.85498046875,3856.60595703125,3828.10595703125,551300,2110434814.111328,3828.10595703125
2025-09-29,3828.166015625,3881.001953125,3809.534912109375,608500,2350350711.303711,3862.531982421875
2025-09-30,3869.705078125,3887.570068359375,3866.281005859375,569700,2212018113.647461,3882.777099609375
2025-10-09,3898.306884765625,3936.575927734375,3885.743896484375,725200,2852916439.160156,3933.971923828125
2025-10-10,3915.47509765625,3933.0048828125,3886.304931640625,718900,2801573483.959961,3897.028076171875
2025-10-13,3800.10498046875,3895.830078125,3800.10498046875,709500,2759601635.7421875,3889.501953125
2025-10-14,3910.781982421875,3918.43603515625,3851.12109375,800800,3095275386.328125,3865.22900390625
2025-10-15,3867.535888671875,3912.291015625,3857.6669921875,645000,2523374794.921875,3912.208984375
2025-10-16,3900.68310546875,3931.050048828125,3899.1669921875,595500,2332113790.283203,3916.22802734375
2025-10-17,3912.0400390625,3921.06494140625,3835.364990234375,617600,2371432615.625,3839.7548828125
2025-10-20,3865.552001953125,3877.720947265625,3850.366943359375,549300,2122436461.376953,3863.89306640625
2025-10-21,3870.7490234375,3919.318115234375,3868.14501953125,599400,2347449419.53125,3916.33203125
2025-10-22,3896.072998046875,3918.592041015625,3893.324951171875,543100,2125562000.5615237,3913.758056640625
2025-10-23,3904.158935546875,3926.217041015625,3877.529052734375,565200,2216946082.3242188,3922.409912109375
2025-10-24,3929.114990234375,3950.31201171875,3928.9599609375,567900,2243382191.455078,3950.31201171875
2025-10-27,3969.219970703125,3999.06689453125,3963.10205078125,637600,2548452175.585937,3996.945068359375
2025-10-28,3986.89111328125,4010.72802734375,3976.8330078125,577400,2302800607.5195312,3988.22412109375
2025-10-29,3990.264892578125,4016.3310546875,3986.94091796875,612900,2461609303.4179688,4016.3310546875
2025-10-30,4007.821044921875,4025.705078125,3984.827880859375,668500,2665243237.548828,3986.90087890625
2025-10-31,3985.06396484375,3986.742919921875,3951.73095703125,675600,2671856150.390625,3954.7900390625
2025-11-03,3954.077880859375,3977.304931640625,3937.02099609375,641200,2549745262.6953125,3976.52099609375
2025-11-04,3973.4580078125,3985.882080078125,3938.52001953125,615500,2437494504.638672,3960.18603515625
2025-11-05,3922.583984375,3979.75390625,3922.583984375,615000,2441087548.828125,3969.248046875
2025-11-06,3973.34912109375,4008.799072265625,3973.34912109375,627400,2514468630.126953,4007.760009765625
2025-11-07,3994.31689453125,4012.0048828125,3993.69091796875,596500,2384542099.243164,3997.555908203125
2025-11-10,4001.7939453125,4018.696044921875,3990.8359375,634000,2547790449.7070312,4018.596923828125
2025-11-11,4023.876953125,4024.93896484375,3991.51611328125,582000,2329605188.964844,4002.758056640625
2025-11-12,3996.56494140625,4020.376953125,3980.676025390625,586200,2344882005.029297,4000.139892578125
2025-11-13,3996.513916015625,4030.39794921875,3994.77099609375,613000,2470084098.6328125,4029.5009765625
2025-11-14,4007.1259765625,4034.0791015625,3990.306884765625,622000,2482085988.7695312,3990.491943359375
2025-11-17,3988.555908203125,3992.404052734375,3958.947998046875,592000,2351444667.96875,3972.034912109375
2025-11-18,3962.444091796875,3966.885009765625,3926.587890625,594400,2341824840.234375,3939.81298828125
2025-11-19,3937.919921875,3960.052001953125,3930.073974609375,531100,2096114646.118164,3946.741943359375
2025-11-20,3960.698974609375,3967.970947265625,3927.511962890625,534700,2101932983.2763672,3931.051025390625
2025-11-21,3896.6650390625,3912.006103515625,3834.7490234375,631600,2422117227.148437,3834.89111328125
2025-11-24,3848.656005859375,3854.3310546875,3816.575927734375,504600,1936031564.7949216,3836.764892578125
2025-11-25,3850.571044921875,3882.030029296875,3845.137939453125,478700,1852579985.791016,3870.02294921875
2025-11-26,3867.428955078125,3879.923095703125,3861.177001953125,457600,1768250635.9375,3864.18408203125
2025-11-27,3867.197021484375,3895.589111328125,3864.131103515625,444000,1720615444.3359375,3875.260009765625
2025-11-28,3870.944091796875,3888.887939453125,3856.25,449900,1749479316.6748047,3888.595947265625
2025-12-01,3894.212890625,3914.464111328125,3890.947998046875,537600,2104169681.25,3914.006103515625
2025-12-02,3908.4560546875,3908.76904296875,3888.326904296875,455600,1775797548.046875,3897.7119140625
2025-12-03,3894.156005859375,3901.696044921875,3869.952880859375,485600,1883156800.0,3878.0
2025-12-04,3879.741943359375,3888.860107421875,3859.049072265625,445000,1724727871.09375,3875.79296875
2025-12-05,3873.12109375,3907.781005859375,3863.31396484375,500400,1952965175.9765625,3902.80810546875
2025-12-08,3909.22607421875,3936.31103515625,3904.738037109375,547300,2147647824.194336,3924.077880859375
2025-12-09,3916.509033203125,3923.89892578125,3902.1279296875,524500,2050543762.451172,3909.52099609375
2025-12-10,3901.126953125,3906.115966796875,3876.47509765625,497300,1939716707.421875,3900.49609375
2025-12-11,3903.89501953125,3904.962890625,3862.821044921875,525700,2036203333.178711,3873.318115234375
2025-12-12,3869.4130859375,3891.806884765625,3850.596923828125,573900,2232095639.135742,3889.345947265625
2025-12-15,3865.402099609375,3896.97705078125,3863.6298828125,500900,1937441578.027344,3867.9208984375
2025-12-16,3861.513916015625,3862.427001953125,3815.843994140625,512500,1960216156.0058596,3824.81201171875
2025-12-17,3822.509033203125,3881.751953125,3817.99609375,512300,1982743458.422852,3870.278076171875
2025-12-18,3857.257080078125,3888.284912109375,3856.423095703125,461200,1787782348.4375,3876.37109375
2025-12-19,3878.22705078125,3902.6708984375,3871.777099609375,513500,1997745046.9970703,3890.447998046875
2025-12-22,3900.534912109375,3920.011962890625,3900.514892578125,522900,2048389642.7490237,3917.364013671875
2025-12-23,3919.10595703125,3937.126953125,3910.7451171875,521200,2043093056.8359373,3919.97900390625
2025-12-24,3920.346923828125,3947.041015625,3912.31103515625,474900,1871555740.5029297,3940.947021484375
2025-12-25,3937.718994140625,3964.072998046875,3936.077880859375,469300,1858250179.296875,3959.62109375
2025-12-26,3957.8330078125,3977.7060546875,3945.52392578125,555500,2201823659.5458984,3963.678955078125
2025-12-29,3964.65087890625,3983.97900390625,3956.946044921875,563700,2235228352.5146484,3965.280029296875
2025-12-30,3947.87109375,3979.989990234375,3947.4189453125,525900,2085254486.9384768,3965.115966796875
2025-12-31,3968.72607421875,3977.535888671875,3955.487060546875,490800,1947906715.1367188,3968.840087890625
2026-01-05,3986.971923828125,4025.262939453125,3983.575927734375,597000,2401979944.335937,4023.4169921875
2026-01-06,4026.01611328125,4083.6669921875,4025.087890625,702500,2868776062.0117188,4083.6669921875
2026-01-07,4083.843017578125,4098.77685546875,4069.43603515625,683400,2792216566.113281,4085.77197265625
2026-01-08,4077.715087890625,4093.8720703125,4067.1220703125,666100,2719672314.501953,4082.97900390625
2026-01-09,4086.761962890625,4121.72314453125,4083.614990234375,729800,3007086735.15625,4120.42578125
2026-01-12,4134.89306640625,4168.35693359375,4119.87890625,839500,3496758528.3203125,4165.287109375
2026-01-13,4169.7041015625,4179.7021484375,4126.23388671875,868400,3594097284.375,4138.7578125
2026-01-14,4138.64599609375,4190.8662109375,4103.62109375,952600,3930515975.9765625,4126.0927734375
2026-01-15,4106.22412109375,4133.0732421875,4096.85009765625,680300,2797802510.791016,4112.60107421875
2026-01-16,4127.06298828125,4140.22509765625,4091.81103515625,763600,3132220832.421875,4101.9130859375
2026-01-19,4090.718994140625,4126.51806640625,4090.056884765625,688900,2834134600.0,4114.0
2026-01-20,4116.3662109375,4128.93017578125,4080.2939453125,734400,3021063771.09375,4113.64892578125
2026-01-21,4103.52880859375,4135.9580078125,4103.52880859375,667000,2745998940.9179688,4116.93994140625
2026-01-22,4126.07177734375,4140.837890625,4109.9228515625,709700,2925792309.1796875,4122.576171875
2026-01-23,4130.10693359375,4143.75,4120.2041015625,782100,3234893913.28125,4136.1640625
2026-01-26,4144.77783203125,4160.98486328125,4124.7001953125,887400,3667273659.6679688,4132.60498046875
2026-01-27,4125.21484375,4158.8017578125,4101.830078125,755000,3125627375.488281,4139.90380859375
2026-01-28,4150.21484375,4170.14697265625,4138.01904296875,823000,3416468703.613281,4151.23779296875
2026-01-29,4155.91796875,4170.2138671875,4138.298828125,905900,3766717602.978516,4157.98388671875
2026-01-30,4131.9931640625,4152.85009765625,4064.777099609375,804300,3312065771.1914062,4117.9482421875
2026-02-02,4079.7080078125,4103.4072265625,4013.656005859375,733000,2943541886.71875,4015.74609375
2026-02-03,4043.906005859375,4069.41796875,4002.781982421875,637700,2593996546.2646484,4067.738037109375
2026-02-04,4064.677001953125,4104.62109375,4062.68310546875,674300,2766114908.6914062,4102.2021484375
2026-02-05,4075.02490234375,4088.904052734375,4048.93896484375,596700,2432099669.238281,4075.9169921875
2026-02-06,4040.299072265625,4095.030029296875,4029.972900390625,556700,2263310060.4492188,4065.5830078125
2026-02-09,4103.5400390625,4123.1591796875,4093.055908203125,572600,2360881244.53125,4123.08984375
2026-02-10,4127.76611328125,4134.337890625,4117.56298828125,524600,2165744500.390625,4128.373046875
2026-02-11,4124.42822265625,4142.56103515625,4122.42822265625,500700,2068884821.0449216,4131.98486328125
2026-02-12,4136.990234375,4140.5927734375,4124.130859375,529400,2188549164.3554688,4134.01806640625
2026-02-13,4115.923828125,4123.84423828125,4079.77001953125,500800,2044302157.421875,4082.072998046875
2026-02-24,4129.1337890625,4131.5498046875,4105.93701171875,566300,2331688818.4570312,4117.4091796875
2026-02-25,4123.78076171875,4167.84423828125,4122.69921875,724800,3005912289.84375,4147.22998046875
2026-02-26,4151.06787109375,4152.19189453125,4127.15283203125,651700,2702359331.0546875,4146.630859375
2026-02-27,4128.89697265625,4166.23388671875,4128.35986328125,682000,2839084746.09375,4162.880859375
2026-03-02,4151.80078125,4188.77001953125,4131.3681640625,861600,3603720250.78125,4182.5908203125
2026-03-03,4189.408203125,4197.22802734375,4116.01123046875,921100,3797396662.109375,4122.67578125
2026-03-04,4087.632080078125,4106.0400390625,4055.4130859375,765200,3123909197.460937,4082.47412109375
2026-03-05,4109.77685546875,4125.6171875,4090.62109375,689700,2833678587.158203,4108.56689453125
2026-03-06,4085.89599609375,4129.46484375,4085.89599609375,646800,2667528580.6640625,4124.19384765625
2026-03-09,4098.69921875,4106.5341796875,4052.544921875,797800,3268269895.214844,4096.60302734375
2026-03-10,4098.5869140625,4123.9580078125,4098.5869140625,674900,2782705960.107422,4123.13818359375
2026-03-11,4123.6669921875,4135.8388671875,4112.7998046875,707700,2925230608.7402344,4133.43310546875
2026-03-12,4133.2001953125,4141.64892578125,4103.1640625,786200,3246300800.097656,4129.10302734375
2026-03-13,4117.57421875,4134.080078125,4086.846923828125,792100,3244004359.2529297,4095.447998046875
2026-03-16,4092.2490234375,4096.1328125,4048.0869140625,732200,2990880227.685547,4084.785888671875
2026-03-17,4086.294921875,4108.39990234375,4049.580078125,678800,2749076859.6679688,4049.906982421875
2026-03-18,4053.304931640625,4065.373046875,4023.030029296875,623900,2534895646.923828,4062.98388671875
2026-03-19,4028.5419921875,4042.02197265625,3994.1650390625,667300,2673572150.9033203,4006.552001953125
2026-03-20,4004.572998046875,4022.702880859375,3955.7109375,666800,2638562926.0742188,3957.052978515625
2026-03-23,3904.950927734375,3906.6220703125,3794.68408203125,804700,3068548797.0947266,3813.282958984375
2026-03-24,3849.631103515625,3881.424072265625,3807.993896484375,680600,2641599187.939453,3881.280029296875
2026-03-25,3892.26904296875,3933.06103515625,3891.81591796875,688300,2706283347.9492188,3931.8369140625
2026-03-26,3924.9619140625,3937.10400390625,3880.572998046875,616000,2395675132.8125,3889.0830078125
2026-03-27,3852.093994140625,3924.10693359375,3852.093994140625,561300,2196773349.169922,3913.72412109375
2026-03-30,3884.277099609375,3924.2890625,3872.77587890625,595600,2336709802.34375,3923.287109375
2026-03-31,3924.06689453125,3948.81103515625,3891.861083984375,606700,2361192119.6533203,3891.861083984375
2026-04-01,3939.56591796875,3955.943115234375,3929.9208984375,564600,2229352460.3027344,3948.552001953125
2026-04-02,3940.799072265625,3952.575927734375,3900.115966796875,544200,2132874849.1699216,3919.284912109375
2026-04-03,3927.592041015625,3929.529052734375,3871.300048828125,492700,1911723754.3701167,3880.096923828125
2026-04-07,3884.14990234375,3902.60595703125,3875.68408203125,473600,1842382162.5,3890.1650390625
2026-04-08,3930.2509765625,3994.998046875,3926.2490234375,644100,2573178241.9921875,3994.998046875
2026-04-09,3967.6298828125,3979.126953125,3955.24609375,541600,2148078158.59375,3966.1708984375
2026-04-10,3985.464111328125,4011.02392578125,3979.81396484375,546400,2178073393.359375,3986.22509765625
2026-04-13,3971.197998046875,3991.261962890625,3966.197998046875,545800,2176955013.964844,3988.55810546875
2026-04-14,4006.72705078125,4026.625,3992.406982421875,570300,2296384237.5,4026.625
2026-04-15,4039.470947265625,4050.62109375,4020.904052734375,569500,2293495516.6015625,4027.208984375
2026-04-16,4030.137939453125,4057.8310546875,4028.908935546875,545900,2213923172.338867,4055.547119140625
2026-04-17,4043.381103515625,4058.60400390625,4038.428955078125,548800,2223422066.796875,4051.425048828125
2026-04-20,4053.375,4083.18994140625,4051.68505859375,589800,2407638476.953125,4082.126953125
2026-04-21,4075.844970703125,4086.636962890625,4062.133056640625,576700,2355863850.708008,4085.076904296875
2026-04-22,4074.81298828125,4106.84423828125,4074.679931640625,582500,2391895175.78125,4106.2578125
2026-04-23,4110.7880859375,4114.84423828125,4070.4599609375,671200,2747389400.0,4093.25
2026-04-24,4081.032958984375,4092.613037109375,4061.14501953125,605000,2468339440.9179688,4079.89990234375
2026-04-27,4074.81103515625,4092.8310546875,4071.080078125,590000,2410942956.5429688,4086.343994140625
2026-04-28,4076.14306640625,4090.200927734375,4062.8720703125,600500,2449221496.2158203,4078.636962890625
2026-04-29,4061.822021484375,4112.15185546875,4061.822021484375,614200,2522835197.1679688,4107.51416015625
2026-04-30,4107.296875,4118.7548828125,4100.9658203125,656900,2701277365.1367188,4112.1591796875
2026-05-06,4135.451171875,4166.14697265625,4129.9111328125,701200,2917113888.28125,4160.173828125
2026-05-07,4168.44677734375,4180.2099609375,4163.13720703125,685600,2865870935.9375,4180.091796875
2026-05-08,4163.85400390625,4183.06298828125,4154.24609375,697000,2913427328.125,4179.953125
2026-05-11,4201.34716796875,4229.580078125,4186.08203125,762700,3222423513.720703,4225.02099609375
2026-05-12,4229.283203125,4230.18408203125,4199.34423828125,719000,3030217425.2929688,4214.48876953125
2026-05-13,4192.31396484375,4245.06787109375,4192.31396484375,705000,2991013103.027344,4242.57177734375
2026-05-14,4256.1572265625,4258.86279296875,4177.9169921875,764200,3192764165.4296875,4177.9169921875
2026-05-15,4174.1748046875,4191.80712890625,4114.0849609375,733200,3032067332.2265625,4135.38916015625
2026-05-18,4120.14013671875,4145.6611328125,4108.60400390625,627200,2591294256.25,4131.52783203125
2026-05-19,4122.9609375,4170.2890625,4107.9951171875,617600,2575106721.875,4169.5380859375
2026-05-20,4152.6982421875,4169.84716796875,4139.97509765625,624200,2598035913.5742188,4162.18505859375
2026-05-21,4174.376953125,4199.52685546875,4074.217041015625,727200,2964995906.835937,4077.277099609375
2026-05-22,4096.171875,4120.0869140625,4067.7470703125,589500,2424553916.748047,4112.89892578125
2026-05-25,4126.3369140625,4153.87890625,4119.7998046875,615900,2557566551.8066406,4152.56787109375
2026-05-26,4137.31982421875,4150.2890625,4104.458984375,654800,2714390271.09375,4145.373046875
2026-05-27,4138.80517578125,4153.56201171875,4077.615966796875,660500,2703906717.041016,4093.72705078125
2026-05-28,4080.303955078125,4110.7822265625,4055.826904296875,621200,2546072826.3671875,4098.63623046875
2026-05-29,4110.52099609375,4112.955078125,4055.885986328125,731600,2976565147.5585938,4068.569091796875
2026-06-01,4067.157958984375,4093.041015625,4045.68994140625,676000,2743032233.398437,4057.739990234375
2026-06-02,4061.462890625,4089.574951171875,4032.5830078125,642200,2617030537.0117188,4075.10205078125
2026-06-03,4068.341064453125,4107.0458984375,4059.906982421875,668500,2730136699.951172,4083.97412109375
2026-06-04,4053.669921875,4080.718017578125,4043.43310546875,621200,2520693560.839844,4057.781005859375
2026-06-05,4044.8291015625,4078.931884765625,4015.06298828125,662900,2669986250.073242,4027.736083984375
2026-06-08,3938.708984375,4007.492919921875,3927.85302734375,659300,2610391471.2890625,3959.337890625
2026-06-09,3977.5390625,4010.8720703125,3955.907958984375,576600,2312183877.978516,4010.031005859375
2026-06-10,3985.125,4006.31298828125,3963.44189453125,598700,2390744450.6347656,3993.22607421875
2026-06-11,3979.7060546875,3997.47802734375,3958.43701171875,568500,2266617966.430664,3987.014892578125
2026-06-12,4017.864990234375,4060.27099609375,4008.177001953125,743100,2995817265.307617,4031.512939453125
2026-06-15,4053.58203125,4097.166015625,4051.06494140625,678900,2781094954.8339844,4096.47216796875
2026-06-16,4094.2119140625,4103.92578125,4077.8701171875,615700,2519377959.716797,4091.89208984375
2026-06-17,4074.291015625,4109.9580078125,4073.73193359375,608100,2498121120.1171875,4108.076171875
2026-06-18,4094.22998046875,4117.451171875,4080.2939453125,658100,2691945517.8222656,4090.48095703125
2026-06-22,4093.955078125,4164.41796875,4070.172119140625,743700,3096095363.8183594,4163.09716796875
2026-06-23,4153.5927734375,4175.34814453125,4085.591064453125,709000,2911331942.3828125,4106.2509765625
2026-06-24,4090.10009765625,4117.28515625,4075.491943359375,644500,2649418970.9472656,4110.81298828125
2026-06-25,4103.48193359375,4133.09814453125,4093.009033203125,670500,2762648250.732422,4120.28076171875
2026-06-26,4098.68701171875,4099.77978515625,4007.85888671875,660100,2658397555.5908203,4027.264892578125
2026-06-29,4026.68603515625,4075.333984375,3992.552001953125,659200,2685516264.0625,4073.902099609375
2026-06-30,4058.1689453125,4097.4150390625,4052.169921875,598400,2450087148.4375,4094.39697265625
2026-07-01,4090.760009765625,4143.31298828125,4087.534912109375,672300,2764796655.3222656,4112.44482421875
2026-07-02,4054.0859375,4093.677978515625,4019.215087890625,656200,2643766839.404297,4028.904052734375
2026-07-03,4031.3349609375,4073.8798828125,4027.2548828125,602000,2434273125.9765625,4043.64306640625
2026-07-06,4059.194091796875,4060.069091796875,4005.4140625,590400,2385946937.109375,4041.238037109375
2026-07-07,4019.493896484375,4028.513916015625,3971.712890625,514500,2052975962.7685547,3990.235107421875
2026-07-08,3996.806884765625,4016.02587890625,3967.9130859375,496200,1970350597.8515625,3970.8798828125
2026-07-09,3977.547119140625,4040.5390625,3938.876953125,553100,2232636762.3046875,4036.587890625
2026-07-10,4031.537109375,4074.827880859375,3995.806884765625,627500,2507591723.6328125,3996.162109375
2026-07-13,3966.02294921875,3983.052978515625,3900.6669921875,590900,2312660842.285156,3913.7939453125
2026-07-14,3909.27392578125,3967.1259765625,3869.303955078125,580000,2300933066.40625,3967.1259765625
2026-07-15,3963.72705078125,3981.672119140625,3943.695068359375,576200,2279203974.951172,3955.577880859375
2026-07-16,3912.381103515625,3940.449951171875,3867.60107421875,535300,2078255724.902344,3882.4130859375
2026-07-17,3865.31591796875,3869.215087890625,3745.174072265625,650500,2448582846.557617,3764.155029296875
2026-07-20,3791.662109375,3831.658935546875,3741.110107421875,709200,2692322489.3554688,3796.281005859375
2026-07-21,3812.162109375,3864.60009765625,3743.360107421875,735000,2840309703.3691406,3864.366943359375
2026-07-22,3839.6650390625,3884.43505859375,3839.6650390625,614300,2375518946.6064453,3867.033935546875
2026-07-23,3868.0869140625,3878.83203125,3851.7060546875,562100,2179136407.6904297,3876.777099609375
2026-07-24,3853.632080078125,3861.0400390625,3808.635986328125,508200,1938375422.6074216,3814.197998046875
2026-07-27,3808.903076171875,3858.31005859375,3793.448974609375,504900,1948027959.6679688,3858.2451171875
2026-07-28,3823.133056640625,3844.011962890625,3797.373046875,494800,1886828233.0078125,3813.31494140625
2026-07-29,3823.29296875,3845.76611328125,3782.48095703125,571200,2186821489.453125,3828.468994140625
2026-07-30,3812.111083984375,3839.341064453125,3767.5029296875,592300,2253519732.1533203,3804.693115234375
2026-07-31,3833.535888671875,3847.093017578125,3822.3740234375,597500,2289776522.8271484,3832.261962890625
2026-08-03,3812.613037109375,3827.635986328125,3797.64306640625,524500,1998168288.5742188,3809.6630859375
2026-08-04,3816.3701171875,3831.93994140625,3799.52392578125,540300,2065180538.0126956,3822.284912109375
2026-08-05,3815.1220703125,3884.39697265625,3815.1220703125,592200,2296806205.517578,3878.429931640625
2026-08-06,3864.27294921875,3902.053955078125,3864.27294921875,588600,2295747217.089844,3900.35205078125
2026-08-07,3896.485107421875,3940.93505859375,3885.625,565000,2226120966.796875,3940.037109375
2026-08-10,3943.81591796875,3967.592041015625,3938.625,542100,2150290604.223633,3966.593994140625
2026-08-11,3950.7080078125,3966.39111328125,3930.638916015625,529500,2083102252.8076167,3934.093017578125
2026-08-12,3933.552978515625,3950.62109375,3927.549072265625,503300,1986361552.0751956,3946.675048828125
2026-08-13,3957.160888671875,3968.47607421875,3924.64208984375,572800,2249365602.34375,3926.965087890625
2026-08-14,3930.02099609375,3932.639892578125,3903.705078125,499500,1961624912.475586,3927.177001953125
2026-08-17,3930.10400390625,3983.507080078125,3924.47412109375,489800,1950703955.0292969,3982.654052734375
2026-08-18,3979.489990234375,3994.180908203125,3955.60107421875,511200,2039843381.8359373,3990.303955078125
2026-08-19,3952.1220703125,3961.136962890625,3879.5791015625,572200,2228388336.5722656,3894.422119140625
2026-08-20,3907.2060546875,3925.06201171875,3888.09912109375,506600,1977625031.8847656,3903.720947265625
2026-08-21,3891.175048828125,3912.131103515625,3883.787109375,446900,1745235167.4560547,3905.202880859375
