date,open,high,low,volume,amount,close
2015-01-02,0.503250002861023,0.5070000290870667,0.4952499866485595,113680000,57209460.32524109,0.503250002861023
2015-01-05,0.503250002861023,0.5047500133514404,0.4925000071525574,197952000,97936750.6313324,0.4947499930858612
2015-01-06,0.4954999983310699,0.4959999918937683,0.4792500138282776,197764000,94877280.46166895,0.4797500073909759
2015-01-07,0.4832499921321869,0.4875000119209289,0.4769999980926513,321808000,153985130.76210022,0.4785000085830688
2015-01-08,0.4839999973773956,0.4995000064373016,0.4837499856948852,283780000,140896765.8728361,0.4964999854564667
2015-01-09,0.4982500076293945,0.5022500157356262,0.4914999902248382,209540000,104455687.80183792,0.4984999895095825
2015-01-12,0.4997499883174896,0.5,0.4877499938011169,190732000,93887826.135993,0.492249995470047
2015-01-13,0.4959999918937683,0.5059999823570251,0.4880000054836273,236720000,116347877.68602373,0.4914999902248382
2015-01-14,0.4862500131130218,0.4950000047683716,0.4850000143051147,155260000,76620809.11159515,0.4934999942779541
2015-01-15,0.4970000088214874,0.5,0.4897499978542328,188932000,92576681.80179596,0.4900000095367431
2015-01-16,0.4892500042915344,0.4995000064373016,0.4877499938011169,181512000,90574490.336895,0.4990000128746032
2015-01-20,0.5024999976158142,0.5052499771118164,0.4942499995231628,140308000,70224157.27829933,0.5005000233650208
2015-01-21,0.4977500140666961,0.5087500214576721,0.4942499995231628,144780000,73475848.96445274,0.5074999928474426
2015-01-22,0.5084999799728394,0.5177500247955322,0.503250002861023,159712000,82451322.28469849,0.5162500143051147
2015-01-23,0.5167499780654907,0.518750011920929,0.512499988079071,120416000,62345386.98577881,0.5177500247955322
2015-01-26,0.515500009059906,0.5180000066757202,0.5122500061988831,133240000,68685221.20714188,0.515500009059906
2015-01-27,0.5074999928474426,0.5080000162124634,0.4897499978542328,357948000,175662986.29117012,0.4907500147819519
2015-01-28,0.496749997138977,0.4987500011920929,0.4824999868869781,272728000,131659441.60985948,0.4827499985694885
2015-01-29,0.4830000102519989,0.4972499907016754,0.4807499945163727,235340000,116375632.63714314,0.4945000112056732
2015-01-30,0.4909999966621399,0.496749997138977,0.4792500138282776,298200000,143135996.8006611,0.4799999892711639
2015-02-02,0.4830000102519989,0.4925000071525574,0.4735000133514404,259604000,127335762.80462742,0.4905000030994415
2015-02-03,0.4939999878406524,0.503250002861023,0.4914999902248382,183468000,92238533.23817252,0.5027499794960022
2015-02-04,0.5012500286102295,0.5097500085830688,0.4997499883174896,181516000,91484065.47141077,0.5040000081062317
2015-02-05,0.5044999718666077,0.512499988079071,0.5040000081062317,140448000,71944488.87062073,0.5122500061988831
2015-02-06,0.5117499828338623,0.5177500247955322,0.5077499747276306,210524000,107367237.99228668,0.5099999904632568
2015-02-09,0.5070000290870667,0.5109999775886536,0.5037500262260437,273944000,139574475.315094,0.5095000267028809
2015-02-10,0.5099999904632568,0.5239999890327454,0.5077499747276306,226204000,118474346.61793707,0.5237500071525574
2015-02-11,0.5249999761581421,0.5249999761581421,0.5167499780654907,320832000,166912855.1902771,0.5202500224113464
2015-02-12,0.550000011920929,0.5625,0.546750009059906,676904000,377373983.2277298,0.5575000047683716
2015-02-13,0.5562499761581421,0.5584999918937683,0.5477499961853027,310084000,172949346.85993195,0.5577499866485596
2015-02-17,0.5567499995231628,0.562250018119812,0.5532500147819519,203340000,113768725.73375702,0.559499979019165
2015-02-18,0.5587499737739563,0.5597500205039978,0.5519999861717224,170948000,94534239.43519592,0.5529999732971191
2015-02-19,0.5600000023841858,0.5609999895095825,0.5519999861717224,169432000,93950041.2530899,0.5544999837875366
2015-02-20,0.5540000200271606,0.5587499737739563,0.550000011920929,157752000,88104490.72122574,0.5584999918937683
2015-02-23,0.5582500100135803,0.5582500100135803,0.5512499809265137,125008000,69254434.5035553,0.5540000200271606
2015-02-24,0.5540000200271606,0.5577499866485596,0.5490000247955322,149356000,83303307.00588226,0.5577499866485596
2015-02-25,0.5554999709129333,0.5580000281333923,0.5509999990463257,123820000,68534369.58670616,0.5534999966621399
2015-02-26,0.5540000200271606,0.5582500100135803,0.5504999756813049,152864000,84839521.09336853,0.5550000071525574
2015-02-27,0.5534999966621399,0.5547500252723694,0.5494999885559082,157492000,86856841.52960777,0.5515000224113464
2015-03-02,0.550000011920929,0.5680000185966492,0.5492500066757202,301512000,170354279.28113937,0.5649999976158142
2015-03-03,0.5607500076293945,0.5634999871253967,0.5527499914169312,160344000,88910745.40042877,0.5544999837875366
2015-03-04,0.5525000095367432,0.5619999766349792,0.5502499938011169,226840000,127200531.73065186,0.5607500076293945
2015-03-05,0.5607500076293945,0.5724999904632568,0.559249997138977,323056000,184626505.07831573,0.5715000033378601
2015-03-06,0.5682500004768372,0.5709999799728394,0.5632500052452087,257392000,145104747.3640442,0.5637500286102295
2015-03-09,0.5640000104904175,0.5695000290870667,0.562749981880188,222388000,125704812.44015694,0.5652499794960022
2015-03-10,0.5677499771118164,0.5787500143051147,0.5667499899864197,527212000,303146893.7151432,0.574999988079071
2015-03-11,0.574999988079071,0.5824999809265137,0.5705000162124634,262120000,149932646.99935913,0.5720000267028809
2015-03-12,0.5665000081062317,0.5707499980926514,0.5559999942779541,406972000,230651376.9247532,0.5667499899864197
2015-03-13,0.5640000104904175,0.5690000057220459,0.5562499761581421,359288000,203895938.2867813,0.5674999952316284
2015-03-16,0.5720000267028809,0.577750027179718,0.5682500004768372,236956000,136071978.93238068,0.5742499828338623
2015-03-17,0.5730000138282776,0.5814999938011169,0.5690000057220459,299900000,174316878.5750866,0.581250011920929
2015-03-18,0.581250011920929,0.5842499732971191,0.5665000081062317,413844000,236615300.8825779,0.5717499852180481
2015-03-19,0.5737500190734863,0.5824999809265137,0.5695000290870667,310756000,180393860.0745201,0.5805000066757202
2015-03-20,0.5852500200271606,0.5902500152587891,0.5797500014305115,462084000,271127773.5593319,0.5867499709129333
2015-03-23,0.5692499876022339,0.5767499804496765,0.5674999952316284,426012000,241868303.24935916,0.5677499771118164
2015-03-24,0.5659999847412109,0.5699999928474426,0.5575000047683716,330480000,185068800.7879257,0.5600000023841858
2015-03-25,0.5597500205039978,0.5597500205039978,0.5242499709129333,542552000,285382364.4180298,0.5260000228881836
2015-03-26,0.515250027179718,0.5264999866485596,0.5115000009536743,311920000,163524050.92716217,0.5242499709129333
2015-03-27,0.5272499918937683,0.5364999771118164,0.518750011920929,318288000,170124936.91062927,0.534500002861023
2015-03-30,0.5370000004768372,0.5394999980926514,0.5299999713897705,253252000,135933015.7096386,0.5367500185966492
2015-03-31,0.5352500081062317,0.5357499718666077,0.5227500200271606,357276000,186944661.20767596,0.5232499837875366
2015-04-01,0.5252500176429749,0.5270000100135803,0.5162500143051147,330768000,173735897.8357315,0.5252500176429749
2015-04-02,0.528249979019165,0.5297499895095825,0.5220000147819519,192204000,101195403.43379974,0.5264999866485596
2015-04-06,0.5242499709129333,0.5435000061988831,0.518750011920929,515864000,279469329.1335106,0.5417500138282776
2015-04-07,0.5417500138282776,0.5525000095367432,0.5387499928474426,413964000,226231337.2514248,0.546500027179718
2015-04-08,0.546999990940094,0.5525000095367432,0.5417500138282776,366432000,201720807.08885196,0.5504999756813049
2015-04-09,0.5462499856948853,0.5649999976158142,0.5460000038146973,379432000,213715075.99020004,0.5632500052452087
2015-04-10,0.5637500286102295,0.5692499876022339,0.5617499947547913,258728000,147216233.4804535,0.5690000057220459
2015-04-13,0.5677499771118164,0.5709999799728394,0.5612499713897705,236724000,133453161.77272797,0.5637500286102295
2015-04-14,0.5615000128746033,0.5637500286102295,0.5534999966621399,220276000,123134287.36114502,0.5590000152587891
2015-04-15,0.5605000257492065,0.5699999928474426,0.5577499866485596,243560000,137794070.69683075,0.565750002861023
2015-04-16,0.5625,0.5672500133514404,0.5582500100135803,155284000,87308431.81371689,0.562250018119812
2015-04-17,0.5504999756813049,0.5605000257492065,0.5502499938011169,293636000,162967982.10024834,0.5550000071525574
2015-04-20,0.5575000047683716,0.5609999895095825,0.5512499809265137,231624000,127914360.40592194,0.5522500276565552
2015-04-21,0.5590000152587891,0.5590000152587891,0.5487499833106995,230456000,127096489.16482924,0.5515000224113464
2015-04-22,0.5547500252723694,0.5584999918937683,0.5462499856948853,207420000,115688502.23064424,0.5577499866485596
2015-04-23,0.5475000143051147,0.5607500076293945,0.5412499904632568,259380000,144085582.45539665,0.5554999709129333
2015-04-24,0.5552499890327454,0.5554999709129333,0.5444999933242798,240960000,132708724.13635254,0.5507500171661377
2015-04-27,0.5525000095367432,0.5647500157356262,0.5477499961853027,248456000,137893081.7770958,0.5550000071525574
2015-04-28,0.5540000200271606,0.5597500205039978,0.5487499833106995,234484000,130783447.86930084,0.5577499866485596
2015-04-29,0.5537499785423279,0.559249997138977,0.5512499809265137,195156000,108018845.34859656,0.5534999966621399
2015-04-30,0.5507500171661377,0.5577499866485596,0.5494999885559082,218844000,121458421.56529428,0.5550000071525574
2015-05-01,0.559499979019165,0.5705000162124634,0.5569999814033508,256968000,146150556.12659454,0.5687500238418579
2015-05-04,0.5682500004768372,0.5720000267028809,0.5634999871253967,200720000,113456975.88443756,0.5652499794960022
2015-05-05,0.5632500052452087,0.5640000104904175,0.5482500195503235,292928000,161330101.02844238,0.5507500171661377
2015-05-06,0.5537499785423279,0.5590000152587891,0.5452499985694885,316484000,174857413.01822662,0.5525000095367432
2015-05-07,0.5502499938011169,0.5640000104904175,0.5485000014305115,534564000,300558618.6861992,0.562250018119812
2015-05-08,0.5252500176429749,0.5460000038146973,0.5122500061988831,1146552000,597066938.1451607,0.5207499861717224
2015-05-11,0.5134999752044678,0.5210000276565552,0.5095000267028809,544144000,280642263.0701065,0.515749990940094
2015-05-12,0.5120000243186951,0.5249999761581421,0.5117499828338623,388800000,202467594.62356567,0.5207499861717224
2015-05-13,0.5245000123977661,0.5285000205039978,0.518750011920929,308524000,161589447.2067356,0.5237500071525574
2015-05-14,0.5252500176429749,0.5350000262260437,0.5239999890327454,293052000,155976923.22707176,0.5322499871253967
2015-05-15,0.534500002861023,0.5370000004768372,0.5292500257492065,215824000,114926286.17477416,0.5325000286102295
2015-05-18,0.53125,0.5350000262260437,0.5287500023841858,324972000,172803868.59297752,0.5317500233650208
2015-05-19,0.5299999713897705,0.5317500233650208,0.5249999761581421,253808000,133503013.8092041,0.5260000228881836
2015-05-20,0.5262500047683716,0.5325000286102295,0.5254999995231628,196824000,103529428.50494383,0.5260000228881836
2015-05-21,0.5262500047683716,0.5285000205039978,0.5217499732971191,239692000,125179146.19994164,0.5222499966621399
2015-05-22,0.5235000252723694,0.5254999995231628,0.5202500224113464,212592000,110866726.17530824,0.5214999914169312
2015-05-26,0.5189999938011169,0.5224999785423279,0.5142499804496765,259732000,134606106.02760315,0.5182499885559082
2015-05-27,0.5217499732971191,0.5485000014305115,0.5199999809265137,432332000,236053273.6492157,0.5460000038146973
2015-05-28,0.5460000038146973,0.5552499890327454,0.5450000166893005,327656000,181357594.9063301,0.5534999966621399
2015-05-29,0.5534999966621399,0.5569999814033508,0.5525000095367432,335168000,185431700.9544373,0.5532500147819519
2015-06-01,0.5567499995231628,0.5649999976158142,0.5532500147819519,372660000,208503262.18128204,0.559499979019165
2015-06-02,0.5559999942779541,0.5590000152587891,0.5479999780654907,224304000,123030744.32086945,0.5485000014305115
2015-06-03,0.550000011920929,0.5542500019073486,0.5414999723434448,250788000,136052494.7834015,0.5425000190734863
2015-06-04,0.5392500162124634,0.5540000200271606,0.5392500162124634,323712000,178769960.9527588,0.5522500276565552
2015-06-05,0.5504999756813049,0.5590000152587891,0.5447499752044678,313320000,174362585.52789688,0.5565000176429749
2015-06-08,0.5547500252723694,0.5584999918937683,0.5375000238418579,342812000,186404020.9133625,0.543749988079071
2015-06-09,0.5442500114440918,0.5504999756813049,0.5432500243186951,256888000,140389298.9821434,0.546500027179718
2015-06-10,0.5400000214576721,0.5435000061988831,0.5337499976158142,529460000,284187664.84618187,0.5367500185966492
2015-06-11,0.5367500185966492,0.5462499856948853,0.5367500185966492,283052000,153555715.39878845,0.5425000190734863
2015-06-12,0.5389999747276306,0.5422499775886536,0.5264999866485596,323728000,170847456.93969727,0.5277500152587891
2015-06-15,0.5249999761581421,0.5292500257492065,0.5210000276565552,306548000,161474167.62423515,0.5267500281333923
2015-06-16,0.5257499814033508,0.5339999794960022,0.5205000042915344,256892000,136987652.38523483,0.5332499742507935
2015-06-17,0.5329999923706055,0.5425000190734863,0.5317500233650208,233544000,125996987.55455016,0.5394999980926514
2015-06-18,0.5440000295639038,0.5519999861717224,0.5425000190734863,299404000,164223094.42830086,0.5485000014305115
2015-06-19,0.5485000014305115,0.5529999732971191,0.5417500138282776,355656000,194454921.22220996,0.546750009059906
2015-06-22,0.5477499961853027,0.5507500171661377,0.5362499952316284,514236000,280001498.56710434,0.5444999933242798
2015-06-23,0.5454999804496765,0.5497499704360962,0.5262500047683716,414064000,219660949.8281479,0.5304999947547913
2015-06-24,0.5297499895095825,0.5325000286102295,0.5227500200271606,253368000,133081546.47016524,0.5252500176429749
2015-06-25,0.5252500176429749,0.5325000286102295,0.5252500176429749,350460000,185480964.02406693,0.5292500257492065
2015-06-26,0.5249999761581421,0.5254999995231628,0.5162500143051147,421296000,218441963.5448456,0.5184999704360962
2015-06-29,0.512499988079071,0.5177500247955322,0.5022500157356262,391724000,197037180.2186966,0.503000020980835
2015-06-30,0.5059999823570251,0.5082499980926514,0.4992499947547912,315916000,158826762.52245903,0.5027499794960022
2015-07-01,0.515250027179718,0.5224999785423279,0.5055000185966492,302892000,154474917.1113968,0.5099999904632568
2015-07-02,0.5097500085830688,0.5137500166893005,0.5072500109672546,145764000,74412524.01566505,0.5105000138282776
2015-07-06,0.5062500238418579,0.5132499933242798,0.5005000233650208,214776000,108300795.84932327,0.5042499899864197
2015-07-07,0.5012500286102295,0.503250002861023,0.4790000021457672,594252000,294006172.8912592,0.4947499930858612
2015-07-08,0.492000013589859,0.4950000047683716,0.4872500002384186,332492000,163336697.77452946,0.4912500083446502
2015-07-09,0.4990000128746032,0.5012500286102295,0.4822500050067901,357588000,173519575.63591003,0.4852499961853027
2015-07-10,0.4914999902248382,0.4982500076293945,0.4902499914169311,216708000,106999576.29168034,0.4937500059604645
2015-07-13,0.4987500011920929,0.4997499883174896,0.4937500059604645,212472000,105598585.87431908,0.4970000088214874
2015-07-14,0.4977500140666961,0.4982500076293945,0.4907500147819519,249216000,123922653.68270874,0.4972499907016754
2015-07-15,0.4959999918937683,0.4992499947547912,0.4892500042915344,265732000,131205176.58388616,0.4937500059604645
2015-07-16,0.496749997138977,0.5047500133514404,0.4950000047683716,282848000,142767531.77642822,0.5047500133514404
2015-07-17,0.503000020980835,0.5034999847412109,0.4952499866485595,220372000,110571649.31869508,0.5017499923706055
2015-07-20,0.5017499923706055,0.5037500262260437,0.4912500083446502,188412000,92792911.34762764,0.4925000071525574
2015-07-21,0.4914999902248382,0.5017499923706055,0.4914999902248382,149720000,74073968.96481514,0.4947499930858612
2015-07-22,0.4912500083446502,0.4912500083446502,0.4792500138282776,356472000,172978036.64016724,0.4852499961853027
2015-07-23,0.4862500131130218,0.4984999895095825,0.4852499961853027,169916000,83471236.4178896,0.4912500083446502
2015-07-24,0.4947499930858612,0.4952499866485595,0.4835000038146972,188844000,91683763.4857893,0.4855000078678131
2015-07-27,0.481249988079071,0.4882499873638153,0.4772500097751617,192420000,92890754.72474098,0.4827499985694885
2015-07-28,0.4839999973773956,0.4964999854564667,0.4790000021457672,198308000,97815423.4585762,0.4932500123977661
2015-07-29,0.492249995470047,0.503250002861023,0.4902499914169311,232680000,116165488.77954485,0.4992499947547912
2015-07-30,0.4979999959468841,0.5055000185966492,0.4979999959468841,190180000,95185094.44355965,0.5005000233650208
2015-07-31,0.5024999976158142,0.5027499794960022,0.4957500100135803,218340000,108897075.26028156,0.4987500011920929
2015-08-03,0.5027499794960022,0.5077499747276306,0.4962500035762787,397132000,201445211.35544777,0.5072500109672546
2015-08-04,0.5055000185966492,0.5107499957084656,0.5034999847412109,260100000,132455921.15521432,0.5092499852180481
2015-08-05,0.5217499732971191,0.5222499966621399,0.5134999752044678,234628000,120716111.14645004,0.5145000219345093
2015-08-06,0.5132499933242798,0.5170000195503235,0.5027499794960022,655676000,335214367.5060272,0.5112500190734863
2015-08-07,0.5615000128746033,0.5842499732971191,0.546999990940094,1405248000,807315010.1737976,0.5745000243186951
2015-08-10,0.5705000162124634,0.5987499952316284,0.5669999718666077,662304000,393739731.4739227,0.5945000052452087
2015-08-11,0.5857499837875366,0.5972499847412109,0.5857499837875366,435008000,257307225.1548767,0.5914999842643738
2015-08-12,0.5820000171661377,0.5972499847412109,0.5820000171661377,384048000,227740461.98558807,0.5929999947547913
2015-08-13,0.59375,0.5950000286102295,0.5864999890327454,276884000,162807791.86797142,0.5879999995231628
2015-08-14,0.5874999761581421,0.5920000076293945,0.5839999914169312,214652000,126322706.91299438,0.5885000228881836
2015-08-17,0.5874999761581421,0.5874999761581421,0.5774999856948853,273880000,160151329.08582687,0.5847499966621399
2015-08-18,0.5805000066757202,0.5845000147819519,0.5724999904632568,287084000,165647474.29704666,0.5770000219345093
2015-08-19,0.5762500166893005,0.5827500224113464,0.5684999823570251,249248000,143255289.5450592,0.5747500061988831
2015-08-20,0.5682500004768372,0.5709999799728394,0.5512499809265137,426932000,236520336.55023572,0.5540000200271606
2015-08-21,0.550000011920929,0.559249997138977,0.5362499952316284,382664000,205394909.11626816,0.5367500185966492
2015-08-24,0.5067499876022339,0.5457500219345093,0.5,682284000,353252557.9175949,0.5177500247955322
2015-08-25,0.5404999852180481,0.5425000190734863,0.5070000290870667,622684000,315700806.112051,0.5070000290870667
2015-08-26,0.5235000252723694,0.5457500219345093,0.5195000171661377,614976000,335315663.1202698,0.5452499985694885
2015-08-27,0.5509999990463257,0.5659999847412109,0.5477499961853027,463764000,262374484.32683945,0.565750002861023
2015-08-28,0.565750002861023,0.5717499852180481,0.5617499947547913,320944000,182376428.153038,0.5682500004768372
2015-08-31,0.565500020980835,0.5695000290870667,0.5597500205039978,219352000,123275818.87483595,0.5619999766349792
2015-09-01,0.5457500219345093,0.5550000071525574,0.5350000262260437,353408000,190486903.06854248,0.5389999747276306
2015-09-02,0.5537499785423279,0.5554999709129333,0.5444999933242798,344044000,191030427.22678185,0.5552499890327454
2015-09-03,0.5634999871253967,0.5662500262260437,0.5557500123977661,262556000,146178052.87480354,0.5567499995231628
2015-09-04,0.547249972820282,0.5559999942779541,0.5435000061988831,287972000,156584771.56710625,0.543749988079071
2015-09-08,0.5569999814033508,0.5692499876022339,0.5547500252723694,238448000,135200009.29164886,0.5669999718666077
2015-09-09,0.5687500238418579,0.5734999775886536,0.5544999837875366,289392000,160829607.58781433,0.5557500123977661
2015-09-10,0.5525000095367432,0.5715000033378601,0.550000011920929,357076000,201569392.80557632,0.5644999742507935
2015-09-11,0.5582500100135803,0.5699999928474426,0.5559999942779541,301584000,170771947.90935516,0.5662500262260437
2015-09-14,0.5690000057220459,0.5707499980926514,0.5642499923706055,192460000,109172937.56961824,0.5672500133514404
2015-09-15,0.5674999952316284,0.5764999985694885,0.565750002861023,327976000,188094228.64961624,0.5734999775886536
2015-09-16,0.5724999904632568,0.5807499885559082,0.5682500004768372,173508000,100200867.51794817,0.5774999856948853
2015-09-17,0.5874999761581421,0.5927500128746033,0.5814999938011169,268712000,156591924.02219772,0.5827500224113464
2015-09-18,0.5747500061988831,0.5872499942779541,0.5712500214576721,326412000,190053386.6887093,0.5822499990463257
2015-09-21,0.5830000042915344,0.5895000100135803,0.5799999833106995,281840000,165792374.7587204,0.5882499814033508
2015-09-22,0.5755000114440918,0.5795000195503235,0.5692499876022339,228356000,130676722.95999528,0.5722500085830688
2015-09-23,0.5727499723434448,0.578499972820282,0.5705000162124634,161632000,92938398.0731964,0.574999988079071
2015-09-24,0.5715000033378601,0.5920000076293945,0.5625,382440000,224109849.66516492,0.5860000252723694
2015-09-25,0.5932499766349792,0.6017500162124634,0.5845000147819519,369692000,218210708.64105225,0.5902500152587891
2015-09-28,0.5902500152587891,0.593999981880188,0.5787500143051147,395584000,230427672.454834,0.5824999809265137
2015-09-29,0.5887500047683716,0.59375,0.5805000066757202,380736000,225681268.90182492,0.5927500128746033
2015-09-30,0.5982499718666077,0.6169999837875366,0.5947499871253967,556380000,342869163.0613804,0.6162499785423279
2015-10-01,0.6162499785423279,0.6179999709129333,0.5867499709129333,489296000,295657114.7661209,0.6042500138282776
2015-10-02,0.6010000109672546,0.6200000047683716,0.5947499871253967,386144000,239409281.84127808,0.6200000047683716
2015-10-05,0.6240000128746033,0.6432499885559082,0.6207500100135803,482024000,306326258.6655617,0.6355000138282776
2015-10-06,0.6287500262260437,0.6464999914169312,0.6262500286102295,453216000,291757805.40275574,0.643750011920929
2015-10-07,0.6452500224113464,0.6570000052452087,0.6347500085830688,310152000,201753875.852108,0.6504999995231628
2015-10-08,0.6477500200271606,0.656000018119812,0.6367499828338623,460068000,300999500.846386,0.6542500257492065
2015-10-09,0.6507499814033508,0.6570000052452087,0.6395000219345093,423248000,275851895.90740204,0.6517500281333923
2015-10-12,0.6524999737739563,0.6625000238418579,0.6477500200271606,227588000,149923594.45738792,0.6587499976158142
2015-10-13,0.6535000205039978,0.6639999747276306,0.6512500047683716,298444000,196973047.8270054,0.6600000262260437
2015-10-14,0.6607499718666077,0.6947500109672546,0.6600000262260437,612148000,418709241.3406372,0.6840000152587891
2015-10-15,0.6852499842643738,0.6997500061988831,0.6782500147819519,526048000,360737420.0134277,0.6857500076293945
2015-10-16,0.6880000233650208,0.703000009059906,0.6862499713897705,448396000,312307815.4966831,0.6965000033378601
2015-10-19,0.6987500190734863,0.7020000219345093,0.687250018119812,294712000,204898510.55192947,0.6952499747276306
2015-10-20,0.6922500133514404,0.6974999904632568,0.6869999766349792,264824000,183854058.716774,0.6942499876022339
2015-10-21,0.6984999775886536,0.702750027179718,0.6840000152587891,386280000,264698363.9216423,0.6852499842643738
2015-10-22,0.6932500004768372,0.7122499942779541,0.6922500133514404,306884000,217887633.41498372,0.7099999785423279
2015-10-23,0.7162500023841858,0.7195000052452087,0.7055000066757202,381776000,272874392.9052353,0.7147499918937683
2015-10-26,0.7152500152587891,0.7170000076293945,0.7049999833106995,247436000,176050711.28630638,0.7114999890327454
2015-10-27,0.7080000042915344,0.715499997138977,0.7074999809265137,208268000,148078553.26342583,0.7110000252723694
2015-10-28,0.715499997138977,0.7167500257492065,0.7049999833106995,217036000,155560558.5885048,0.7167500257492065
2015-10-29,0.7052500247955322,0.7124999761581421,0.690750002861023,327168000,226400246.7956543,0.6919999718666077
2015-10-30,0.6995000243186951,0.7142500281333923,0.6942499876022339,301160000,213597721.9581604,0.7092499732971191
2015-11-02,0.7114999890327454,0.7182499766349792,0.7072499990463257,190088000,136388134.5615387,0.7174999713897705
2015-11-03,0.7132499814033508,0.7172499895095825,0.7045000195503235,376768000,268447191.0171509,0.7124999761581421
2015-11-04,0.7105000019073486,0.715749979019165,0.6974999904632568,442264000,309916495.0475693,0.7007499933242798
2015-11-05,0.7042499780654907,0.706250011920929,0.690750002861023,478800000,331688689.0411377,0.6927499771118164
2015-11-06,0.7612500190734863,0.7985000014305115,0.7455000281333923,1172272000,924629531.6152571,0.7887499928474426
2015-11-09,0.781000018119812,0.7875000238418579,0.7742499709129333,492568000,386789025.99287033,0.7852500081062317
2015-11-10,0.7749999761581421,0.7792500257492065,0.7537500262260437,552260000,425378277.3768902,0.7702500224113464
2015-11-11,0.7707499861717224,0.7762500047683716,0.7599999904632568,619896000,472825692.3265457,0.7627500295639038
2015-11-12,0.7609999775886536,0.7680000066757202,0.7567499876022339,291080000,221220797.2240448,0.7599999904632568
2015-11-13,0.7607499957084656,0.7639999985694885,0.7412499785423279,292940000,218240301.3968468,0.7450000047683716
2015-11-16,0.7547500133514404,0.7605000138282776,0.7487499713897705,344280000,261652796.7166901,0.7599999904632568
2015-11-17,0.7620000243186951,0.7664999961853027,0.7567499876022339,257048000,195356477.54859924,0.7599999904632568
2015-11-18,0.7602499723434448,0.7767500281333923,0.7519999742507935,350216000,271680055.4871559,0.7757499814033508
2015-11-19,0.7785000205039978,0.7857499718666077,0.7722499966621399,254072000,197668015.27309415,0.777999997138977
2015-11-20,0.7837499976158142,0.7892500162124634,0.7789999842643738,239744000,188139100.34179688,0.7847499847412109
2015-11-23,0.7912499904632568,0.7912499904632568,0.7702500224113464,242552000,187492696.46263123,0.7730000019073486
2015-11-24,0.7730000019073486,0.7860000133514404,0.7695000171661377,195428000,152287274.03211594,0.7792500257492065
2015-11-25,0.7777500152587891,0.7870000004768372,0.7754999995231628,138300000,107631972.09835052,0.778249979019165
2015-11-27,0.7797499895095825,0.7872499823570251,0.7757499814033508,86996000,68270109.67254639,0.7847499847412109
2015-11-30,0.7854999899864197,0.796500027179718,0.7847499847412109,327244000,259504486.38248444,0.7929999828338623
2015-12-01,0.800000011920929,0.8195000290870667,0.7992500066757202,409496000,335274859.76314545,0.8187500238418579
2015-12-02,0.8199999928474426,0.828499972820282,0.8107500076293945,294240000,239070000.0,0.8125
2015-12-03,0.8190000057220459,0.8274999856948853,0.8067499995231628,246656000,199976353.88183597,0.8107500076293945
2015-12-04,0.8107500076293945,0.8452500104904175,0.8107500076293945,458756000,387075375.0,0.84375
2015-12-07,0.843500018119812,0.843500018119812,0.8252500295639038,333588000,276127476.0668278,0.827750027179718
2015-12-08,0.8174999952316284,0.8424999713897705,0.812250018119812,314488000,263855427.8011322,0.8389999866485596
2015-12-09,0.8387500047683716,0.84375,0.809249997138977,372676000,304755790.4701233,0.8177499771118164
2015-12-10,0.8202499747276306,0.8289999961853027,0.8174999952316284,236596000,195073407.753706,0.8245000243186951
2015-12-11,0.8162500262260437,0.8220000267028809,0.8105000257492065,227320000,184640674.11899567,0.812250018119812
2015-12-14,0.8130000233650208,0.8187500238418579,0.8044999837875366,275892000,224645058.89511108,0.8142499923706055
2015-12-15,0.8234999775886536,0.8299999833106995,0.8190000057220459,307296000,253288722.72491452,0.8242499828338623
2015-12-16,0.8259999752044678,0.8320000171661377,0.8187500238418579,236356000,195998207.81564716,0.8292499780654907
2015-12-17,0.8305000066757202,0.8389999866485596,0.8162500262260437,254160000,207585177.45494843,0.8167499899864197
2015-12-18,0.8109999895095825,0.8192499876022339,0.8025000095367432,395896000,318102434.67855453,0.8034999966621399
2015-12-21,0.812250018119812,0.8232499957084656,0.8050000071525574,284216000,233767657.289505,0.8224999904632568
2015-12-22,0.824999988079071,0.8314999938011169,0.8182500004768372,130012000,107032378.44204904,0.8232499957084656
2015-12-23,0.8245000243186951,0.8297500014305115,0.8230000138282776,122524000,101266085.824728,0.8264999985694885
2015-12-24,0.8240000009536743,0.831250011920929,0.8227499723434448,52448000,43492502.84957886,0.8292499780654907
2015-12-28,0.8205000162124634,0.828499972820282,0.8090000152587891,142024000,117666880.13982771,0.828499972820282
2015-12-29,0.8289999961853027,0.8445000052452087,0.8267499804496765,203660000,171481721.5538025,0.8420000076293945
2015-12-30,0.8412500023841858,0.8485000133514404,0.8345000147819519,180344000,150542153.39803696,0.8347499966621399
2015-12-31,0.8335000276565552,0.8372499942779541,0.8240000009536743,148528000,122387072.14164734,0.8240000009536743
2016-01-04,0.8072500228881836,0.8144999742507935,0.8009999990463257,358076000,289773001.97553635,0.809249997138977
2016-01-05,0.8245000243186951,0.8360000252723694,0.8125,490272000,403126156.20803833,0.8222500085830688
2016-01-06,0.8087499737739563,0.8125,0.7789999842643738,449344000,354195421.0700989,0.7882500290870667
2016-01-07,0.7684999704360962,0.7737500071525574,0.746999979019165,645304000,488495146.77000046,0.7570000290870667
2016-01-08,0.7667499780654907,0.7674999833106995,0.7392500042915344,398472000,295168139.89019394,0.7407500147819519
2016-01-11,0.7415000200271606,0.7472500205039978,0.7287499904632568,409372000,303754017.36307144,0.7419999837875366
2016-01-12,0.7552499771118164,0.765500009059906,0.7492499947547913,469356000,354129088.7954235,0.7544999718666077
2016-01-13,0.7602499723434448,0.765250027179718,0.7307500243186951,481672000,352343082.2401047,0.7315000295639038
2016-01-14,0.7164999842643738,0.7250000238418579,0.6955000162124634,600236000,430219168.4556008,0.7167500257492065
2016-01-15,0.6880000233650208,0.6962500214576721,0.6660000085830688,841452000,570294085.7777596,0.6777499914169312
2016-01-19,0.6917499899864197,0.7112500071525574,0.6804999709129333,457140000,312340909.5776081,0.6832500100135803
2016-01-20,0.6702499985694885,0.6957499980926514,0.6612499952316284,481180000,330570648.7572193,0.6869999766349792
2016-01-21,0.6945000290870667,0.7057499885559082,0.6802499890327454,481456000,334611916.55635834,0.6949999928474426
2016-01-22,0.7082499861717224,0.7160000205039978,0.7067499756813049,257996000,183499656.8453312,0.7112500071525574
2016-01-25,0.7110000252723694,0.7192500233650208,0.7089999914169312,270728000,192352244.51637268,0.7105000019073486
2016-01-26,0.7120000123977661,0.7204999923706055,0.7047500014305115,227944000,163549813.47846985,0.7174999713897705
2016-01-27,0.7164999842643738,0.71875,0.6955000162124634,231700000,164275298.01130295,0.7089999914169312
2016-01-28,0.7147499918937683,0.7172499895095825,0.6875,276776000,194089174.61919785,0.7012500166893005
2016-01-29,0.7072499990463257,0.7337499856948853,0.7045000195503235,310504000,227366546.3008881,0.7322499752044678
2016-02-01,0.7315000295639038,0.7362499833106995,0.7252500057220459,289884000,212340034.8379612,0.7325000166893005
2016-02-02,0.7250000238418579,0.7287499904632568,0.6965000033378601,341908000,239848461.51089668,0.7014999985694885
2016-02-03,0.7070000171661377,0.7112500071525574,0.6887500286102295,326772000,230374254.54640388,0.7049999833106995
2016-02-04,0.7059999704360962,0.7212499976158142,0.6982499957084656,348140000,245525743.6323166,0.7052500247955322
2016-02-05,0.7005000114440918,0.7082499861717224,0.6587499976158142,600428000,396732784.1079235,0.6607499718666077
2016-02-08,0.6507499814033508,0.6539999842643738,0.6212499737739563,608852000,383881197.32260704,0.6305000185966492
2016-02-09,0.6230000257492065,0.6637499928474426,0.6200000047683716,425372000,271068309.6368313,0.6372500061988831
2016-02-10,0.6412500143051147,0.6597499847412109,0.6322500109672546,335800000,213484848.55890277,0.6357499957084656
2016-02-11,0.6194999814033508,0.6389999985694885,0.6194999814033508,340144000,215141077.56710047,0.6324999928474426
2016-02-12,0.6424999833106995,0.6445000171661377,0.6187499761581421,340816000,219229888.0996704,0.6432499885559082
2016-02-16,0.6524999737739563,0.6757500171661377,0.6504999995231628,485352000,327491247.65110016,0.6747499704360962
2016-02-17,0.6832500100135803,0.6980000138282776,0.6804999709129333,771468000,533470128.2536984,0.6915000081062317
2016-02-18,0.7482500076293945,0.7745000123977661,0.7475000023841858,1068660000,802563646.2414265,0.7509999871253967
2016-02-19,0.746999979019165,0.7677500247955322,0.7412499785423279,525628000,400002896.2199688,0.7609999775886536
2016-02-22,0.7720000147819519,0.796750009059906,0.7705000042915344,449668000,354338378.4251213,0.7879999876022339
2016-02-23,0.7817500233650208,0.7975000143051147,0.777999997138977,369380000,291810207.9260349,0.7900000214576721
2016-02-24,0.7867500185966492,0.796750009059906,0.7649999856948853,336852000,267965759.41443443,0.7954999804496765
2016-02-25,0.7985000014305115,0.8012499809265137,0.7829999923706055,349616000,278731346.4975357,0.797249972820282
2016-02-26,0.8009999990463257,0.8029999732971191,0.7839999794960022,361964000,286675486.44661903,0.7919999957084656
2016-02-29,0.7902500033378601,0.8004999756813049,0.7835000157356262,323344000,253501689.37015533,0.7839999794960022
2016-03-01,0.7860000133514404,0.8187500238418579,0.7847499847412109,348700000,285498133.31365585,0.8187500238418579
2016-03-02,0.8142499923706055,0.8264999985694885,0.812749981880188,233812000,192544176.75995827,0.8234999775886536
2016-03-03,0.8224999904632568,0.8259999752044678,0.8052499890327454,302004000,246510772.9203701,0.8162500262260437
2016-03-04,0.8224999904632568,0.8232499957084656,0.8075000047683716,175304000,142653635.01548767,0.8137500286102295
2016-03-07,0.809249997138977,0.8147500157356262,0.7979999780654907,239968000,194014126.0547638,0.8084999918937683
2016-03-08,0.8002499938011169,0.8050000071525574,0.7912499904632568,274940000,218233621.7224598,0.793749988079071
2016-03-09,0.8007500171661377,0.8019999861717224,0.7829999923706055,222788000,176726586.41791344,0.7932500243186951
2016-03-10,0.7979999780654907,0.8025000095367432,0.7760000228881836,286084000,226578526.77226067,0.7919999957084656
2016-03-11,0.8037499785423279,0.8057500123977661,0.7942500114440918,277400000,223445691.9312477,0.8054999709129333
2016-03-14,0.8017500042915344,0.8107500076293945,0.7979999780654907,190312000,153676940.90747833,0.8075000047683716
2016-03-15,0.8032500147819519,0.8084999918937683,0.7892500162124634,226216000,181764555.24492264,0.8034999966621399
2016-03-16,0.7975000143051147,0.8302500247955322,0.793749988079071,363644000,300915404.79803085,0.8274999856948853
2016-03-17,0.8245000243186951,0.828499972820282,0.809249997138977,353680000,290194445.73402405,0.8205000162124634
2016-03-18,0.8302500247955322,0.856249988079071,0.824999988079071,545512000,461094023.7226486,0.8452500104904175
2016-03-21,0.8377500176429749,0.8479999899864197,0.8287500143051147,337780000,286352997.73812294,0.8477500081062317
2016-03-22,0.8450000286102295,0.8522499799728394,0.8357499837875366,242012000,204802654.42299843,0.8462499976158142
2016-03-23,0.8500000238418579,0.8669999837875366,0.8462499976158142,429008000,369268644.3872452,0.8607500195503235
2016-03-24,0.8529999852180481,0.8634999990463257,0.8502500057220459,244956000,211152069.19670105,0.8619999885559082
2016-03-28,0.8604999780654907,0.8744999766349792,0.859499990940094,265388000,231086603.65748405,0.8707500100135803
2016-03-29,0.8669999837875366,0.8867499828338623,0.8650000095367432,261812000,231638169.2471504,0.8847500085830688
2016-03-30,0.8880000114440918,0.90625,0.887499988079071,376700000,336769797.66488075,0.8939999938011169
2016-03-31,0.8980000019073486,0.8999999761581421,0.8837500214576721,379884000,338381669.55828667,0.890749990940094
2016-04-01,0.8852499723434448,0.9042500257492064,0.8784999847412109,348292000,314768895.83039284,0.9037500023841858
2016-04-04,0.9112499952316284,0.9160000085830688,0.8914999961853027,393940000,352576292.4861908,0.8949999809265137
2016-04-05,0.8870000243186951,0.9020000100135804,0.8834999799728394,339568000,303488904.047966,0.893750011920929
2016-04-06,0.8824999928474426,0.8955000042915344,0.8657500147819519,453376000,405771511.3525391,0.8949999809265137
2016-04-07,0.8892499804496765,0.8972499966621399,0.8820000290870667,378104000,334905616.37735367,0.8857499957084656
2016-04-08,0.8930000066757202,0.8987500071525574,0.8827499747276306,255936000,228166943.02368164,0.8914999961853027
2016-04-11,0.8967499732971191,0.9117500185966492,0.8939999938011169,387524000,347609033.7283611,0.8970000147819519
2016-04-12,0.8999999761581421,0.9012500047683716,0.8784999847412109,292764000,262316552.0968437,0.8960000276565552
2016-04-13,0.8999999761581421,0.918749988079071,0.8999999761581421,350716000,322132648.17404747,0.9185000061988832
2016-04-14,0.9160000085830688,0.925000011920929,0.9122499823570251,416564000,383655445.5890656,0.9210000038146972
2016-04-15,0.9207500219345092,0.9365000128746032,0.9177500009536744,436972000,405619265.4592991,0.928250014781952
2016-04-18,0.9265000224113464,0.9265000224113464,0.91525000333786,307320000,284040512.05158234,0.9242500066757202
2016-04-19,0.9277499914169312,0.9294999837875366,0.9020000100135804,309152000,280632731.24313354,0.9077500104904176
2016-04-20,0.90625,0.9167500138282776,0.9052500128746032,200172000,182406734.04550552,0.9112499952316284
2016-04-21,0.9114999771118164,0.9157500267028807,0.90625,178280000,162279371.445179,0.9102500081062316
2016-04-22,0.9132500290870668,0.9194999933242798,0.9037500023841858,223540000,202694900.22301677,0.9067500233650208
2016-04-25,0.9070000052452089,0.9162499904632568,0.9045000076293944,191972000,174934484.08460617,0.9112499952316284
2016-04-26,0.9167500138282776,0.9272500276565552,0.9079999923706056,214536000,195656832.10229877,0.9120000004768372
2016-04-27,0.9097499847412108,0.9332500100135804,0.9079999923706056,352396000,328697364.2950058,0.9327499866485596
2016-04-28,0.9269999861717224,0.9325000047683716,0.9027500152587892,381224000,345007709.0930939,0.9049999713897704
2016-04-29,0.9012500047683716,0.903249979019165,0.8784999847412109,321904000,285931225.85105896,0.8882499933242798
2016-05-02,0.8967499732971191,0.9054999947547911,0.8924999833106995,256076000,230468393.8946724,0.8999999761581421
2016-05-03,0.8897500038146973,0.8934999704360962,0.8815000057220459,224024000,199213337.62025836,0.8892499804496765
2016-05-04,0.8784999847412109,0.8792499899864197,0.8600000143051147,525764000,456888925.276041,0.8690000176429749
2016-05-05,0.8762500286102295,0.8845000267028809,0.8677499890327454,246884000,215838335.7050419,0.8742499947547913
2016-05-06,0.8727499842643738,0.8855000138282776,0.8709999918937683,183240000,161846729.65049744,0.8832499980926514
2016-05-09,0.8855000138282776,0.8892499804496765,0.874750018119812,333336000,294002361.69576645,0.8820000290870667
2016-05-10,0.887499988079071,0.9004999995231628,0.8790000081062317,269676000,242438721.04239464,0.8989999890327454
2016-05-11,0.9017500281333924,0.9114999771118164,0.8967499732971191,328176000,295850659.6183777,0.9014999866485596
2016-05-12,0.9079999923706056,0.9120000004768372,0.8732500076293945,670540000,596277681.8907261,0.8892499804496765
2016-05-13,0.9797499775886536,1.024999976158142,0.975000023841858,2110256000,2161957298.1624603,1.024500012397766
2016-05-16,1.0167499780654907,1.0700000524520874,1.0134999752044678,973032000,1026305468.5935974,1.0547499656677246
2016-05-17,1.0499999523162842,1.0644999742507937,1.0364999771118164,628392000,664210369.7690964,1.0570000410079956
2016-05-18,1.0499999523162842,1.096250057220459,1.0499999523162842,541072000,586522043.3559418,1.0839999914169312
2016-05-19,1.0797499418258667,1.096500039100647,1.0782500505447388,398880000,434280601.90200806,1.0887500047683716
2016-05-20,1.0954999923706057,1.1127500534057615,1.09375,391084000,433418851.5782356,1.1082500219345093
2016-05-23,1.1130000352859497,1.1172499656677246,1.1032500267028809,413636000,459135965.9171104,1.1100000143051147
2016-05-24,1.1104999780654907,1.1375000476837158,1.1074999570846558,415788000,471503568.6049461,1.133999943733215
2016-05-25,1.1375000476837158,1.1422499418258667,1.1202499866485596,458076000,517282345.7164765,1.1292500495910645
2016-05-26,1.131250023841858,1.149500012397766,1.128000020980835,309964000,353746419.4340706,1.1412500143051147
2016-05-27,1.1425000429153442,1.149250030517578,1.1387499570846558,277416000,318334870.58258057,1.1475000381469729
2016-05-31,1.152500033378601,1.1705000400543213,1.1517499685287476,412524000,481828024.9185562,1.1679999828338623
2016-06-01,1.162500023841858,1.18149995803833,1.159000039100647,387132000,453041245.5210686,1.1702500581741333
2016-06-02,1.1764999628067017,1.1885000467300415,1.1649999618530271,329208000,387971646.5234757,1.178500056266785
2016-06-03,1.1670000553131104,1.1684999465942385,1.1414999961853027,461076000,535770284.737587,1.1619999408721924
2016-06-06,1.1649999618530271,1.1740000247955322,1.149999976158142,322512000,372823877.8438568,1.156000018119812
2016-06-07,1.162999987602234,1.1694999933242798,1.1577500104904177,193400000,224005545.02010345,1.1582499742507937
2016-06-08,1.1584999561309814,1.162750005722046,1.1449999809265137,234616000,270864173.789978,1.1545000076293943
2016-06-09,1.1505000591278076,1.1862499713897705,1.1480000019073486,472168000,559282986.0935211,1.184499979019165
2016-06-10,1.1705000400543213,1.180999994277954,1.153499960899353,400024000,462027708.5552216,1.1549999713897705
2016-06-13,1.15625,1.1924999952316284,1.15625,475588000,556319051.2075424,1.1697499752044678
2016-06-14,1.1670000553131104,1.1775000095367432,1.1540000438690186,298344000,349659183.07971954,1.1720000505447388
2016-06-15,1.1817500591278076,1.194249987602234,1.1687500476837158,301036000,356426628.5934448,1.184000015258789
2016-06-16,1.1752500534057615,1.190750002861023,1.1637500524520874,246456000,292974577.0511627,1.1887500286102295
2016-06-17,1.190250039100647,1.190500020980835,1.163249969482422,471000000,550127991.9147491,1.1679999828338623
2016-06-20,1.186750054359436,1.2042499780654907,1.1859999895095823,293768000,349290155.08174896,1.1890000104904177
2016-06-21,1.194000005722046,1.1972500085830688,1.1799999475479126,212508000,251131341.5651321,1.1817500591278076
2016-06-22,1.184249997138977,1.1920000314712524,1.1787500381469729,202620000,239243567.51203537,1.180750012397766
2016-06-23,1.1920000314712524,1.2135000228881836,1.191249966621399,297880000,361105028.29551697,1.212249994277954
2016-06-24,1.162500023841858,1.184000015258789,1.1325000524520874,1017684000,1163467221.353531,1.1432499885559082
2016-06-27,1.1337499618530271,1.1425000429153442,1.1142499446868896,449088000,507918546.8444824,1.13100004196167
2016-06-28,1.152500033378601,1.153749942779541,1.131749987602234,381920000,438253214.5690918,1.1475000381469729
2016-06-29,1.1575000286102295,1.1752500534057615,1.1545000076293943,318932000,371954441.9584274,1.1662499904632568
2016-06-30,1.1682499647140503,1.1825000047683716,1.158750057220459,430940000,506462258.01467896,1.1752500534057615
2016-07-01,1.1687500476837158,1.184000015258789,1.162500023841858,218488000,254866245.95737457,1.1664999723434448
2016-07-05,1.159999966621399,1.1857500076293943,1.1507500410079956,371084000,439270697.3862648,1.183750033378601
2016-07-06,1.1755000352859497,1.1982500553131104,1.1694999933242798,273104000,325335130.88417053,1.191249966621399
2016-07-07,1.1992499828338623,1.2265000343322754,1.193750023841858,395400000,483277643.9666748,1.222249984741211
2016-07-08,1.2352499961853027,1.277250051498413,1.2304999828338623,481932000,612656059.5960617,1.2712500095367432
2016-07-11,1.2894999980926514,1.309999942779541,1.287999987602234,448776000,583633203.8354874,1.3005000352859497
2016-07-12,1.315000057220459,1.3320000171661377,1.2984999418258667,436760000,576523222.9089737,1.3200000524520874
2016-07-13,1.3224999904632568,1.3300000429153442,1.3174999952316284,324604000,428314968.0938721,1.319499969482422
2016-07-14,1.3265000581741333,1.3450000286102295,1.315500020980835,316892000,422417018.4717178,1.3329999446868896
2016-07-15,1.315999984741211,1.3235000371932983,1.2960000038146973,428616000,564701577.9561996,1.3174999952316284
2016-07-18,1.3337500095367432,1.3357499837875366,1.319249987602234,252992000,335024651.6571045,1.3242499828338623
2016-07-19,1.3235000371932983,1.343250036239624,1.3209999799728394,382652000,511988398.6253738,1.3380000591278076
2016-07-20,1.3424999713897705,1.3627500534057615,1.337000012397766,296460000,401851524.9109268,1.3554999828338623
2016-07-21,1.3524999618530271,1.3567500114440918,1.3259999752044678,361308000,480720296.4119911,1.3305000066757202
2016-07-22,1.3352500200271606,1.3667500019073486,1.3255000114440918,315768000,431575914.60227966,1.3667500019073486
2016-07-25,1.375,1.3952499628067017,1.36899995803833,312528000,435038963.4819031,1.3919999599456787
2016-07-26,1.4042500257492063,1.4229999780654907,1.402250051498413,514508000,728414714.7388458,1.4157500267028809
2016-07-27,1.4279999732971191,1.430500030517578,1.3930000066757202,446676000,626016408.036232,1.4014999866485596
2016-07-28,1.4047499895095823,1.4149999618530271,1.40024995803833,221916000,311681023.6930847,1.4045000076293943
2016-07-29,1.409749984741211,1.431249976158142,1.3845000267028809,409588000,584686873.9061356,1.4275000095367432
2016-08-01,1.433500051498413,1.4387500286102295,1.409000039100647,301120000,427063429.3746948,1.4182499647140503
2016-08-02,1.4249999523162842,1.4257500171661377,1.3875000476837158,282748000,396129954.4715881,1.4010000228881836
2016-08-03,1.399250030517578,1.4075000286102295,1.3914999961853027,299828000,421183379.8546791,1.4047499895095823
2016-08-04,1.4114999771118164,1.437250018119812,1.408750057220459,272712000,390182697.3810196,1.430750012397766
2016-08-05,1.4472500085830688,1.4557499885559082,1.440250039100647,371588000,540660555.9468269,1.4550000429153442
2016-08-08,1.475000023841858,1.4785000085830688,1.4529999494552612,305064000,447986489.52770233,1.468500018119812
2016-08-09,1.475749969482422,1.4865000247955322,1.468500018119812,372344000,548183448.3184814,1.472249984741211
2016-08-10,1.4852499961853027,1.4874999523162842,1.4579999446868896,375740000,549613669.2333221,1.46274995803833
2016-08-11,1.4704999923706057,1.4987499713897705,1.4674999713897705,681064000,1016487984.2767715,1.4924999475479126
2016-08-12,1.5475000143051147,1.5844999551773071,1.5157500505447388,1425744000,2246972508.6479187,1.5759999752044678
2016-08-15,1.5777499675750732,1.587499976158142,1.5532499551773071,573304000,902667127.770424,1.5744999647140503
2016-08-16,1.5722500085830688,1.5747499465942385,1.5602500438690186,287652000,450175396.45957947,1.565000057220459
2016-08-17,1.565000057220459,1.56850004196167,1.5164999961853027,595212000,909930310.9416962,1.528749942779541
2016-08-18,1.5264999866485596,1.5549999475479126,1.5204999446868896,331684000,514939413.1631851,1.5525000095367432
2016-08-19,1.5517499446868896,1.5682499408721924,1.5449999570846558,291560000,453813127.7656555,1.55649995803833
2016-08-22,1.5612499713897705,1.565250039100647,1.5427500009536743,244748000,382541115.1304245,1.562999963760376
2016-08-23,1.5759999752044678,1.5829999446868896,1.5682499408721924,339764000,534363821.6032982,1.5727499723434448
2016-08-24,1.5782500505447388,1.5789999961853027,1.5412499904632568,298448000,462146710.6380463,1.5484999418258667
2016-08-25,1.5490000247955322,1.5497499704360962,1.5190000534057615,406032000,624578711.6088867,1.538249969482422
2016-08-26,1.5422500371932983,1.559499979019165,1.5299999713897705,300024000,465262223.1502533,1.5507500171661377
2016-08-29,1.5570000410079956,1.563249945640564,1.5472500324249268,274652000,425641928.8802147,1.5497499704360962
2016-08-30,1.5477499961853027,1.555999994277954,1.5364999771118164,285544000,439951925.6248474,1.5407500267028809
2016-08-31,1.5437500476837158,1.5479999780654907,1.5290000438690186,388544000,595832206.954956,1.5334999561309814
2016-09-01,1.534749984741211,1.5844999551773071,1.5334999561309814,428492000,676481751.1296272,1.5787500143051147
2016-09-02,1.5820000171661377,1.5837500095367432,1.5455000400543213,323148000,505161093.43385696,1.563249945640564
2016-09-06,1.568750023841858,1.5779999494552612,1.5607500076293943,306812000,484149320.4922676,1.5779999494552612
2016-09-07,1.5729999542236328,1.5807499885559082,1.5457500219345093,397988000,618771829.3361664,1.5547499656677246
2016-09-08,1.5532499551773071,1.56850004196167,1.5355000495910645,315808000,494555323.18115234,1.565999984741211
2016-09-09,1.5487500429153442,1.5575000047683716,1.475000023841858,697760000,1038266904.6211244,1.4880000352859497
2016-09-12,1.468250036239624,1.5217499732971191,1.4329999685287476,598260000,908607346.4727402,1.5187499523162842
2016-09-13,1.5149999856948853,1.5325000286102295,1.4882500171661377,471768000,706118752.6502609,1.496749997138977
2016-09-14,1.500249981880188,1.5149999856948853,1.4877500534057615,319048000,481762476.9573212,1.5099999904632568
2016-09-15,1.5125000476837158,1.569000005722046,1.508999943733215,515212000,807466013.8788223,1.5672500133514404
2016-09-16,1.5727499723434448,1.5812499523162842,1.5529999732971191,902444000,1417739505.926609,1.5709999799728394
2016-09-19,1.587499976158142,1.631500005722046,1.5802500247955322,417128000,663963504.740715,1.5917500257492063
2016-09-20,1.6100000143051147,1.6100000143051147,1.56850004196167,331112000,522246403.263092,1.5772500038146973
2016-09-21,1.5820000171661377,1.624500036239624,1.5817500352859497,336212000,545167763.130188,1.621500015258789
2016-09-22,1.63100004196167,1.6360000371932983,1.6162500381469729,308732000,501843854.8116684,1.625499963760376
2016-09-23,1.627500057220459,1.63224995136261,1.6165000200271606,276132000,448369327.0998001,1.6237499713897705
2016-09-26,1.6052500009536743,1.6150000095367432,1.5882500410079956,230040000,370019340.87753296,1.6085000038146973
2016-09-27,1.6022499799728394,1.6660000085830688,1.6015000343322754,402752000,669977932.4111938,1.66349995136261
2016-09-28,1.6660000085830688,1.6707500219345093,1.6482499837875366,319788000,533886063.8651848,1.6694999933242798
2016-09-29,1.6667499542236328,1.690250039100647,1.6512500047683716,336684000,567312520.734787,1.684999942779541
2016-09-30,1.694249987602234,1.7297500371932983,1.684249997138977,429932000,736473541.4209366,1.7130000591278076
2016-10-03,1.7130000591278076,1.7377500534057615,1.7082500457763672,242596000,415142392.2753334,1.7112499475479126
2016-10-04,1.7137500047683716,1.7424999475479126,1.69474995136261,281624000,480872974.6284485,1.7074999809265137
2016-10-05,1.722000002861023,1.7395000457763672,1.7005000114440918,305440000,521004276.5045166,1.7057499885559082
2016-10-06,1.6852500438690186,1.6957499980926514,1.656499981880188,360212000,606416920.5503464,1.683500051498413
2016-10-07,1.69474995136261,1.6992499828338623,1.6664999723434448,286260000,478412020.90501785,1.6712499856948853
2016-10-10,1.6799999475479126,1.6890000104904177,1.6617499589920044,287876000,482911992.7453995,1.6775000095367432
2016-10-11,1.6720000505447388,1.6744999885559082,1.6404999494552612,388540000,642353746.8481064,1.653249979019165
2016-10-12,1.6464999914169312,1.6694999933242798,1.6327500343322754,419920000,697382153.2154083,1.6607500314712524
2016-10-13,1.6412500143051147,1.6449999809265137,1.5924999713897705,390116000,637352000.1182556,1.6337499618530271
2016-10-14,1.653749942779541,1.6649999618530271,1.6399999856948853,330636000,545466739.1080856,1.649749994277954
2016-10-17,1.649500012397766,1.6649999618530271,1.6380000114440918,195328000,320386745.6665039,1.6402499675750732
2016-10-18,1.662999987602234,1.6747499704360962,1.65625,269372000,448571707.8433037,1.665249943733215
2016-10-19,1.6540000438690186,1.6694999933242798,1.6454999446868896,199060000,330787946.8369484,1.6617499589920044
2016-10-20,1.681249976158142,1.6987500190734863,1.6575000286102295,312084000,528436214.5471573,1.6932499408721924
2016-10-21,1.687250018119812,1.691499948501587,1.6725000143051147,279508000,471949271.0614205,1.6885000467300415
2016-10-24,1.7000000476837158,1.7697499990463257,1.6997499465942385,339836000,600745097.4264145,1.7677500247955322
2016-10-25,1.7647500038146973,1.807500004768372,1.756250023841858,397460000,714136234.9104881,1.7967499494552612
2016-10-26,1.781749963760376,1.8237500190734863,1.7799999713897705,333792000,602160774.684906,1.8040000200271609
2016-10-27,1.8177499771118164,1.8212499618530276,1.7597500085830688,388664000,686769272.4323273,1.7669999599456787
2016-10-28,1.7755000591278076,1.8025000095367432,1.7607500553131104,290856000,513070000.9202957,1.7640000581741333
2016-10-31,1.7697499990463257,1.7907500267028809,1.7687499523162842,252388000,448998263.07201385,1.7790000438690186
2016-11-01,1.7855000495910645,1.7952500581741333,1.7072499990463257,473224000,816902954.8215866,1.7262500524520874
2016-11-02,1.7395000457763672,1.7630000114440918,1.715999960899353,295848000,508562706.63928986,1.718999981880188
2016-11-03,1.7269999980926514,1.7285000085830688,1.6660000085830688,309664000,526119136.2953186,1.6990000009536743
2016-11-04,1.687749981880188,1.718250036239624,1.6644999980926514,328780000,555391612.4916077,1.6892499923706057
2016-11-07,1.7387499809265137,1.7929999828338623,1.7374999523162842,487580000,868745647.3302841,1.781749963760376
2016-11-08,1.78849995136261,1.7942500114440918,1.7625000476837158,429884000,764763654.8585892,1.7790000438690186
2016-11-09,1.7307499647140503,1.7725000381469729,1.718000054359436,456532000,798474446.6662407,1.7489999532699585
2016-11-10,1.78725004196167,1.787500023841858,1.6690000295639038,869280000,1472777629.22287,1.694249987602234
2016-11-11,1.9877500534057615,2.219249963760376,1.962499976158142,2175344000,4784125254.657745,2.1992499828338623
2016-11-14,2.2022500038146973,2.204750061035156,2.0905001163482666,1348796000,2820332544.0502167,2.0910000801086426
2016-11-15,2.107249975204468,2.1862499713897705,2.098249912261963,626092000,1349071805.068016,2.154750108718872
2016-11-16,2.183500051498413,2.313999891281128,2.158750057220459,987984000,2263224374.382019,2.290750026702881
2016-11-17,2.30774998664856,2.369750022888184,2.266249895095825,832988000,1923994099.729538,2.3097500801086426
2016-11-18,2.3097500801086426,2.35824990272522,2.2950000762939453,576060000,1344524103.7273407,2.3340001106262207
2016-11-21,2.352250099182129,2.358750104904175,2.309999942779541,436436000,1014495518.6271667,2.32450008392334
2016-11-22,2.3324999809265137,2.3434998989105225,2.309499979019165,330368000,773474061.0961914,2.341249942779541
2016-11-23,2.3429999351501465,2.3812499046325684,2.3192501068115234,443236000,1041272207.6616288,2.349250078201294
2016-11-25,2.3605000972747803,2.377500057220459,2.335249900817871,195564000,460357673.90441895,2.3540000915527344
2016-11-28,2.346750020980835,2.368499994277954,2.3399999141693115,278736000,655796141.544342,2.352750062942505
2016-11-29,2.3499999046325684,2.361000061035156,2.313250064849853,444568000,1036399128.8013458,2.331249952316284
2016-11-30,2.3399999141693115,2.3540000915527344,2.302500009536743,440500000,1015352529.4065475,2.305000066757202
2016-12-01,2.302500009536743,2.3042500019073486,2.119250059127808,1035524000,2268833068.1991577,2.190999984741211
2016-12-02,2.15625,2.220000028610229,2.128000020980835,478292000,1057623216.9294356,2.211250066757202
2016-12-05,2.2497498989105225,2.3152499198913574,2.2249999046325684,602284000,1383446306.6444397,2.296999931335449
2016-12-06,2.3052499294281006,2.343250036239624,2.289249897003174,498796000,1164563929.6045303,2.334749937057495
2016-12-07,2.321000099182129,2.382499933242798,2.302500009536743,480804000,1142750903.3317566,2.376749992370605
2016-12-08,2.3797500133514404,2.4154999256134038,2.3262500762939453,381544000,891668287.2467041,2.336999893188477
2016-12-09,2.3550000190734863,2.356750011444092,2.267750024795532,382312000,877597211.3132477,2.2955000400543213
2016-12-12,2.2462499141693115,2.2487499713897705,2.188499927520752,601332000,1346833291.9464111,2.2397499084472656
2016-12-13,2.252249956130981,2.307250022888184,2.251250028610229,387796000,883883996.7565536,2.279249906539917
2016-12-14,2.313499927520752,2.4277501106262207,2.289249897003174,983980000,2372621887.6075745,2.411250114440918
2016-12-15,2.422499895095825,2.498500108718872,2.414999961853028,746548000,1842293881.1092377,2.467750072479248
2016-12-16,2.4957499504089355,2.5174999237060547,2.4432499408721924,1089528000,2734987761.749268,2.5102500915527344
2016-12-19,2.492500066757202,2.5612499713897705,2.4749999046325684,744656000,1891984751.8844604,2.540750026702881
2016-12-20,2.614500045776367,2.653249979019165,2.6029999256134038,848056000,2229751280.056,2.6292500495910645
2016-12-21,2.6410000324249268,2.648750066757202,2.592750072479248,576136000,1524311848.373413,2.645750045776367
2016-12-22,2.6705000400543213,2.721750020980835,2.663249969482422,718612000,1924263362.4973297,2.6777501106262207
2016-12-23,2.6594998836517334,2.746000051498413,2.656749963760376,647692000,1777590643.3496475,2.744499921798706
2016-12-27,2.801500082015991,2.934000015258789,2.7804999351501465,1194272000,3502799880.783081,2.933000087738037
2016-12-28,2.990000009536743,2.9982500076293945,2.717250108718872,2295764000,6270305534.470558,2.731250047683716
2016-12-29,2.622499942779541,2.78725004196167,2.569999933242798,2175368000,6060031215.137482,2.785749912261963
2016-12-30,2.783750057220459,2.7980000972747803,2.657500028610229,1212932000,3236708977.2224426,2.6684999465942383
2017-01-03,2.609999895095825,2.659250020980835,2.484499931335449,1501996000,3830465379.215241,2.5502500534057617
2017-01-04,2.5850000381469727,2.637500047683716,2.538249969482422,1199220000,3129664433.8846207,2.6097500324249268
2017-01-05,2.6132500171661377,2.6454999446868896,2.526249885559082,984296000,2503556823.4329224,2.5434999465942383
2017-01-06,2.571249961853028,2.606250047683716,2.5299999713897705,822856000,2120911426.3210297,2.577500104904175
2017-01-09,2.587500095367432,2.700000047683716,2.587500095367432,916248000,2457377064.348221,2.681999921798706
2017-01-10,2.6952500343322754,2.729749917984009,2.640749931335449,880920000,2344788878.889084,2.661750078201294
2017-01-11,2.650000095367432,2.6549999713897705,2.603749990463257,525664000,1381970628.9291382,2.628999948501587
2017-01-12,2.60575008392334,2.617500066757202,2.5404999256134038,625616000,1617842954.5211792,2.5859999656677246
2017-01-13,2.5899999141693115,2.625,2.576499938964844,457820000,1183808112.154007,2.585750102996826
2017-01-17,2.575000047683716,2.5799999237060547,2.5142500400543213,580612000,1467641991.859436,2.527750015258789
2017-01-18,2.50600004196167,2.580749988555908,2.477750062942505,654424000,1684323782.4821472,2.5737500190734863
2017-01-19,2.5767500400543213,2.6614999771118164,2.57450008392334,644872000,1695368454.7901154,2.628999948501587
2017-01-20,2.6519999504089355,2.6700000762939453,2.578000068664551,492024000,1279385408.815384,2.600250005722046
2017-01-23,2.595000028610229,2.6475000381469727,2.5924999713897705,369904000,971830267.7726746,2.627249956130981
2017-01-24,2.637500047683716,2.689500093460083,2.622499942779541,428052000,1148570507.7724457,2.6832499504089355
2017-01-25,2.726249933242798,2.7325000762939453,2.658250093460083,522760000,1408707546.892166,2.6947500705718994
2017-01-26,2.697499990463257,2.7487499713897705,2.6675000190734863,458800000,1257685517.501831,2.7412500381469727
2017-01-27,2.7482500076293945,2.7972500324249268,2.721250057220459,471996000,1318874828.4015656,2.794250011444092
2017-01-30,2.7730000019073486,2.77524995803833,2.6977500915527344,496004000,1364258984.0250015,2.750499963760376
2017-01-31,2.723750114440918,2.751250028610229,2.7049999237060547,362756000,990142522.0651628,2.7295000553131104
2017-02-01,2.76449990272522,2.8529999256134038,2.746500015258789,590004000,1680773962.5205994,2.848750114440918
2017-02-02,2.8324999809265137,2.8935000896453857,2.801500082015991,483240000,1394026536.540985,2.8847498893737797
2017-02-03,2.8862500190734863,2.8975000381469727,2.8475000858306885,372744000,1065861442.4057008,2.859499931335449
2017-02-06,2.8499999046325684,2.9332499504089355,2.8499999046325684,506768000,1486223845.2339172,2.93274998664856
2017-02-07,2.9674999713897705,3.0230000019073486,2.947499990463257,746224000,2222441647.9263306,2.978250026702881
2017-02-08,2.9600000381469727,2.982749938964844,2.9094998836517334,449580000,1333117101.8600464,2.965250015258789
2017-02-09,2.9714999198913574,2.9765000343322754,2.890000104904175,842568000,2451451497.9686737,2.9094998836517334
2017-02-10,2.9982500076293945,3.0174999237060547,2.815000057220459,1651092000,4689927018.101692,2.8405001163482666
2017-02-13,2.834749937057495,2.8494999408721924,2.7049999237060547,1180724000,3199171765.83004,2.7095000743865967
2017-02-14,2.6997499465942383,2.7537500858306885,2.657249927520752,850632000,2313293779.1633606,2.719500064849853
2017-02-15,2.7225000858306885,2.744999885559082,2.694000005722046,373020000,1016479464.4260406,2.7249999046325684
2017-02-16,2.7347500324249268,2.736000061035156,2.6414999961853027,647176000,1735240711.719513,2.681250095367432
2017-02-17,2.6675000190734863,2.6852500438690186,2.619750022888184,563740000,1511245944.7860718,2.680749893188477
2017-02-21,2.705749988555908,2.780750036239624,2.7054998874664307,551952000,1532632764.427185,2.776750087738037
2017-02-22,2.7855000495910645,2.7950000762939453,2.7497498989105225,433772000,1201114691.165924,2.7690000534057617
2017-02-23,2.637500047683716,2.659749984741211,2.492000102996826,1592888000,4001732792.930603,2.5122499465942383
2017-02-24,2.4267499446868896,2.549999952316284,2.3924999237060547,1029904000,2612351472.427368,2.5364999771118164
2017-02-27,2.555000066757202,2.625499963760376,2.5390000343322754,715400000,1867372847.2709656,2.6102499961853027
2017-02-28,2.619999885559082,2.630000114440918,2.5195000171661377,625360000,1586538283.0238342,2.5369999408721924
2017-03-01,2.594749927520752,2.609250068664551,2.527750015258789,504804000,1297220114.624977,2.5697500705718994
2017-03-02,2.556750059127808,2.571000099182129,2.472249984741211,754332000,1866971628.0612943,2.4749999046325684
2017-03-03,2.464250087738037,2.469249963760376,2.4054999351501465,864692000,2127790928.060532,2.460750102996826
2017-03-06,2.424000024795532,2.452500104904175,2.3792500495910645,883568000,2157452207.8170776,2.4417500495910645
2017-03-07,2.4417500495910645,2.4882500171661377,2.4287500381469727,603400000,1489492839.0026093,2.4684998989105225
2017-03-08,2.5174999237060547,2.532500028610229,2.461750030517578,638712000,1573786359.4722748,2.46399998664856
2017-03-09,2.4477500915527344,2.4862499237060547,2.434999942779541,478060000,1177700820.941925,2.463500022888184
2017-03-10,2.4902501106262207,2.502249956130981,2.4595000743865967,499740000,1238355682.8260422,2.4779999256134038
2017-03-13,2.4885001182556152,2.556250095367432,2.4877500534057617,774136000,1971143871.2100985,2.546250104904175
2017-03-14,2.5592501163482666,2.5687499046325684,2.5117499828338623,522016000,1328269770.7443235,2.5445001125335693
2017-03-15,2.556250095367432,2.5747499465942383,2.507999897003174,615036000,1576798562.596321,2.563750028610229
2017-03-16,2.57450008392334,2.595750093460083,2.5602500438690186,523100000,1357575218.129158,2.595249891281128
2017-03-17,2.61299991607666,2.6530001163482666,2.595249891281128,1119688000,2969132752.239228,2.651750087738037
2017-03-20,2.6695001125335693,2.7402501106262207,2.653249979019165,748568000,2048269132.888794,2.7362499237060547
2017-03-21,2.71875,2.749000072479248,2.6397500038146973,913484000,2418677170.398712,2.647749900817871
2017-03-22,2.6364998817443848,2.7065000534057617,2.632499933242798,616764000,1666342161.7040634,2.7017500400543213
2017-03-23,2.6937499046325684,2.71399998664856,2.6675000190734863,533940000,1429490816.116333,2.6772499084472656
2017-03-24,2.724250078201294,2.732249975204468,2.6605000495910645,439500000,1180826596.4984894,2.6867499351501465
2017-03-27,2.63949990272522,2.710249900817871,2.5894999504089355,506644000,1371105300.8413315,2.706249952316284
2017-03-28,2.7074999809265137,2.722249984741211,2.681750059127808,432444000,1164247364.7737503,2.6922500133514404
2017-03-29,2.6997499465942383,2.712249994277954,2.681250095367432,349992000,939203550.0240326,2.683500051498413
2017-03-30,2.6907498836517334,2.75,2.684999942779541,525532000,1437329964.8694992,2.734999895095825
2017-03-31,2.725250005722046,2.7472500801086426,2.7100000381469727,440808000,1200430347.324371,2.723249912261963
2017-04-03,2.723750114440918,2.7412500381469727,2.685499906539917,445232000,1206356137.1192932,2.7095000743865967
2017-04-04,2.5850000381469727,2.6105000972747803,2.508500099182129,1271280000,3202989981.8229675,2.5195000171661377
2017-04-05,2.500499963760376,2.5592501163482666,2.487499952316284,747048000,1868180334.4459531,2.500750064849853
2017-04-06,2.50600004196167,2.53125,2.460249900817871,635120000,1599867313.9190674,2.5190000534057617
2017-04-07,2.525500059127808,2.54325008392334,2.493000030517578,429068000,1076209810.1816175,2.508249998092652
2017-04-10,2.509000062942505,2.515749931335449,2.440000057220459,756332000,1848664571.784973,2.4442501068115234
2017-04-11,2.413749933242798,2.4725000858306885,2.408750057220459,618148000,1516317086.4448547,2.453000068664551
2017-04-12,2.453000068664551,2.4674999713897705,2.427500009536743,414092000,1007382307.4712752,2.43274998664856
2017-04-13,2.408250093460083,2.4302499294281006,2.3872499465942383,506892000,1210077899.9290466,2.3872499465942383
2017-04-17,2.40024995803833,2.4809999465942383,2.3949999809265137,497292000,1233657170.7344055,2.48075008392334
2017-04-18,2.466249942779541,2.4885001182556152,2.440000057220459,370116000,918720431.8227768,2.482249975204468
2017-04-19,2.5,2.524499893188477,2.4852499961853027,380828000,949023415.2240752,2.492000102996826
2017-04-20,2.5067501068115234,2.536250114440918,2.4852499961853027,404016000,1022766544.8417664,2.531500101089477
2017-04-21,2.5209999084472656,2.544749975204468,2.509000062942505,341896000,869099650.9113312,2.5420000553131104
2017-04-24,2.5739998817443848,2.586999893188477,2.5527501106262207,371820000,956971732.0919036,2.5737500190734863
2017-04-25,2.588500022888184,2.633249998092652,2.5667500495910645,388440000,1017130137.7773284,2.618499994277954
2017-04-26,2.6322500705718994,2.6347498893737797,2.5985000133514404,327004000,850373936.9277954,2.6005001068115234
2017-04-27,2.6080000400543213,2.649499893188477,2.589750051498413,319700000,844327710.3662491,2.6410000324249268
2017-04-28,2.634000062942505,2.6410000324249268,2.601749897003174,348248000,908056686.569214,2.6075000762939453
2017-05-01,2.618499994277954,2.671250104904175,2.6112499237060547,307732000,820413477.9567719,2.6659998893737797
2017-05-02,2.6387500762939453,2.640000104904175,2.563999891281128,629972000,1629737496.711731,2.586999893188477
2017-05-03,2.5799999237060547,2.615999937057495,2.565000057220459,336904000,878056066.0648346,2.606250047683716
2017-05-04,2.612499952316284,2.6237499713897705,2.588249921798706,209788000,544662107.0041656,2.596250057220459
2017-05-05,2.5845000743865967,2.603749990463257,2.5687499046325684,228428000,593113283.700943,2.5964999198913574
2017-05-08,2.6085000038146973,2.609999895095825,2.55774998664856,365240000,938392909.0118408,2.5692501068115234
2017-05-09,2.575000047683716,2.6232500076293945,2.566499948501587,847672000,2181483822.4773407,2.573499917984009
2017-05-10,2.857249975204468,3.0455000400543213,2.8505001068115234,2129096000,6455951191.684723,3.032249927520752
2017-05-11,3.001250028610229,3.2607500553131104,2.9977500438690186,1939792000,6134592015.007019,3.1624999046325684
2017-05-12,3.165750026702881,3.240000009536743,3.1445000171661377,962620000,3077736688.5089874,3.1972498893737797
2017-05-15,3.239000082015991,3.3602499961853027,3.234499931335449,1087540000,3651687368.621826,3.357749938964844
2017-05-16,3.4094998836517334,3.436000108718872,3.3340001106262207,1120700000,3833074106.597901,3.420249938964844
2017-05-17,3.352499961853028,3.371500015258789,3.188750028610229,1271368000,4059478123.422623,3.193000078201294
2017-05-18,3.237499952316284,3.335750102996826,3.1762499809265137,1156032000,3845829502.304077,3.3267500400543213
2017-05-19,3.4257500171661377,3.4554998874664307,3.380500078201294,1018372000,3462464897.119522,3.400000095367432
2017-05-22,3.4442501068115234,3.486999988555908,3.4332499504089355,836608000,2905121351.8066406,3.4725000858306885
2017-05-23,3.492500066757202,3.494750022888184,3.392750024795532,681248000,2333785347.694397,3.4257500171661377
2017-05-24,3.5239999294281006,3.526750087738037,3.45199990272522,815996000,2826814214.593888,3.464250087738037
2017-05-25,3.5,3.500750064849853,3.4110000133514404,608228000,2102340114.48288,3.4565000534057617
2017-05-26,3.4482500553131104,3.631999969482422,3.4277501106262207,779140000,2762830442.972183,3.5460000038146973
2017-05-30,3.5924999713897705,3.657249927520752,3.5762500762939453,989652000,3584272246.1442947,3.6217501163482666
2017-05-31,3.667249917984009,3.674999952316284,3.5512499809265137,887316000,3202101708.083153,3.608750104904175
2017-06-01,3.6247498989105225,3.6257500648498535,3.562999963760376,503340000,1816554043.6792371,3.608999967575073
2017-06-02,3.6059999465942383,3.632499933242798,3.5850000381469727,487456000,1750454535.0494385,3.5910000801086426
2017-06-05,3.57450008392334,3.713249921798706,3.562750101089477,817376000,3024495470.726013,3.7002499103546143
2017-06-06,3.695499897003174,3.7422499656677246,3.670000076293945,758728000,2794774627.073288,3.683500051498413
2017-06-07,3.708250045776367,3.746999979019165,3.692500114440918,612612000,2283817490.429878,3.7279999256134033
2017-06-08,3.8364999294281006,4.0,3.794749975204468,1161744000,4645233510.303497,3.998500108718872
2017-06-09,4.118500232696533,4.212500095367432,3.5687499046325684,3692928000,13811550755.218506,3.740000009536743
2017-06-12,3.6470000743865967,3.7925000190734863,3.5527501106262207,1697532000,6364471740.915298,3.7492499351501465
2017-06-13,3.859999895095825,3.869250059127808,3.641249895095825,1672504000,6330427783.55217,3.785000085830689
2017-06-14,3.788000106811523,3.8515000343322754,3.712500095367432,1184640000,4493339499.664307,3.7929999828338623
2017-06-15,3.674000024795532,3.839999914169312,3.662499904632568,963824000,3671446684.139252,3.8092501163482666
2017-06-16,3.819000005722046,3.867500066757202,3.75600004196167,924960000,3506060811.195373,3.7904999256134033
2017-06-19,3.835249900817871,3.9382500648498535,3.8315000534057617,778176000,3060566276.275635,3.933000087738037
2017-06-20,3.975749969482422,4.043499946594238,3.92300009727478,1095444000,4302082348.709106,3.9272499084472656
2017-06-21,3.955250024795532,3.990499973297119,3.892499923706055,682652000,2721562784.178734,3.986749887466431
2017-06-22,3.994999885559082,4.008500099182129,3.934999942779541,469132000,1857410858.472824,3.959249973297119
2017-06-23,3.9670000076293945,3.983000040054321,3.830499887466431,1088588000,4186437402.739525,3.845750093460083
2017-06-26,3.878999948501587,3.9149999618530273,3.708250045776367,1063960000,4047037890.586853,3.8037500381469727
2017-06-27,3.78600001335144,3.794749975204468,3.658750057220459,999492000,3662638432.09362,3.6644999980926514
2017-06-28,3.733000040054321,3.798500061035156,3.643749952316284,994948000,3774584022.4428177,3.793750047683716
2017-06-29,3.765000104904175,3.767999887466431,3.601999998092652,1064424000,3903242866.876602,3.6670000553131104
2017-06-30,3.684499979019165,3.6982500553131104,3.587500095367432,731060000,2642050899.9586105,3.614000082015991
2017-07-03,3.6262500286102295,3.641249895095825,3.4644999504089355,709072000,2469874975.025177,3.48324990272522
2017-07-05,3.547499895095825,3.6054999828338623,3.528249979019165,820188000,2933197397.5753784,3.5762500762939453
2017-07-06,3.546750068664551,3.634500026702881,3.49399995803833,746284000,2676920628.288269,3.586999893188477
2017-07-07,3.6445000171661377,3.6875,3.621249914169312,654972000,2403092209.2847824,3.6689999103546143
2017-07-10,3.743499994277954,3.849999904632568,3.7170000076293945,958492000,3683005482.577324,3.8424999713897705
2017-07-11,3.846250057220459,3.904750108718872,3.8037500381469727,757956000,2953754588.3817677,3.8970000743865967
2017-07-12,3.9574999809265137,4.074999809265137,3.9140000343322754,1145208000,4652693644.729614,4.062749862670898
2017-07-13,4.074999809265137,4.15749979019165,3.96875,1369132000,5498091734.989166,4.015749931335449
2017-07-14,4.032249927520752,4.125249862670898,4.02524995803833,941948000,3884358262.6285553,4.12375020980835
2017-07-17,4.158249855041504,4.1875,4.043749809265137,930792000,3822064472.465515,4.106249809265137
2017-07-18,4.04449987411499,4.163750171661377,4.03249979019165,776640000,3222279490.3564453,4.14900016784668
2017-07-19,4.158249855041504,4.184999942779541,4.115250110626221,687044000,2835774149.312973,4.127500057220459
2017-07-20,4.148250102996826,4.187749862670898,4.097750186920166,699596000,2929558250.0,4.1875
2017-07-21,4.166749954223633,4.232500076293945,4.152249813079834,648332000,2724615143.438339,4.202499866485596
2017-07-24,4.209750175476074,4.2195000648498535,4.14300012588501,652524000,2710421527.662277,4.153749942779541
2017-07-25,4.130499839782715,4.148250102996826,4.089499950408936,496556000,2052638346.057892,4.133749961853027
2017-07-26,4.191999912261963,4.2482500076293945,4.146249771118164,640404000,2677849299.1275787,4.18149995803833
2017-07-27,4.20674991607666,4.218500137329102,3.938999891281128,782856000,3165478194.190979,4.043499946594238
2017-07-28,4.00724983215332,4.134500026702881,3.982000112533569,513348000,2109731837.2535703,4.109749794006348
2017-07-31,4.123499870300293,4.159999847412109,4.015500068664551,559672000,2273807341.140747,4.062749862670898
2017-08-01,4.053249835968018,4.113999843597412,4.025000095367432,431384000,1773958789.8216248,4.112249851226807
2017-08-02,4.143750190734863,4.147749900817871,4.031750202178955,478444000,1966285130.443573,4.109749794006348
2017-08-03,4.109250068664551,4.165750026702881,4.0920000076293945,442420000,1841352119.3218231,4.162000179290772
2017-08-04,4.184999942779541,4.2517499923706055,4.162000179290772,589096000,2462568652.877808,4.18025016784668
2017-08-07,4.209750175476074,4.309249877929688,4.199999809265137,717412000,3091149064.468384,4.308750152587891
2017-08-08,4.347249984741211,4.363999843597412,4.217750072479248,755336000,3215843149.662018,4.257500171661377
2017-08-09,4.210750102996826,4.30525016784668,4.1917500495910645,530784000,2283830914.718628,4.302750110626221
2017-08-10,4.303999900817871,4.316500186920166,4.108250141143799,1328088000,5469730737.041473,4.118500232696533
2017-08-11,3.928499937057495,3.974999904632568,3.8227500915527344,1497196000,5837567098.3400345,3.8989999294281006
2017-08-14,3.9917500019073486,4.213749885559082,3.9800000190734863,1279020000,5384674248.790741,4.210000038146973
2017-08-15,4.215250015258789,4.2417497634887695,4.139750003814697,764532000,3191538825.2506256,4.174499988555908
2017-08-16,4.1897501945495605,4.213500022888184,4.0960001945495605,596632000,2463344278.9611816,4.128749847412109
2017-08-17,4.120250225067139,4.137499809265137,4.0345001220703125,525444000,2121085982.8147888,4.036749839782715
2017-08-18,4.091750144958496,4.109000205993652,3.990999937057495,601204000,2427361092.6647186,4.037499904632568
2017-08-21,4.062250137329102,4.073750019073486,3.9342501163482666,623672000,2481434964.0522003,3.978749990463257
2017-08-22,4.012249946594238,4.06974983215332,3.9927499294281006,450456000,1830540475.49057,4.06374979019165
2017-08-23,4.03000020980835,4.15625,4.021249771118164,579520000,2402110388.946533,4.144999980926514
2017-08-24,4.177499771118164,4.182000160217285,4.103000164031982,469700000,1939743469.285965,4.129749774932861
2017-08-25,4.154250144958496,4.164500236511231,4.088749885559082,357200000,1462823346.3287354,4.095250129699707
2017-08-28,4.114500045776367,4.127500057220459,4.058249950408936,389496000,1606378852.7412417,4.1242499351501465
2017-08-29,4.0647501945495605,4.139500141143799,4.05649995803833,324096000,1334465224.3652344,4.117499828338623
2017-08-30,4.137499809265137,4.153250217437744,4.106750011444092,384400000,1592184876.2512207,4.142000198364258
2017-08-31,4.162499904632568,4.239999771118164,4.15500020980835,612684000,2595329461.395264,4.236000061035156
2017-09-01,4.24875020980835,4.297500133514404,4.239999771118164,445432000,1898208415.3251648,4.261499881744385
2017-09-05,4.209499835968018,4.214499950408936,4.089000225067139,695364000,2884195962.032318,4.147749900817871
2017-09-06,4.181000232696533,4.195000171661377,4.110000133514404,397672000,1648449795.80307,4.145249843597412
2017-09-07,4.16225004196167,4.197249889373779,4.12375020980835,352868000,1469518869.4572449,4.164500236511231
2017-09-08,4.152750015258789,4.167749881744385,4.067749977111816,498856000,2041443401.298523,4.092249870300293
2017-09-11,4.138500213623047,4.235750198364258,4.132999897003174,567444000,2397450845.884323,4.224999904632568
2017-09-12,4.25,4.25,4.17425012588501,411488000,1744812037.5213623,4.240250110626221
2017-09-13,4.214749813079834,4.28849983215332,4.182000160217285,580960000,2474453975.2960205,4.259250164031982
2017-09-14,4.219749927520752,4.314000129699707,4.195000171661377,513712000,2175570388.587952,4.235000133514404
2017-09-15,4.321499824523926,4.502749919891357,4.316249847412109,1364792000,6145317068.6683655,4.502749919891357
2017-09-18,4.628499984741211,4.78000020980835,4.621500015258789,1684460000,7898011471.586227,4.68874979019165
2017-09-19,4.637750148773193,4.746250152587891,4.615499973297119,874280000,4094909083.404541,4.683750152587891
2017-09-20,4.6875,4.735499858856201,4.605249881744385,724920000,3367978253.631592,4.645999908447266
2017-09-21,4.540999889373779,4.567500114440918,4.440249919891357,1075600000,4860636457.443237,4.519000053405762
2017-09-22,4.507500171661377,4.557750225067139,4.465000152587891,491232000,2198263153.152466,4.474999904632568
2017-09-25,4.443749904632568,4.445000171661377,4.254000186920166,874580000,3738829583.406448,4.275000095367432
2017-09-26,4.411250114440918,4.4670000076293945,4.258749961853027,1125620000,4839040139.541626,4.298999786376953
2017-09-27,4.390500068664551,4.406750202178955,4.318749904632568,713720000,3135550381.832123,4.393249988555908
2017-09-28,4.4004998207092285,4.4045000076293945,4.343999862670898,435244000,1911591734.336853,4.392000198364258
2017-09-29,4.477000236511231,4.493249893188477,4.431250095367432,619092000,2766877046.1673737,4.469250202178955
2017-10-02,4.519999980926514,4.549499988555908,4.425000190734863,503480000,2253072951.984405,4.474999904632568
2017-10-03,4.481249809265137,4.514500141143799,4.439499855041504,390332000,1750346297.8019714,4.484250068664551
2017-10-04,4.490499973297119,4.544250011444092,4.453499794006348,427848000,1934621682.5752256,4.521749973297119
2017-10-05,4.546500205993652,4.550000190734863,4.488999843597412,437364000,1976557220.2949524,4.51924991607666
2017-10-06,4.491250038146973,4.546000003814697,4.474999904632568,318800000,1444960933.113098,4.53249979019165
2017-10-09,4.56974983215332,4.66825008392334,4.550749778747559,563492000,2611644484.6630096,4.634749889373779
2017-10-10,4.785749912261963,4.823750019073486,4.68149995803833,974876000,4604582981.466293,4.723249912261963
2017-10-11,4.739999771118164,4.775000095367432,4.69350004196167,529508000,2527606419.820785,4.773499965667725
2017-10-12,4.776999950408936,4.827250003814697,4.7482500076293945,528292000,2522990603.64151,4.775750160217285
2017-10-13,4.838749885559082,4.875,4.791250228881836,628728000,3058604480.4382324,4.864749908447266
2017-10-16,4.894999980926514,4.951250076293945,4.830999851226807,576640000,2853358774.4140625,4.948249816894531
2017-10-17,4.927249908447266,4.972499847412109,4.908750057220459,478596000,2366058929.3575287,4.943749904632568
2017-10-18,4.952750205993652,4.953499794006348,4.833000183105469,567316000,2802257299.762726,4.939499855041504
2017-10-19,4.861000061035156,4.949999809265137,4.81125020980835,570772000,2822467637.9795074,4.945000171661377
2017-10-20,4.962250232696533,4.989749908447266,4.91349983215332,451620000,2223099510.2977757,4.922500133514404
2017-10-23,4.944499969482422,4.971250057220459,4.894999980926514,428696000,2107255258.3198547,4.915500164031982
2017-10-24,4.924749851226807,4.96875,4.898499965667725,407244000,2022780951.107025,4.9670000076293945
2017-10-25,4.927000045776367,4.980500221252441,4.779250144958496,828160000,4009536478.881836,4.84149980545044
2017-10-26,4.869500160217285,4.90399980545044,4.845250129699707,322744000,1578944353.6987305,4.892250061035156
2017-10-27,4.945000171661377,5.046750068664551,4.918749809265137,572192000,2887567045.86792,5.046500205993652
2017-10-30,5.046500205993652,5.152249813079834,5.0304999351501465,504056000,2568669474.0638733,5.0960001945495605
2017-10-31,5.1282501220703125,5.197249889373779,5.122499942779541,411908000,2129667311.8591309,5.170249938964844
2017-11-01,5.233749866485596,5.2492499351501465,5.114999771118164,502576000,2603343593.727112,5.179999828338623
2017-11-02,5.150000095367432,5.195250034332275,5.091249942779541,342308000,1762372726.2477877,5.148499965667725
2017-11-03,5.179999828338623,5.217249870300293,5.133500099182129,353640000,1845028244.132996,5.217249870300293
2017-11-06,5.179999828338623,5.249499797821045,5.167500019073486,389944000,2043598954.036713,5.240749835968018
2017-11-07,5.263750076293945,5.322500228881836,5.251500129699707,427700000,2267130680.370331,5.300749778747559
2017-11-08,5.296249866485596,5.300000190734863,5.181000232696533,522988000,2734704299.880981,5.229000091552734
2017-11-09,5.131750106811523,5.158249855041504,5.009250164031982,978564000,5022968911.211014,5.132999897003174
2017-11-10,5.327000141143799,5.466750144958496,5.290750026702881,1253256000,6771968896.396637,5.403500080108643
2017-11-13,5.403500080108643,5.4292497634887695,5.300250053405762,582376000,3095765293.0908203,5.3157501220703125
2017-11-14,5.324999809265137,5.369999885559082,5.280749797821045,529292000,2834093917.08374,5.354499816894531
2017-11-15,5.298749923706055,5.300000190734863,5.195000171661377,501948000,2634975924.516678,5.249499797821045
2017-11-16,5.32450008392334,5.355000019073486,5.28125,441768000,2337063084.4802856,5.290249824523926
2017-11-17,5.3480000495910645,5.383749961853027,5.268750190734863,515664000,2724768534.690857,5.283999919891357
2017-11-20,5.299749851226807,5.364250183105469,5.262499809265137,396100000,2119927293.6820984,5.352000236511231
2017-11-21,5.392250061035156,5.413000106811523,5.360000133514404,399176000,2156049324.317932,5.401249885559082
2017-11-22,5.425000190734863,5.425000190734863,5.340250015258789,356640000,1916315882.7209475,5.3732500076293945
2017-11-24,5.389750003814697,5.425000190734863,5.364999771118164,180752000,980398809.387207,5.423999786376953
2017-11-27,5.432750225067139,5.434000015258789,5.350249767303467,422896000,2263973689.216614,5.353499889373779
2017-11-28,5.358749866485596,5.368249893188477,5.205999851226807,512752000,2701049238.4643555,5.267749786376953
2017-11-29,5.250249862670898,5.252999782562256,4.780749797821045,1396788000,6858927543.268204,4.9105000495910645
2017-11-30,4.980000019073486,5.066999912261963,4.916250228881836,823768000,4133461706.02417,5.017749786376953
2017-12-01,4.982749938964844,5.0032501220703125,4.8117499351501465,811548000,4010670144.796372,4.941999912261963
2017-12-04,5.00124979019165,5.007500171661377,4.612500190734863,1240844000,5790398639.602661,4.666500091552734
2017-12-05,4.559999942779541,4.817500114440918,4.514500141143799,981488000,4606613969.184876,4.69350004196167
2017-12-06,4.642499923706055,4.753499984741211,4.620999813079834,467032000,2209761977.481842,4.731500148773193
2017-12-07,4.798999786376953,4.840000152587891,4.752999782562256,542600000,2604344269.2756653,4.799749851226807
2017-12-08,4.850249767303467,4.869500160217285,4.778749942779541,466876000,2235052150.5908966,4.78725004196167
2017-12-11,4.801499843597412,4.869500160217285,4.7855000495910645,372748000,1813978105.03006,4.866499900817871
2017-12-12,4.822500228881836,4.8460001945495605,4.747250080108643,455016000,2170881294.342041,4.770999908447266
2017-12-13,4.8125,4.81374979019165,4.646999835968018,554280000,2579896264.228821,4.6545000076293945
2017-12-14,4.6479997634887695,4.733500003814697,4.614999771118164,438164000,2042610956.7985532,4.661749839782715
2017-12-15,4.706250190734863,4.809500217437744,4.640500068664551,670036000,3208802427.0038605,4.789000034332275
2017-12-18,4.829999923706055,4.950500011444092,4.800000190734863,477704000,2363440649.337769,4.947500228881836
2017-12-19,4.938000202178955,4.943250179290772,4.874000072479248,373100000,1829216030.6930544,4.902750015258789
2017-12-20,4.942500114440918,4.951749801635742,4.863749980926514,288820000,1420994422.0352173,4.920000076293945
2017-12-21,4.923500061035156,4.948750019073486,4.888750076293945,300904000,1473602166.8014526,4.897250175476074
2017-12-22,4.860000133514404,4.891250133514404,4.78125,466276000,2276242912.80365,4.881750106811523
2017-12-26,4.82574987411499,4.943749904632568,4.795499801635742,355080000,1752674833.946228,4.935999870300293
2017-12-27,4.922500133514404,4.9992499351501465,4.907750129699707,329488000,1624128646.0723877,4.9292497634887695
2017-12-28,4.953249931335449,4.984499931335449,4.928750038146973,240248000,1185623866.2528992,4.934999942779541
2017-12-29,4.96150016784668,4.96150016784668,4.837500095367432,279964000,1354325876.6994476,4.837500095367432
2018-01-02,4.894499778747559,4.987500190734863,4.862500190734863,355616000,1772301192.5201416,4.983749866485596
2018-01-03,5.102499961853027,5.34250020980835,5.09375,914704000,4858678912.68158,5.3117499351501465
2018-01-04,5.394000053405762,5.451250076293945,5.317249774932861,583268000,3114505193.9754486,5.339749813079834
2018-01-05,5.354750156402588,5.422749996185303,5.276999950408936,580124000,3123967872.779846,5.385000228881836
2018-01-08,5.510000228881836,5.625,5.464499950408936,881216000,4890748968.078613,5.550000190734863
2018-01-09,5.555500030517578,5.5954999923706055,5.466000080108643,497000000,2757604530.3344727,5.548500061035156
2018-01-10,5.454999923706055,5.5954999923706055,5.400000095367432,582664000,3258257092.445373,5.5920000076293945
2018-01-11,5.625,5.656750202178955,5.580249786376953,406032000,2274591360.031128,5.602000236511231
2018-01-12,5.590000152587891,5.624750137329102,5.5335001945495605,359916000,2006351772.2053528,5.57450008392334
2018-01-16,5.601250171661377,5.687749862670898,5.417250156402588,702348000,3864845400.735855,5.502749919891357
2018-01-17,5.517499923706055,5.627999782562256,5.422500133514404,538408000,3024776160.430908,5.618000030517578
2018-01-18,5.598499774932861,5.665999889373779,5.566999912261963,408632000,2292834176.940918,5.611000061035156
2018-01-19,5.702250003814697,5.777249813079834,5.675000190734863,609380000,3505610746.1833954,5.752749919891357
2018-01-22,5.760749816894531,5.843999862670898,5.702499866485596,550944000,3218752512.5427246,5.842249870300293
2018-01-23,5.896249771118164,5.995749950408936,5.877500057220459,475228000,2838418125.8296967,5.972750186920166
2018-01-24,5.97599983215332,6.012249946594238,5.838749885559082,579972000,3418934928.937912,5.894999980926514
2018-01-25,5.949999809265137,5.993750095367432,5.893750190734863,409884000,2421902108.4537506,5.908750057220459
2018-01-26,5.953000068664551,6.083499908447266,5.940000057220459,516356000,3141122660.636902,6.083250045776367
2018-01-29,6.06850004196167,6.202750205993652,6.015250205993652,455116000,2808634554.2354584,6.171249866485596
2018-01-30,6.027750015258789,6.1605000495910645,5.960249900817871,570832000,3463808484.5428467,6.067999839782715
2018-01-31,6.14424991607666,6.231750011444092,6.111249923706055,478576000,2940849510.871887,6.144999980926514
2018-02-01,5.9629998207092285,6.172500133514404,5.951499938964844,519224000,3121834200.9658813,6.012499809265137
2018-02-02,5.925000190734863,5.949250221252441,5.779250144958496,718464000,4194392703.186035,5.8379998207092285
2018-02-05,5.675000190734863,5.830749988555908,5.125,1165204000,6225102614.469528,5.34250020980835
2018-02-06,5.110000133514404,5.642499923706055,5.099999904632568,1114800000,6286914757.347107,5.639500141143799
2018-02-07,5.739500045776367,5.8742499351501465,5.667500019073486,802932000,4592770871.538162,5.71999979019165
2018-02-08,5.8470001220703125,5.880499839782715,5.437749862670898,1144000000,6221072231.292725,5.438000202178955
2018-02-09,5.956250190734863,5.972249984741211,5.438000202178955,1674604000,9716052484.657288,5.802000045776367
2018-02-12,5.883999824523926,5.88700008392334,5.6257500648498535,1093172000,6231900141.386032,5.70074987411499
2018-02-13,5.664000034332275,5.862500190734863,5.631249904632568,625524000,3637891279.35791,5.8157501220703125
2018-02-14,5.775000095367432,6.0647501945495605,5.763750076293945,744988000,4496375110.944748,6.0355000495910645
2018-02-15,6.119750022888184,6.209249973297119,6.038000106811523,698900000,4306971183.347702,6.162499904632568
2018-02-16,6.135000228881836,6.25,6.086750030517578,637656000,3887151100.055695,6.0960001945495605
2018-02-20,6.118750095367432,6.296750068664551,6.114999771118164,686240000,4273216642.303467,6.227000236511231
2018-02-21,6.292250156402588,6.29925012588501,6.033999919891357,892292000,5387435815.366745,6.037749767303467
2018-02-22,6.068250179290772,6.140749931335449,5.987500190734863,534364000,3234906085.384369,6.053750038146973
2018-02-23,6.114250183105469,6.148250102996826,6.063000202178955,415300000,2553368267.774582,6.148250102996826
2018-02-26,6.195000171661377,6.19950008392334,6.101500034332275,469312000,2893073934.9975586,6.164500236511231
2018-02-27,6.137499809265137,6.222750186920166,6.1282501220703125,455436000,2801614656.5036774,6.151500225067139
2018-02-28,6.162499904632568,6.202499866485596,6.038249969482422,523116000,3164851899.7764587,6.050000190734863
2018-03-01,6.047749996185303,6.102250099182129,5.703000068664551,1040120000,6038156804.580688,5.80525016784668
2018-03-02,5.696499824523926,5.920000076293945,5.546249866485596,913428000,5401556324.684143,5.91349983215332
2018-03-05,5.862750053405762,5.931250095367432,5.73799991607666,620776000,3657146692.882538,5.891250133514404
2018-03-06,5.977499961853027,6.073500156402588,5.934000015258789,636808000,3855235568.840027,6.053999900817871
2018-03-07,5.949999809265137,6.098750114440918,5.948750019073486,581208000,3513983570.2171326,6.046000003814697
2018-03-08,6.073750019073486,6.073750019073486,5.984749794006348,411912000,2483623407.142639,6.0295000076293945
2018-03-09,6.077499866485596,6.146249771118164,6.06125020980835,505524000,3100505192.5621037,6.133250236511231
2018-03-12,6.175000190734863,6.324999809265137,6.166749954223633,605060000,3777994614.610672,6.24399995803833
2018-03-13,6.28725004196167,6.362500190734863,6.151000022888184,619772000,3838093038.8145447,6.192749977111816
2018-03-14,6.236249923706055,6.263750076293945,6.1554999351501465,505496000,3143426945.4193115,6.218500137329102
2018-03-15,6.232250213623047,6.315499782562256,6.190999984741211,401952000,2505567793.533325,6.233500003814697
2018-03-16,6.25,6.28125,6.211999893188477,399456000,2501393505.5236816,6.26200008392334
2018-03-19,6.204500198364258,6.233749866485596,5.925000190734863,713772000,4300476368.070602,6.025000095367432
2018-03-20,6.027999877929688,6.278749942779541,6.027999877929688,554696000,3461025717.391968,6.239500045776367
2018-03-21,6.232999801635742,6.300000190734863,6.183249950408936,438688000,2726007330.734253,6.214000225067139
2018-03-22,6.150000095367432,6.197000026702881,6.008500099182129,551196000,3332668741.4073944,6.046249866485596
2018-03-23,6.059999942779541,6.0625,5.813000202178955,735620000,4284434947.757721,5.824250221252441
2018-03-26,5.949999809265137,6.113249778747559,5.897500038146973,611424000,3737023481.002808,6.111999988555908
2018-03-27,6.193749904632568,6.25,5.496250152587891,1409000000,7943942016.124725,5.638000011444092
2018-03-28,5.603250026702881,5.734749794006348,5.425000190734863,945904000,5234396314.125061,5.533750057220459
2018-03-29,5.602749824523926,5.887499809265137,5.517499923706055,916628000,5307047053.913116,5.789750099182129
2018-04-02,5.718500137329102,5.866250038146973,5.4375,922092000,5095710809.474945,5.526249885559082
2018-04-03,5.695000171661377,5.758749961853027,5.533750057220459,667432000,3760145004.5394897,5.633749961853027
2018-04-04,5.375249862670898,5.666500091552734,5.349999904632568,789168000,4463534316.375732,5.656000137329102
2018-04-05,5.715000152587891,5.728250026702881,5.462250232696533,701240000,3881012865.600586,5.5345001220703125
2018-04-06,5.430749893188477,5.539999961853027,5.326749801635742,662988000,3551129348.5450745,5.356249809265137
2018-04-09,5.420000076293945,5.54925012588501,5.364999771118164,499524000,2690061666.732788,5.385250091552734
2018-04-10,5.618000030517578,5.724999904632568,5.56024980545044,761676000,4339839498.7335205,5.697750091552734
2018-04-11,5.682750225067139,5.724500179290772,5.623000144958496,460244000,2603140127.204895,5.656000137329102
2018-04-12,5.75,5.882999897003174,5.705249786376953,593920000,3483340664.0625,5.864999771118164
2018-04-13,5.9292497634887695,5.937749862670898,5.738749980926514,503036000,2911320802.0267487,5.787499904632568
2018-04-16,5.794250011444092,5.821000099182129,5.691999912261963,350792000,2030121016.719818,5.78725004196167
2018-04-17,5.840000152587891,5.960000038146973,5.783750057220459,447224000,2655839691.585541,5.938499927520752
2018-04-18,5.887499809265137,5.981249809265137,5.819250106811523,391364000,2312667631.9026947,5.909249782562256
2018-04-19,5.793749809265137,5.827499866485596,5.670000076293945,471996000,2702649016.7770386,5.72599983215332
2018-04-20,5.717249870300293,5.802499771118164,5.68625020980835,386200000,2208195077.9914856,5.717750072479248
2018-04-23,5.735750198364258,5.787499904632568,5.570750236511231,427508000,2392762328.186035,5.5970001220703125
2018-04-24,5.623000144958496,5.71999979019165,5.464000225067139,414596000,2292715966.9857025,5.53000020980835
2018-04-25,5.5,5.539500236511231,5.257500171661377,588492000,3187566971.878052,5.416500091552734
2018-04-26,5.579999923706055,5.638750076293945,5.51324987411499,375824000,2116076971.786499,5.630499839782715
2018-04-27,5.737500190734863,5.757500171661377,5.615499973297119,400848000,2268098137.8936768,5.658249855041504
2018-04-30,5.674749851226807,5.724999904632568,5.603000164031982,327844000,1843302871.240616,5.622499942779541
2018-05-01,5.614250183105469,5.681250095367432,5.554999828338623,253788000,1441135202.533722,5.678500175476074
2018-05-02,5.675000190734863,5.71999979019165,5.631249904632568,268248000,1517680156.791687,5.657750129699707
2018-05-03,5.690000057220459,5.851250171661377,5.64424991607666,443144000,2581202990.333557,5.824749946594238
2018-05-04,5.795750141143799,5.979750156402588,5.778250217437744,400660000,2394544503.755569,5.976500034332275
2018-05-07,6.082250118255615,6.274750232696533,6.072249889373779,687616000,4274908677.2460938,6.2170000076293945
2018-05-08,6.217249870300293,6.262750148773193,6.167749881744385,506616000,3171416275.9552,6.260000228881836
2018-05-09,6.280250072479248,6.396749973297119,6.252749919891357,596760000,3815981687.965393,6.394499778747559
2018-05-10,6.447999954223633,6.512499809265137,6.429999828338623,994080000,6464750881.347656,6.5032501220703125
2018-05-11,6.319499969482422,6.494750022888184,6.263500213623047,1214456000,7727886873.298645,6.363249778747559
2018-05-14,6.401750087738037,6.462250232696533,6.360000133514404,523140000,3339725668.2014465,6.383999824523926
2018-05-15,6.31974983215332,6.322500228881836,6.037499904632568,963528000,5915098333.190918,6.138999938964844
2018-05-16,6.099999904632568,6.2129998207092285,6.062749862670898,553828000,3406180633.7604523,6.15024995803833
2018-05-17,6.151999950408936,6.287499904632568,6.135749816894531,519784000,3218892354.1030884,6.192749977111816
2018-05-18,6.245250225067139,6.309249877929688,6.143499851226807,483716000,2974127809.392929,6.148499965667725
2018-05-21,6.247000217437744,6.2507500648498535,6.012249946594238,640624000,3911650109.7869873,6.105999946594238
2018-05-22,6.119500160217285,6.144999980926514,6.006249904632568,518264000,3144566879.310608,6.067500114440918
2018-05-23,6.006999969482422,6.1897501945495605,6.006249904632568,442956000,2741233173.894882,6.188499927520752
2018-05-24,6.184750080108643,6.235000133514404,6.13100004196167,437372000,2708316668.5619354,6.192249774932861
2018-05-25,6.204999923706055,6.248499870300293,6.169000148773193,292112000,1820441947.227478,6.23199987411499
2018-05-29,6.213749885559082,6.2835001945495605,6.167500019073486,352684000,2191842823.076248,6.214749813079834
2018-05-30,6.24875020980835,6.333499908447266,6.223750114440918,390996000,2472951930.118561,6.324749946594238
2018-05-31,6.292500019073486,6.380000114440918,6.281750202178955,493868000,3113714256.044388,6.304749965667725
2018-06-01,6.349999904632568,6.446750164031982,6.341249942779541,421968000,2717684812.24823,6.440499782562256
2018-06-04,6.474999904632568,6.643499851226807,6.442500114440918,642024000,4251001507.965088,6.621250152587891
2018-06-05,6.624499797821045,6.664750099182129,6.579249858856201,391712000,2595777493.0114746,6.6267499923706055
2018-06-06,6.535749912261963,6.631999969482422,6.51924991607666,371356000,2461626028.335572,6.628749847412109
2018-06-07,6.625,6.63700008392334,6.481249809265137,369448000,2428197064.5599365,6.572500228881836
2018-06-08,6.499000072479248,6.599999904632568,6.480000019073486,360456000,2363510049.7512817,6.557000160217285
2018-06-11,6.544250011444092,6.586249828338623,6.502500057220459,265372000,1729031284.2216492,6.515500068664551
2018-06-12,6.542250156402588,6.576749801635742,6.491499900817871,319160000,2095125773.7350464,6.564499855041504
2018-06-13,6.565999984741211,6.641749858856201,6.550749778747559,338208000,2218644460.647583,6.559999942779541
2018-06-14,6.605500221252441,6.730000019073486,6.590499877929688,430016000,2869389262.359619,6.672749996185303
2018-06-15,6.614999771118164,6.686999797821045,6.583749771118164,432260000,2866532089.414597,6.631499767303467
2018-06-18,6.586999893188477,6.644999980926514,6.559500217437744,356268000,2361077172.311783,6.6272501945495605
2018-06-19,6.5229997634887695,6.591000080108643,6.375500202178955,594932000,3869586490.503311,6.5042500495910645
2018-06-20,6.545750141143799,6.611249923706055,6.506999969482422,369780000,2424924878.2253265,6.557750225067139
2018-06-21,6.590000152587891,6.608500003814697,6.420000076293945,359516000,2310879008.7718964,6.427750110626221
2018-06-22,6.448750019073486,6.462250232696533,6.258250236511231,434160000,2723811225.4714966,6.273749828338623
2018-06-25,6.166250228881836,6.170000076293945,5.888500213623047,665816000,3980248157.2151184,5.978000164031982
2018-06-26,6.09250020980835,6.141250133514404,5.99774980545044,478884000,2897128407.754898,6.049749851226807
2018-06-27,6.09375,6.160749912261963,5.887499809265137,453892000,2674785613.138199,5.89300012588501
2018-06-28,5.882999897003174,6.0335001945495605,5.875249862670898,338012000,2035339295.39299,6.021500110626221
2018-06-29,6.087250232696533,6.099999904632568,5.921249866485596,392300000,2323396802.377701,5.922500133514404
2018-07-02,5.852250099182129,6.059750080108643,5.831500053405762,357572000,2165456115.205765,6.056000232696533
2018-07-03,6.091000080108643,6.0970001220703125,5.912499904632568,222732000,1318796172.8496552,5.921000003814697
2018-07-05,5.976749897003174,6.073249816894531,5.9375,306216000,1858195296.901703,6.068250179290772
2018-07-06,6.043499946594238,6.1917500495910645,6.021999835968018,296352000,1832418489.3035889,6.183249950408936
2018-07-09,6.258250236511231,6.26800012588501,6.151750087738037,303880000,1893552192.0394895,6.231249809265137
2018-07-10,6.243750095367432,6.353499889373779,6.203000068664551,360016000,2279351368.6676025,6.331250190734863
2018-07-11,6.237500190734863,6.272500038146973,6.177499771118164,367508000,2274231404.83284,6.1882500648498535
2018-07-12,6.234000205993652,6.329249858856201,6.223999977111816,345508000,2170049301.1455536,6.280749797821045
2018-07-13,6.299499988555908,6.299499988555908,6.190499782562256,246988000,1539476155.0064087,6.232999801635742
2018-07-16,6.204999923706055,6.258500099182129,6.192500114440918,197036000,1222608364.9673462,6.204999923706055
2018-07-17,6.155250072479248,6.357500076293945,6.129499912261963,362136000,2296756999.031067,6.342249870300293
2018-07-18,6.334750175476074,6.348750114440918,6.241000175476074,277640000,1747049705.2955627,6.292500019073486
2018-07-19,6.273499965667725,6.334750175476074,6.258250236511231,235752000,1485414361.8392944,6.300749778747559
2018-07-20,6.298250198364258,6.337500095367432,6.261250019073486,222352000,1394647371.017456,6.272250175476074
2018-07-23,6.245500087738037,6.247250080108643,6.081999778747559,301584000,1880451634.8495483,6.235249996185303
2018-07-24,6.283750057220459,6.371250152587891,6.199999809265137,354620000,2204938530.702591,6.217750072479248
2018-07-25,6.227250099182129,6.309500217437744,6.168749809265137,319112000,2009368507.911682,6.296750068664551
2018-07-26,6.276500225067139,6.408249855041504,6.259500026702881,325124000,2071364943.227768,6.370999813079834
2018-07-27,6.4079999923706055,6.414999961853027,6.245999813079834,295420000,1861293685.207367,6.30049991607666
2018-07-30,6.3147501945495605,6.320750236511231,6.067999839782715,340340000,2077180114.0880585,6.103250026702881
2018-07-31,6.092750072479248,6.197000026702881,6.053500175476074,283988000,1738432546.333313,6.121500015258789
2018-08-01,6.153250217437744,6.209000110626221,6.097249984741211,283556000,1747201137.5694275,6.161749839782715
2018-08-02,6.089749813079834,6.269499778747559,6.030250072479248,269668000,1689604872.516632,6.265500068664551
2018-08-03,6.290249824523926,6.326499938964844,6.273250102996826,214288000,1350550070.9533691,6.302499771118164
2018-08-06,6.289750099182129,6.354249954223633,6.24275016784668,207508000,1317831424.6673584,6.350749969482422
2018-08-07,6.400000095367432,6.442500114440918,6.373000144958496,258132000,1658175415.3060913,6.423749923706055
2018-08-08,6.425000190734863,6.50600004196167,6.389750003814697,262100000,1693296988.0104065,6.4604997634887695
2018-08-09,6.478499889373779,6.481249809265137,6.403749942779541,204280000,1309741215.324402,6.411499977111816
2018-08-10,6.328750133514404,6.402500152587891,6.317500114440918,256396000,1633178426.8684387,6.369750022888184
2018-08-13,6.378499984741211,6.525000095367432,6.3767499923706055,375208000,2402456778.198242,6.402999877929688
2018-08-14,6.509500026702881,6.550000190734863,6.42549991607666,466220000,3047097324.0947723,6.535749912261963
2018-08-15,6.5567498207092285,6.591000080108643,6.397500038146973,591136000,3828788011.810303,6.477000236511231
2018-08-16,6.547500133514404,6.550000190734863,6.375249862670898,801260000,5156909256.076813,6.435999870300293
2018-08-17,6.323500156402588,6.324250221252441,6.093249797821045,1143188000,6996882254.301071,6.120500087738037
2018-08-20,6.079500198364258,6.329999923706055,5.9679999351501465,854388000,5293788132.740021,6.196000099182129
2018-08-21,6.212500095367432,6.337500095367432,6.192500114440918,673988000,4268366127.4108887,6.333000183105469
2018-08-22,6.300000190734863,6.575500011444092,6.296500205993652,749856000,4926928770.767212,6.570499897003174
2018-08-23,6.531499862670898,6.736999988555908,6.517499923706055,720684000,4807682966.749191,6.671000003814697
2018-08-24,6.679500102996826,6.820250034332275,6.675000190734863,531512000,3617204932.220459,6.805500030517578
2018-08-27,6.8354997634887695,6.972499847412109,6.803750038146973,505776000,3488589979.2938232,6.897500038146973
2018-08-28,6.891499996185303,6.914500236511231,6.738249778747559,475384000,3260896515.357971,6.859499931335449
2018-08-29,6.8480000495910645,6.987500190734863,6.827000141143799,420108000,2924897020.757675,6.962250232696533
2018-08-30,6.930749893188477,7.043000221252441,6.9079999923706055,346608000,2407279223.8998413,6.945250034332275
2018-08-31,6.925000190734863,7.03000020980835,6.914999961853027,306592000,2151356124.8168945,7.017000198364258
2018-09-04,7.003749847412109,7.130499839782715,6.974999904632568,391720000,2778274182.1861267,7.09250020980835
2018-09-05,7.074749946594238,7.110499858856201,6.878749847412109,393156000,2736562245.0141907,6.9604997634887695
2018-09-06,6.943999767303467,6.946499824523926,6.784749984741211,322796000,2200823076.282501,6.817999839782715
2018-09-07,6.724999904632568,6.923250198364258,6.679749965667725,295420000,2007822090.8546448,6.796500205993652
2018-09-10,6.819250106811523,6.898250102996826,6.775000095367432,220140000,1511976531.4865112,6.868249893188477
2018-09-11,6.821499824523926,6.909999847412109,6.80049991607666,243112000,1658023881.732941,6.820000171661377
2018-09-12,6.779749870300293,6.799499988555908,6.547999858856201,419092000,2810011828.025818,6.704999923706055
2018-09-13,6.771500110626221,6.875,6.754000186920166,305536000,2072603515.4418943,6.7835001945495605
2018-09-14,6.874750137329102,6.977499961853027,6.837500095367432,386936000,2674017928.050995,6.910749912261963
2018-09-17,6.885000228881836,6.934500217437744,6.828750133514404,205528000,1407507107.9673767,6.848249912261963
2018-09-18,6.852250099182129,6.955999851226807,6.768750190734863,299520000,2029397706.298828,6.7754998207092285
2018-09-19,6.756750106811523,6.817500114440918,6.706250190734863,224860000,1528935567.4266815,6.799499988555908
2018-09-20,6.676249980926514,6.718999862670898,6.602499961853027,430584000,2866397715.9233093,6.6570000648498535
2018-09-21,6.669000148773193,6.715000152587891,6.552750110626221,435128000,2865861715.3053284,6.586249828338623
2018-09-24,6.554999828338623,6.645999908447266,6.4670000076293945,293912000,1952310437.576294,6.642499923706055
2018-09-25,6.709249973297119,6.735499858856201,6.62274980545044,280388000,1881473549.1905208,6.710249900817871
2018-09-26,6.715250015258789,6.75600004196167,6.6570000648498535,268548000,1792020766.096115,6.672999858856201
2018-09-27,6.708499908447266,6.730000019073486,6.653250217437744,214428000,1433451167.7303314,6.684999942779541
2018-09-28,6.818250179290772,7.047999858856201,6.789999961853027,709396000,4983861470.811844,7.0254998207092285
2018-10-01,7.104000091552734,7.301499843597412,7.065000057220459,622060000,4499982168.140411,7.234000205993652
2018-10-02,7.206250190734863,7.318999767303467,7.139500141143799,383964000,2749950236.841202,7.162000179290772
2018-10-03,7.232999801635742,7.240499973297119,7.0632500648498535,320552000,2297796900.9017944,7.16825008392334
2018-10-04,7.131750106811523,7.15625,6.9045000076293945,391220000,2731595928.5736084,6.982250213623047
2018-10-05,6.957250118255615,7.019999980926514,6.688499927520752,426636000,2878299780.5099487,6.746500015258789
2018-10-08,6.662499904632568,6.77899980545044,6.501999855041504,408612000,2714920246.7079163,6.64424991607666
2018-10-09,6.623499870300293,6.718999862670898,6.570000171661377,273500000,1815629808.4259036,6.638500213623047
2018-10-10,6.531499862670898,6.577750205993652,6.139999866485596,684940000,4207072756.80542,6.142250061035156
2018-10-11,6.0542497634887695,6.189000129699707,5.856500148773193,725436000,4264294255.554199,5.8782501220703125
2018-10-12,6.137750148773193,6.238500118255615,5.991250038146973,608236000,3748862483.909607,6.16349983215332
2018-10-15,6.150000095367432,6.150000095367432,5.883500099182129,449760000,2646612732.009888,5.884500026702881
2018-10-16,5.9982500076293945,6.1570000648498535,5.948500156402588,408712000,2511841792.7093506,6.145750045776367
2018-10-17,6.208499908447266,6.247000217437744,6.026999950408936,329668000,2003227581.878662,6.076499938964844
2018-10-18,6.146500110626221,6.18524980545044,5.927249908447266,524020000,3137962649.059296,5.988249778747559
2018-10-19,6.044000148773193,6.06374979019165,5.692500114440918,613608000,3515513605.911255,5.729249954223633
2018-10-22,5.7820000648498535,5.882999897003174,5.676750183105469,368844000,2132102718.0805209,5.7804999351501465
2018-10-23,5.510749816894531,5.604750156402588,5.417749881744385,626436000,3461998694.990158,5.526500225067139
2018-10-24,5.487750053405762,5.534749984741211,4.971250057220459,884288000,4408396748.626709,4.985249996185303
2018-10-25,4.886750221252441,5.243750095367432,4.8420000076293945,951720000,4945137214.393616,5.196000099182129
2018-10-26,4.957749843597412,5.120999813079834,4.828000068664551,664784000,3295500562.614441,4.957250118255615
2018-10-29,5.09975004196167,5.103250026702881,4.40024995803833,758016000,3517573300.048828,4.640500068664551
2018-10-30,4.663750171661377,5.085000038146973,4.640500068664551,807192000,4096499246.040344,5.074999809265137
2018-10-31,5.241250038146973,5.3147501945495605,5.100249767303467,745772000,3930777803.138733,5.270750045776367
2018-11-01,5.307499885559082,5.462250232696533,5.179749965667725,566528000,3089135668.701172,5.452750205993652
2018-11-02,5.443250179290772,5.550000190734863,5.255249977111816,452960000,2433754145.6604004,5.373000144958496
2018-11-05,5.359749794006348,5.383250236511231,5.131999969482422,379332000,2008278445.3411105,5.294250011444092
2018-11-06,5.286250114440918,5.371250152587891,5.238999843597412,299012000,1577736885.2977753,5.276500225067139
2018-11-07,5.34375,5.43524980545044,5.2795000076293945,483812000,2585854151.93367,5.344749927520752
2018-11-08,5.284999847412109,5.285749912261963,5.095749855041504,511352000,2633335080.9898376,5.149750232696533
2018-11-09,5.059999942779541,5.232999801635742,5.026000022888184,413240000,2124776711.6737368,5.141749858856201
2018-11-12,5.049499988555908,5.071750164031982,4.71649980545044,617116000,2924204238.9774323,4.738500118255615
2018-11-13,4.837250232696533,5.105249881744385,4.830999851226807,644712000,3212438678.6499023,4.982749938964844
2018-11-14,5.15749979019165,5.171999931335449,4.820750236511231,526580000,2595907736.9213104,4.929749965667725
2018-11-15,4.923749923706055,5.132500171661377,4.887499809265137,840708000,4253772370.3479767,5.059750080108643
2018-11-16,4.083000183105469,4.266499996185303,4.040249824523926,1963520000,8071540229.4921875,4.110750198364258
2018-11-19,4.044750213623047,4.045499801635742,3.6157500743865967,1697820000,6141863963.341713,3.617500066757202
2018-11-20,3.3515000343322754,3.8564999103546143,3.332750082015991,1692032000,6306203260.772705,3.7269999980926514
2018-11-21,3.865499973297119,3.882499933242798,3.590250015258789,1025496000,3709988081.6288,3.6177499294281006
2018-11-23,3.582750082015991,3.7397499084472656,3.5697500705718994,411968000,1493384000.0,3.625
2018-11-26,3.7472500801086426,3.836750030517578,3.6640000343322754,814832000,3117751002.166748,3.826250076293945
2018-11-27,3.799999952316284,3.9252500534057617,3.763750076293945,738060000,2836549121.747017,3.843250036239624
2018-11-28,3.961999893188477,4.006999969482422,3.828249931335449,804524000,3219503910.861969,4.0017499923706055
2018-11-29,4.0,4.037499904632568,3.9035000801086426,549172000,2160442656.3797,3.934000015258789
2018-11-30,3.943749904632568,4.096499919891357,3.892999887466431,729564000,2980816188.1427765,4.085750102996826
2018-12-03,4.315000057220459,4.367000102996826,4.183499813079834,890804000,3786807739.435196,4.250999927520752
2018-12-04,4.205999851226807,4.210999965667725,3.912499904632568,812112000,3189772997.8408813,3.9277501106262207
2018-12-06,3.78600001335144,3.962249994277954,3.770250082015991,692308000,2739635914.8693085,3.9572501182556152
2018-12-07,3.9614999294281006,3.971750020980835,3.640500068664551,681676000,2515554804.391861,3.690249919891357
2018-12-10,3.6449999809265137,3.821500062942505,3.641249895095825,629472000,2389790427.5894165,3.796499967575073
2018-12-11,3.888999938964844,3.897249937057495,3.625,671912000,2489266023.010254,3.704750061035156
2018-12-12,3.7105000019073486,3.819499969482422,3.620500087738037,654136000,2435021316.144943,3.722500085830689
2018-12-13,3.7697501182556152,3.8345000743865967,3.686000108718872,471384000,1754609086.807251,3.722249984741211
2018-12-14,3.6802499294281006,3.764750003814697,3.637500047683716,471820000,1727451028.995514,3.661250114440918
2018-12-17,3.63100004196167,3.703749895095825,3.5309998989105225,662868000,2379364653.1276703,3.5894999504089355
2018-12-18,3.6337499618530273,3.7582499980926514,3.606250047683716,564372000,2073220576.4465327,3.673500061035156
2018-12-19,3.63949990272522,3.69350004196167,3.410749912261963,745364000,2581009159.723282,3.46274995803833
2018-12-20,3.4542500972747803,3.5450000762939453,3.3172500133514404,749588000,2531733512.8917694,3.377500057220459
2018-12-21,3.404249906539917,3.4375,3.2114999294281006,863740000,2797869747.223854,3.2392499446868896
2018-12-24,3.16225004196167,3.249500036239624,3.112499952316284,463840000,1473619701.2329102,3.177000045776367
2018-12-26,3.2235000133514404,3.3285000324249268,3.111500024795532,695100000,2312945322.918892,3.327500104904175
2018-12-27,3.274749994277954,3.309499979019165,3.129499912261963,637044000,2089026477.4618149,3.279249906539917
2018-12-28,3.299999952316284,3.4347500801086426,3.2577500343322754,628728000,2100737394.0238955,3.341249942779541
2018-12-31,3.384999990463257,3.4177498817443848,3.30649995803833,465140000,1552404794.3592072,3.337500095367432
2019-01-02,3.2660000324249268,3.461999893188477,3.251250028610229,508752000,1732554903.007507,3.4054999351501465
2019-01-03,3.344749927520752,3.378999948501587,3.1922500133514404,705552000,2257589974.319458,3.1997499465942383
2019-01-04,3.2734999656677246,3.4432499408721924,3.242500066757202,585620000,1993889758.6679456,3.404750108718872
2019-01-07,3.462500095367432,3.6222500801086426,3.410749912261963,709160000,2542338627.052307,3.5850000381469727
2019-01-08,3.667249917984009,3.669500112533569,3.422499895095825,786016000,2747715393.02063,3.4957499504089355
2019-01-09,3.547499895095825,3.6122500896453857,3.496500015258789,617260000,2200223327.689171,3.564500093460083
2019-01-10,3.5450000762939453,3.63949990272522,3.483999967575073,523156000,1899448616.066933,3.630749940872192
2019-01-11,3.60824990272522,3.743750095367432,3.580250024795532,874764000,3254778234.755516,3.720750093460083
2019-01-14,3.6679999828338623,3.786499977111816,3.64424991607666,730168000,2746161788.114548,3.760999917984009
2019-01-15,3.7939999103546143,3.833750009536743,3.728250026702881,617012000,2311789782.7882767,3.7467501163482666
2019-01-16,3.774250030517578,3.807499885559082,3.7155001163482666,470104000,1749256963.376999,3.720999956130981
2019-01-17,3.6877501010894775,3.833250045776367,3.660249948501587,493436000,1871602739.5296097,3.7929999828338623
2019-01-18,3.843250036239624,3.94950008392334,3.791249990463257,651336000,2555353935.9111786,3.923249959945679
2019-01-22,3.892750024795532,3.9045000076293945,3.6887500286102295,661552000,2460477252.025604,3.719249963760376
2019-01-23,3.775000095367432,3.864500045776367,3.700750112533569,591020000,2205834380.3453445,3.732249975204468
2019-01-24,3.817500114440918,3.963749885559082,3.8127501010894775,708972000,2797603582.3173523,3.946000099182129
2019-01-25,3.885999917984009,4.021999835968018,3.7825000286102295,1154572000,4622617468.826294,4.003749847412109
2019-01-28,3.413749933242798,3.5409998893737797,3.275000095367432,2511528000,8665399256.853104,3.4502499103546143
2019-01-29,3.403749942779541,3.452500104904175,3.27524995803833,1153932000,3796436235.980988,3.289999961853028
2019-01-30,3.3667500019073486,3.4492499828338623,3.2864999771118164,974228000,3346229701.044082,3.4347500801086426
2019-01-31,3.43149995803833,3.62975001335144,3.4094998836517334,842852000,3028999375.0,3.59375
2019-02-01,3.612499952316284,3.669749975204468,3.564500093460083,625048000,2261579859.237671,3.618249893188477
2019-02-04,3.6342499256134033,3.766999959945679,3.611999988555908,528592000,1971383893.238068,3.7295000553131104
2019-02-05,3.741499900817871,3.785749912261963,3.7074999809265137,542424000,2033411954.4811249,3.7487499713897705
2019-02-06,3.782249927520752,3.890000104904175,3.776750087738037,702464000,2686924833.4960938,3.825000047683716
2019-02-07,3.778249979019165,3.7804999351501465,3.642250061035156,637120000,2348105700.454712,3.685499906539917
2019-02-08,3.6177499294281006,3.714999914169312,3.603250026702881,461604000,1709896661.9024277,3.70425009727478
2019-02-11,3.659749984741211,3.714499950408936,3.612499952316284,495180000,1812977831.6688535,3.661250114440918
2019-02-12,3.700000047683716,3.795000076293945,3.685499906539917,591060000,2233763449.759484,3.779249906539917
2019-02-13,3.809000015258789,3.895750045776367,3.795249938964844,605372000,2313731800.1651764,3.822000026702881
2019-02-14,3.821000099182129,3.89175009727478,3.777499914169312,827264000,3195927662.200928,3.8632500171661377
2019-02-15,4.073750019073486,4.096749782562256,3.910500049591065,1516748000,5966128336.110115,3.933500051498413
2019-02-19,3.922749996185303,3.9972500801086426,3.9035000801086426,551892000,2161209010.946274,3.9159998893737793
2019-02-20,3.945499897003174,4.031499862670898,3.9342501163482666,540988000,2144341123.088837,3.963749885559082
2019-02-21,3.9765000343322754,4.00124979019165,3.879499912261963,448548000,1746758011.3563538,3.89424991607666
2019-02-22,3.946500062942505,3.9987499713897705,3.93274998664856,401740000,1598824732.0508957,3.979749917984009
2019-02-25,4.064000129699707,4.131999969482422,3.9584999084472656,656020000,2602595416.3217545,3.967250108718872
2019-02-26,3.962500095367432,4.019000053405762,3.893749952316284,488464000,1918442364.658356,3.927500009536743
2019-02-27,3.913000106811523,3.939749956130981,3.827749967575073,500256000,1943619669.7998047,3.8852500915527344
2019-02-28,3.875,3.8975000381469727,3.8340001106262207,324944000,1253146506.8702698,3.8564999103546143
2019-03-01,3.906749963760376,3.953749895095825,3.848000049591065,357188000,1397051605.8769226,3.911250114440918
2019-03-04,3.950000047683716,3.973000049591065,3.862499952316284,409992000,1606963690.1378632,3.919500112533569
2019-03-05,3.903749942779541,3.951499938964844,3.848999977111816,362924000,1420121650.764465,3.913000106811523
2019-03-06,3.9040000438690186,3.912499904632568,3.798500061035156,403524000,1533895597.3033905,3.8012499809265137
2019-03-07,3.777499914169312,3.78725004196167,3.684999942779541,450104000,1679563035.6502533,3.7314999103546143
2019-03-08,3.641499996185303,3.776750087738037,3.619999885559082,422416000,1590818669.696808,3.766000032424927
2019-03-11,3.789750099182129,4.051499843597412,3.7422499656677246,859728000,3463414316.871643,4.028500080108643
2019-03-12,4.05649995803833,4.109749794006348,3.979749917984009,579576000,2354817405.17807,4.063000202178955
2019-03-13,4.100749969482422,4.244999885559082,4.093249797821045,768900000,3241297856.1401367,4.215499877929688
2019-03-14,4.22475004196167,4.23675012588501,4.131249904632568,519384000,2149730344.2993164,4.138999938964844
2019-03-15,4.182499885559082,4.288249969482422,4.178999900817871,661484000,2808165099.878311,4.245250225067139
2019-03-18,4.276999950408936,4.331250190734863,4.196499824523926,486992000,2056932515.7318115,4.223750114440918
2019-03-19,4.318999767303467,4.4375,4.302000045776367,854972000,3755678070.358277,4.392749786376953
2019-03-20,4.421999931335449,4.475749969482422,4.324999809265137,719148000,3135485376.016617,4.360000133514404
2019-03-21,4.383250236511231,4.625,4.3782501220703125,824312000,3790598546.474457,4.598499774932861
2019-03-22,4.571000099182129,4.619999885559082,4.423500061035156,747644000,3317670250.0,4.4375
2019-03-25,4.396500110626221,4.461249828338623,4.277750015258789,525212000,2281783568.0599213,4.3445000648498535
2019-03-26,4.487249851226807,4.543749809265137,4.364999771118164,703508000,3110736547.306061,4.421750068664551
2019-03-27,4.447500228881836,4.4942498207092285,4.34250020980835,474372000,2093166404.7603607,4.412499904632568
2019-03-28,4.43874979019165,4.497499942779541,4.377749919891357,480264000,2128169895.801544,4.431250095367432
2019-03-29,4.498499870300293,4.513500213623047,4.447750091552734,456896000,2051006072.5402832,4.488999843597412
2019-04-01,4.581500053405762,4.587500095367432,4.509250164031982,483824000,2204786045.516968,4.557000160217285
2019-04-02,4.581250190734863,4.619750022888184,4.538000106811523,440920000,2017208915.901184,4.574999809265137
2019-04-03,4.625,4.775000095367432,4.619999885559082,783504000,3694613016.357422,4.715499877929688
2019-04-04,4.699999809265137,4.7492499351501465,4.643249988555908,457376000,2152640168.4265137,4.706500053405762
2019-04-05,4.75,4.791250228881836,4.713250160217285,481744000,2299725337.3031616,4.773749828338623
2019-04-08,4.743000030517578,4.820000171661377,4.71875,424192000,2033894682.6171875,4.794750213623047
2019-04-09,4.761000156402588,4.772250175476074,4.689000129699707,439972000,2081727583.4560397,4.731500148773193
2019-04-10,4.73075008392334,4.828499794006348,4.726250171661377,444772000,2136017428.199768,4.802499771118164
2019-04-11,4.804999828338623,4.836750030517578,4.738749980926514,374600000,1793772037.1246338,4.78849983215332
2019-04-12,4.827499866485596,4.831500053405762,4.741499900817871,471708000,2240730862.220764,4.750249862670898
2019-04-15,4.742499828338623,4.747499942779541,4.577499866485596,440092000,2032124734.4532013,4.617499828338623
2019-04-16,4.6570000648498535,4.724249839782715,4.624000072479248,394964000,1858404276.626587,4.705249786376953
2019-04-17,4.740499973297119,4.761499881744385,4.659749984741211,351004000,1643488487.033844,4.682250022888184
2019-04-18,4.689000129699707,4.723249912261963,4.629499912261963,380988000,1774451530.0655365,4.65749979019165
2019-04-22,4.633749961853027,4.727499961853027,4.602000236511231,279936000,1318988456.5429688,4.711750030517578
2019-04-23,4.724999904632568,4.798250198364258,4.715250015258789,346856000,1653375789.0434265,4.766749858856201
2019-04-24,4.777249813079834,4.820250034332275,4.716000080108643,318204000,1520776513.1263733,4.779250144958496
2019-04-25,4.738749980926514,4.761250019073486,4.59250020980835,499296000,2333085382.095337,4.672749996185303
2019-04-26,4.517749786376953,4.522250175476074,4.332499980926514,868988000,3868951826.314926,4.452250003814697
2019-04-29,4.460249900817871,4.511250019073486,4.387499809265137,391920000,1757075395.3170776,4.483250141143799
2019-04-30,4.45074987411499,4.550749778747559,4.43149995803833,362920000,1642213034.6107483,4.525000095367432
2019-05-01,4.577750205993652,4.620250225067139,4.511499881744385,354280000,1598422868.385315,4.511750221252441
2019-05-02,4.521500110626221,4.621749877929688,4.478000164031982,394684000,1807554073.0896,4.579750061035156
2019-05-03,4.588250160217285,4.598249912261963,4.51324987411499,336824000,1541054056.110382,4.575250148773193
2019-05-06,4.387499809265137,4.508500099182129,4.349999904632568,422176000,1898208904.4189453,4.496250152587891
2019-05-07,4.447500228881836,4.447500228881836,4.279250144958496,555220000,2402853469.371796,4.327750205993652
2019-05-08,4.300000190734863,4.428750038146973,4.288000106811523,419168000,1822542484.7869875,4.3480000495910645
2019-05-09,4.278500080108643,4.288249969482422,4.135000228881836,660248000,2809190029.399872,4.254749774932861
2019-05-10,4.223750114440918,4.289750099182129,4.099999904632568,569500000,2403574745.65506,4.2204999923706055
2019-05-13,4.087500095367432,4.110750198364258,3.9452500343322754,656912000,2602192703.853607,3.961250066757202
2019-05-14,4.00124979019165,4.08650016784668,3.962249994277954,524880000,2126288942.0700076,4.051000118255615
2019-05-15,3.994999885559082,4.026249885559082,3.9352500438690186,502320000,2004005662.9943848,3.989500045776367
2019-05-16,3.983999967575073,4.047749996185303,3.941250085830689,781088000,3128061992.202759,4.004749774932861
2019-05-17,3.962500095367432,4.092750072479248,3.873500108718872,1022068000,3999607569.80896,3.913249969482422
2019-05-20,3.8137500286102295,3.869250059127808,3.768749952316284,572064000,2170267827.278137,3.793750047683716
2019-05-21,3.8550000190734863,3.892499923706055,3.815999984741211,361848000,1402703732.6602936,3.876499891281128
2019-05-22,3.837500095367432,3.8637499809265137,3.7939999103546143,325868000,1239927761.754036,3.805000066757202
2019-05-23,3.7422499656677246,3.7422499656677246,3.6227500438690186,591844000,2179761503.927231,3.683000087738037
2019-05-24,3.70199990272522,3.737499952316284,3.621999979019165,357584000,1297582970.691681,3.628750085830689
2019-05-28,3.6465001106262207,3.679500102996826,3.581249952316284,428356000,1534906656.6085815,3.583250045776367
2019-05-29,3.535249948501587,3.570499897003174,3.4735000133514404,559800000,1964058355.522156,3.508500099182129
2019-05-30,3.5077500343322754,3.543750047683716,3.439249992370605,394300000,1371276849.8182297,3.477750062942505
2019-05-31,3.428499937057495,3.4962499141693115,3.3847498893737797,389720000,1319786733.9134216,3.3864998817443848
2019-06-03,3.397749900817871,3.4367499351501465,3.315000057220459,478644000,1600824889.0399933,3.344500064849853
2019-06-04,3.4089999198913574,3.580250024795532,3.3867499828338623,641836000,2294563730.6051254,3.575000047683716
2019-06-05,3.649250030517578,3.654750108718872,3.495500087738037,511616000,1807027745.178223,3.532000064849853
2019-06-06,3.536250114440918,3.619250059127808,3.533750057220459,408140000,1467059256.4678192,3.594500064849853
2019-06-07,3.6005001068115234,3.671999931335449,3.581249952316284,348856000,1268963716.6347504,3.637500047683716
2019-06-10,3.694000005722046,3.779750108718872,3.694000005722046,402780000,1494615926.4850616,3.710750102996826
2019-06-11,3.7709999084472656,3.809000015258789,3.7290000915527344,383872000,1446717581.6955566,3.768749952316284
2019-06-12,3.724999904632568,3.731250047683716,3.639750003814697,358892000,1311750249.7320175,3.6549999713897705
2019-06-13,3.6772499084472656,3.724999904632568,3.659499883651733,308080000,1141898536.453247,3.7065000534057617
2019-06-14,3.6127500534057617,3.6372499465942383,3.571000099182129,394428000,1426251623.1737137,3.615999937057495
2019-06-17,3.6142499446868896,3.663000106811523,3.591249942779541,276040000,1000852047.9011536,3.6257500648498535
2019-06-18,3.6875,3.877749919891357,3.676500082015991,581920000,2224098255.5389404,3.822000026702881
2019-06-19,3.857500076293945,3.86899995803833,3.8017499446868896,331644000,1269533254.7721865,3.828000068664551
2019-06-20,3.919250011444092,3.933249950408936,3.838000059127808,350168000,1349022206.6421509,3.8524999618530273
2019-06-21,3.837500095367432,3.88700008392334,3.787499904632568,434428000,1648219793.0555344,3.7939999103546143
2019-06-24,3.815500020980835,3.846250057220459,3.767999887466431,282948000,1079871027.428627,3.816499948501587
2019-06-25,3.821500062942505,3.8970000743865967,3.784250020980835,311868000,1181044097.559929,3.786999940872192
2019-06-26,3.915250062942505,4.043000221252441,3.902250051498413,584072000,2325482615.6406403,3.9814999103546143
2019-06-27,4.067749977111816,4.099999904632568,4.031499862670898,445440000,1817729274.902344,4.080749988555908
2019-06-28,4.125,4.134250164031982,4.058750152587891,397668000,1632725424.3736267,4.10575008392334
2019-07-01,4.3142499923706055,4.348750114440918,4.116499900817871,709756000,2948503965.8851624,4.154250144958496
2019-07-02,4.137499809265137,4.158750057220459,4.042500019073486,400228000,1623224668.2510376,4.055749893188477
2019-07-03,4.079249858856201,4.085000038146973,4.008500099182129,246636000,1003500201.478958,4.068749904632568
2019-07-05,4.010000228881836,4.014500141143799,3.941999912261963,396552000,1588488245.098114,4.005750179290772
2019-07-08,3.9457499980926514,3.964750051498413,3.900000095367432,329788000,1296149263.7262344,3.9302499294281006
2019-07-09,3.8877499103546143,3.9609999656677246,3.875,342860000,1348382660.4223251,3.93274998664856
2019-07-10,3.9765000343322754,4.059249877929688,3.962500095367432,452076000,1808982172.6341248,4.001500129699707
2019-07-11,4.074999809265137,4.197999954223633,4.037499904632568,682560000,2837401964.263916,4.1570000648498535
2019-07-12,4.184999942779541,4.261750221252441,4.184999942779541,506392000,2121909037.4336245,4.190249919891357
2019-07-15,4.21150016784668,4.227749824523926,4.153250217437744,289840000,1212038368.0343628,4.1817498207092285
2019-07-16,4.166749954223633,4.204249858856201,4.120999813079834,341444000,1426211603.630066,4.177000045776367
2019-07-17,4.178750038146973,4.249750137329102,4.149250030517578,348204000,1477342579.4448853,4.24275016784668
2019-07-18,4.2532501220703125,4.317749977111816,4.196249961853027,442192000,1881305825.202942,4.254499912261963
2019-07-19,4.293000221252441,4.299499988555908,4.204999923706055,344896000,1452357044.1589355,4.210999965667725
2019-07-22,4.232500076293945,4.296000003814697,4.224999904632568,315940000,1353171017.589569,4.2829999923706055
2019-07-23,4.322500228881836,4.393499851226807,4.3067498207092285,428176000,1880334902.3666384,4.391499996185303
2019-07-24,4.434999942779541,4.472249984741211,4.358500003814697,366236000,1635793022.7489471,4.46649980545044
2019-07-25,4.424749851226807,4.4375,4.310999870300293,392700000,1702158085.5846405,4.334499835968018
2019-07-26,4.36175012588501,4.423749923706055,4.36175012588501,274160000,1199929777.9083252,4.3767499923706055
2019-07-29,4.369500160217285,4.386750221252441,4.281750202178955,248160000,1084583301.7730713,4.370500087738037
2019-07-30,4.323750019073486,4.398499965667725,4.309249877929688,197772000,867477438.7722015,4.386250019073486
2019-07-31,4.354499816894531,4.355500221252441,4.17549991607666,359416000,1516016664.691925,4.2179999351501465
2019-08-01,4.228499889373779,4.319499969482422,4.070499897003174,421212000,1736657137.058258,4.123000144958496
2019-08-02,4.029749870300293,4.099500179290772,3.982000112533569,428348000,1726135297.44339,4.029749870300293
2019-08-05,3.8450000286102295,3.846250057220459,3.722500085830689,589156000,2220970900.671005,3.7697501182556152
2019-08-06,3.8450000286102295,3.890749931335449,3.7607500553131104,361272000,1375994698.9917755,3.808749914169312
2019-08-07,3.747499942779541,3.859250068664551,3.7300000190734863,372560000,1433331454.3151855,3.847249984741211
2019-08-08,3.905250072479248,3.957750082015991,3.847500085830689,309300000,1223745466.518402,3.9565000534057617
2019-08-09,3.915250062942505,3.918750047683716,3.8037500381469727,341816000,1317529790.906906,3.8545000553131104
2019-08-12,3.802000045776367,3.8545000553131104,3.764250040054321,279200000,1057121031.9519044,3.786250114440918
2019-08-13,3.784749984741211,3.947499990463257,3.745500087738037,351956000,1373068304.7218325,3.901249885559082
2019-08-14,3.8125,3.8237500190734863,3.707750082015991,419880000,1575284786.7965698,3.7517499923706055
2019-08-15,3.770750045776367,3.790750026702881,3.6847500801086426,477200000,1774826082.7064514,3.719249963760376
2019-08-16,3.983750104904175,4.03849983215332,3.921999931335449,1007960000,4020752522.668839,3.989000082015991
2019-08-19,4.103000164031982,4.2855000495910645,4.086750030517578,815112000,3480120503.65448,4.269499778747559
2019-08-20,4.263999938964844,4.264500141143799,4.17549991607666,463188000,1943884314.9776456,4.196750164031982
2019-08-21,4.26324987411499,4.336249828338623,4.241499900817871,427244000,1828924666.6202545,4.280749797821045
2019-08-22,4.290500164031982,4.333250045776367,4.247499942779541,303488000,1301053110.4125977,4.287000179290772
2019-08-23,4.210000038146973,4.264750003814697,4.040999889373779,568056000,2306875342.323303,4.060999870300293
2019-08-26,4.140250205993652,4.164500236511231,4.097750186920166,318208000,1316187846.069336,4.136250019073486
2019-08-27,4.174749851226807,4.177499771118164,4.015500068664551,290968000,1176965582.199097,4.045000076293945
2019-08-28,4.014500141143799,4.083499908447266,3.974999904632568,255612000,1030244149.4235992,4.0304999351501465
2019-08-29,4.122499942779541,4.207499980926514,4.11899995803833,357976000,1494549868.2785034,4.175000190734863
2019-08-30,4.221499919891357,4.271500110626221,4.16949987411499,290616000,1217027114.0899658,4.187749862670898
2019-09-03,4.114500045776367,4.147749900817871,4.081250190734863,296140000,1215432581.4437866,4.104249954223633
2019-09-04,4.165249824523926,4.226500034332275,4.165249824523926,227728000,960784400.7263184,4.218999862670898
2019-09-05,4.321750164031982,4.499750137329102,4.320000171661377,695676000,3126020267.8813934,4.493500232696533
2019-09-06,4.46999979019165,4.527249813079834,4.427999973297119,376976000,1683669038.4292605,4.466249942779541
2019-09-09,4.497499942779541,4.599500179290772,4.495999813079834,417524000,1884076970.363617,4.512499809265137
2019-09-10,4.479499816894531,4.606249809265137,4.469749927520752,352812000,1615702623.9852903,4.579500198364258
2019-09-11,4.594250202178955,4.656750202178955,4.565000057220459,361512000,1665937725.025177,4.608250141143799
2019-09-12,4.65500020980835,4.710000038146973,4.598750114440918,327840000,1510276923.751831,4.606750011444092
2019-09-13,4.539750099182129,4.577000141143799,4.504499912261963,324592000,1476406731.8115234,4.548500061035156
2019-09-16,4.4730000495910645,4.539999961853027,4.462500095367432,231832000,1044461112.6937866,4.505249977111816
2019-09-17,4.51200008392334,4.531000137329102,4.465250015258789,223048000,1009682553.5697936,4.526750087738037
2019-09-18,4.519750118255615,4.5355000495910645,4.412499904632568,258152000,1161554871.8070984,4.499499797821045
2019-09-19,4.505499839782715,4.52400016784668,4.412749767303467,245476000,1085863100.982666,4.423500061035156
2019-09-20,4.422500133514404,4.446249961853027,4.307000160217285,350244000,1512090830.171585,4.317249774932861
2019-09-23,4.317500114440918,4.416749954223633,4.31374979019165,249712000,1091491105.3237915,4.370999813079834
2019-09-24,4.402500152587891,4.432250022888184,4.277500152587891,317268000,1368456221.574783,4.3132500648498535
2019-09-25,4.312749862670898,4.475500106811523,4.267749786376953,308432000,1374295880.470276,4.455749988555908
2019-09-26,4.446000099182129,4.454750061035156,4.38224983215332,234564000,1039939450.1552582,4.433499813079834
2019-09-27,4.391499996185303,4.442500114440918,4.232999801635742,362056000,1554668517.8642273,4.294000148773193
2019-09-30,4.320000171661377,4.361999988555908,4.28849983215332,186184000,810226202.8236389,4.351749897003174
2019-10-01,4.375,4.525000095367432,4.345250129699707,366008000,1592134765.094757,4.349999904632568
2019-10-02,4.328000068664551,4.340000152587891,4.2532501220703125,293372000,1269127334.6710205,4.326000213623047
2019-10-03,4.33050012588501,4.539000034332275,4.300000190734863,450588000,2042402815.441132,4.532750129699707
2019-10-04,4.534999847412109,4.578750133514404,4.4695000648498535,265524000,1207935090.425491,4.54925012588501
2019-10-07,4.614500045776367,4.708499908447266,4.60575008392334,480984000,2216494585.887909,4.608250141143799
2019-10-08,4.515999794006348,4.515999794006348,4.412499904632568,444436000,1969184759.5291135,4.430749893188477
2019-10-09,4.507999897003174,4.567500114440918,4.479000091552734,292412000,1321044250.5340576,4.517749786376953
2019-10-10,4.515500068664551,4.626999855041504,4.510250091552734,309124000,1414474104.0859222,4.57574987411499
2019-10-11,4.660250186920166,4.733500003814697,4.641250133514404,446404000,2075667102.8766632,4.649750232696533
2019-10-14,4.640999794006348,4.684249877929688,4.609749794006348,200040000,932836523.8952636,4.663249969482422
2019-10-15,4.754000186920166,4.982250213623047,4.739999771118164,664124000,3260350602.594376,4.909249782562256
2019-10-16,4.875,4.980500221252441,4.84375,428944000,2082630305.2749636,4.855249881744385
2019-10-17,4.900000095367432,4.945250034332275,4.802499771118164,263436000,1279574567.276001,4.857250213623047
2019-10-18,4.857749938964844,4.890500068664551,4.6875,307440000,1464106123.5809326,4.762249946594238
2019-10-21,4.823999881744385,4.913750171661377,4.804999828338623,261868000,1283218656.0115814,4.90024995803833
2019-10-22,4.957499980926514,5.0632500648498535,4.882500171661377,328720000,1607523047.7142334,4.890250205993652
2019-10-23,4.807750225067139,4.891499996185303,4.775750160217285,279916000,1365220365.4575348,4.8772501945495605
2019-10-24,4.918749809265137,4.955249786376953,4.884500026702881,232020000,1141886477.7946472,4.921500205993652
2019-10-25,5.002500057220459,5.134500026702881,4.994750022888184,423092000,2163480992.0330048,5.113500118255615
2019-10-28,5.15749979019165,5.222499847412109,5.127999782562256,330792000,1710112012.664795,5.169750213623047
2019-10-29,5.155749797821045,5.16225004196167,5.053500175476074,211236000,1071600218.3303832,5.072999954223633
2019-10-30,5.099999904632568,5.10575008392334,5.006499767303467,205960000,1045246960.7162476,5.074999809265137
2019-10-31,5.053999900817871,5.074999809265137,4.945250034332275,209732000,1054008128.396988,5.0254998207092285
2019-11-01,4.989999771118164,5.097249984741211,4.964749813079834,283640000,1436565745.1820374,5.0647501945495605
2019-11-04,5.146249771118164,5.275000095367432,5.123000144958496,376716000,1982467878.1471248,5.262499809265137
2019-11-05,5.262249946594238,5.28849983215332,5.191999912261963,300868000,1576623570.2838898,5.240250110626221
2019-11-06,5.216000080108643,5.2417497634887695,5.102749824523926,269012000,1396374071.838379,5.1907501220703125
2019-11-07,5.277750015258789,5.292500019073486,5.16349983215332,280340000,1460150864.3341064,5.208499908447266
2019-11-08,5.191500186920166,5.226250171661377,5.153749942779541,189100000,982279944.229126,5.194499969482422
2019-11-11,5.193749904632568,5.227749824523926,5.10699987411499,243436000,1266962710.2890017,5.204500198364258
2019-11-12,5.243000030517578,5.296500205993652,5.207749843597412,283504000,1485631867.362976,5.240250110626221
2019-11-13,5.208749771118164,5.236499786376953,5.147500038146973,300188000,1565255305.337906,5.214250087738037
2019-11-14,5.223249912261963,5.247000217437744,5.163000106811523,518080000,2717200091.85791,5.244750022888184
2019-11-15,5.242499828338623,5.29449987411499,5.015999794006348,1053628000,5378507697.790146,5.104750156402588
2019-11-18,5.097249984741211,5.333749771118164,5.094250202178955,574588000,3049338608.058929,5.307000160217285
2019-11-19,5.275750160217285,5.299499988555908,5.141250133514404,414564000,2155629136.859894,5.199749946594238
2019-11-20,5.176750183105469,5.363749980926514,5.164000034332275,472588000,2495028349.6055603,5.2795000076293945
2019-11-21,5.275000095367432,5.330999851226807,5.232749938964844,288388000,1515334720.697403,5.254499912261963
2019-11-22,5.277249813079834,5.323999881744385,5.248499870300293,224100000,1181511264.3241882,5.272250175476074
2019-11-25,5.401000022888184,5.535250186920166,5.388000011444092,506476000,2800938935.709,5.530250072479248
2019-11-26,5.512499809265137,5.517250061035156,5.418499946594238,385244000,2089948773.4794617,5.425000190734863
2019-11-27,5.466750144958496,5.50124979019165,5.429500102996826,215784000,1177317471.8971252,5.455999851226807
2019-11-29,5.425000190734863,5.453499794006348,5.394499778747559,141556000,767021178.440094,5.418499946594238
2019-12-02,5.411499977111816,5.425000190734863,5.216000080108643,372036000,1946213254.0397644,5.231249809265137
2019-12-03,5.046750068664551,5.195499897003174,5.009250164031982,465232000,2415252014.9612427,5.191500186920166
2019-12-04,5.2754998207092285,5.297999858856201,5.20674991607666,273424000,1431511313.407898,5.235499858856201
2019-12-05,5.257500171661377,5.273250102996826,5.187749862670898,184884000,964817179.3899536,5.218500137329102
2019-12-06,5.288000106811523,5.337250232696533,5.277999877929688,232236000,1231837748.073578,5.3042497634887695
2019-12-09,5.28125,5.359250068664551,5.272500038146973,211880000,1123864439.8880005,5.3042497634887695
2019-12-10,5.334499835968018,5.401500225067139,5.281499862670898,256388000,1371547651.9680023,5.349500179290772
2019-12-11,5.360000133514404,5.439000129699707,5.357500076293945,233796000,1270330522.2988129,5.433499813079834
2019-12-12,5.4045000076293945,5.619999885559082,5.395500183105469,404348000,2265056367.35344,5.601749897003174
2019-12-13,5.604750156402588,5.724500179290772,5.545499801635742,454704000,2546228743.080139,5.59975004196167
2019-12-16,5.647500038146973,5.701499938964844,5.6192498207092285,320976000,1806693611.0229487,5.628749847412109
2019-12-17,5.647500038146973,5.730000019073486,5.638000011444092,321196000,1833145908.9832304,5.707250118255615
2019-12-18,5.742249965667725,5.798500061035156,5.733749866485596,343548000,1971192555.3474424,5.737750053405762
2019-12-19,5.772500038146973,5.900000095367432,5.767499923706055,445360000,2621611587.333679,5.886499881744385
2019-12-20,5.953249931335449,6.009749889373779,5.934000015258789,603044000,3608766098.407746,5.984250068664551
2019-12-23,6.013000011444092,6.045249938964844,5.959750175476074,355060000,2119885727.2911072,5.9704999923706055
2019-12-24,5.954999923706055,5.982749938964844,5.920499801635742,138864000,828393175.0488281,5.965499877929688
2019-12-26,5.968999862670898,6.007999897003174,5.949999809265137,182852000,1093409275.598526,5.979750156402588
2019-12-27,5.994999885559082,6.008500099182129,5.895249843597412,254644000,1507938124.485016,5.921750068664551
2019-12-30,5.899750232696533,5.90500020980835,5.776500225067139,258056000,1498789270.641327,5.808000087738037
2019-12-31,5.772500038146973,5.892000198364258,5.7532501220703125,231004000,1358881069.6544647,5.882500171661377
2020-01-02,5.96875,5.99774980545044,5.918000221252441,237536000,1424681497.7874756,5.99774980545044
2020-01-03,5.877500057220459,5.945750236511231,5.852499961853027,205384000,1212125040.019989,5.901750087738037
2020-01-06,5.808000087738037,5.9317498207092285,5.781750202178955,262636000,1556512212.92305,5.926499843597412
2020-01-07,5.954999923706055,6.044250011444092,5.909749984741211,314856000,1888585004.402161,5.9982500076293945
2020-01-08,5.99399995803833,6.051000118255615,5.953750133514404,277108000,1665280533.399582,6.009500026702881
2020-01-09,6.096250057220459,6.148250102996826,6.021500110626221,255112000,1549932958.9195251,6.075500011444092
2020-01-10,6.183249950408936,6.213749885559082,6.09375,316296000,1931935905.2581787,6.107999801635742
2020-01-13,6.191500186920166,6.324749946594238,6.168749809265137,319840000,2014832076.3397217,6.299499988555908
2020-01-14,6.256499767303467,6.2820000648498535,6.168749809265137,359088000,2219882073.5321045,6.182000160217285
2020-01-15,6.19474983215332,6.217249870300293,6.113249778747559,263104000,1615261179.8095703,6.139249801635742
2020-01-16,6.192999839782715,6.229249954223633,6.16949987411499,284192000,1768597839.0655518,6.223249912261963
2020-01-17,6.242499828338623,6.25,6.184249877929688,253792000,1581631712.0513916,6.23199987411499
2020-01-21,6.195250034332275,6.232250213623047,6.164249897003174,217916000,1350752360.0826263,6.198500156402588
2020-01-22,6.24399995803833,6.339749813079834,6.224999904632568,239240000,1495907890.8348083,6.252749919891357
2020-01-23,6.293000221252441,6.329999923706055,6.203750133514404,244516000,1545707851.0932922,6.321499824523926
2020-01-24,6.4375,6.487500190734863,6.207499980926514,373512000,2338932175.3463745,6.26200008392334
2020-01-27,5.955999851226807,6.056250095367432,5.805749893188477,470536000,2825568733.848572,6.005000114440918
2020-01-28,6.071249961853027,6.231750011444092,6.017749786376953,310976000,1927818036.8041992,6.199250221252441
2020-01-29,6.184750080108643,6.2210001945495605,6.098499774932861,258848000,1588938503.2958984,6.138500213623047
2020-01-30,6.040249824523926,6.158750057220459,5.985000133514404,290504000,1785219660.5644226,6.145249843597412
2020-01-31,6.099249839782715,6.111249923706055,5.868750095367432,370420000,2189459982.5000763,5.910749912261963
2020-02-03,5.892499923706055,6.027750015258789,5.886250019073486,255564000,1535492463.443756,6.008250236511231
2020-02-04,6.150750160217285,6.197500228881836,6.100500106811523,271544000,1677666673.4580994,6.178249835968018
2020-02-05,6.299749851226807,6.309999942779541,6.18524980545044,208220000,1305331191.1201477,6.269000053405762
2020-02-06,6.303500175476074,6.356249809265137,6.2220001220703125,218284000,1387467633.365631,6.356249809265137
2020-02-07,6.315999984741211,6.338250160217285,6.264249801635742,189752000,1193492660.820007,6.289750099182129
2020-02-10,6.3125,6.574999809265137,6.307499885559082,529608000,3481775511.177063,6.574250221252441
2020-02-11,6.683000087738037,6.8125,6.620749950408936,638556000,4276569100.358963,6.697249889373779
2020-02-12,6.750249862670898,6.820000171661377,6.711249828338623,374644000,2552636866.8460846,6.813499927520752
2020-02-13,6.755249977111816,6.836999893188477,6.727749824523926,528016000,3574404195.175171,6.769499778747559
2020-02-14,7.18149995803833,7.374249935150146,7.150000095367432,1041924000,7548478922.847748,7.244750022888184
2020-02-18,7.140999794006348,7.432750225067139,7.121500015258789,620164000,4598050873.125076,7.414249897003174
2020-02-19,7.53725004196167,7.885250091552734,7.53725004196167,694332000,5462656890.810013,7.867499828338623
2020-02-20,7.819250106811523,7.907999992370605,7.408750057220459,810052000,6251576479.955673,7.71750020980835
2020-02-21,7.604750156402588,7.630000114440918,7.266499996185303,768180000,5647467235.879898,7.351749897003174
2020-02-24,6.754749774932861,7.046750068664551,6.699999809265137,856916000,5854449922.405243,6.831999778747559
2020-02-25,6.90749979019165,6.969749927520752,6.448999881744385,1055496000,6914818149.868011,6.551249980926514
2020-02-26,6.551499843597412,6.886250019073486,6.550000190734863,747732000,5003261630.905151,6.691249847412109
2020-02-27,6.372499942779541,6.675000190734863,6.222249984741211,906416000,5724017091.86554,6.315000057220459
2020-02-28,6.061500072479248,6.811500072479248,6.044750213623047,1133252000,7651434182.353973,6.7517499923706055
2020-03-02,6.922500133514404,6.9397501945495605,6.525000095367432,890744000,6155709019.84787,6.910749912261963
2020-03-03,6.966750144958496,7.026750087738037,6.561500072479248,652792000,4339271736.549377,6.647250175476074
2020-03-04,6.755000114440918,7.122250080108643,6.679999828338623,597408000,4249213783.905029,7.112750053405762
2020-03-05,6.912499904632568,7.079999923706055,6.787499904632568,540328000,3691656041.89682,6.832250118255615
2020-03-06,6.651999950408936,6.709750175476074,6.449999809265137,515412000,3428005223.7968445,6.651000022888184
2020-03-09,5.997499942779541,6.485000133514404,5.954500198364258,614160000,3768485856.056213,6.136000156402588
2020-03-10,6.41349983215332,6.526999950408936,6.149750232696533,580648000,3789889467.205048,6.526999950408936
2020-03-11,6.386499881744385,6.414999961853027,6.0642499923706055,499964000,3080653096.897125,6.161749839782715
2020-03-12,5.636499881744385,5.902999877929688,5.394999980926514,816540000,4415644290.904999,5.407750129699707
2020-03-13,5.762499809265137,6.0254998207092285,5.490250110626221,634836000,3822347497.879028,6.020999908447266
2020-03-16,5.31024980545044,5.652500152587891,4.849999904632568,726972000,3569432409.072876,4.909999847412109
2020-03-17,5.022749900817871,5.521500110626221,4.775000095367432,833632000,4528080466.537476,5.4317498207092285
2020-03-18,5.002500057220459,5.248499870300293,4.517000198364258,874268000,4432975803.953171,5.070499897003174
2020-03-19,5.048999786376953,5.41825008392334,4.834750175476074,765512000,4075777435.371399,5.324250221252441
2020-03-20,5.474999904632568,5.757999897003174,5.1282501220703125,804636000,4138846578.4721375,5.143750190734863
2020-03-23,5.142749786376953,5.412000179290772,4.9629998207092285,643876000,3423649516.084671,5.317249774932861
2020-03-24,5.724999904632568,6.316500186920166,5.701250076293945,1101644000,6862691096.282959,6.229499816894531
2020-03-25,6.34499979019165,6.545499801635742,6.09149980545044,793432000,4872069250.480652,6.140500068664551
2020-03-26,6.348499774932861,6.555500030517578,6.25,696108000,4476670709.981918,6.431000232696533
2020-03-27,6.25,6.578000068664551,6.2170000076293945,638828000,4036275125.535965,6.318250179290772
2020-03-30,6.383999824523926,6.64900016784668,6.339749813079834,602252000,3998802719.297409,6.639750003814697
2020-03-31,6.679999828338623,6.885000228881836,6.443749904632568,949960000,6260236544.952393,6.590000152587891
2020-04-01,6.391250133514404,6.538249969482422,6.0320000648498535,656912000,3991889865.692138,6.076749801635742
2020-04-02,6.105999946594238,6.400000095367432,6.057750225067139,675764000,4315935876.514435,6.386750221252441
2020-04-03,6.348999977111816,6.390749931335449,5.959750175476074,663212000,4044101096.967697,6.097750186920166
2020-04-06,6.38100004196167,6.747000217437744,6.323249816894531,727884000,4884101667.766571,6.710000038146973
2020-04-07,6.932499885559082,6.956250190734863,6.432499885559082,784520000,5080355366.05835,6.475749969482422
2020-04-08,6.585249900817871,6.698750019073486,6.514999866485596,542444000,3620135603.614807,6.673749923706055
2020-04-09,6.800000190734863,6.822999954223633,6.510499954223633,525564000,3454926355.024338,6.573750019073486
2020-04-13,6.513750076293945,6.755000114440918,6.425000190734863,398408000,2687760030.7922363,6.746250152587891
2020-04-14,6.875,7.132999897003174,6.847249984741211,530948000,3769067175.762177,7.098750114440918
2020-04-15,6.929999828338623,7.104249954223633,6.884500026702881,366148000,2570725074.4781494,7.020999908447266
2020-04-16,7.177000045776367,7.474999904632568,7.163750171661377,745620000,5493355222.005844,7.367499828338623
2020-04-17,7.449999809265137,7.471499919891357,7.173500061035156,539120000,3939889007.3013306,7.308000087738037
2020-04-20,7.181000232696533,7.337500095367432,7.131750106811523,449388000,3224920626.428604,7.176249980926514
2020-04-21,7.057750225067139,7.1192498207092285,6.677750110626221,735160000,4953324329.26178,6.737750053405762
2020-04-22,6.930749893188477,7.196750164031982,6.885000228881836,483356000,3457807957.342148,7.153749942779541
2020-04-23,7.196000099182129,7.328499794006348,7.074999809265137,424160000,3011641941.2994385,7.100249767303467
2020-04-24,7.090000152587891,7.2417497634887695,7.014999866485596,352328000,2550766605.743408,7.239749908447266
2020-04-27,7.374750137329102,7.587500095367432,7.349999904632568,479388000,3560414697.944641,7.427000045776367
2020-04-28,7.574999809265137,7.605000019073486,7.278500080108643,442904000,3226112700.519562,7.283999919891357
2020-04-29,7.419250011444092,7.514500141143799,7.34375,379160000,2829102403.640747,7.46150016784668
2020-04-30,7.407249927520752,7.46150016784668,7.293000221252441,375916000,2746818272.228241,7.307000160217285
2020-05-01,7.108749866485596,7.222499847412109,7.020999908447266,342096000,2418447661.5600586,7.069499969482422
2020-05-04,7.021999835968018,7.296000003814697,7.021999835968018,317556000,2312522157.98378,7.282249927520752
2020-05-05,7.386750221252441,7.506750106811523,7.282249927520752,368896000,2708987826.660156,7.343500137329102
2020-05-06,7.423250198364258,7.550000190734863,7.385250091552734,323464000,2408108559.7076416,7.44474983215332
2020-05-07,7.584499835968018,7.685249805450439,7.532999992370605,373732000,2848491825.378418,7.621749877929687
2020-05-08,7.693749904632568,7.818749904632568,7.659749984741211,339216000,2650125000.0,7.8125
2020-05-11,7.807499885559082,8.112500190734863,7.778749942779541,469060000,3783203551.673889,8.065500259399414
2020-05-12,8.123499870300293,8.172499656677246,7.792749881744385,493060000,3847100537.147522,7.802499771118164
2020-05-13,7.917500019073486,8.078499794006348,7.594749927520752,625852000,4869128691.308975,7.78000020980835
2020-05-14,7.841750144958496,8.03600025177002,7.6875,602312000,4836866764.144897,8.030500411987305
2020-05-15,7.889750003814697,8.500499725341797,7.874000072479248,987660000,8385974453.94516,8.490750312805176
2020-05-18,8.760499954223633,8.916500091552734,8.680500030517578,774460000,6776718508.644104,8.750249862670898
2020-05-19,8.790249824523926,9.087499618530272,8.762749671936035,717320000,6316361281.890869,8.805500030517578
2020-05-20,8.991000175476074,9.04300022125244,8.888750076293945,587536000,5270198076.889038,8.970000267028809
2020-05-21,9.05150032043457,9.052499771118164,8.737500190734863,761068000,6678562297.969818,8.775250434875488
2020-05-22,8.825249671936035,9.093000411987305,8.713250160217285,1038764000,9376143436.122894,9.026249885559082
2020-05-26,9.156749725341797,9.181750297546388,8.67199993133545,770780000,6719467033.32901,8.71774959564209
2020-05-27,8.625,8.632749557495117,7.996749877929687,1175892000,10024773784.366608,8.525250434875488
2020-05-28,8.412249565124512,8.760499954223633,8.379249572753906,734896000,6237062694.015503,8.487000465393066
2020-05-29,8.554499626159668,8.875499725341797,8.484999656677246,745256000,6614519423.309326,8.875499725341797
2020-06-01,8.833250045776367,8.840749740600586,8.689499855041504,389876000,3433345376.274109,8.806249618530273
2020-06-02,8.796250343322754,8.837249755859375,8.657999992370605,391320000,3453496701.6220093,8.825249671936035
2020-06-03,8.822250366210938,8.866250038146973,8.699999809265137,365440000,3204725999.145508,8.769499778747559
2020-06-04,8.727999687194824,8.943249702453613,8.677499771118164,424280000,3719450820.6939697,8.766500473022461
2020-06-05,8.794500350952148,8.996999740600586,8.708000183105469,481748000,4297192196.754456,8.920000076293945
2020-06-08,8.877249717712402,8.889749526977539,8.685750007629395,387736000,3414015598.3276367,8.805000305175781
2020-06-09,8.800000190734863,9.109749794006348,8.751250267028809,468488000,4237942226.394653,9.04599952697754
2020-06-10,9.167750358581545,9.5,9.153499603271484,632180000,5921471865.48233,9.36674976348877
2020-06-11,9.149999618530272,9.261249542236328,8.78600025177002,583652000,5133949105.381012,8.796250343322754
2020-06-12,9.162500381469728,9.187250137329102,8.70324993133545,570908000,5099635644.664764,8.932499885559082
2020-06-15,8.815250396728516,9.182250022888184,8.743749618530273,400004000,3669536664.4821167,9.173749923706056
2020-06-16,9.225000381469728,9.26675033569336,8.838749885559082,535716000,4858140313.030243,9.068499565124512
2020-06-17,9.113750457763672,9.298999786376951,9.070249557495115,408304000,3771095768.9208975,9.236000061035156
2020-06-18,9.22700023651123,9.282500267028809,9.114500045776367,254408000,2345133048.812866,9.218000411987305
2020-06-19,9.24250030517578,9.44499969482422,9.227250099182127,524160000,4854376560.058594,9.261249542236328
2020-06-22,9.300000190734863,9.53125,9.273249626159668,398468000,3796104863.9564514,9.52674961090088
2020-06-23,9.550999641418455,9.642499923706056,9.407500267028809,375108000,3544770528.453827,9.449999809265137
2020-06-24,9.47624969482422,9.556500434875488,9.14449977874756,449372000,4150175256.851196,9.23550033569336
2020-06-25,9.35575008392334,9.505000114440918,9.182250022888184,376072000,3568923193.92395,9.489999771118164
2020-06-26,9.5,9.5,9.125,592084000,5420528861.896515,9.154999732971191
2020-06-29,9.169750213623049,9.204500198364258,8.899999618530273,342248000,3148681534.7213745,9.199999809265137
2020-06-30,9.314000129699709,9.526249885559082,9.26650047302246,367892000,3494146346.851349,9.497750282287598
2020-07-01,9.520750045776367,9.575750350952148,9.413000106811523,326648000,3112955352.7755737,9.529999732971191
2020-07-02,9.638999938964844,9.737500190734863,9.57824993133545,364056000,3499397405.433655,9.612250328063965
2020-07-06,9.74174976348877,9.9087495803833,9.712499618530272,315892000,3108140238.0867004,9.83924961090088
2020-07-07,9.946249961853027,10.06999969482422,9.850749969482422,357800000,3532112106.323242,9.871749877929688
2020-07-08,9.993749618530272,10.225000381469728,9.965499877929688,365480000,3733743535.003662,10.215999603271484
2020-07-09,10.380249977111816,10.56999969482422,10.23349952697754,494548000,5197204845.218658,10.508999824523926
2020-07-10,10.588749885559082,10.65524959564209,10.37874984741211,497676000,5215271200.218201,10.479249954223633
2020-07-13,10.595000267028809,10.79224967956543,10.024999618530272,457076000,4594642179.153442,10.052249908447266
2020-07-14,10.074999809265137,10.402750015258787,9.785499572753906,542676000,5631348773.334503,10.376999855041504
2020-07-15,10.414250373840332,10.43299961090088,10.055749893188477,403984000,4131645404.067993,10.227250099182127
2020-07-16,10.015000343322754,10.20674991607666,9.895500183105469,344964000,3496124025.32959,10.134750366210938
2020-07-17,10.225500106811523,10.248499870300291,10.087750434875488,266284000,2716496209.7473145,10.201499938964844
2020-07-20,10.274250030517578,10.53125,10.156749725341797,284852000,2994008106.842041,10.510749816894531
2020-07-21,10.512999534606934,10.5600004196167,10.286749839782717,277036000,2861366268.9323425,10.328499794006348
2020-07-22,10.36750030517578,10.602499961853027,10.291500091552734,367292000,3834069463.077545,10.438750267028809
2020-07-23,10.449999809265137,10.54699993133545,10.03125,411660000,4170012988.6436462,10.12975025177002
2020-07-24,9.875,10.364749908447266,9.777000427246094,473292000,4824975279.556274,10.194499969482422
2020-07-27,10.232250213623049,10.441749572753906,10.21774959564209,292132000,3044453698.1773376,10.421500205993652
2020-07-28,10.374250411987305,10.381999969482422,10.209250450134276,271636000,2774897524.8413086,10.215499877929688
2020-07-29,10.39074993133545,10.516249656677246,10.347000122070312,284508000,2977518439.2700195,10.465499877929688
2020-07-30,10.375,10.623000144958496,10.295249938964844,308880000,3278452418.97583,10.61400032043457
2020-07-31,10.563249588012695,10.76650047302246,10.43299961090088,386080000,4098142644.65332,10.614749908447266
2020-08-03,10.732500076293944,11.098750114440918,10.715250015258787,412720000,4544150417.785645,11.010250091552734
2020-08-04,11.050000190734863,11.227749824523926,10.906000137329102,310336000,3484374969.543457,11.227749824523926
2020-08-05,11.244000434875488,11.371749877929688,11.166250228881836,249924000,2820829666.957855,11.286749839782717
2020-08-06,11.349749565124512,11.357999801635742,11.178750038146973,244316000,2769443960.216522,11.33549976348877
2020-08-07,11.3125,11.50475025177002,11.037500381469728,342516000,3836007970.745087,11.19950008392334
2020-08-10,11.334250450134276,11.408249855041504,10.856499671936035,427796000,4776342323.680878,11.164999961853027
2020-08-11,11.073749542236328,11.13675022125244,10.79574966430664,354512000,3846455335.235596,10.850000381469728
2020-08-12,10.990750312805176,11.467000007629396,10.958250045776367,464412000,5312989567.245483,11.440250396728516
2020-08-13,11.54599952697754,11.721750259399414,11.35575008392334,374460000,4284945720.0050354,11.442999839782717
2020-08-14,11.529999732971191,11.704750061035156,11.440500259399414,366436000,4237465951.526642,11.564000129699709
2020-08-17,11.85124969482422,12.409749984741213,11.81725025177002,621300000,7664978033.638,12.336999893188477
2020-08-18,12.449999809265137,12.496000289916992,12.08625030517578,503448000,6172649973.815918,12.260749816894531
2020-08-19,12.296500205993652,12.3149995803833,12.097999572753906,622624000,7557721557.006836,12.138500213623049
2020-08-20,11.975000381469728,12.375,11.87874984741211,921388000,11186571518.19992,12.140999794006348
2020-08-21,12.201749801635742,12.80875015258789,12.195249557495115,999868000,12681826067.878723,12.683500289916992
2020-08-24,12.883749961853027,12.912500381469728,12.50749969482422,490564000,6240096784.626007,12.720250129699709
2020-08-25,12.630749702453612,12.761249542236328,12.573749542236328,289076000,3685719000.0,12.75
2020-08-26,12.799249649047852,12.868499755859377,12.677749633789062,321244000,4103249536.022186,12.77299976348877
2020-08-27,12.781499862670898,12.850000381469728,12.566499710083008,317604000,4010782751.77002,12.628250122070312
2020-08-28,12.675000190734863,13.14799976348877,12.642499923706056,537160000,7062445336.723328,13.147749900817873
2020-08-31,13.18274974822998,13.574999809265137,13.037750244140623,500840000,6698484717.559814,13.374500274658203
2020-09-01,13.479999542236328,13.993749618530272,13.43649959564209,511316000,7066898486.713409,13.821000099182127
2020-09-02,14.703749656677246,14.726750373840332,13.899999618530272,874012000,12539013504.745483,14.346500396728516
2020-09-03,13.828749656677246,13.884499549865724,12.87874984741211,945128000,12301313548.89679,13.01550006866455
2020-09-04,12.7837495803833,13.175000190734863,11.704750061035156,1463684000,18475351904.18625,12.6225004196167
2020-09-08,11.73449993133545,12.550000190734863,11.70425033569336,795728000,9479507748.99292,11.913000106811523
2020-09-09,12.399999618530272,12.809249877929688,12.231749534606934,736200000,9360783112.335203,12.71500015258789
2020-09-10,12.989250183105469,13.065250396728516,12.166999816894531,698684000,8602023024.848938,12.311750411987305
2020-09-11,12.48550033569336,12.65250015258789,11.895750045776367,636928000,7747910806.640625,12.16450023651123
2020-09-14,13.081000328063965,13.3149995803833,12.631250381469728,1201744000,15469148727.233889,12.872249603271484
2020-09-15,13.279999732971191,13.298749923706056,12.827750205993652,727556000,9451680123.66867,12.991000175476074
2020-09-16,12.957249641418455,13.09274959564209,12.513750076293944,556384000,6962867381.225586,12.51449966430664
2020-09-17,12.13224983215332,12.589750289916992,12.034749984741213,792512000,9877473330.13916,12.463500022888184
2020-09-18,12.59375,12.63249969482422,11.988750457763672,698460000,8513703549.671173,12.189249992370604
2020-09-21,11.925000190734863,12.522500038146973,11.904500007629396,721044000,9025488053.009031,12.517250061035156
2020-09-22,12.574999809265137,12.64799976348877,12.155500411987305,646452000,8169698550.922394,12.637749671936035
2020-09-23,12.575499534606934,12.72700023651123,12.07925033569336,647012000,7844211562.229156,12.123749732971191
2020-09-24,12.072250366210938,12.569499969482422,12.013999938964844,731240000,9029351207.580566,12.347999572753906
2020-09-25,12.447500228881836,12.883500099182127,12.245750427246094,588016000,7569970822.982788,12.873749732971191
2020-09-28,13.040249824523926,13.051750183105469,12.75,573808000,7479587192.443848,13.03499984741211
2020-09-29,12.9375,13.442749977111816,12.933250427246094,621460000,8219274576.034546,13.225749969482422
2020-09-30,13.157500267028809,13.6225004196167,13.150250434875488,689184000,9325004395.93506,13.530500411987305
2020-10-01,13.758000373840332,13.762749671936035,13.460749626159668,525004000,7147666982.032776,13.614500045776367
2020-10-02,13.225000381469728,13.51949977874756,13.050999641418455,552496000,7216840951.873779,13.062250137329102
2020-10-05,13.236000061035156,13.64424991607666,13.222749710083008,479820000,6545944313.392639,13.642499923706056
2020-10-06,13.829999923706056,14.142000198364258,13.664999961853027,784420000,10775185162.42981,13.736499786376951
2020-10-07,13.999750137329102,14.119250297546388,13.863499641418455,418084000,5838124870.738983,13.96399974822998
2020-10-08,14.074999809265137,14.084500312805176,13.758000373840332,378900000,5243502331.638336,13.838749885559082
2020-10-09,13.767000198364258,13.82425022125244,13.66075038909912,346892000,4774187759.197235,13.762749671936035
2020-10-12,13.989500045776367,14.347000122070312,13.912500381469728,434744000,6184668071.029663,14.22599983215332
2020-10-13,14.296500205993652,14.34850025177002,14.018750190734863,344604000,4910003945.62912,14.248250007629396
2020-10-14,14.290499687194824,14.34274959564209,13.960000038146973,276100000,3891698560.810089,14.095250129699709
2020-10-15,13.810750007629396,14.005749702453612,13.767749786376951,267224000,3733119351.3565054,13.970000267028809
2020-10-16,14.036749839782717,14.121500015258787,13.792499542236328,242392000,3347797009.986877,13.81149959564209
2020-10-19,13.902999877929688,13.98349952697754,13.406749725341797,298068000,4023247431.1409,13.497750282287598
2020-10-20,13.583499908447266,13.799750328063965,13.506999969482422,229212000,3127712387.9699707,13.645500183105469
2020-10-21,13.625,13.791500091552734,13.477499961853027,219596000,2969980947.387696,13.524749755859377
2020-10-22,13.522500038146973,13.611749649047852,13.231749534606934,290480000,3881103297.729492,13.361000061035156
2020-10-23,13.449999809265137,13.593250274658203,13.291250228881836,233484000,3173105934.562683,13.590250015258787
2020-10-26,13.427000045776367,13.692749977111816,13.03849983215332,336896000,4427234444.3359375,13.141249656677246
2020-10-27,13.305999755859377,13.44200038909912,13.191499710083008,250520000,3356153922.767639,13.396750450134276
2020-10-28,13.197999954223633,13.260000228881836,12.609000205993652,376520000,4754317985.420227,12.626999855041504
2020-10-29,12.838500022888184,13.192749977111816,12.75,320080000,4168721973.724365,13.02400016784668
2020-10-30,12.850000381469728,12.93649959564209,12.300000190734863,416820000,5224422045.36438,12.534000396728516
2020-11-02,12.657750129699709,12.836750030517578,12.395000457763672,299652000,3769847038.455963,12.580750465393066
2020-11-03,12.708499908447266,13.104999542236328,12.602749824523926,272900000,3553021489.6202087,13.01949977874756
2020-11-04,13.389249801635742,13.827500343322754,13.336999893188477,410228000,5658787398.082733,13.794249534606934
2020-11-05,14.162500381469728,14.33899974822998,13.991000175476074,319028000,4517436431.32019,14.15999984741211
2020-11-06,14.109749794006348,14.588749885559082,13.895000457763672,383348000,5582313681.289673,14.562000274658203
2020-11-09,14.552499771118164,14.691499710083008,13.610750198364258,582976000,7946399938.537598,13.630749702453612
2020-11-10,13.606499671936035,13.606499671936035,12.628250122070312,644068000,8224748654.830933,12.770000457763672
2020-11-11,13.053750038146973,13.4350004196167,12.948249816894531,404744000,5430855081.550598,13.41800022125244
2020-11-12,13.479000091552734,13.765999794006348,13.315999984741213,365812000,4922640600.299835,13.45674991607666
2020-11-13,13.627249717712402,13.668749809265137,13.059249877929688,346312000,4604910640.220642,13.29699993133545
2020-11-16,13.172499656677246,13.649499893188477,13.156000137329102,413776000,5592286169.2352295,13.515250205993652
2020-11-17,13.552499771118164,13.5962495803833,13.303750038146973,312028000,4188117758.7242126,13.422249794006348
2020-11-18,13.465250015258787,13.60575008392334,13.1850004196167,510924000,6861070684.490204,13.428750038146973
2020-11-19,13.212750434875488,13.487500190734863,13.100000381469728,565936000,7606321548.522949,13.440250396728516
2020-11-20,13.45400047302246,13.494500160217283,13.0649995803833,341088000,4464074620.330811,13.087750434875488
2020-11-23,13.171250343322754,13.38249969482422,13.01550006866455,361356000,4748217964.061737,13.140000343322754
2020-11-24,13.142499923706056,13.161999702453612,12.885000228881836,346500000,4489860486.030579,12.95775032043457
2020-11-25,13.032500267028809,13.26949977874756,13.020000457763672,259916000,3439923227.458954,13.234749794006348
2020-11-27,13.375,13.407500267028809,13.170499801635742,167276000,2218288778.427124,13.261249542236328
2020-11-30,13.265000343322754,13.412500381469728,12.972249984741213,286952000,3845587155.75409,13.40149974822998
2020-12-01,13.492250442504885,13.5287504196167,13.228249549865724,296948000,3976133821.949005,13.390000343322754
2020-12-02,13.350500106811523,13.673500061035156,13.23425006866455,283360000,3837969619.445801,13.544500350952148
2020-12-03,13.587499618530272,13.65999984741211,13.32900047302246,199520000,2672769901.7333984,13.395999908447266
2020-12-04,13.44849967956543,13.5600004196167,13.388750076293944,202244000,2742074799.407959,13.558250427246094
2020-12-07,13.60124969482422,13.731249809265137,13.5,223244000,3037625193.1037903,13.606749534606934
2020-12-08,13.585000038146973,13.598750114440918,13.281499862670898,271920000,3630132103.729248,13.350000381469728
2020-12-09,13.30049991607666,13.413999557495115,12.868249893188477,401300000,5189109932.136536,12.930749893188477
2020-12-10,12.869000434875488,13.068750381469728,12.849499702453612,207764000,2695166545.829773,12.972249984741213
2020-12-11,12.967249870300291,13.020000457763672,12.822999954223633,209264000,2723204821.4416504,13.013250350952148
2020-12-14,13.088000297546388,13.388750076293944,13.077500343322754,270156000,3595438706.222534,13.30875015258789
2020-12-15,13.439749717712402,13.46399974822998,13.186750411987305,193016000,2578790332.794189,13.36050033569336
2020-12-16,13.422499656677246,13.437250137329102,13.212499618530272,223116000,2954613698.0896,13.24250030517578
2020-12-17,13.36674976348877,13.37950038909912,13.178500175476074,231384000,3086951887.0925903,13.3412504196167
2020-12-18,13.378999710083008,13.404999732971191,13.070500373840332,342064000,4539873514.99939,13.272000312805176
2020-12-21,13.074749946594238,13.369999885559082,12.967499732971191,302332000,4030765698.589325,13.332249641418455
2020-12-22,13.319250106811523,13.337249755859377,13.053999900817873,185580000,2464177586.8606567,13.278249740600586
2020-12-23,13.255999565124512,13.274999618530272,13.005000114440918,179144000,2330529025.9628296,13.009249687194824
2020-12-24,13.037249565124512,13.13249969482422,12.938750267028809,97884000,1271880187.6602173,12.993749618530272
2020-12-28,13.0625,13.0625,12.763250350952148,212564000,2742075518.913269,12.899999618530272
2020-12-29,12.925000190734863,13.072500228881836,12.842249870300291,170372000,2205167338.306427,12.943249702453612
2020-12-30,12.990249633789062,13.213749885559082,12.896750450134276,225396000,2962999477.31781,13.145750045776367
2020-12-31,13.136500358581545,13.151000022888184,12.914999961853027,192424000,2512095378.7231445,13.05500030517578
2021-01-04,13.104249954223633,13.65250015258789,12.962499618530272,560640000,7351952438.964844,13.113499641418455
2021-01-05,13.099749565124512,13.443499565124512,13.086999893188477,322760000,4326517068.138123,13.404749870300291
2021-01-06,13.22249984741211,13.244999885559082,12.586000442504885,580424000,7321758574.569702,12.614500045776367
2021-01-07,12.967499732971191,13.377750396728516,12.886500358581545,461480000,6157989056.625366,13.343999862670898
2021-01-08,13.362500190734863,13.42099952697754,13.041999816894531,292528000,3883821010.177612,13.27674961090088
2021-01-11,13.418749809265137,13.961000442504885,13.362500190734863,518344000,7060622803.909302,13.621500015258787
2021-01-12,13.7524995803833,13.75450038909912,13.345000267028809,291476000,3930480930.957794,13.484749794006348
2021-01-13,13.489999771118164,13.625,13.385000228881836,210028000,2842046331.314087,13.531749725341797
2021-01-14,13.574999809265137,13.599749565124512,13.180500030517578,283120000,3737254687.11853,13.200249671936035
2021-01-15,13.227999687194824,13.325249671936035,12.84850025177002,277780000,3572111890.926361,12.85949993133545
2021-01-19,13.016249656677246,13.093999862670898,12.843999862670898,226188000,2946155345.363617,13.025250434875488
2021-01-20,13.111749649047852,13.430500030517578,13.056750297546388,258572000,3456008789.88266,13.365750312805176
2021-01-21,13.418499946594238,13.999250411987305,13.253000259399414,337780000,4684164253.082275,13.86750030517578
2021-01-22,13.739999771118164,13.841750144958496,13.627249717712402,246820000,3384519155.845642,13.712499618530272
2021-01-25,13.781749725341797,13.828499794006348,13.236499786376951,251112000,3428494848.8616943,13.653249740600586
2021-01-26,13.580499649047852,13.644749641418455,13.387499809265137,163980000,2203112341.2895203,13.435250282287598
2021-01-27,13.229999542236328,13.232749938964844,12.793749809265137,371272000,4795999011.131287,12.917750358581545
2021-01-28,12.99625015258789,13.339750289916992,12.96049976348877,228316000,2979752034.1300964,13.050999641418455
2021-01-29,13.074999809265137,13.334750175476074,12.911499977111816,271552000,3527392567.138672,12.989749908447266
2021-02-01,13.053250312805176,13.270750045776367,12.902750015258787,217204000,2875129449.085236,13.237000465393066
2021-02-02,13.39875030517578,13.571999549865724,13.285499572753906,220440000,2988450035.591125,13.556750297546388
2021-02-03,13.63599967956543,13.931750297546388,13.51650047302246,245408000,3320493045.1049805,13.530500411987305
2021-02-04,13.531000137329102,13.673500061035156,13.337750434875488,201340000,2751160170.2690125,13.664250373840332
2021-02-05,13.725000381469728,13.737250328063965,13.54574966430664,169152000,2298944764.892578,13.590999603271484
2021-02-08,13.727250099182127,14.473750114440918,13.727250099182127,434624000,6275427396.057129,14.438750267028809
2021-02-09,14.340749740600586,14.583250045776367,14.22249984741211,287560000,4101540270.9198,14.263250350952148
2021-02-10,14.463250160217283,14.904999732971191,14.341500282287598,485352000,7165858169.723511,14.764249801635742
2021-02-11,14.980250358581545,15.272250175476074,14.925000190734863,450828000,6875464935.264587,15.250749588012695
2021-02-12,15.050000190734863,15.291250228881836,14.774999618530272,374756000,5606818319.366455,14.96125030517578
2021-02-16,15.064249992370604,15.3725004196167,14.949999809265137,321960000,4935727221.221924,15.330249786376951
2021-02-17,15.17099952697754,15.22350025177002,14.779999732971191,274756000,4095512973.7319946,14.906000137329102
2021-02-18,14.729000091552734,14.873250007629396,14.574999809265137,233868000,3468028682.624817,14.82900047302246
2021-02-19,15.024499893188477,15.177000045776367,14.846750259399414,271724000,4055888373.069763,14.92650032043457
2021-02-22,14.774749755859377,15.13325023651123,14.324999809265137,325884000,4678309260.349274,14.35575008392334
2021-02-23,14.075249671936035,14.238750457763672,13.38949966430664,391780000,5540552837.715149,14.142000198364258
2021-02-24,14.122750282287598,14.506750106811523,13.755999565124512,448320000,6500191498.718262,14.49899959564209
2021-02-25,14.045499801635742,14.374750137329102,13.2162504196167,824436000,10971181975.650787,13.307499885559082
2021-02-26,13.7524995803833,13.854499816894531,13.361000061035156,500932000,6870032128.02124,13.714500427246094
2021-03-01,13.875,13.925000190734863,13.553250312805176,353184000,4888684683.1970215,13.841750144958496
2021-03-02,13.899999618530272,13.920499801635742,13.395999908447266,264116000,3540805125.0,13.40625
2021-03-03,13.426250457763672,13.451499938964844,12.798749923706056,377592000,4834971329.086304,12.804750442504885
2021-03-04,12.80074977874756,12.975000381469728,12.083749771118164,573344000,7092408471.64917,12.37024974822998
2021-03-05,12.550000190734863,12.550000190734863,11.67924976348877,542840000,6764600751.113892,12.46150016784668
2021-03-08,12.449999809265137,12.4712495803833,11.566499710083008,543112000,6296433343.170166,11.593250274658203
2021-03-09,12.130249977111816,12.61674976348877,12.059249877929688,521824000,6533367103.210449,12.52025032043457
2021-03-10,12.840499877929688,12.979999542236328,12.457500457763672,384376000,4792496167.5720215,12.468250274658203
2021-03-11,12.949999809265137,13.046250343322754,12.73449993133545,299916000,3896958472.77832,12.993499755859377
2021-03-12,12.648249626159668,12.888750076293944,12.59000015258789,243964000,3136401170.9709167,12.855999946594238
2021-03-15,12.864749908447266,13.20674991607666,12.767250061035156,221988000,2928299171.12732,13.19124984741211
2021-03-16,13.356499671936035,13.512499809265137,13.11674976348877,272128000,3616921342.285156,13.291250228881836
2021-03-17,13.039750099182127,13.45324993133545,12.989500045776367,243864000,3253450692.3294067,13.3412504196167
2021-03-18,13.136500358581545,13.184000015258787,12.717000007629396,293896000,3739091815.155029,12.72249984741211
2021-03-19,12.75,12.921500205993652,12.612500190734863,299208000,3843551122.627258,12.845749855041504
2021-03-22,12.912750244140623,13.39449977874756,12.906749725341797,297804000,3926917915.4777527,13.186249732971191
2021-03-23,13.254249572753906,13.344499588012695,13.021249771118164,222048000,2902333948.5168457,13.07075023651123
2021-03-24,13.151249885559082,13.159250259399414,12.63675022125244,245840000,3108155033.721924,12.642999649047852
2021-03-25,12.499500274658203,12.714750289916992,12.272000312805176,295144000,3699703740.4327393,12.535249710083008
2021-03-26,12.554499626159668,12.856249809265137,12.373499870300291,363968000,4673076002.380371,12.83924961090088
2021-03-29,12.820249557495115,13.0625,12.699999809265137,273520000,3541605289.916992,12.948249816894531
2021-03-30,12.842000007629396,12.975250244140623,12.704999923706056,200204000,2576975812.561035,12.871749877929688
2021-03-31,13.01550006866455,13.470499992370604,12.982500076293944,314776000,4201708864.479065,13.34825038909912
2021-04-01,13.572250366210938,13.869999885559082,13.511249542236328,308276000,4257831170.0057983,13.811750411987305
2021-04-05,13.86750030517578,14.013999938964844,13.732999801635742,255672000,3576212148.765564,13.987500190734863
2021-04-06,13.999750137329102,14.05424976348877,13.773500442504885,191744000,2657859415.0390625,13.861499786376951
2021-04-07,13.880749702453612,14.243499755859377,13.71150016784668,251284000,3554035336.4372253,14.143500328063965
2021-04-08,14.252750396728516,14.471500396728516,14.24899959564209,244416000,3499303967.102051,14.31700038909912
2021-04-09,14.21399974822998,14.407999992370604,14.175000190734863,195172000,2810476725.5477905,14.399999618530272
2021-04-12,14.289750099182127,15.352499961853027,14.139249801635742,869324000,13221548397.644045,15.208999633789062
2021-04-13,15.231499671936035,15.699999809265137,15.125749588012695,676212000,10602665801.20468,15.679499626159668
2021-04-14,15.625,15.720499992370604,15.227499961853027,385500000,5889283664.703369,15.277000427246094
2021-04-15,15.662500381469728,16.214250564575195,15.631500244140623,598480000,9657821918.792725,16.137250900268555
2021-04-16,16.05299949645996,16.16575050354004,15.865249633789062,335208000,5333997427.871704,15.912500381469728
2021-04-19,15.536499977111816,15.807499885559082,15.232999801635742,404420000,6212598793.067932,15.361749649047852
2021-04-20,15.323249816894531,15.496999740600586,14.963000297546388,334132000,5069200219.715118,15.171250343322754
2021-04-21,15.118749618530272,15.362500190734863,15.102250099182127,216776000,3329787820.770264,15.36050033569336
2021-04-22,15.375,15.43850040435791,14.783499717712402,277788000,4125221314.819336,14.850250244140623
2021-04-23,14.934249877929688,15.335000038146973,14.900250434875488,227500000,3472844421.863556,15.265250205993652
2021-04-26,15.1850004196167,15.479000091552734,15.125,197796000,3061486426.1283875,15.477999687194824
2021-04-27,15.578499794006348,15.670499801635742,15.354499816894531,164572000,2531405378.578186,15.381750106811523
2021-04-28,15.364500045776367,15.53225040435791,15.215499877929688,209416000,3199195796.5164185,15.27674961090088
2021-04-29,15.399999618530272,15.43649959564209,15.071499824523926,173196000,2654185391.750336,15.324749946594238
2021-04-30,15.174500465393066,15.364999771118164,14.996999740600586,201912000,3030598073.112488,15.009499549865724
2021-05-03,15.125,15.246749877929688,14.787500381469728,203912000,3025391372.2229004,14.836750030517578
2021-05-04,14.637249946594238,14.637499809265137,14.010250091552734,405324000,5816905931.304932,14.35124969482422
2021-05-05,14.708999633789062,14.81350040435791,14.387499809265137,292024000,4222228977.264404,14.458499908447266
2021-05-06,14.49524974822998,14.571249961853027,14.218000411987305,193380000,2808457694.2634583,14.52299976348877
2021-05-07,14.808250427246094,14.970749855041504,14.67175006866455,229328000,3396863699.493408,14.812250137329102
2021-05-10,14.787249565124512,14.805999755859377,14.25,268904000,3836117219.535828,14.26574993133545
2021-05-11,13.824999809265137,14.35474967956543,13.75,285584000,4085635991.0583496,14.306249618530272
2021-05-12,14.009499549865724,14.260250091552734,13.709250450134276,303408000,4174438998.0926514,13.758500099182127
2021-05-13,14.0337495803833,14.080750465393066,13.458999633789062,285404000,3900116960.9184265,13.665249824523926
2021-05-14,13.890000343322754,14.32800006866455,13.748499870300291,258616000,3683467695.892334,14.243000030517578
2021-05-17,14.156999588012695,14.169249534606934,13.853500366210938,216980000,3073630122.127533,14.165499687194824
2021-05-18,14.267000198364258,14.404250144958496,14.003999710083008,186256000,2610517519.2108154,14.01574993133545
2021-05-19,13.566499710083008,14.079500198364258,13.54325008392334,344000000,4838618041.992188,14.065750122070312
2021-05-20,14.302499771118164,14.68375015258789,14.270500183105469,321592000,4699263161.338806,14.612500190734863
2021-05-21,15.16374969482422,15.222000122070312,14.869500160217283,672992000,10089327656.829834,14.99174976348877
2021-05-24,15.212499618530272,15.744999885559082,15.175999641418455,554816000,8661787650.20752,15.612000465393066
2021-05-25,15.765999794006348,15.818499565124512,15.482500076293944,435408000,6813155488.815308,15.647749900817873
2021-05-26,15.73425006866455,15.793749809265137,15.58625030517578,370440000,5815907929.344177,15.699999809265137
2021-05-27,15.699749946594238,15.75,15.460000038146973,581476000,9005900239.200592,15.48799991607666
2021-05-28,15.50100040435791,16.27750015258789,15.50100040435791,644536000,10470164540.58838,16.24449920654297
2021-06-01,16.270000457763672,16.38825035095215,15.903249740600586,472804000,7689920499.282837,16.26449966430664
2021-06-02,16.25225067138672,16.918750762939453,16.23550033569336,594168000,9969099091.873169,16.778249740600586
2021-06-03,16.70075035095215,17.259000778198242,16.58300018310547,580008000,9842590439.39209,16.969749450683594
2021-06-04,17.112499237060547,17.660999298095703,17.095500946044922,617120000,10847890186.157228,17.578250885009766
2021-06-07,17.571250915527344,17.8125,17.192750930786133,575756000,10144244665.298462,17.618999481201172
2021-06-08,17.527250289916992,17.62150001525879,17.250999450683594,323848000,5653414773.193359,17.457000732421875
2021-06-09,17.515750885009766,17.575000762939453,17.25575065612793,381656000,6624880133.880615,17.35824966430664
2021-06-10,17.350000381469727,17.492000579833984,17.176000595092773,287772000,5014426880.447388,17.424999237060547
2021-06-11,17.47949981689453,17.939250946044922,17.443750381469727,416308000,7420794437.446594,17.82525062561035
2021-06-14,17.9060001373291,18.039499282836918,17.662750244140625,321376000,5790793554.80957,18.018749237060547
2021-06-15,17.915000915527344,18.01625061035156,17.72800064086914,243032000,4323174691.207886,17.78849983215332
2021-06-16,17.79075050354004,17.954750061035156,17.58449935913086,307124000,5469955014.801025,17.81024932861328
2021-06-17,17.774499893188477,18.834999084472656,17.756250381469727,809656000,15105953961.242676,18.657249450683597
2021-06-18,18.78400039672852,19.375,18.583999633789062,968856000,18058264843.917847,18.638750076293945
2021-06-21,18.43524932861328,18.536500930786133,17.822750091552734,672384000,12390188002.441406,18.427249908447266
2021-06-22,18.47150039672852,18.9637508392334,18.38599967956543,580144000,10957034267.089844,18.886749267578125
2021-06-23,19.00774955749512,19.15275001525879,18.90774917602539,332356000,6333791071.647644,19.057249069213867
2021-06-24,19.22775077819824,19.420000076293945,19.08824920654297,320924000,6163505769.371033,19.20549964904785
2021-06-25,19.280500411987305,19.34550094604492,18.894500732421875,278364000,5297545322.227478,19.0310001373291
2021-06-28,19.36124992370605,20.07875061035156,19.319000244140625,495436000,9901288762.390137,19.98500061035156
2021-06-29,19.88249969482422,20.0987491607666,19.65699958801269,367632000,7362474363.555908,20.026750564575195
2021-06-30,19.999250411987305,20.162500381469727,19.863750457763672,326568000,6532176594.406128,20.002500534057617
2021-07-01,20.125,20.45599937438965,20.018999099731445,480136000,9704508780.715942,20.21199989318848
2021-07-02,20.44025039672852,20.505250930786133,20.287750244140625,342764000,7022205900.634766,20.48699951171875
2021-07-06,20.737499237060547,20.84199905395508,20.350250244140625,446708000,9246185394.859314,20.69849967956543
2021-07-07,20.853500366210938,20.875,20.332000732421875,418428000,8524110557.922363,20.371749877929688
2021-07-08,19.85650062561035,20.132999420166016,19.70075035095215,503300000,10017054082.679749,19.90275001525879
2021-07-09,19.962499618530277,20.080249786376957,19.754249572753903,296624000,5947385088.95874,20.050249099731445
2021-07-12,20.239999771118164,20.53274917602539,20.1877498626709,321984000,6604697045.654297,20.512500762939453
2021-07-13,20.40049934387207,20.46125030517578,20.11400032043457,290708000,5886837000.0,20.25
2021-07-14,20.357749938964844,20.417749404907227,19.75275039672852,380100000,7541753894.805908,19.84149932861328
2021-07-15,19.811750411987305,19.847000122070312,18.85849952697754,550564000,10442134170.967102,18.966249465942383
2021-07-16,19.030500411987305,19.15699958801269,18.072999954223636,688224000,12498835580.932615,18.160999298095703
2021-07-19,17.915250778198242,19.04199981689453,17.86549949645996,749060000,14067160152.20642,18.77975082397461
2021-07-20,18.729999542236328,18.83799934387207,18.16399955749512,434687000,8090394231.750488,18.61199951171875
2021-07-21,18.881999969482425,19.527000427246094,18.742000579833984,371017000,7201439913.387299,19.40999984741211
2021-07-22,19.642000198364254,19.886999130249023,19.275999069213867,323826000,6345046599.529266,19.5939998626709
2021-07-23,19.6560001373291,19.700000762939453,19.25,195672000,3826953086.4715576,19.558000564575195
2021-07-26,19.31100082397461,19.441999435424805,18.91399955749512,203943000,3934876369.588852,19.29400062561035
2021-07-27,19.26499938964844,19.621999740600582,18.74099922180176,248863000,4780160549.568176,19.20800018310547
2021-07-28,19.319000244140625,19.645999908447266,18.9950008392334,202191000,3943331125.448227,19.50300025939941
2021-07-29,19.518999099731445,19.85300064086914,19.327999114990234,190781000,3751136147.176743,19.66200065612793
2021-07-30,19.417999267578125,19.6299991607666,19.26300048828125,183497000,3578008103.7979126,19.499000549316406
2021-08-02,19.700000762939453,19.961000442504883,19.36100006103516,217444000,4294519000.0,19.75
2021-08-03,19.739999771118164,20.222000122070312,19.21999931335449,301811000,5980385126.184464,19.815000534057617
2021-08-04,19.989999771118164,20.31800079345703,19.827999114990234,231309000,4689558704.824448,20.27400016784668
2021-08-05,20.5,20.732999801635746,20.34199905395508,211435000,4363383911.104202,20.636999130249023
2021-08-06,20.52400016784668,20.56999969482422,20.209999084472656,178497000,3635269763.093949,20.36599922180176
2021-08-09,20.44599914550781,20.507999420166016,20.14299964904785,146443000,2972060696.172714,20.295000076293945
2021-08-10,20.32200050354004,20.43000030517578,19.834999084472656,179238000,3573288915.687561,19.93600082397461
2021-08-11,20.042999267578125,20.048999786376957,19.43000030517578,185925000,3662536464.357376,19.698999404907227
2021-08-12,19.8700008392334,20.02899932861328,19.6200008392334,151652000,3018633164.131165,19.905000686645508
2021-08-13,19.905000686645508,20.214000701904297,19.85099983215332,183063000,3695675793.720245,20.1879997253418
2021-08-16,20.13500022888184,20.28700065612793,19.452999114990234,210876000,4206976360.88562,19.950000762939453
2021-08-17,19.684999465942383,19.770000457763672,19.267000198364254,204585000,3980814967.460632,19.45800018310547
2021-08-18,19.5,19.63400077819824,19.0,285913000,5443783781.761169,19.040000915527344
2021-08-19,19.49399948120117,20.4950008392334,18.761999130249023,766555000,15176256147.327423,19.79800033569336
2021-08-20,19.99099922180176,20.864999771118164,19.933000564575195,675741000,14066224645.68901,20.81599998474121
2021-08-23,20.97100067138672,21.996999740600582,20.950000762939453,575807000,12643570211.43341,21.95800018310547
2021-08-24,21.75300025939941,21.958999633789062,21.53499984741211,297299000,6479036889.251709,21.792999267578125
2021-08-25,21.73699951171875,22.46999931335449,21.722000122070312,347701000,7723482084.863663,22.21299934387207
2021-08-26,22.200000762939453,22.34000015258789,21.790000915527344,237940000,5250860108.795166,22.06800079345703
2021-08-27,22.18400001525879,22.722000122070312,22.16699981689453,304722000,6897687094.356537,22.63599967956543
2021-08-30,22.82999992370605,23.042999267578125,22.551000595092773,262580000,5957414967.880249,22.6879997253418
2021-08-31,22.69499969482422,22.69499969482422,22.1200008392334,259850000,5816742309.474945,22.38500022888184
2021-09-01,22.48500061035156,22.69700050354004,22.35700035095215,201767000,4527853243.92128,22.44099998474121
2021-09-02,22.51799964904785,22.593000411987305,22.295000076293945,187834000,4206730246.803284,22.395999908447266
2021-09-03,22.325000762939453,22.98600006103516,22.200000762939453,280532000,6408192591.575623,22.843000411987305
2021-09-07,22.83300018310547,22.89900016784668,22.52199935913086,198107000,4489500963.983536,22.66200065612793
2021-09-08,22.51300048828125,22.61000061035156,21.976999282836918,254434000,5683801304.588318,22.339000701904297
2021-09-09,22.312000274658203,22.538000106811523,22.131000518798828,196856000,4365675521.011353,22.177000045776367
2021-09-10,22.347999572753903,22.625999450683597,22.270000457763672,248376000,5582995887.176514,22.47800064086914
2021-09-13,22.68400001525879,22.964000701904297,21.857999801635746,297500000,6590220127.105713,22.152000427246094
2021-09-14,22.274999618530277,22.40999984741211,22.086000442504883,199755000,4442950825.824738,22.242000579833984
2021-09-15,22.30900001525879,22.367000579833984,21.965999603271484,166538000,3720625391.9296265,22.340999603271484
2021-09-16,22.183000564575195,22.277000427246094,21.927000045776367,156033000,3470486076.473236,22.242000579833984
2021-09-17,22.299999237060547,22.32099914550781,21.82999992370605,294503000,6449615587.656021,21.899999618530277
2021-09-20,21.145999908447266,21.433000564575195,20.66200065612793,349440000,7377727023.925781,21.113000869750977
2021-09-21,21.41699981689453,21.424999237060547,20.950000762939453,204688000,4348801307.342529,21.246000289916992
2021-09-22,21.36599922180176,21.959999084472656,21.19599914550781,268726000,5896117161.899567,21.94099998474121
2021-09-23,22.13999938964844,22.53499984741211,21.88999938964844,248555000,5588013597.230911,22.48200035095215
2021-09-24,22.06999969482422,22.14900016784668,21.86100006103516,217655000,4806039918.832779,22.08099937438965
2021-09-27,21.709999084472656,21.798999786376957,21.325000762939453,245215000,5311356862.58316,21.65999984741211
2021-09-28,21.214000701904297,21.41900062561035,20.650999069213867,343069000,7101185026.842117,20.698999404907227
2021-09-29,20.940000534057617,21.017000198364254,20.46699905395508,218394000,4480789741.321564,20.517000198364254
2021-09-30,20.76799964904785,21.06599998474121,20.6879997253418,221009000,4578422356.319428,20.715999603271484
2021-10-01,20.75,20.858999252319336,20.202999114990234,240978000,4998365815.727234,20.742000579833984
2021-10-04,20.503999710083008,20.54199981689453,19.55500030517578,345635000,6820069941.301346,19.73200035095215
2021-10-05,19.950000762939453,20.64800071716309,19.85400009155273,279282000,5711596241.661072,20.451000213623047
2021-10-06,20.1200008392334,20.71999931335449,20.07999992370605,297202000,6152081626.747131,20.700000762939453
2021-10-07,21.09199905395508,21.32200050354004,20.972000122070312,256919000,5414568121.013641,21.075000762939453
2021-10-08,21.10099983215332,21.20599937438965,20.774999618530277,151258000,3150855303.371429,20.83099937438965
2021-10-11,20.575000762939453,21.0629997253418,20.51099967956543,163388000,3381314610.1379395,20.69499969482422
2021-10-12,20.827999114990234,21.05699920654297,20.527999877929688,162134000,3351471837.3069763,20.67099952697754
2021-10-13,20.917999267578125,20.989999771118164,20.71299934387207,180652000,3782672079.147339,20.93899917602539
2021-10-14,21.288000106811523,21.7549991607666,21.121999740600582,243589000,5297086464.62059,21.746000289916992
2021-10-15,21.809999465942383,21.93099975585937,21.66200065612793,226994000,4962542717.163086,21.86199951171875
2021-10-18,21.749000549316406,22.291000366210938,21.643999099731445,189494000,4210935691.131592,22.222000122070312
2021-10-19,22.275999069213867,22.378999710083008,22.03700065612793,161473000,3599233317.832947,22.290000915527344
2021-10-20,22.30500030517578,22.433000564575195,21.98200035095215,146276000,3233138521.7437744,22.10300064086914
2021-10-21,22.097000122070312,22.711000442504883,22.08300018310547,187590000,4256792174.091339,22.691999435424805
2021-10-22,22.822999954223636,23.1299991607666,22.56100082397461,249384000,5667500742.141724,22.72599983215332
2021-10-25,22.972999572753903,23.354999542236328,22.770000457763672,230235000,5333624094.314575,23.166000366210938
2021-10-26,23.98900032043457,25.25900077819824,23.923999786376957,485898000,12009940406.318665,24.71699905395508
2021-10-27,24.474000930786133,25.09000015258789,24.28199958801269,245990000,6014701542.549133,24.451000213623047
2021-10-28,24.87800025939941,24.950000762939453,24.52300071716309,234204000,5841281960.426331,24.94099998474121
2021-10-29,25.000999450683597,25.708999633789062,25.0,292503000,7478424035.860062,25.566999435424805
2021-11-01,25.64900016784668,25.893999099731445,25.226999282836918,265740000,6863266890.792847,25.82699966430664
2021-11-02,25.82200050354004,26.67799949645996,25.799999237060547,294112000,7764850638.244629,26.400999069213867
2021-11-03,26.670000076293945,26.78400039672852,26.23500061035156,239910000,6381126077.49939,26.597999572753903
2021-11-04,27.22900009155273,31.364999771118164,27.118000030517575,1153631000,34379358117.51747,29.801000595092773
2021-11-05,30.187000274658203,31.399999618530277,29.40999984741211,851260000,25326688208.42743,29.75200080871582
2021-11-08,30.14900016784668,31.100000381469727,29.90699958801269,503101000,15497523633.895874,30.804000854492188
2021-11-09,32.28200149536133,32.310001373291016,29.964000701904297,646746000,19827291855.54886,30.65699958801269
2021-11-10,29.356000900268555,30.850000381469727,28.777999877929688,636206000,18741992321.014404,29.458999633789062
2021-11-11,30.468000411987305,30.59000015258789,29.777000427246094,332172000,10094706877.2583,30.38999938964844
2021-11-12,30.01000022888184,30.68000030517578,29.6299991607666,413054000,12552710807.891846,30.38999938964844
2021-11-15,30.552000045776367,30.643999099731445,29.246999740600582,384909000,11556892578.168867,30.024999618530277
2021-11-16,29.75900077819824,30.38999938964844,29.70599937438965,264484000,7988210017.929077,30.202999114990234
2021-11-17,30.417999267578125,30.50900077819824,28.799999237060547,428508000,12538572450.691223,29.26099967956543
2021-11-18,32.367000579833984,32.7599983215332,31.32099914550781,781711000,24760695328.60184,31.674999237060547
2021-11-19,32.24300003051758,33.0880012512207,31.905000686645508,533867000,17609603320.846558,32.98500061035156
2021-11-22,33.516998291015625,34.64699935913086,31.899999618530277,754335000,24105528788.08021,31.95599937438965
2021-11-23,31.53499984741211,32.36000061035156,30.8799991607666,532163000,16894046752.283096,31.746000289916992
2021-11-24,31.461000442504883,32.85499954223633,30.92799949645996,435162000,14218483095.039368,32.67399978637695
2021-11-26,32.599998474121094,32.709999084472656,31.350000381469727,283069000,8917522780.427933,31.50300025939941
2021-11-29,32.36600112915039,33.4119987487793,32.0359992980957,454964000,15184878214.08081,33.375999450683594
2021-11-30,33.16899871826172,33.35300064086914,31.86400032043457,622066000,20326627799.690247,32.67599868774414
2021-12-01,33.21900177001953,33.28900146484375,31.3799991607666,484368000,15226107821.31958,31.434999465942383
2021-12-02,31.214000701904297,32.47800064086914,31.024999618530277,472890000,15192063880.233765,32.125999450683594
2021-12-03,32.0,32.12900161743164,30.1299991607666,544325000,16706967656.8985,30.69300079345703
2021-12-06,29.8799991607666,30.24099922180176,28.038000106811523,658938000,19792521138.347626,30.03700065612793
2021-12-07,30.957000732421875,32.44900131225586,30.650999069213867,593053000,19230928526.988983,32.426998138427734
2021-12-08,31.999000549316406,32.290000915527344,31.42099952697754,475551000,15134886227.588654,31.826000213623047
2021-12-09,31.733999252319336,32.20500183105469,30.42799949645996,488507000,14894578318.18962,30.489999771118164
2021-12-10,31.149999618530277,31.30500030517578,29.86100006103516,488825000,14761537327.623367,30.197999954223636
2021-12-13,30.249000549316406,30.29400062561035,28.11599922180176,598344000,16849964964.019775,28.160999298095703
2021-12-14,27.698999404907227,28.67799949645996,27.25,667035000,18901770723.75297,28.33699989318848
2021-12-15,28.399999618530277,30.5,27.83799934387207,698297000,21269428067.276,30.458999633789062
2021-12-16,31.152000427246094,31.15999984741211,28.093000411987305,707366000,20079998026.76773,28.386999130249023
2021-12-17,27.98500061035156,28.92200088500977,27.76000022888184,713758000,19843186582.752228,27.801000595092773
2021-12-20,27.30500030517578,28.143999099731445,27.145000457763672,461847000,12801936929.574966,27.7189998626709
2021-12-21,28.374000549316406,29.1200008392334,27.400999069213867,524385000,15246494275.074003,29.075000762939453
2021-12-22,28.891000747680664,29.55500030517578,28.448999404907227,395184000,11618409449.249268,29.399999618530277
2021-12-23,29.7549991607666,30.05900001525879,29.43099975585937,343022000,10167171870.635986,29.63999938964844
2021-12-27,29.65999984741211,31.08699989318848,29.63999938964844,403686000,12492063146.80481,30.94499969482422
2021-12-28,31.312000274658203,31.32999992370605,30.011999130249023,420591000,12753160513.784409,30.32200050354004
2021-12-29,30.27300071716309,30.54800033569336,29.36599922180176,343139000,10294512950.508118,30.000999450683597
2021-12-30,29.82699966430664,30.457000732421875,29.540000915527344,308864000,9138050440.673828,29.586000442504883
2021-12-31,29.673999786376957,30.030000686645508,29.33099937438965,266530000,7838913642.921448,29.410999298095703
2022-01-03,29.815000534057617,30.711000442504883,29.78499984741211,391547000,11793787300.516129,30.121000289916992
2022-01-04,30.277000427246094,30.468000411987305,28.349000930786133,527154000,15440341142.6239,29.290000915527344
2022-01-05,28.948999404907227,29.416000366210938,27.53300094604492,498064000,13748558701.59912,27.60400009155273
2022-01-06,27.63999938964844,28.4379997253418,27.065000534057617,454186000,12798052879.299164,28.17799949645996
2022-01-07,28.141000747680664,28.42200088500977,27.05699920654297,409939000,11169607826.662064,27.246999740600582
2022-01-10,26.58099937438965,27.4689998626709,25.643999099731445,594681000,16294259173.147202,27.399999618530277
2022-01-11,27.322999954223636,28.065000534057617,26.839000701904297,404089000,11240543484.861374,27.816999435424805
2022-01-12,28.066999435424805,28.59499931335449,27.607999801635746,383413000,10735180797.615051,27.999000549316406
2022-01-13,28.378999710083008,28.479999542236328,26.49799919128418,540171000,14355044737.117767,26.575000762939453
2022-01-14,26.299999237060547,27.19700050354004,26.209999084472656,395832000,10664505520.523071,26.941999435424805
2022-01-18,26.26000022888184,26.63800048828125,25.770000457763672,424270000,10989865758.209229,25.902999877929688
2022-01-19,26.07900047302246,26.542999267578125,25.052000045776367,488315000,12240591829.309464,25.066999435424805
2022-01-20,25.304000854492188,25.57900047302246,24.077999114990234,435181000,10509620983.991625,24.149999618530277
2022-01-21,23.506999969482425,24.822999954223636,23.26300048828125,718958000,16804924686.935425,23.374000549316406
2022-01-24,22.32999992370605,23.3799991607666,20.88800048828125,913982000,21361587066.913605,23.371999740600582
2022-01-25,22.54599952697754,22.94300079345703,22.0,664616000,14836887188.49182,22.323999404907227
2022-01-26,23.239999771118164,24.05699920654297,22.299999237060547,755959000,17214697863.529205,22.77199935913086
2022-01-27,23.56800079345703,23.9950008392334,21.674999237060547,573353000,12581658371.97876,21.944000244140625
2022-01-28,22.011999130249023,22.857999801635746,21.29599952697754,543774000,12419798242.973328,22.84000015258789
2022-01-31,23.18199920654297,24.50900077819824,23.052000045776367,564680000,13826754514.465332,24.48600006103516
2022-02-01,25.10400009155273,25.145000457763672,23.88999938964844,518925000,12785274403.381348,24.63800048828125
2022-02-02,25.79400062561035,25.816999435424805,24.55299949645996,543419000,13716982713.092804,25.242000579833984
2022-02-03,24.45800018310547,25.07699966430664,23.780000686645508,410178000,9822942725.22354,23.947999954223636
2022-02-04,23.972000122070312,24.63500022888184,23.631999969482425,354829000,8629086537.628174,24.319000244140625
2022-02-07,24.371999740600582,25.18199920654297,24.20199966430664,376868000,9319192145.523071,24.72800064086914
2022-02-08,24.358999252319336,25.229999542236328,23.979999542236328,410359000,10303293690.599442,25.107999801635746
2022-02-09,25.621999740600582,26.725000381469727,25.35300064086914,524282000,14000950770.000458,26.70499992370605
2022-02-10,25.9950008392334,26.924999237060547,25.600000381469727,513200000,13252876494.598389,25.823999404907227
2022-02-11,25.916000366210938,26.152000427246094,23.77300071716309,605472000,14500448567.687988,23.948999404907227
2022-02-14,23.93400001525879,24.875,23.7549991607666,440424000,10687769295.36438,24.267000198364254
2022-02-15,24.948999404907227,26.545000076293945,24.78400039672852,699869000,18543029742.35344,26.4950008392334
2022-02-16,26.25900077819824,26.582000732421875,25.552000045776367,732676000,19423973201.22528,26.51099967956543
2022-02-17,25.6299991607666,25.78499984741211,24.165000915527344,810595000,19865251640.262604,24.506999969482425
2022-02-18,24.667999267578125,24.98600006103516,23.100000381469727,761255000,17997590861.005783,23.642000198364254
2022-02-22,23.03499984741211,24.06399917602539,23.0,633422000,14815740193.389893,23.38999938964844
2022-02-23,23.802000045776367,24.155000686645508,22.301000595092773,566511000,12682481264.276505,22.386999130249023
2022-02-24,21.01499938964844,23.799999237060547,20.88999938964844,735801000,17473801552.94609,23.74799919128418
2022-02-25,23.72100067138672,24.21699905395508,23.381000518798828,528866000,12775815744.113922,24.15699958801269
2022-02-28,23.992000579833984,24.665000915527344,23.707000732421875,477319000,11639423924.24965,24.38500022888184
2022-03-01,24.291000366210938,24.37700080871582,23.131999969482425,412056000,9673838416.488647,23.476999282836918
2022-03-02,23.756000518798828,24.40900039672852,23.415000915527344,389642000,9437128972.454073,24.21999931335449
2022-03-03,24.261999130249023,24.326000213623047,23.4689998626709,365095000,8657863086.26175,23.714000701904297
2022-03-04,23.38400077819824,23.68000030517578,22.48200035095215,431415000,9894934795.475006,22.93600082397461
2022-03-07,22.816999435424805,23.03300094604492,21.32999992370605,450821000,9625929668.68782,21.351999282836918
2022-03-08,21.30900001525879,22.37299919128418,20.649999618530277,557467000,11993345003.974916,21.513999938964844
2022-03-09,22.386999130249023,23.21999931335449,22.246999740600582,492742000,11339964357.925417,23.013999938964844
2022-03-10,22.5310001373291,22.788000106811523,21.881999969482425,428066000,9699119832.969666,22.65800094604492
2022-03-11,23.02199935913086,23.145000457763672,22.04599952697754,367209000,8115319040.079117,22.100000381469727
2022-03-14,21.86899948120117,22.261999130249023,21.15900039672852,385354000,8219600790.599823,21.32999992370605
2022-03-15,21.51799964904785,23.038000106811523,21.32200050354004,491996000,11302623897.79663,22.972999572753903
2022-03-16,23.5,24.597000122070312,23.17200088500977,671422000,16447153506.656649,24.496000289916992
2022-03-17,24.1200008392334,24.84199905395508,23.9060001373291,471941000,11688091158.86116,24.766000747680664
2022-03-18,24.798999786376957,26.569000244140625,24.624000549316406,730719000,19329709060.30655,26.452999114990234
2022-03-21,26.506999969482425,27.152000427246094,25.96699905395508,591727000,15819229175.577164,26.733999252319336
2022-03-22,26.726999282836918,27.238000869750977,26.07200050354004,547007000,14508813759.813309,26.52400016784668
2022-03-23,26.125999450683597,26.61199951171875,25.575000762939453,502120000,12871344470.7489,25.63400077819824
2022-03-24,26.166000366210938,28.31999969482422,25.90699958801269,877379000,24698218515.306477,28.149999618530277
2022-03-25,27.88599967956543,28.357999801635746,27.270999908447266,579016000,16034110745.101929,27.691999435424805
2022-03-28,27.756000518798828,28.25,27.20599937438965,425494000,12007015127.567291,28.2189998626709
2022-03-29,28.69499969482422,28.94599914550781,27.979999542236328,488984000,14012325571.151731,28.6560001373291
2022-03-30,28.304000854492188,28.496000289916992,27.50300025939941,463487000,12833955277.528765,27.690000534057617
2022-03-31,27.78199958801269,28.24799919128418,27.270000457763672,523440000,14282583472.595217,27.285999298095703
2022-04-01,27.375,27.496000289916992,26.267000198364254,517235000,13816381264.753342,26.71199989318848
2022-04-04,26.72800064086914,27.558000564575195,26.613000869750977,397120000,10865203442.382812,27.36000061035156
2022-04-05,27.253999710083008,27.319000244140625,25.81999969482422,436615000,11321863458.40454,25.93099975585937
2022-04-06,24.93400001525879,25.299999237060547,24.00300025939941,703833000,17178451741.02974,24.40699958801269
2022-04-07,24.44099998474121,24.722000122070312,23.47800064086914,557992000,13507870438.171389,24.20800018310547
2022-04-08,23.91699981689453,23.92300033569336,23.062000274658203,524781000,12132411666.744232,23.11899948120117
2022-04-11,22.214000701904297,22.31999969482422,21.65999984741211,575207000,12606811713.676453,21.91699981689453
2022-04-12,22.53700065612793,22.725000381469727,21.28199958801269,662258000,14241195840.000153,21.503999710083008
2022-04-13,21.72800064086914,22.5,21.45499992370605,516943000,11477684971.500397,22.202999114990234
2022-04-14,22.5049991607666,22.777000427246094,21.163000106811523,569097000,12097863696.01822,21.257999420166016
2022-04-18,21.200000762939453,22.08799934387207,21.07900047302246,525701000,11451345380.33676,21.78300094604492
2022-04-19,21.71999931335449,22.37299919128418,21.31399917602539,512781000,11382712614.526749,22.197999954223636
2022-04-20,22.517000198364254,22.670000076293945,21.200000762939453,468974000,10074499632.587433,21.48200035095215
2022-04-21,21.708999633789062,22.392000198364254,20.0,656209000,13244266617.479324,20.183000564575195
2022-04-22,20.30299949645996,20.48600006103516,19.5,624713000,12191273813.705444,19.51499938964844
2022-04-25,19.20199966430664,19.94499969482422,19.09600067138672,641566000,12768446806.106567,19.902000427246094
2022-04-26,19.718000411987305,19.788000106811523,18.670000076293945,653143000,12271250753.7632,18.788000106811523
2022-04-27,18.597999572753903,19.16699981689453,18.290000915527344,499460000,9197556357.269287,18.415000915527344
2022-04-28,18.96699905395508,20.03700065612793,18.489999771118164,570327000,11282208479.032516,19.78199958801269
2022-04-29,19.402000427246094,20.12800025939941,18.517000198364254,500435000,9281568387.889862,18.54700088500977
2022-05-02,18.541000366210938,19.573999404907227,18.391000747680664,572049000,11173833658.184052,19.53300094604492
2022-05-03,19.399999618530277,19.825000762939453,19.132999420166016,475751000,9325670760.808945,19.601999282836918
2022-05-04,19.92300033569336,20.399999618530277,18.750999450683597,648855000,13193817332.382202,20.333999633789062
2022-05-05,19.867000579833984,19.924999237060547,18.5,626331000,11802581277.986526,18.8439998626709
2022-05-06,18.73600006103516,19.511999130249023,17.989999771118164,633297000,11826820991.832731,18.674999237060547
2022-05-09,18.03400039672852,18.2549991607666,16.82699966430664,644455000,10923512741.680143,16.950000762939453
2022-05-10,17.68899917602539,18.197999954223636,17.024999618530273,761474000,13398134507.1373,17.594999313354492
2022-05-11,17.347000122070312,17.753000259399414,16.56800079345703,670167000,11144876647.573471,16.6299991607666
2022-05-12,16.2189998626709,16.788000106811523,15.56700038909912,708728000,11463674859.283447,16.174999237060547
2022-05-13,16.788000106811523,17.92799949645996,16.593000411987305,670437000,11870757102.567673,17.70599937438965
2022-05-16,17.509000778198242,17.788000106811523,17.106000900268555,521446000,9002243712.173462,17.263999938964844
2022-05-17,18.073999404907227,18.371000289916992,17.634000778198242,585830000,10648631936.81717,18.177000045776367
2022-05-18,17.704999923706055,18.118000030517575,16.86400032043457,545161000,9233936868.26706,16.937999725341797
2022-05-19,16.937000274658203,17.687000274658203,16.733999252319336,621310000,10639312781.295776,17.124000549316406
2022-05-20,17.332000732421875,17.40999984741211,15.755000114440918,739105000,12338619050.445557,16.694000244140625
2022-05-23,16.27400016784668,16.915000915527344,16.179000854492188,639889000,10812844780.90477,16.898000717163086
2022-05-24,16.510000228881836,16.597000122070312,15.779999732971191,588550000,9507436304.855349,16.15399932861328
2022-05-25,16.020000457763672,17.111000061035156,16.0,781132000,13259715997.97821,16.975000381469727
2022-05-26,16.035999298095703,18.09199905395508,16.02199935913086,996575000,17789860157.728195,17.85099983215332
2022-05-27,18.18600082397461,18.881000518798828,18.100000381469727,738379000,13889647977.405548,18.81100082397461
2022-05-31,18.979999542236328,19.200000762939453,18.350000381469727,664100000,12400075787.734983,18.67200088500977
2022-06-01,18.724000930786133,19.05299949645996,18.121999740600582,544514000,9975496313.827517,18.31999969482422
2022-06-02,18.29199981689453,19.61899948120117,18.197999954223636,648656000,12708467738.342283,19.59199905395508
2022-06-03,19.082000732421875,19.332000732421875,18.52199935913086,598779000,11209142468.85109,18.71999931335449
2022-06-06,19.138999938964844,19.33699989318848,18.56399917602539,422406000,7935318819.511414,18.785999298095703
2022-06-07,18.472000122070312,19.0,18.1879997253418,388914000,7360586595.439911,18.926000595092773
2022-06-08,18.798999786376957,19.18000030517578,18.53499984741211,363252000,6773923556.510925,18.64800071716309
2022-06-09,18.481000900268555,18.933000564575195,18.041000366210938,395574000,7139319684.791565,18.04800033569336
2022-06-10,17.600000381469727,17.69700050354004,16.868999481201172,465248000,7897119985.046387,16.974000930786133
2022-06-13,16.0,16.312000274658203,15.605999946594238,604153000,9453182179.982183,15.647000312805176
2022-06-14,15.730999946594238,16.06599998474121,15.411999702453612,469680000,7437852687.835693,15.836000442504885
2022-06-15,16.094999313354492,16.868000030517578,15.925999641418455,563936000,9320170512.939451,16.527000427246094
2022-06-16,15.859999656677246,15.94200038909912,15.401000022888184,545749000,8514230057.397842,15.60099983215332
2022-06-17,15.64799976348877,15.994999885559082,15.32800006866455,630334000,10009703992.136002,15.880000114440918
2022-06-21,16.475000381469727,17.007999420166016,16.406999588012695,483089000,8002852366.628647,16.56599998474121
2022-06-22,16.22599983215332,16.66200065612793,16.18000030517578,437135000,7151528866.80603,16.360000610351562
2022-06-23,16.518999099731445,16.584999084472656,15.852999687194824,463680000,7523208176.879883,16.225000381469727
2022-06-24,16.5,17.139999389648438,16.309999465942383,472153000,8086092018.638611,17.125999450683594
2022-06-27,17.312000274658203,17.329999923706055,16.625999450683594,427968000,7219391969.970703,16.868999481201172
2022-06-28,16.899999618530273,17.20199966430664,15.94499969482422,461149000,7370083479.841232,15.982000350952148
2022-06-29,15.814000129699709,15.81999969482422,15.170000076293944,482352000,7496714695.678711,15.541999816894531
2022-06-30,15.361000061035156,15.56700038909912,14.862000465393066,686070000,10400135402.183533,15.159000396728516
2022-07-01,14.89900016784668,15.062999725341797,14.392000198364258,577610000,8388629893.388748,14.52299976348877
2022-07-05,14.175000190734863,14.970999717712402,14.05500030517578,651397000,9747504543.997765,14.96399974822998
2022-07-06,15.010000228881836,15.319000244140623,14.788999557495115,529066000,8004768640.546799,15.130000114440918
2022-07-07,15.456000328063965,15.94499969482422,15.388999938964844,492903000,7816455676.225662,15.857999801635742
2022-07-08,15.43000030517578,16.03700065612793,15.388999938964844,467972000,7411740675.243378,15.838000297546388
2022-07-11,15.526000022888184,15.527000427246094,15.038000106811523,437321000,6626287978.843689,15.152000427246094
2022-07-12,15.267999649047852,15.430999755859377,14.876999855041504,458483000,6914840504.559517,15.08199977874756
2022-07-13,14.59000015258789,15.375,14.46500015258789,521918000,7914364321.048737,15.163999557495115
2022-07-14,15.107999801635742,15.472999572753906,14.727999687194824,456235000,7013244301.652908,15.371999740600586
2022-07-15,15.659000396728516,15.781999588012695,15.44499969482422,385935000,6083107502.388954,15.76200008392334
2022-07-18,16.302000045776367,16.89699935913086,16.00200080871582,670517000,10795994104.455948,16.10099983215332
2022-07-19,16.486000061035156,17.110000610351562,16.172000885009766,702366000,11934603479.255676,16.992000579833984
2022-07-20,16.94700050354004,17.933000564575195,16.801000595092773,760538000,13542899562.545776,17.80699920654297
2022-07-21,17.885000228881836,18.143999099731445,17.545000076293945,557049000,10054734025.00534,18.049999237060547
2022-07-22,17.89299964904785,17.966999053955078,17.136999130249023,536671000,9294605180.023191,17.319000244140625
2022-07-25,17.018999099731445,17.124000549316406,16.64900016784668,480748000,8184254032.691956,17.02400016784668
2022-07-26,16.888999938964844,16.91900062561035,16.47800064086914,397865000,6577902421.398163,16.533000946044922
2022-07-27,17.031999588012695,17.93600082397461,16.913000106811523,569776000,10136315561.645508,17.790000915527344
2022-07-28,17.975000381469727,18.13999938964844,17.440000534057617,474646000,8536033309.116364,17.983999252319336
2022-07-29,17.812999725341797,18.24399948120117,17.691999435424805,435460000,7909260026.512146,18.163000106811523
2022-08-01,18.18199920654297,18.84600067138672,17.989999771118164,476469000,8786564821.72966,18.44099998474121
2022-08-02,18.121999740600582,18.9379997253418,18.09199905395508,489527000,9068976746.355057,18.525999069213867
2022-08-03,18.18400001525879,18.968000411987305,18.136999130249023,418146000,7900032231.250763,18.89299964904785
2022-08-04,18.849000930786133,19.27400016784668,18.76000022888184,409652000,7871463242.507935,19.21500015258789
2022-08-05,18.809999465942383,19.22900009155273,18.666000366210938,386068000,7331045375.709534,18.98900032043457
2022-08-08,17.50200080871582,18.23900032043457,17.242000579833984,981859000,17470216467.86499,17.792999267578125
2022-08-09,17.25200080871582,17.44700050354004,16.724000930786133,668263000,11417941913.70964,17.086000442504883
2022-08-10,17.697999954223633,18.118000030517575,17.316999435424805,597422000,10811546006.92749,18.097000122070312
2022-08-11,18.131000518798828,18.707000732421875,17.875999450683594,509327000,9138344746.44661,17.941999435424805
2022-08-12,18.15999984741211,18.718000411987305,17.952999114990234,478094000,8944660470.916748,18.708999633789062
2022-08-15,18.701000213623047,19.16399955749512,18.613000869750977,457666000,8710299123.447418,19.03199958801269
2022-08-16,18.920000076293945,19.142000198364254,18.500999450683597,451240000,8518959829.177856,18.878999710083008
2022-08-17,18.52300071716309,18.6879997253418,18.145000457763672,446799000,8192059255.943298,18.334999084472656
2022-08-18,18.301000595092773,18.864999771118164,18.183000564575195,415447000,7799186828.943253,18.77300071716309
2022-08-19,18.4060001373291,18.520000457763672,17.770000457763672,441588000,7881904623.023987,17.849000930786133
2022-08-22,17.489999771118164,17.558000564575195,16.965999603271484,409593000,6977007324.497223,17.034000396728516
2022-08-23,16.98900032043457,17.46500015258789,16.969999313354492,369986000,6356729375.671387,17.180999755859375
2022-08-24,17.011999130249023,17.4060001373291,16.895000457763672,522661000,9001267805.801392,17.222000122070312
2022-08-25,16.8439998626709,17.94700050354004,16.83300018310547,770691000,13805387965.31868,17.913000106811523
2022-08-26,17.85700035095215,17.923999786376953,16.23699951171875,769127000,12506005196.0392,16.260000228881836
2022-08-29,16.020000457763672,16.33799934387207,15.767000198364258,496132000,7839381554.096222,15.800999641418455
2022-08-30,15.960000038146973,16.038999557495117,15.182000160217283,530181000,8200839926.427841,15.468000411987305
2022-08-31,15.383999824523926,15.539999961853027,14.958999633789062,573710000,8659578661.212921,15.093999862670898
2022-09-01,14.208999633789062,14.380000114440918,13.270000457763672,1178865000,16429841828.784945,13.937000274658203
2022-09-02,14.100000381469728,14.17099952697754,13.590999603271484,743157000,10141863811.463356,13.647000312805176
2022-09-06,13.730999946594238,13.779000282287598,13.35099983215332,535751000,7213887296.749115,13.46500015258789
2022-09-07,13.562999725341797,13.838000297546388,13.345999717712402,512657000,7030577968.928337,13.71399974822998
2022-09-08,13.458999633789062,14.008000373840332,13.369000434875488,624873000,8741973126.97792,13.989999771118164
2022-09-09,14.156999588012695,14.473999977111816,14.12600040435791,486612000,7000886884.838104,14.38700008392334
2022-09-12,14.369000434875488,14.54699993133545,14.197999954223633,484159000,7022726350.4076,14.505000114440918
2022-09-13,13.802000045776367,13.92199993133545,13.098999977111816,714956000,9388086925.08316,13.130999565124512
2022-09-14,13.253999710083008,13.289999961853027,12.913000106811523,588507000,7725920048.658371,13.128000259399414
2022-09-15,13.015000343322754,13.232999801635742,12.789999961853027,523625000,6769947573.065758,12.928999900817873
2022-09-16,12.741999626159668,13.211999893188477,12.616999626159668,670751000,8852571667.295456,13.197999954223633
2022-09-19,13.01200008392334,13.463000297546388,13.010000228881836,569685000,7623524652.6145935,13.381999969482422
2022-09-20,13.21500015258789,13.482999801635742,13.057000160217283,524818000,6915001779.809952,13.175999641418455
2022-09-21,13.213000297546388,14.031000137329102,13.109999656677246,807679000,10710630960.191729,13.26099967956543
2022-09-22,13.06999969482422,13.14900016784668,12.428000450134276,759162000,9535833783.536913,12.560999870300291
2022-09-23,12.420000076293944,12.611000061035156,12.256999969482422,663309000,8301975307.362556,12.515999794006348
2022-09-26,12.491000175476074,12.659000396728516,12.21399974822998,547343000,6692910032.788277,12.227999687194824
2022-09-27,12.506999969482422,12.736000061035156,12.258000373840332,553854000,6874989761.1579895,12.413000106811523
2022-09-28,12.40999984741211,12.822999954223633,12.354000091552734,542414000,6908184737.106323,12.736000061035156
2022-09-29,12.447999954223633,12.5,11.946000099182127,532763000,6510364002.263069,12.220000267028809
2022-09-30,12.086999893188477,12.633000373840332,12.074999809265137,565638000,6866279647.476196,12.138999938964844
2022-10-03,12.347000122070312,12.678000450134276,12.104999542236328,547478000,6850044781.946182,12.51200008392334
2022-10-04,12.878999710083008,13.220000267028809,12.878999710083008,584182000,7691924287.033081,13.166999816894531
2022-10-05,12.91100025177002,13.321000099182127,12.621000289916992,507131000,6698693193.283081,13.208999633789062
2022-10-06,13.220000267028809,13.656000137329102,13.102999687194824,644157000,8457781483.717918,13.130000114440918
2022-10-07,12.505000114440918,12.670000076293944,12.022000312805176,672478000,8120844471.656799,12.076000213623049
2022-10-10,12.036999702453612,12.12399959564209,11.407999992370604,698699000,8153817383.306503,11.670000076293944
2022-10-11,11.560999870300291,11.845999717712402,11.282999992370604,667482000,7733446747.364044,11.586000442504885
2022-10-12,11.57900047302246,11.734999656677246,11.345000267028809,492590000,5664785000.0,11.5
2022-10-13,10.970999717712402,12.07800006866455,10.812999725341797,850103000,10167231912.428856,11.960000038146973
2022-10-14,12.057000160217283,12.111000061035156,11.20400047302246,713432000,8009701232.73468,11.22700023651123
2022-10-17,11.517999649047852,11.947999954223633,11.517000198364258,580774000,6904241041.711807,11.887999534606934
2022-10-18,12.343999862670898,12.491999626159668,11.618000030517578,659362000,7890585059.030533,11.967000007629396
2022-10-19,11.878999710083008,12.350000381469728,11.833999633789062,523131000,6304251493.414879,12.050999641418455
2022-10-20,12.11299991607666,12.769000053405762,12.104999542236328,652398000,7955341371.276855,12.194000244140623
2022-10-21,12.097999572753906,12.498000144958496,11.88700008392334,609494000,7597951962.19635,12.465999603271484
2022-10-24,12.508000373840332,12.710000038146973,12.064000129699709,517457000,6519440731.156349,12.598999977111816
2022-10-25,12.694000244140623,13.300000190734863,12.663999557495115,505482000,6703196640.026093,13.26099967956543
2022-10-26,12.869000434875488,13.387999534606934,12.708000183105469,532953000,6872961839.206696,12.895999908447266
2022-10-27,13.630000114440918,13.838000297546388,13.121999740600586,583113000,7683096678.906441,13.175999641418455
2022-10-28,13.104000091552734,13.850000381469728,13.060999870300291,521040000,7208067169.189453,13.833999633789062
2022-10-31,13.777999877929688,13.838000297546388,13.29699993133545,486341000,6564144350.84343,13.496999740600586
2022-11-01,13.810999870300291,13.925000190734863,13.519000053405762,432817000,5861640726.761818,13.54300022125244
2022-11-02,13.850000381469728,14.210000038146973,13.211000442504885,672628000,8891469439.628601,13.218999862670898
2022-11-03,13.04300022125244,13.781000137329102,12.956000328063965,500065000,6711372128.458023,13.42099952697754
2022-11-04,13.986000061035156,14.229000091552734,13.696999549865724,612576000,8671625940.124512,14.156000137329102
2022-11-07,14.227999687194824,14.411999702453612,13.95400047302246,410061000,5864282213.959694,14.300999641418455
2022-11-08,14.800999641418455,14.890999794006348,14.215999603271484,595292000,8692453924.793243,14.60200023651123
2022-11-09,14.161999702453612,14.211000442504885,13.758999824523926,454414000,6260007274.400711,13.776000022888184
2022-11-10,14.800000190734863,15.77299976348877,14.54699993133545,700819000,11037899250.0,15.75
2022-11-11,15.807000160217283,16.388999938964844,15.482000350952148,655487000,10702136028.957369,16.32699966430664
2022-11-14,16.218000411987305,16.540000915527344,15.92199993133545,527852000,8601348380.271912,16.295000076293945
2022-11-15,16.722000122070312,16.99799919128418,16.381999969482422,545876000,9097569615.905762,16.666000366210938
2022-11-16,16.16200065612793,16.36199951171875,15.873000144958496,649547000,10334292670.886992,15.90999984741211
2022-11-17,15.71500015258789,16.266000747680664,15.53499984741211,710894000,11144685270.542145,15.677000045776367
2022-11-18,15.965999603271484,16.00200080871582,15.119999885559082,492072000,7582337643.218994,15.409000396728516
2022-11-21,15.147000312805176,15.47700023651123,15.079999923706056,404739000,6199387420.483589,15.31700038909912
2022-11-22,15.32800006866455,16.058000564575195,15.121999740600586,472866000,7583824958.507538,16.038000106811523
2022-11-23,16.097999572753906,16.527000427246094,16.04800033569336,427241000,7057593694.368362,16.518999099731445
2022-11-25,16.31800079345703,16.48699951171875,16.172000885009766,167934000,2732286256.8740845,16.270000457763672
2022-11-28,16.025999069213867,16.35700035095215,15.725000381469728,303741000,4807308705.036163,15.82699966430664
2022-11-29,15.82699966430664,15.932000160217283,15.520000457763672,298384000,4666427357.788086,15.638999938964844
2022-11-30,15.696999549865724,16.93000030517578,15.597000122070312,565298000,9566538243.766785,16.92300033569336
2022-12-01,16.999000549316406,17.264999389648438,16.635000228881836,470977000,8070191002.79808,17.135000228881836
2022-12-02,16.659000396728516,16.933000564575195,16.44499969482422,371389000,6267560559.989929,16.875999450683594
2022-12-05,16.679000854492188,16.9950008392334,16.472000122070312,352255000,5850955764.99939,16.610000610351562
2022-12-06,16.530000686645508,16.572999954223633,15.819000244140623,352694000,5638519142.141342,15.987000465393066
2022-12-07,15.772000312805176,16.18600082397461,15.666999816894531,372388000,6002894872.520447,16.1200008392334
2022-12-08,16.273000717163086,17.179000854492188,15.958999633789062,515456000,8849864386.47461,17.16900062561035
2022-12-09,17.15999984741211,17.58300018310547,16.975000381469727,465338000,7911211082.382202,17.000999450683594
2022-12-12,17.03700065612793,17.538000106811523,16.797000885009766,457328000,8019246410.217285,17.53499984741211
2022-12-13,18.5310001373291,18.790000915527344,17.711000442504883,656589000,11865876738.61885,18.07200050354004
2022-12-14,17.98699951171875,18.25200080871582,17.420000076293945,496888000,8781998405.853271,17.673999786376953
2022-12-15,17.145999908447266,17.31999969482422,16.700000762939453,478542000,8112243823.356628,16.95199966430664
2022-12-16,16.86400032043457,17.041000366210938,16.40999984741211,478232000,7924782063.354492,16.570999145507812
2022-12-19,16.57200050354004,16.608999252319336,16.145000457763672,354039000,5754549803.358078,16.253999710083008
2022-12-20,16.06399917602539,16.309999465942383,15.85200023651123,403260000,6486436730.804443,16.084999084472656
2022-12-21,16.11400032043457,16.62700080871582,16.101999282836914,325025000,5363237346.458435,16.500999450683594
2022-12-22,16.0939998626709,16.13800048828125,14.881999969482422,565045000,8667225112.73861,15.33899974822998
2022-12-23,15.196000099182127,15.33899974822998,14.883000373840332,349326000,5311851270.601273,15.206000328063965
2022-12-27,15.074000358581545,15.100000381469728,14.055999755859377,464902000,6564881276.7829895,14.121000289916992
2022-12-28,13.927000045776367,14.26200008392334,13.883999824523926,351066000,4927562464.387894,14.03600025177002
2022-12-29,14.402000427246094,14.68299961090088,14.22700023651123,354923000,5182940457.978249,14.602999687194824
2022-12-30,14.333999633789062,14.628999710083008,14.232999801635742,310490000,4537500959.49173,14.61400032043457
2023-01-03,14.85099983215332,14.996000289916992,14.095999717712402,401277000,5744280086.61747,14.3149995803833
2023-01-04,14.56700038909912,14.852999687194824,14.241000175476074,431324000,6361597501.590729,14.74899959564209
2023-01-05,14.491000175476074,14.564000129699709,14.14799976348877,389168000,5551481653.6102295,14.265000343322754
2023-01-06,14.473999977111816,15.010000228881836,14.034000396728516,405044000,6018548879.436493,14.859000205993652
2023-01-09,15.284000396728516,16.055999755859375,15.140999794006348,504231000,7880122198.797226,15.628000259399414
2023-01-10,15.506999969482422,15.961999893188477,15.472000122070312,384101000,6110662961.38382,15.909000396728516
2023-01-11,15.84000015258789,16.027999877929688,15.562999725341797,353285000,5652913090.934753,16.000999450683594
2023-01-12,16.100000381469727,16.636999130249023,15.491999626159668,551409000,9104313822.309494,16.51099967956543
2023-01-13,16.277999877929688,16.922000885009766,16.165000915527344,447287000,7558703088.075638,16.89900016784668
2023-01-17,16.89900016784668,17.72800064086914,16.89900016784668,511102000,9047527432.426453,17.70199966430664
2023-01-18,17.66699981689453,17.87299919128418,17.281999588012695,439624000,7639346603.530884,17.37700080871582
2023-01-19,17.035999298095703,17.19700050354004,16.731000900268555,452932000,7593404703.552246,16.764999389648438
2023-01-20,17.01099967956543,17.856000900268555,16.825000762939453,564967000,10078446709.552765,17.839000701904297
2023-01-23,18.06399917602539,19.2450008392334,17.81800079345703,655163000,12574543978.843687,19.19300079345703
2023-01-24,18.82699966430664,19.4950008392334,18.81999969482422,496204000,9559369757.141111,19.26499938964844
2023-01-25,18.913000106811523,19.3700008392334,18.57999992370605,449537000,8686403430.42183,19.322999954223636
2023-01-26,19.701000213623047,20.166000366210938,19.277999877929688,489535000,9693772092.409134,19.802000045776367
2023-01-27,19.46199989318848,20.62800025939941,19.405000686645508,542142000,11040721705.913544,20.364999771118164
2023-01-30,19.950000762939453,20.13999938964844,19.149999618530277,488611000,9362764302.591324,19.16200065612793
2023-01-31,19.170000076293945,19.687000274658203,18.950000762939453,498017000,9729758455.762863,19.53700065612793
2023-02-01,19.69099998474121,21.191999435424805,19.61100006103516,660477000,13832370335.06012,20.94300079345703
2023-02-02,21.0,21.948999404907227,20.700000762939453,564276000,12249867477.355955,21.708999633789062
2023-02-03,21.0,21.7450008392334,20.78899955749512,429366000,9059622763.79013,21.100000381469727
2023-02-06,20.80599975585937,21.56999969482422,20.785999298095703,452197000,9536382850.399015,21.089000701904297
2023-02-07,21.381999969482425,22.25900077819824,21.149999618530277,664150000,14726198172.950745,22.17300033569336
2023-02-08,22.386999130249023,22.87800025939941,22.007999420166016,559651000,12427050412.302015,22.20499992370605
2023-02-09,22.606000900268555,23.020000457763672,22.1200008392334,523876000,11701818156.044006,22.33699989318848
2023-02-10,21.690000534057617,22.077999114990234,20.81100082397461,550737000,11711421968.856812,21.26499938964844
2023-02-13,21.538000106811523,22.04800033569336,20.96199989318848,474919000,10347535222.726822,21.788000106811523
2023-02-14,21.577999114990234,23.048999786376957,21.36599922180176,675474000,15516313707.504272,22.97100067138672
2023-02-15,22.548999786376957,22.854999542236328,22.106000900268555,420575000,9573969274.33014,22.763999938964844
2023-02-16,22.132999420166016,22.549999237060547,21.927000045776367,412026000,9065396385.211945,22.00200080871582
2023-02-17,21.631000518798828,21.739999771118164,20.975000381469727,465888000,9964412771.484377,21.38800048828125
2023-02-21,21.0,21.49399948120117,20.618000030517575,410015000,8468860106.534958,20.655000686645508
2023-02-22,20.707000732421875,21.10400009155273,20.42099952697754,513184000,10650620587.219238,20.753999710083008
2023-02-23,23.440000534057617,23.88800048828125,23.024999618530277,1117995000,26456233185.281757,23.66399955749512
2023-02-24,23.225000381469727,23.474000930786133,22.94700050354004,589716000,13732126362.075806,23.285999298095703
2023-02-27,23.670000076293945,23.8799991607666,23.45400047302246,452994000,10645811745.162964,23.500999450683597
2023-02-28,23.371999740600582,23.825000762939453,23.20599937438965,455963000,10585636827.106476,23.215999603271484
2023-03-01,23.191999435424805,23.256000518798828,22.507999420166016,460026000,10441670126.94168,22.697999954223636
2023-03-02,22.488000869750977,23.3799991607666,22.43199920654297,389415000,9078820989.131927,23.31399917602539
2023-03-03,23.31999969482422,23.899999618530277,23.1299991607666,412393000,9852068518.295288,23.88999938964844
2023-03-06,23.891000747680664,24.24799919128418,23.48699951171875,437429000,10303203039.779663,23.554000854492188
2023-03-07,23.600000381469727,24.125,23.24099922180176,515154000,11996906407.024384,23.288000106811523
2023-03-08,23.48699951171875,24.200000762939453,23.423999786376957,513573000,12418708587.615969,24.18099975585937
2023-03-09,24.174999237060547,24.45400047302246,23.382999420166016,501257000,11747459465.02304,23.43600082397461
2023-03-10,23.40900039672852,23.62700080871582,22.72599983215332,474866000,10905297762.4588,22.96500015258789
2023-03-13,22.75200080871582,23.29800033569336,22.29700088500977,421890000,9689125572.624208,22.965999603271484
2023-03-14,23.496000289916992,24.2189998626709,23.459999084472656,474910000,11427759199.562073,24.0629997253418
2023-03-15,23.76099967956543,24.285999298095703,23.36000061035156,524486000,12707247144.126892,24.22800064086914
2023-03-16,24.027000427246094,25.58799934387207,23.893999099731445,583253000,14896865086.593628,25.541000366210938
2023-03-17,25.98200035095215,26.39900016784668,25.667999267578125,848547000,21828871898.694992,25.725000381469727
2023-03-20,25.614999771118164,26.02400016784668,25.1299991607666,432747000,11208147134.92012,25.899999618530277
2023-03-21,26.18000030517578,26.392000198364254,25.381000518798828,547408000,14341541866.241455,26.198999404907227
2023-03-22,26.424999237060547,27.589000701904297,26.23699951171875,797295000,21102804388.475414,26.468000411987305
2023-03-23,27.114999771118164,27.499000549316406,26.690000534057617,564889000,15359896790.380478,27.19099998474121
2023-03-24,27.0310001373291,27.16699981689453,26.354999542236328,454920000,12182302374.572754,26.77899932861328
2023-03-27,26.83699989318848,27.0,26.364999771118164,361026000,9578380855.579376,26.5310001373291
2023-03-28,26.44700050354004,26.51300048828125,25.850000381469727,356104000,9404706585.662842,26.40999984741211
2023-03-29,26.825000762939453,27.077999114990234,26.597000122070312,393694000,10623438601.642609,26.983999252319336
2023-03-30,27.22900009155273,27.499000549316406,27.101999282836918,364516000,9981541416.641235,27.382999420166016
2023-03-31,27.13999938964844,27.833999633789062,27.104999542236328,433933000,12053357126.39618,27.777000427246094
2023-04-03,27.50900077819824,28.0,27.336000442504883,398716000,11150093000.839231,27.96500015258789
2023-04-04,27.965999603271484,28.0,27.30699920654297,368592000,10118955849.79248,27.452999114990234
2023-04-05,26.82900047302246,26.99799919128418,26.395000457763672,515015000,13844118482.189178,26.881000518798828
2023-04-06,26.583999633789062,27.07999992370605,26.427000045776367,397654000,10751371458.911896,27.03700065612793
2023-04-10,26.822999954223636,27.621000289916992,26.66900062561035,395279000,10901399727.975843,27.57900047302246
2023-04-11,27.724000930786133,27.790000915527344,27.125999450683597,314378000,8541336078.678131,27.16900062561035
2023-04-12,27.3700008392334,27.468000411987305,26.447999954223636,446259000,11823632579.515455,26.4950008392334
2023-04-13,26.733999252319336,26.886999130249023,26.32900047302246,353615000,9357713512.983322,26.46299934387207
2023-04-14,26.503999710083008,26.882999420166016,26.21999931335449,395660000,10587070050.582886,26.757999420166016
2023-04-17,26.565000534057617,27.006000518798828,26.433000564575195,321471000,8680360201.978683,27.00200080871582
2023-04-18,27.53300094604492,28.11000061035156,27.35700035095215,604812000,16733333493.255615,27.66699981689453
2023-04-19,27.36100006103516,28.0,27.23200035095215,358660000,10017732372.436523,27.93099975585937
2023-04-20,27.67099952697754,28.030000686645508,27.0,427713000,11592733191.158297,27.10400009155273
2023-04-21,26.95199966430664,27.183000564575195,26.722000122070312,345103000,9358848077.960968,27.11899948120117
2023-04-24,27.01300048828125,27.36599922180176,26.67099952697754,339282000,9174863781.87561,27.04199981689453
2023-04-25,27.077999114990234,27.246999740600582,26.225000381469727,378527000,9932926712.430954,26.24099922180176
2023-04-26,27.00200080871582,27.32999992370605,26.70499992370605,406337000,10953219917.791368,26.95599937438965
2023-04-27,27.363000869750977,27.4950008392334,26.625,377161000,10268585322.694778,27.22599983215332
2023-04-28,27.225000381469727,27.757999420166016,27.07099914550781,292216000,8108701944.519043,27.749000549316406
2023-05-01,27.84000015258789,29.058000564575195,27.780000686645508,570329000,16488211302.9747,28.90999984741211
2023-05-02,28.68000030517578,28.836000442504883,28.08300018310547,402730000,11361012931.289673,28.209999084472656
2023-05-03,27.84000015258789,28.367000579833984,27.472000122070312,383387000,10658925391.550064,27.802000045776367
2023-05-04,27.650999069213867,27.858999252319336,27.239999771118164,321850000,8870829788.398743,27.562000274658203
2023-05-05,27.826000213623047,28.7549991607666,27.731000900268555,361494000,10367648030.319214,28.68000030517578
2023-05-08,28.52199935913086,29.21999931335449,28.350000381469727,344979000,10056482507.89833,29.150999069213867
2023-05-09,28.89900016784668,28.972999572753903,28.450000762939453,314869000,8996121929.9469,28.57099914550781
2023-05-10,29.0049991607666,29.113000869750977,28.461000442504883,369350000,10668674834.537506,28.88500022888184
2023-05-11,28.895999908447266,28.950000762939453,28.246000289916992,322149000,9206373836.894987,28.577999114990234
2023-05-12,28.52899932861328,28.780000686645508,28.04599952697754,274222000,7771451521.842957,28.34000015258789
2023-05-15,28.507999420166016,28.9689998626709,28.152000427246094,293926000,8510039217.87262,28.952999114990234
2023-05-16,28.840999603271484,29.8700008392334,28.832000732421875,449405000,13128467970.132828,29.21299934387207
2023-05-17,29.583999633789062,30.198999404907227,29.43000030517578,432535000,13053041012.20131,30.17799949645996
2023-05-18,30.40999984741211,31.827999114990234,30.31999969482422,748725000,23718110172.986984,31.67799949645996
2023-05-19,31.535999298095703,31.57999992370605,30.916000366210938,473908000,14816259683.074951,31.263999938964844
2023-05-22,30.900999069213867,31.520000457763672,30.68000030517578,372000000,11597472221.374512,31.176000595092773
2023-05-23,31.0,31.288000106811523,30.631000518798828,356253000,10932691966.152191,30.6879997253418
2023-05-24,30.209999084472656,30.60700035095215,29.80599975585937,721419000,22030693499.055862,30.538000106811523
2023-05-25,38.52299880981445,39.47999954223633,36.6349983215332,1543911000,58637739073.25363,37.97999954223633
2023-05-26,37.88999938964844,39.16999816894531,37.54999923706055,714397000,27822904951.553345,38.94599914550781
2023-05-30,40.595001220703125,41.9379997253418,39.94900131225586,923401000,37038537567.35992,40.11100006103516
2023-05-31,39.48799896240234,40.29499816894531,37.821998596191406,1002580000,37931611352.84424,37.83399963378906
2023-06-01,38.48899841308594,40.04999923706055,38.34000015258789,635873000,25288669501.07956,39.77000045776367
2023-06-02,40.09700012207031,40.5,39.05799865722656,482731000,18984361874.95041,39.32699966430664
2023-06-05,38.90900039672852,39.56499862670898,38.70700073242188,396094000,15515398642.12799,39.17100143432617
2023-06-06,38.83000183105469,39.15999984741211,38.14799880981445,388729000,15025930505.012512,38.65399932861328
2023-06-07,38.915000915527344,39.499000549316406,37.35599899291992,511998000,19187124268.75305,37.47499847412109
2023-06-08,37.7239990234375,38.86399841308594,37.505001068115234,417772000,16088399018.78357,38.5099983215332
2023-06-09,39.0369987487793,39.71099853515625,38.56700134277344,427717000,16582588285.793304,38.77000045776367
2023-06-12,39.20000076293945,39.52999877929688,38.61800003051758,388701000,15346692277.02713,39.48199844360352
2023-06-13,40.18600082397461,41.10100173950195,39.7400016784668,613208000,25155018183.01392,41.02199935913086
2023-06-14,40.82400131225586,43.0,40.55199813842773,740465000,31837774825.24872,42.99700164794922
2023-06-15,42.60200119018555,43.28900146484375,42.14699935913086,568622000,24253434096.58813,42.65299987792969
2023-06-16,43.45000076293945,43.72100067138672,42.6609992980957,655709000,27993529508.468628,42.69200134277344
2023-06-20,42.99800109863281,43.9900016784668,42.67399978637695,451153000,19764110018.20373,43.80799865722656
2023-06-21,43.5009994506836,43.6150016784668,42.08000183105469,551603000,23743750124.98474,43.04499816894531
2023-06-22,42.25299835205078,43.42599868774414,42.23400115966797,417737000,17973135062.416077,43.025001525878906
2023-06-23,42.4640007019043,42.80899810791016,42.01499938964844,358140000,15116731128.845217,42.20899963378906
2023-06-26,42.46099853515625,42.76399993896485,40.09999847412109,594322000,24148491485.86273,40.63199996948242
2023-06-27,40.79899978637695,41.93999862670898,40.448001861572266,462175000,19354040046.11969,41.8759994506836
2023-06-28,40.65999984741211,41.845001220703125,40.51800155639648,582639000,23956368100.833893,41.117000579833984
2023-06-29,41.55799865722656,41.59999847412109,40.59999847412109,380514000,15533341973.831177,40.821998596191406
2023-06-30,41.68000030517578,42.54999923706055,41.5009994506836,501148000,21199561763.076782,42.30199813842773
2023-07-03,42.516998291015625,42.89799880981445,42.20199966430664,198209000,8406637960.11734,42.41299819946289
2023-07-05,42.1349983215332,43.17699813842773,42.084999084472656,323618000,13694543340.545654,42.31700134277344
2023-07-06,41.84400177001953,42.17900085449219,41.34600067138672,303582000,12781713140.556335,42.10300064086914
2023-07-07,42.321998596191406,43.2140007019043,42.18000030517578,355881000,15126009556.526184,42.50299835205078
2023-07-10,42.65700149536133,42.81100082397461,41.64899826049805,353908000,14927839548.00415,42.18000030517578
2023-07-11,42.48099899291992,42.757999420166016,42.06700134277344,298244000,12647036455.932615,42.40499877929688
2023-07-12,43.03300094604492,43.935001373291016,42.777000427246094,481277000,21129023059.62372,43.902000427246094
2023-07-13,44.51800155639648,46.15499877929688,44.492000579833984,478204000,21986385877.15149,45.97700119018555
2023-07-14,46.58300018310547,48.0880012512207,45.060001373291016,772075000,35105479541.58783,45.46900177001953
2023-07-17,46.28900146484375,46.49599838256836,45.262001037597656,510488000,23717782220.214844,46.46099853515625
2023-07-18,46.70100021362305,47.89599990844727,45.73400115966797,569164000,27031874720.718384,47.49399948120117
2023-07-19,47.4640007019043,47.81800079345703,46.742000579833984,427502000,20125511510.490417,47.07699966430664
2023-07-20,46.50699996948242,47.08700180053711,45.0620002746582,537865000,24483615046.215057,45.52000045776367
2023-07-21,45.78799819946289,45.86600112915039,44.09999847412109,963769000,42703638797.46246,44.30899810791016
2023-07-24,44.73099899291992,45.10900115966797,44.040000915527344,382516000,17064803605.22461,44.61199951171875
2023-07-25,44.94100189208984,46.18299865722656,44.92300033569336,348081000,15899992296.432495,45.67900085449219
2023-07-26,46.02099990844727,46.053001403808594,44.630001068115234,364237000,16555300001.728058,45.45199966430664
2023-07-27,46.51900100708008,47.39500045776367,45.75,455976000,20929299095.76416,45.900001525878906
2023-07-28,46.667999267578125,47.027000427246094,46.38100051879883,331194000,15483319500.0,46.75
2023-07-31,46.75400161743164,47.130001068115234,46.50600051879883,251055000,11731549117.984772,46.729000091552734
2023-08-01,46.459999084472656,46.900001525878906,46.027000427246094,237858000,11062061998.74115,46.50699996948242
2023-08-02,45.83100128173828,45.84000015258789,43.387001037597656,530142000,23468856731.895447,44.26900100708008
2023-08-03,43.79999923706055,45.11800003051758,43.79999923706055,324176000,14430694442.138672,44.51499938964844
2023-08-04,44.98500061035156,45.641998291015625,44.39300155639648,362666000,16203916990.67688,44.68000030517578
2023-08-07,45.11100006103516,45.540000915527344,44.5629997253418,322154000,14631268159.01184,45.41699981689453
2023-08-08,44.85300064086914,45.242000579833984,44.055999755859375,353843000,15804044270.324709,44.66400146484375
2023-08-09,44.27399826049805,44.3120002746582,42.13399887084961,586449000,24955751247.11609,42.55400085449219
2023-08-10,42.15999984741211,43.57400131225586,41.834999084472656,492705000,20884779780.578613,42.38800048828125
2023-08-11,41.7509994506836,42.01800155639648,40.63899993896485,533085000,21779187430.973053,40.85499954223633
2023-08-14,40.48600006103516,43.79999923706055,40.31100082397461,690286000,30202082220.44373,43.75299835205078
2023-08-15,44.560001373291016,45.26800155639648,43.709999084472656,676512000,29725936350.95215,43.93999862670898
2023-08-16,44.52000045776367,44.67499923706055,43.40599822998047,527451000,22936734218.19305,43.48600006103516
2023-08-17,43.970001220703125,44.0620002746582,43.0009994506836,452395000,19608609680.747986,43.34400177001953
2023-08-18,42.6349983215332,43.57799911499024,41.65999984741211,583768000,25276570507.2937,43.29899978637695
2023-08-21,44.49399948120117,47.06499862670898,44.22200012207031,692573000,32528075435.79483,46.96699905395508
2023-08-22,48.1349983215332,48.1870002746582,45.33300018310547,755293000,34492720170.806885,45.667999267578125
2023-08-23,45.86600112915039,47.20000076293945,45.20800018310547,779046000,36705532215.660095,47.11600112915039
2023-08-24,50.21599960327149,50.26599884033203,47.15900039672852,1156044000,54522501090.49988,47.16299819946289
2023-08-25,47.012001037597656,47.80500030517578,45.02399826049805,925341000,42582343578.19748,46.01800155639648
2023-08-28,46.48199844360352,46.97999954223633,44.88800048828125,685192000,32090966692.68799,46.834999084472656
2023-08-29,46.66600036621094,49.08100128173828,46.39099884033203,701397000,34216951526.26419,48.78400039672852
2023-08-30,49.04399871826172,49.92699813842773,48.42499923706055,735206000,36219188339.12659,49.26399993896485
2023-08-31,49.380001068115234,49.74399948120117,48.95800018310547,528570000,26087572108.039856,49.35499954223633
2023-09-01,49.762001037597656,49.79999923706055,48.141998291015625,463830000,22499928946.26617,48.50899887084961
2023-09-05,48.22299957275391,48.85100173950195,47.86000061035156,382653000,18577037972.45407,48.54800033569336
2023-09-06,48.44100189208984,48.54899978637695,46.58000183105469,468670000,22056079256.17218,47.06100082397461
2023-09-07,45.525001525878906,46.34400177001953,45.152000427246094,433330000,20037613019.29474,46.24100112915039
2023-09-08,45.94200134277344,46.60599899291992,45.27099990844727,473069000,21558699803.901672,45.571998596191406
2023-09-11,46.14799880981445,46.16299819946289,44.3120002746582,473966000,21412836613.357544,45.178001403808594
2023-09-12,44.73799896240234,45.67300033569336,44.53099822998047,349256000,15671116346.954346,44.869998931884766
2023-09-13,44.59999847412109,45.93000030517578,44.50299835205078,398355000,18119177418.1366,45.48500061035156
2023-09-14,45.95000076293945,45.98699951171875,45.13100051879883,370097000,16869391831.367493,45.58100128173828
2023-09-15,45.34099960327149,45.5989990234375,43.80799865722656,506831000,22249881673.36273,43.900001525878906
2023-09-18,42.74800109863281,44.242000579833984,42.0,500271000,21994914587.52823,43.96599960327149
2023-09-19,43.83300018310547,43.96599960327149,43.00199890136719,373064000,16235745450.775146,43.52000045776367
2023-09-20,43.59999847412109,43.90299987792969,42.22299957275391,367108000,15506274229.431152,42.23899841308594
2023-09-21,41.58300018310547,42.09999847412109,40.97999954223633,450736000,18487837741.69922,41.016998291015625
2023-09-22,41.571998596191406,42.1150016784668,41.23099899291992,479236000,19941010252.50244,41.61000061035156
2023-09-25,41.59099960327149,42.5359992980957,41.17699813842773,419091000,17694860253.15857,42.22200012207031
2023-09-26,42.0009994506836,42.81999969482422,41.65499877929688,402282000,16860040619.636536,41.9109992980957
2023-09-27,42.33000183105469,42.87200164794922,41.62900161743164,444935000,18895498914.661407,42.46799850463867
2023-09-28,42.459999084472656,43.44599914550781,42.1150016784668,424663000,18298304305.072784,43.0890007019043
2023-09-29,43.82699966430664,44.14400100708008,43.30699920654297,397830000,17305207388.534546,43.499000549316406
2023-10-02,44.02999877929688,45.17499923706055,43.86100006103516,433298000,19403951683.937077,44.78200149536133
2023-10-03,44.80799865722656,45.130001068115234,43.24599838256836,470850000,20489978645.324707,43.516998291015625
2023-10-04,43.742000579833984,44.14300155639648,43.29199981689453,361821000,15934958793.502808,44.04100036621094
2023-10-05,44.04999923706055,44.900001525878906,43.88800048828125,393483000,17583968195.926666,44.6879997253418
2023-10-06,44.19300079345703,45.78900146484375,44.0260009765625,434436000,19880660682.76977,45.762001037597656
2023-10-09,44.84199905395508,45.60499954223633,44.36800003051758,409675000,18547215787.410736,45.27299880981445
2023-10-10,45.310001373291016,46.25899887084961,45.0880012512207,368582000,16880318559.73053,45.79800033569336
2023-10-11,46.19599914550781,46.85900115966797,46.04999923706055,378137000,17699080329.681396,46.805999755859375
2023-10-12,46.777000427246094,47.60900115966797,46.33000183105469,481325000,22595801978.111267,46.94499969482422
2023-10-13,46.959999084472656,47.11600112915039,45.27999877929688,474115000,21553741320.495605,45.46099853515625
2023-10-16,45.0629997253418,46.22499847412109,44.9119987487793,375099000,17290188862.88452,46.095001220703125
2023-10-17,44.0,44.75400161743164,42.47999954223633,812333000,35692287130.88608,43.9379997253418
2023-10-18,42.59099960327149,43.21900177001953,41.82500076293945,627294000,26469297087.982178,42.19599914550781
2023-10-19,42.81100082397461,43.297000885009766,41.88199996948242,501233000,21102411404.895782,42.10100173950195
2023-10-20,41.88999938964844,42.470001220703125,41.07799911499024,477266000,19752608437.210083,41.387001037597656
2023-10-23,41.229000091552734,43.24800109863281,40.94499969482422,478530000,20564826019.821167,42.97499847412109
2023-10-24,43.07699966430664,43.696998596191406,42.69100189208984,401463000,17529078246.15097,43.66299819946289
2023-10-25,43.39799880981445,43.650001525878906,41.55500030517578,398379000,16643875973.53363,41.77899932861328
2023-10-26,41.85300064086914,42.25600051879883,39.880001068115234,541001000,21816406441.57028,40.32600021362305
2023-10-27,41.130001068115234,41.20600128173828,40.01499938964844,416784000,16879752000.0,40.5
2023-10-30,41.08700180053711,41.76599884033203,40.48099899291992,388028000,15971620235.64148,41.1609992980957
2023-10-31,40.45000076293945,40.87900161743164,39.22999954223633,517969000,21122775187.713623,40.77999877929688
2023-11-01,40.88399887084961,42.38100051879883,40.86899948120117,437593000,18521124058.856964,42.32500076293945
2023-11-02,43.32799911499024,43.88399887084961,42.89400100708008,409172000,17801437244.277954,43.50600051879883
2023-11-03,44.02000045776367,45.30899810791016,43.72299957275391,424610000,19109573503.53241,45.005001068115234
2023-11-06,45.28499984741211,45.935001373291016,44.89899826049805,400733000,18333935262.87079,45.7509994506836
2023-11-07,45.71900177001953,46.21799850463867,45.15800094604492,343165000,15770148203.353882,45.95500183105469
2023-11-08,46.09999847412109,46.867000579833984,45.96799850463867,346719000,16148091160.98404,46.57400131225586
2023-11-09,47.46699905395508,48.22999954223633,46.75,540496000,25376287612.365723,46.95000076293945
2023-11-10,47.5,48.47200012207031,47.28300094604492,421245000,20360876689.338684,48.334999084472656
2023-11-13,48.31999969482422,49.11600112915039,48.0989990234375,384136000,18676691909.698486,48.619998931884766
2023-11-14,49.68000030517578,49.83399963378906,49.040000915527344,416954000,20704267085.98328,49.65599822998047
2023-11-15,49.935001373291016,49.959999084472656,48.20000076293945,475497000,23246097568.17627,48.88800048828125
2023-11-16,48.67900085449219,49.525001525878906,48.33000183105469,339756000,16811126724.472046,49.47999954223633
2023-11-17,49.52399826049805,49.71699905395508,49.00699996948242,325205000,16031956199.16916,49.29800033569336
2023-11-20,49.3120002746582,50.54800033569336,49.180999755859375,414120000,20875375244.293213,50.40900039672852
2023-11-21,50.1259994506836,50.516998291015625,49.22200012207031,565747000,28255668306.121822,49.94400024414063
2023-11-22,49.85200119018555,50.334999084472656,47.68999862670898,899420000,43816144363.17444,48.71599960327149
2023-11-24,48.470001220703125,48.92100143432617,47.744998931884766,294645000,14076959807.739258,47.7760009765625
2023-11-27,47.79999923706055,48.52999877929688,47.652000427246094,395662000,19087526433.418278,48.242000579833984
2023-11-28,48.23600006103516,48.323001861572266,47.47299957275391,401491000,19199700767.92908,47.82099914550781
2023-11-29,48.37900161743164,48.762001037597656,47.86000061035156,382005000,18389720466.84265,48.13999938964844
2023-11-30,48.02399826049805,48.11000061035156,46.422000885009766,526247000,24612572430.89676,46.77000045776367
2023-12-01,46.525001525878906,47.20000076293945,46.1870002746582,369317000,17271109279.586792,46.76499938964844
2023-12-04,46.07699966430664,46.07699966430664,45.0099983215332,437543000,19912581195.5986,45.5099983215332
2023-12-05,45.46599960327149,46.59999847412109,45.27099990844727,371718000,17309421091.323853,46.56600189208984
2023-12-06,47.21500015258789,47.387001037597656,45.4119987487793,380590000,17317986142.807007,45.50299835205078
2023-12-07,45.70000076293945,46.62900161743164,45.604000091552734,350823000,16346948743.537905,46.59600067138672
2023-12-08,46.595001220703125,47.74100112915039,46.54999923706055,359224000,17065295530.36499,47.50600051879883
2023-12-11,47.49100112915039,47.53099822998047,45.83000183105469,509728000,23767086895.996094,46.62699890136719
2023-12-12,46.04600143432617,47.66600036621094,46.04600143432617,372387000,17746847815.85312,47.65700149536133
2023-12-13,47.62900161743164,48.59400177001953,47.608001708984375,447792000,21533422256.28662,48.0880012512207
2023-12-14,48.38999938964844,48.66999816894531,47.422000885009766,391232000,18916066603.027344,48.34999847412109
2023-12-15,48.19400024414063,49.40399932861328,48.119998931884766,479948000,23464657427.06299,48.88999938964844
2023-12-18,49.400001525878906,50.43299865722656,49.150001525878906,412587000,20661119060.497284,50.07699966430664
2023-12-19,49.42399978637695,49.70000076293945,48.89500045776367,464444000,23038280218.52112,49.604000091552734
2023-12-20,49.65499877929688,49.999000549316406,48.09799957275391,397894000,19143078258.28552,48.11100006103516
2023-12-21,48.81100082397461,49.095001220703125,48.41899871826172,300425000,14717821254.253387,48.9900016784668
2023-12-22,49.19499969482422,49.382999420166016,48.46699905395508,252507000,12329917272.354126,48.83000183105469
2023-12-26,48.96799850463867,49.59999847412109,48.959999084472656,244200000,12033931636.047363,49.27899932861328
2023-12-27,49.51100158691406,49.68000030517578,49.084999084472656,233648000,11546183173.217772,49.41699981689453
2023-12-28,49.64300155639648,49.88399887084961,49.4119987487793,246587000,12211481255.97,49.52199935913086
2023-12-29,49.8129997253418,49.99700164794922,48.7509994506836,389293000,19278567696.51413,49.52199935913086
2024-01-02,49.24399948120117,49.29499816894531,47.595001220703125,411254000,19809282370.78857,48.167999267578125
2024-01-03,47.48500061035156,48.18399810791016,47.31999969482422,320896000,15264701902.34375,47.56900024414063
2024-01-04,47.766998291015625,48.5,47.507999420166016,306535000,14713067266.76941,47.99800109863281
2024-01-05,48.46200180053711,49.547000885009766,48.305999755859375,415039000,20377169833.66394,49.09700012207031
2024-01-08,49.512001037597656,52.275001525878906,49.479000091552734,642510000,33573073971.176147,52.25299835205078
2024-01-09,52.4010009765625,54.32500076293945,51.68999862670898,773100000,41082533528.13721,53.13999938964844
2024-01-10,53.61600112915039,54.59999847412109,53.48899841308594,533796000,29011811785.491943,54.34999847412109
2024-01-11,54.999000549316406,55.34600067138672,53.560001373291016,596759000,32715521060.264587,54.821998596191406
2024-01-12,54.619998931884766,54.970001220703125,54.33000183105469,352994000,19312301416.82434,54.709999084472656
2024-01-16,55.01800155639648,56.834999084472656,54.900001525878906,449580000,25348219546.279907,56.38199996948242
2024-01-17,56.34700012207031,56.47100067138672,54.7400016784668,474394000,26591207547.95837,56.053001403808594
2024-01-18,57.2599983215332,57.59999847412109,56.10699844360352,491650000,28076655784.79767,57.10699844360352
2024-01-19,57.98899841308594,59.5,57.22499847412109,543501000,32333418604.694366,59.49100112915039
2024-01-22,60.04899978637695,60.33100128173828,59.06999969482422,452955000,27020577265.89203,59.65399932861328
2024-01-23,59.56999969482422,59.90999984741211,58.584999084472656,294654000,17641819265.716553,59.87300109863281
2024-01-24,60.30400085449219,62.8489990234375,59.9379997253418,560271000,34379348828.430176,61.36199951171875
2024-01-25,62.34999847412109,62.71900177001953,60.84999847412109,482777000,29747270688.93051,61.617000579833984
2024-01-26,60.959999084472656,61.78300094604492,60.573001861572266,390309000,23820947888.145447,61.03099822998047
2024-01-29,61.23199844360352,62.48899841308594,60.90700149536133,348733000,21783606898.212437,62.46500015258789
2024-01-30,62.900001525878906,63.49300003051758,62.2599983215332,410735000,25783478175.525665,62.77399826049805
2024-01-31,61.43999862670898,62.26900100708008,60.70000076293945,453795000,27920645158.88214,61.527000427246094
2024-02-01,62.09999847412109,63.19100189208984,61.650001525878906,369146000,23266165099.716187,63.027000427246094
2024-02-02,63.9739990234375,66.5999984741211,63.68999862670898,476578000,31530402225.28076,66.16000366210938
2024-02-05,68.2249984741211,69.49700164794922,67.20500183105469,680078000,47151168394.104,69.33200073242188
2024-02-06,69.62999725341797,69.75399780273438,66.30000305175781,683111000,46603881461.14349,68.2229995727539
2024-02-07,68.31900024414062,70.22000122070312,67.5999984741211,495575000,34739311441.04004,70.0989990234375
2024-02-08,70.0739974975586,70.79399871826172,69.45500183105469,414422000,28860762021.40808,69.64099884033203
2024-02-09,70.53299713134766,72.18499755859375,70.21199798583984,436637000,31495938133.461,72.13300323486328
2024-02-12,72.5999984741211,74.61100006103516,71.25,613710000,44339320754.24194,72.24800109863281
2024-02-13,70.4000015258789,73.44999694824219,69.62000274658203,602580000,43462889246.97876,72.12799835205078
2024-02-14,73.2020034790039,74.23600006103516,71.93800354003906,504917000,37313367070.4422,73.9000015258789
2024-02-15,73.86900329589844,73.9749984741211,72.4000015258789,420122000,30525223070.81604,72.65799713134766
2024-02-16,74.0999984741211,74.4020004272461,72.5009994506836,495327000,35967178937.049866,72.61299896240234
2024-02-20,71.9469985961914,71.95600128173828,67.73400115966797,704833000,48952063968.11676,69.4520034790039
2024-02-21,68.00599670410156,68.88800048828125,66.24800109863281,673755000,45459597442.24548,67.47200012207031
2024-02-22,75.0250015258789,78.57499694824219,74.22000122070312,865100000,67943225542.44995,78.53800201416016
2024-02-23,80.79000091552734,82.39399719238281,77.56999969482422,829388000,65369875109.680176,78.81700134277344
2024-02-26,79.69999694824219,80.64600372314453,78.50499725341797,503973000,39860233961.72333,79.09200286865234
2024-02-27,79.38099670410156,79.4800033569336,77.16200256347656,391705000,30827573794.441223,78.70099639892578
2024-02-28,77.62000274658203,78.93299865722656,77.125,393110000,30530102721.7865,77.66300201416016
2024-02-29,79.09400177001953,79.98999786376953,78.3499984741211,507289000,40132647120.30029,79.11199951171875
2024-03-01,80.0,82.30000305175781,79.43499755859375,479135000,39422748343.315125,82.27899932861328
2024-03-04,84.12999725341797,87.69499969482422,83.71900177001953,615616000,52473260691.40625,85.23699951171875
2024-03-05,85.2699966430664,86.09700012207031,83.41699981689453,520639000,44756209375.35858,85.96399688720703
2024-03-06,88.02200317382812,89.7239990234375,87.02999877929688,582520000,51669522222.29004,88.69999694824219
2024-03-07,90.15799713134766,92.76699829101562,89.60199737548828,608119000,56353778831.5506,92.66899871826172
2024-03-08,95.13800048828124,97.4000015258789,86.50599670410156,1142269000,99980520892.56288,87.52799987792969
2024-03-11,86.42900085449219,88.7969970703125,84.16600036621094,678364000,58185995143.73779,85.77400207519531
2024-03-12,88.04900360107422,91.95999908447266,86.1500015258789,668075000,61404778820.61005,91.91300201416016
2024-03-13,91.05500030517578,91.50399780273438,88.43499755859375,635713000,57778683454.40674,90.88800048828124
2024-03-14,89.5770034790039,90.64600372314452,86.5999984741211,602318000,52970254339.05029,87.94400024414062
2024-03-15,86.93000030517578,89.5459976196289,86.25700378417969,642086000,56398906688.73596,87.83699798583984
2024-03-18,90.38800048828124,92.40499877929688,87.08499908447266,668976000,59174273304.93164,88.45500183105469
2024-03-19,86.69999694824219,90.54399871826172,85.01000213623047,672171000,60090744822.12067,89.39800262451172
2024-03-20,89.7969970703125,90.41000366210938,88.2229995727539,479063000,43293882225.4715,90.37200164794922
2024-03-21,92.3000030517578,92.64800262451172,90.40499877929688,480372000,43922812647.2168,91.43499755859376
2024-03-22,91.14099884033205,94.77799987792967,90.83399963378906,586719000,55321148650.45166,94.28900146484376
2024-03-25,93.94100189208984,96.76599884033205,93.51000213623048,552136000,52454023665.40527,95.0019989013672
2024-03-26,95.85099792480467,96.375,92.5019989013672,513648000,47543770991.82129,92.56099700927734
2024-03-27,93.11199951171876,93.23999786376952,89.12300109863281,586067000,52892546750.0,90.25
2024-03-28,90.0,91.3000030517578,89.19300079345703,435212000,39324016693.90869,90.3560028076172
2024-04-01,90.29900360107422,92.2249984741211,89.2040023803711,452441000,40883925613.54828,90.36299896240234
2024-04-02,88.447998046875,90.09400177001952,87.62000274658203,433064000,38738442434.63135,89.4520034790039
2024-04-03,88.48400115966797,90.3740005493164,88.4000015258789,370067000,32922639436.058044,88.96399688720703
2024-04-04,90.40599822998048,90.63400268554688,85.87999725341797,434965000,37365667794.03687,85.90499877929688
2024-04-05,86.86599731445312,88.48100280761719,85.9260025024414,399678000,35174862716.90369,88.00800323486328
2024-04-08,88.69999694824219,88.83000183105469,86.73200225830078,283220000,24677809176.17798,87.13300323486328
2024-04-09,87.44200134277344,87.63500213623047,83.02200317382812,501700000,42822099932.09839,85.35399627685547
2024-04-10,83.9260025024414,87.4000015258789,83.70899963378906,431929000,37594668863.708496,87.03900146484375
2024-04-11,87.41999816894531,90.73899841308594,86.9260025024414,431637000,39113217232.8186,90.61599731445312
2024-04-12,89.6989974975586,90.1750030517578,87.52999877929688,426805000,37638224453.54462,88.18599700927734
2024-04-15,89.0979995727539,90.61299896240234,85.92900085449219,443077000,38105064833.610535,86.0009994506836
2024-04-16,86.43299865722656,88.11799621582031,86.06400299072266,370453000,32383149334.15985,87.41500091552734
2024-04-17,88.33999633789062,88.7750015258789,83.94999694824219,495400000,41630940814.20898,84.03500366210938
2024-04-18,84.97000122070312,86.19000244140625,82.4020004272461,447260000,37869950395.355225,84.6709976196289
2024-04-19,83.1500015258789,84.3239974975586,75.60600280761719,875198000,66690084929.10767,76.19999694824219
2024-04-22,78.10399627685547,80.072998046875,76.4000015258789,596341000,47419842291.28265,79.51799774169922
2024-04-23,80.76899719238281,82.76899719238281,80.26399993896484,438559000,36147346931.251526,82.4229965209961
2024-04-24,83.94999694824219,84.08200073242188,79.18299865722656,512208000,40811197816.40625,79.677001953125
2024-04-25,78.86799621582031,83.322998046875,78.2229995727539,424641000,35088936718.91785,82.63200378417969
2024-04-26,83.81800079345703,88.33100128173828,83.38700103759766,551011000,48342950421.310425,87.73500061035156
2024-04-29,87.59500122070312,87.99199676513672,85.26599884033203,388971000,34134929518.93616,87.75700378417969
2024-04-30,87.23999786376953,88.81900024414062,86.30000305175781,363709000,31425185173.39325,86.4020004272461
2024-05-01,85.0770034790039,86.0,81.25499725341797,559863000,46491583588.027954,83.04100036621094
2024-05-02,84.4489974975586,86.23699951171875,83.19999694824219,377898000,32430073173.4314,85.81700134277344
2024-05-03,87.78900146484375,89.28099822998047,87.04000091552734,398341000,35368299632.507324,88.78900146484375
2024-05-06,89.38999938964844,92.22000122070312,89.05500030517578,376203000,34663344190.38391,92.13999938964844
2024-05-07,91.0979995727539,91.78099822998048,89.01100158691406,437342000,39603067841.70532,90.5540008544922
2024-05-08,89.48300170898438,91.19400024414062,89.41999816894531,325721000,29449087886.97815,90.41200256347656
2024-05-09,90.52899932861328,91.0719985961914,88.23100280761719,378013000,33547520333.946228,88.74700164794922
2024-05-10,90.30500030517578,91.4010009765625,89.22699737548828,335325000,30138339797.40143,89.87799835205078
2024-05-13,90.47799682617188,90.9980010986328,88.52899932861328,289680000,26186782921.14258,90.39900207519533
2024-05-14,89.5989990234375,91.6510009765625,88.93399810791016,296507000,27087694324.47815,91.3560028076172
2024-05-15,92.47200012207033,94.86199951171876,91.5989990234375,417735000,39530261902.65656,94.62999725341795
2024-05-16,94.91000366210938,95.81900024414062,94.10299682617188,323952000,30567787143.67676,94.35900115966795
2024-05-17,94.36900329589844,94.73999786376952,91.80599975585938,359691000,33263862649.81842,92.47899627685548
2024-05-20,93.75,95.1999969482422,93.44000244140624,318764000,30212451530.88379,94.77999877929688
2024-05-21,93.5989990234375,95.4000015258789,93.18000030517578,328946000,31376843678.009037,95.38600158691406
2024-05-22,95.45899963378906,96.0199966430664,93.2490005493164,548648000,52094125925.65918,94.9499969482422
2024-05-23,102.02799987792967,106.31999969482422,101.5199966430664,835065000,86678914942.13104,103.79900360107422
2024-05-24,104.4489974975586,106.4749984741211,103.0,429494000,45727797446.21277,106.46900177001952
2024-05-28,110.24400329589844,114.93900299072266,109.88300323486328,652728000,74346372565.42969,113.9010009765625
2024-05-29,113.0500030517578,115.49199676513672,110.9010009765625,557442000,64008275948.82202,114.8249969482422
2024-05-30,114.6500015258789,115.81900024414062,109.66300201416016,484553000,53543106500.0,110.5
2024-05-31,112.5199966430664,112.71700286865234,106.94000244140624,613263000,67233864462.82196,109.63300323486328
2024-06-03,113.62100219726562,115.0,112.00299835205078,438392000,50415080000.0,115.0
2024-06-04,115.71600341796876,116.5999984741211,114.04499816894533,403324000,46961835160.217285,116.43699645996094
2024-06-05,118.37100219726562,122.4489974975586,117.46800231933594,528402000,64697542170.043945,122.44000244140624
2024-06-06,124.0479965209961,125.58699798583984,118.31999969482422,664696000,80426887338.25684,120.9980010986328
2024-06-07,119.7699966430664,121.69200134277344,118.02200317382812,412386000,49852518969.36035,120.88800048828124
2024-06-10,120.37000274658205,123.0999984741211,117.01000213623048,313434100,38173139325.95749,121.79000091552734
2024-06-11,121.7699966430664,122.87000274658205,118.73999786376952,222551200,26908666407.00684,120.91000366210938
2024-06-12,123.05999755859376,126.87999725341795,122.56999969482422,299595000,37509293085.70862,125.1999969482422
2024-06-13,129.38999938964844,129.8000030517578,127.16000366210938,260704500,33789910404.1214,129.61000061035156
2024-06-14,129.9600067138672,132.83999633789062,128.32000732421875,309320400,40793175862.35352,131.8800048828125
2024-06-17,132.99000549316406,133.72999572753906,129.5800018310547,288504400,37788305079.37622,130.97999572753906
2024-06-18,131.13999938964844,136.3300018310547,130.69000244140625,294335100,39905953396.94367,135.5800018310547
2024-06-20,139.8000030517578,140.75999450683594,129.52000427246094,517768400,67713750719.958496,130.77999877929688
2024-06-21,127.12000274658205,130.6300048828125,124.3000030517578,649445800,82200354707.80487,126.56999969482422
2024-06-24,123.23999786376952,124.45999908447266,118.04000091552734,476060900,56227553189.564514,118.11000061035156
2024-06-25,121.1999969482422,126.5,119.31999969482422,414192600,52225543417.1814,126.08999633789062
2024-06-26,126.12999725341795,128.1199951171875,122.5999984741211,362975900,45880154313.85727,126.4000015258789
2024-06-27,124.0999984741211,126.41000366210938,122.91999816894533,252571700,31316364543.44864,123.98999786376952
2024-06-28,124.58000183105467,127.70999908447266,122.75,315516700,38978933406.86417,123.54000091552734
2024-07-01,123.47000122070312,124.83999633789062,118.83000183105467,284885500,35411268519.40155,124.3000030517578
2024-07-02,121.12999725341795,123.41000366210938,121.02999877929688,218374000,26787938180.145264,122.66999816894533
2024-07-03,121.66000366210938,128.27999877929688,121.36000061035156,215749000,27676281456.63452,128.27999877929688
2024-07-05,127.37999725341795,128.85000610351562,125.68000030517578,214176700,26949854553.16925,125.83000183105467
2024-07-08,127.48999786376952,130.77000427246094,127.04000091552734,237677300,30470229134.666443,128.1999969482422
2024-07-09,130.35000610351562,133.82000732421875,128.64999389648438,285366600,37491465301.3916,131.3800048828125
2024-07-10,134.02999877929688,135.10000610351562,132.4199981689453,248978600,33589703837.786865,134.91000366210938
2024-07-11,135.75,136.14999389648438,127.0500030517578,374782700,47747316551.87302,127.4000015258789
2024-07-12,128.25999450683594,131.9199981689453,127.22000122070312,252680500,32656429208.01544,129.24000549316406
2024-07-15,130.55999755859375,131.38999938964844,127.18000030517578,208326200,26757417636.608887,128.44000244140625
2024-07-16,128.44000244140625,129.0399932861328,124.58000183105467,214769500,27138274151.0849,126.36000061035156
2024-07-17,121.3499984741211,121.8499984741211,116.72000122070312,390086200,46026269904.68597,117.98999786376952
2024-07-18,121.8499984741211,122.4000015258789,116.55999755859376,320979500,38867406479.53797,121.08999633789062
2024-07-19,120.3499984741211,121.5999984741211,117.37000274658205,217223800,25617202800.291443,117.93000030517578
2024-07-22,120.3499984741211,124.06999969482422,119.86000061035156,258068900,31881832142.26913,123.54000091552734
2024-07-23,122.77999877929688,124.69000244140624,122.0999984741211,173911000,21319748853.118896,122.58999633789062
2024-07-24,119.16999816894533,119.9499969482422,113.44000244140624,327776900,37448510825.0,114.25
2024-07-25,113.04000091552734,116.62999725341795,106.3000030517578,460067000,51656322198.394775,112.27999877929688
2024-07-26,116.19000244140624,116.1999969482422,111.58000183105467,293399100,33171701529.693604,113.05999755859376
2024-07-29,113.69000244140624,116.27999877929688,111.3000030517578,248152100,27691291930.23987,111.58999633789062
2024-07-30,111.5199966430664,111.98999786376952,102.54000091552734,486833300,50499219843.26706,103.7300033569336
2024-07-31,112.9000015258789,118.33999633789062,110.87999725341795,473174200,55370843295.58563,117.0199966430664
2024-08-01,117.52999877929688,120.16000366210938,106.80999755859376,523462300,57167317303.75595,109.20999908447266
2024-08-02,103.76000213623048,108.72000122070312,101.37000274658205,482027500,51707088306.86569,107.2699966430664
2024-08-05,92.05999755859376,103.41000366210938,90.69000244140624,552842400,55533017392.85889,100.4499969482422
2024-08-06,103.83999633789062,107.70999908447266,100.5500030517578,409012100,42639511425.0,104.25
2024-08-07,107.80999755859376,108.8000030517578,98.69000244140624,411440400,40695571470.73975,98.91000366210938
2024-08-08,102.0,105.5,97.5199966430664,391910000,41138793178.40576,104.97000122070312
2024-08-09,105.63999938964844,106.5999984741211,103.43000030517578,290844200,30465929950.0,104.75
2024-08-12,106.31999969482422,111.06999969482422,106.26000213623048,325559900,35492539205.117035,109.0199966430664
2024-08-13,112.44000244140624,116.2300033569336,111.58000183105467,312646700,36310787547.1756,116.13999938964844
2024-08-14,118.52999877929688,118.5999984741211,114.06999969482422,339246400,40058215533.17871,118.08000183105467
2024-08-15,118.76000213623048,123.23999786376952,117.47000122070312,318086700,39080132156.14472,122.86000061035156
2024-08-16,121.94000244140624,125.0,121.18000030517578,302589900,37696650296.058655,124.58000183105467
2024-08-19,124.27999877929688,130.0,123.41999816894533,318333600,41383368000.0,130.0
2024-08-20,128.39999389648438,129.8800048828125,125.88999938964844,300087400,38186121650.0,127.25
2024-08-21,127.31999969482422,129.35000610351562,126.66000366210938,257883600,33138042600.0,128.5
2024-08-22,130.02000427246094,130.75,123.0999984741211,376189100,46549638430.37338,123.73999786376952
2024-08-23,125.86000061035156,129.60000610351562,125.22000122070312,323230300,41816302332.72705,129.3699951171875
2024-08-26,129.57000732421875,131.25999450683594,124.37000274658205,331964700,41980255658.07724,126.45999908447266
2024-08-27,125.0500030517578,129.1999969482422,123.87999725341795,303134600,38892170105.09338,128.3000030517578
2024-08-28,128.1199951171875,128.3300018310547,122.63999938964844,448101100,56285979444.49921,125.61000061035156
2024-08-29,121.36000061035156,124.43000030517578,116.70999908447266,453023300,53271008187.979126,117.58999633789062
2024-08-30,119.52999877929688,121.75,117.22000122070312,333751600,39839929408.67615,119.37000274658205
2024-09-03,116.01000213623048,116.20999908447266,107.29000091552734,477155100,51532750800.0,108.0
2024-09-04,105.41000366210938,113.2699966430664,104.12000274658205,372470300,39560070221.993256,106.20999908447266
2024-09-05,104.98999786376952,109.6500015258789,104.76000213623048,306850700,32897463266.069798,107.20999908447266
2024-09-06,108.04000091552734,108.1500015258789,100.9499969482422,413638100,42534406580.39398,102.83000183105467
2024-09-09,104.87999725341795,106.5500030517578,103.69000244140624,273912000,29163410974.365234,106.47000122070312
2024-09-10,107.80999755859376,109.4000015258789,104.9499969482422,268283700,29001467560.63156,108.0999984741211
2024-09-11,109.38999938964844,117.19000244140624,107.41999816894533,441422400,51606694400.53711,116.91000366210938
2024-09-12,116.83999633789062,120.79000091552734,115.37999725341795,366052700,43611518454.57916,119.13999938964844
2024-09-13,119.08000183105467,119.95999908447266,117.5999984741211,238358300,28388473166.294098,119.0999984741211
2024-09-16,116.79000091552734,118.18000030517578,114.36000061035156,248772300,29051628890.32288,116.77999877929688
2024-09-17,118.16999816894533,118.8000030517578,114.83000183105467,231925900,26808313931.661987,115.58999633789062
2024-09-18,115.88999938964844,117.6999969482422,113.22000122070312,310318900,35180854545.316315,113.37000274658205
2024-09-19,117.3499984741211,119.66000366210938,117.25,293506400,34595600174.139404,117.87000274658205
2024-09-20,117.05999755859376,118.62000274658205,115.38999938964844,382462400,44365638400.0,116.0
2024-09-23,116.5500030517578,116.98999786376952,114.86000061035156,206228500,23976125850.551605,116.26000213623048
2024-09-24,116.5199966430664,121.8000030517578,115.37999725341795,354966800,42904838090.94544,120.87000274658205
2024-09-25,122.0199966430664,124.94000244140624,121.61000061035156,284692900,35162420687.16965,123.51000213623048
2024-09-26,126.8000030517578,127.66999816894533,121.8000030517578,302582900,37532383193.02292,124.04000091552734
2024-09-27,123.97000122070312,124.02999877929688,119.26000213623048,271009200,32900517293.52722,121.4000015258789
2024-09-30,118.30999755859376,121.5,118.1500015258789,226553700,27512681881.10962,121.44000244140624
2024-10-01,121.7699966430664,122.44000244140624,115.79000091552734,302094500,35345056500.0,117.0
2024-10-02,116.44000244140624,119.37999725341795,115.13999938964844,221845900,26366384876.49002,118.8499984741211
2024-10-03,120.91999816894533,124.36000061035156,120.33999633789062,277118000,34043945877.15149,122.8499984741211
2024-10-04,124.94000244140624,125.04000091552734,121.83000183105467,243678100,30440267805.812077,124.91999816894533
2024-10-07,124.98999786376952,130.63999938964844,124.9499969482422,346250200,44223075966.6687,127.72000122070312
2024-10-08,130.25999450683594,133.47999572753906,129.4199981689453,285722500,37969662850.608826,132.88999938964844
2024-10-09,134.11000061035156,134.52000427246094,131.3800048828125,246191600,32657314237.365723,132.64999389648438
2024-10-10,131.91000366210938,135.0,131.0,242311300,32665985761.41968,134.80999755859375
2024-10-11,134.00999450683594,135.77999877929688,133.66000366210938,170209500,22944241119.43817,134.8000030517578
2024-10-14,136.47000122070312,139.60000610351562,136.3000030517578,232347700,32080248640.76538,138.07000732421875
2024-10-15,137.8699951171875,138.57000732421875,128.74000549316406,377831000,49722561906.09741,131.60000610351562
2024-10-16,133.97999572753906,136.6199951171875,131.5800018310547,264879700,35949473207.33948,135.72000122070312
2024-10-17,139.33999633789062,140.88999938964844,136.8699951171875,306435900,41960265542.59644,136.92999267578125
2024-10-18,138.6699981689453,138.89999389648438,137.27999877929688,176090200,24300447600.0,138.0
2024-10-21,138.1300048828125,143.7100067138672,138.0,264554500,38019128971.18378,143.7100067138672
2024-10-22,142.91000366210938,144.4199981689453,141.77999877929688,226311600,32496081815.222168,143.58999633789062
2024-10-23,142.02999877929688,142.42999267578125,137.4600067138672,285930000,39904390101.92871,139.55999755859375
2024-10-24,140.82000732421875,141.35000610351562,138.4600067138672,172354900,24200352140.18249,140.41000366210938
2024-10-25,140.92999267578125,144.1300048828125,140.8000030517578,205122100,29032980656.837463,141.5399932861328
2024-10-28,143.0,143.13999938964844,140.0500030517578,173586700,24392403825.642395,140.52000427246094
2024-10-29,140.2899932861328,142.25999450683594,138.89999389648438,157593600,22260096000.0,141.25
2024-10-30,139.5399932861328,140.3300018310547,136.80999755859375,179418100,25000117396.95129,139.33999633789062
2024-10-31,137.60000610351562,137.61000061035156,132.11000061035156,270039600,35850455812.628174,132.75999450683594
2024-11-01,134.6999969482422,137.30999755859375,134.57000732421875,207127800,28045102855.79224,135.39999389648438
2024-11-04,137.2100067138672,138.9600067138672,135.57000732421875,187528200,25513212182.29065,136.0500030517578
2024-11-05,137.4499969482422,140.3699951171875,137.3300018310547,160537400,22460788221.90552,139.91000366210938
2024-11-06,142.9600067138672,146.49000549316406,141.9600067138672,242043900,35244012426.73187,145.61000061035156
2024-11-07,146.38999938964844,148.92999267578125,146.1699981689453,207323300,30866293916.3208,148.8800048828125
2024-11-08,148.77000427246094,149.77000427246094,146.25999450683594,175665800,25933542911.743164,147.6300048828125
2024-11-11,148.67999267578125,148.85000610351562,143.57000732421875,182325600,26484615654.455566,145.25999450683594
2024-11-12,146.77999877929688,149.64999389648438,146.00999450683594,198634700,29455538329.393005,148.2899932861328
2024-11-13,149.07000732421875,149.3300018310547,145.89999389648438,191903300,28069696510.899357,146.27000427246094
2024-11-14,147.63999938964844,149.0,145.5500030517578,194463300,28539432839.78119,146.75999450683594
2024-11-15,144.8699951171875,145.24000549316406,140.0800018310547,250132900,35513868073.31696,141.97999572753906
2024-11-18,139.5,141.5500030517578,137.14999389648438,221205300,31001921444.869995,140.14999389648438
2024-11-19,141.32000732421875,147.1300048828125,140.99000549316406,227834900,33494007397.465515,147.00999450683594
2024-11-20,147.41000366210938,147.55999755859375,142.72999572753906,309871700,45207182123.86932,145.88999938964844
2024-11-21,149.35000610351562,152.88999938964844,140.6999969482422,400946600,58806837087.84485,146.6699981689453
2024-11-22,145.92999267578125,147.16000366210938,141.10000610351562,236406200,33557859368.54553,141.9499969482422
2024-11-25,141.99000549316406,142.0500030517578,135.82000732421875,344941900,46918998711.75079,136.02000427246094
2024-11-26,137.6999969482422,139.3000030517578,135.6699981689453,190287700,26054191535.57281,136.9199981689453
2024-11-27,135.00999450683594,137.22000122070312,131.8000030517578,226370900,30637036777.005005,135.33999633789062
2024-11-29,136.77999877929688,139.35000610351562,136.0500030517578,141863200,19612587400.0,138.25
2024-12-02,138.8300018310547,140.4499969482422,137.82000732421875,171682800,23800387402.29492,138.6300048828125
2024-12-03,138.25999450683594,140.5399932861328,137.9499969482422,164414000,23060706736.846924,140.25999450683594
2024-12-04,142.0,145.7899932861328,140.2899932861328,231224300,33559894760.871887,145.13999938964844
2024-12-05,145.11000061035156,146.5399932861328,143.9499969482422,172621200,25040430850.561523,145.05999755859375
2024-12-06,144.60000610351562,145.6999969482422,141.30999755859375,188505600,26850738124.21875,142.44000244140625
2024-12-09,138.97000122070312,139.9499969482422,137.1300048828125,189308600,26277926303.8208,138.80999755859375
2024-12-10,139.00999450683594,141.82000732421875,133.7899932861328,210020900,28367524501.239014,135.07000732421875
2024-12-11,137.36000061035156,140.1699981689453,135.2100067138672,184905200,25759142960.57129,139.30999755859375
2024-12-12,137.0800018310547,138.44000244140625,135.8000030517578,159211400,21866093092.95044,137.33999633789062
2024-12-13,138.94000244140625,139.60000610351562,132.5399932861328,231514900,31080875325.0,134.25
2024-12-16,134.17999267578125,134.39999389648438,130.4199981689453,237951100,31409545200.0,132.0
2024-12-17,129.08999633789062,131.58999633789062,126.86000061035156,259410300,33824508858.66852,130.38999938964844
2024-12-18,133.86000061035156,136.6999969482422,128.27999877929688,277444500,35765371511.032104,128.91000366210938
2024-12-19,131.75999450683594,134.02999877929688,129.5500030517578,209719200,27406103519.970703,130.67999267578125
2024-12-20,129.80999755859375,135.27999877929688,128.22000122070312,306528600,41289401484.54895,134.6999969482422
2024-12-23,136.27999877929688,139.7899932861328,135.1199951171875,176053500,24589392022.636414,139.6699981689453
2024-12-24,140.0,141.89999389648438,138.64999389648438,105157000,14745114668.36548,140.22000122070312
2024-12-26,139.6999969482422,140.85000610351562,137.72999572753906,116205600,16260648756.884766,139.92999267578125
2024-12-27,138.5500030517578,139.02000427246094,134.7100067138672,170582600,23371521088.961792,137.00999450683594
2024-12-30,134.8300018310547,140.27000427246094,134.02000427246094,167734700,23061844824.394222,137.49000549316406
2024-12-31,138.02999877929688,138.07000732421875,133.8300018310547,155659200,20903472922.924805,134.2899932861328
2025-01-02,136.0,138.8800048828125,134.6300048828125,198247200,27419569747.998047,138.30999755859375
2025-01-03,140.00999450683594,144.89999389648438,139.72999572753906,229322500,33130221854.93469,144.47000122070312
2025-01-06,148.58999633789062,152.16000366210938,147.82000732421875,265377400,39655342938.31787,149.42999267578125
2025-01-07,153.02999877929688,153.1300048828125,140.00999450683594,351782200,49298757293.28919,140.13999938964844
2025-01-08,142.5800018310547,143.9499969482422,137.55999755859375,227349900,31853994627.763367,140.11000061035156
2025-01-10,137.4499969482422,139.9199981689453,134.22000122070312,207602500,28215256535.26306,135.91000366210938
2025-01-13,129.99000549316406,133.49000549316406,129.50999450683594,204808900,27286688871.96197,133.22999572753906
2025-01-14,136.0500030517578,136.3800048828125,130.0500030517578,195590500,25771003205.58929,131.75999450683594
2025-01-15,133.64999389648438,136.4499969482422,131.2899932861328,185217300,25234005969.429016,136.24000549316406
2025-01-16,138.63999938964844,138.75,133.49000549316406,209235600,27947600624.487305,133.57000732421875
2025-01-17,136.69000244140625,138.5,135.4600067138672,201188800,27705710998.754883,137.7100067138672
2025-01-21,139.16000366210938,141.8300018310547,137.08999633789062,197749000,27848992032.089237,140.8300018310547
2025-01-22,144.66000366210938,147.7899932861328,143.6699981689453,237651400,34951393138.61084,147.07000732421875
2025-01-23,145.0500030517578,147.22999572753906,143.72000122070312,155915500,22953880100.326534,147.22000122070312
2025-01-24,148.3699951171875,148.97000122070312,141.8800048828125,234657600,33466865766.210938,142.6199951171875
2025-01-27,124.8000030517578,128.39999389648438,116.6999969482422,818830900,96965953678.67584,118.41999816894533
2025-01-28,121.80999755859376,129.0,116.25,579666400,74771172120.20264,128.99000549316406
2025-01-29,126.5,126.88999938964844,120.0500030517578,467120600,57782816794.46106,123.6999969482422
2025-01-30,123.0999984741211,125.0,118.0999984741211,392925500,48978164174.55673,124.6500015258789
2025-01-31,123.77999877929688,127.8499984741211,119.19000244140624,388161100,46606503158.54263,120.06999969482422
2025-02-03,114.75,118.56999969482422,113.01000213623048,371235700,43308358121.50574,116.66000366210938
2025-02-04,116.95999908447266,121.1999969482422,116.6999969482422,256550000,30439657891.464237,118.6500015258789
2025-02-05,121.76000213623048,125.0,120.76000213623048,262230800,32734271244.158936,124.83000183105467
2025-02-06,127.41999816894533,128.77000427246094,125.20999908447266,251483600,32360907806.0791,128.67999267578125
2025-02-07,129.22000122070312,130.3699951171875,125.0,228186300,29627708356.35681,129.83999633789062
2025-02-10,130.08999633789062,135.0,129.9600067138672,216989100,28983235676.275635,133.57000732421875
2025-02-11,132.5800018310547,134.47999572753906,131.02000427246094,178902400,23758239265.9668,132.8000030517578
2025-02-12,130.02000427246094,132.24000549316406,129.0800018310547,160278600,21018935506.173702,131.13999938964844
2025-02-13,131.55999755859375,136.5,131.1699981689453,197430000,26710303374.4812,135.2899932861328
2025-02-14,136.47999572753906,139.25,135.5,195479600,27142343653.112797,138.85000610351562
2025-02-18,141.27000427246094,143.44000244140625,137.92999267578125,219176600,30553216702.2522,139.39999389648438
2025-02-19,139.50999450683594,141.36000061035156,137.22000122070312,167536000,23326036564.208984,139.22999572753906
2025-02-20,140.02999877929688,140.66000366210938,136.7899932861328,143903600,20162333483.831787,140.11000061035156
2025-02-21,140.0399932861328,141.4600067138672,134.02999877929688,228217600,30679290296.48437,134.42999267578125
2025-02-24,136.55999755859375,138.58999633789062,130.0800018310547,251381100,32749929401.138306,130.27999877929688
2025-02-25,129.97999572753906,130.1999969482422,124.44000244140624,271428700,34371015535.49881,126.62999725341795
2025-02-26,129.99000549316406,133.72999572753906,128.49000549316406,322553800,42344862470.25757,131.27999877929688
2025-02-27,135.0,135.00999450683594,120.01000213623048,443175800,53247573046.232605,120.1500015258789
2025-02-28,118.0199966430664,125.08999633789062,116.4000015258789,389091100,48605259499.55292,124.91999816894533
2025-03-03,123.51000213623048,123.6999969482422,112.27999877929688,411381400,46922161479.65088,114.05999755859376
2025-03-04,110.6500015258789,119.30999755859376,110.11000061035156,398163300,46182960316.43143,115.98999786376952
2025-03-05,117.58000183105467,118.27999877929688,114.51000213623048,284337900,33352836537.730408,117.3000030517578
2025-03-06,113.52999877929688,115.3499984741211,110.22000122070312,321181900,35513082584.98306,110.56999969482422
2025-03-07,111.25,113.4800033569336,107.55999755859376,341755500,38512428129.36401,112.69000244140624
2025-03-10,109.9000015258789,111.8499984741211,105.45999908447266,366487400,39206823282.273865,106.9800033569336
2025-03-11,106.98999786376952,112.23999786376952,104.7699966430664,354865700,38595194290.07492,108.76000213623048
2025-03-12,114.12000274658205,116.76000213623048,112.87999725341795,323857500,37483266358.16574,115.73999786376952
2025-03-13,117.02999877929688,117.76000213623048,113.79000091552734,299033100,34562246245.54596,115.58000183105467
2025-03-14,118.61000061035156,121.87999725341795,118.1500015258789,277593500,33774800636.71112,121.66999816894533
2025-03-17,122.73999786376952,122.88999938964844,118.02999877929688,255501500,30540093983.10852,119.52999877929688
2025-03-18,118.0,119.0199966430664,114.54000091552734,299686900,34592858958.457184,115.43000030517578
2025-03-19,117.2699966430664,120.4499969482422,115.68000030517578,273426200,32133046106.126404,117.5199966430664
2025-03-20,116.5500030517578,120.1999969482422,116.47000122070312,248829700,29493784037.252808,118.52999877929688
2025-03-21,116.94000244140624,117.98999786376952,115.41999816894533,266498500,31366872636.71112,117.6999969482422
2025-03-24,119.87999725341795,122.22000122070312,119.33999633789062,228452500,27736418861.61804,121.41000366210938
2025-03-25,120.5500030517578,121.29000091552734,118.91999816894533,167447200,20209202976.80664,120.69000244140624
2025-03-26,118.7300033569336,118.83999633789062,112.70999908447266,293463300,33384385634.905243,113.76000213623048
2025-03-27,111.3499984741211,114.4499969482422,110.66000366210938,236902100,26398001075.296783,111.43000030517578
2025-03-28,111.48999786376952,112.87000274658205,109.06999969482422,229872500,25210116654.09088,109.66999816894533
2025-03-31,105.12999725341795,110.95999908447266,103.6500015258789,299212700,32428671604.18777,108.37999725341795
2025-04-01,108.5199966430664,110.1999969482422,106.47000122070312,222614000,24520932439.682007,110.1500015258789
2025-04-02,107.29000091552734,111.9800033569336,106.79000091552734,220601200,24358784100.06714,110.41999816894533
2025-04-03,103.51000213623048,105.62999725341795,101.5999984741211,338769400,34486725953.84216,101.8000030517578
2025-04-04,98.91000366210938,100.12999725341795,92.11000061035156,532273800,50198740778.50342,94.30999755859376
2025-04-07,87.45999908447266,101.75,86.62000274658203,611041300,59662072159.04999,97.63999938964844
2025-04-08,103.80999755859376,105.8499984741211,94.45999908447266,476243400,45862240873.37952,96.3000030517578
2025-04-09,98.88999938964844,115.0999984741211,97.52999877929688,612918300,70074950361.28693,114.33000183105467
2025-04-10,109.37000274658205,110.86000061035156,99.1500015258789,437812400,47095479734.39026,107.56999969482422
2025-04-11,108.5,111.5500030517578,107.4800033569336,313417300,34767381184.64737,110.93000030517578
2025-04-14,114.11000061035156,114.29000091552734,109.06999969482422,264705000,29305490307.65533,110.70999908447266
2025-04-15,110.97000122070312,113.62000274658205,110.5,228966900,25690085481.248474,112.1999969482422
2025-04-16,104.5500030517578,106.79000091552734,100.4499969482422,397016900,41484295032.8804,104.48999786376952
2025-04-17,104.4499969482422,104.47000122070312,100.0500030517578,292517500,29687600450.115204,101.48999786376952
2025-04-21,98.7699966430664,99.44000244140624,95.04000091552734,288501100,27958642657.522583,96.91000366210938
2025-04-22,98.77999877929688,99.80999755859376,97.27999877929688,241004800,23832964524.902344,98.88999938964844
2025-04-23,104.5199966430664,104.8000030517578,102.0199966430664,247526000,25423395233.38318,102.70999908447266
2025-04-24,103.4800033569336,106.54000091552734,103.11000061035156,220815000,23501340517.38739,106.43000030517578
2025-04-25,106.8499984741211,111.91999816894533,105.7300033569336,251064700,27870692883.33206,111.01000213623048
2025-04-28,109.69000244140624,110.37000274658205,106.0199966430664,207708500,22584145902.26364,108.7300033569336
2025-04-29,107.66999816894533,110.1999969482422,107.44000244140624,170444300,18581837013.829803,109.0199966430664
2025-04-30,104.47000122070312,108.91999816894533,104.08000183105467,235044600,25601057401.620483,108.91999816894533
2025-05-01,113.08000183105467,114.94000244140624,111.3000030517578,236121500,26353520759.117126,111.61000061035156
2025-05-02,114.18000030517578,115.4000015258789,113.37000274658205,190194800,21777304600.0,114.5
2025-05-05,112.91000366210938,114.66999816894533,112.66000366210938,133163200,15156635383.361816,113.81999969482422
2025-05-06,111.4800033569336,114.73999786376952,110.81999969482422,158525600,17998996769.13452,113.54000091552734
2025-05-07,113.0500030517578,117.68000030517578,112.27999877929688,206758800,24203184623.217773,117.05999755859376
2025-05-08,118.25,118.68000030517578,115.8499984741211,198428100,23289506641.99905,117.37000274658205
2025-05-09,117.3499984741211,118.2300033569336,115.20999908447266,132972200,15511207332.899475,116.6500015258789
2025-05-12,121.97000122070312,123.0,120.27999877929688,225023300,27677865900.0,123.0
2025-05-13,124.9800033569336,131.22000122070312,124.47000122070312,330430100,42932780472.85767,129.92999267578125
2025-05-14,133.1999969482422,135.44000244140625,131.67999267578125,281180800,38055008442.28516,135.33999633789062
2025-05-15,134.2899932861328,136.3000030517578,132.66000366210938,226632600,30556873872.976685,134.8300018310547
2025-05-16,136.22000122070312,136.35000610351562,133.4600067138672,226542500,30673853117.29431,135.39999389648438
2025-05-19,132.38999938964844,135.8699951171875,132.38999938964844,193154600,26185970536.706543,135.57000732421875
2025-05-20,134.2899932861328,134.5800018310547,132.6199951171875,161514200,21704278984.643555,134.3800048828125
2025-05-21,133.05999755859375,137.39999389648438,130.58999633789062,270608700,35666227485.832214,131.8000030517578
2025-05-22,132.22999572753906,134.25,131.5500030517578,187344000,24884903863.03711,132.8300018310547
2025-05-23,130.0,132.67999267578125,129.16000366210938,198821300,26103247142.1402,131.2899932861328
2025-05-27,134.14999389648438,135.66000366210938,133.30999755859375,192953600,26145212800.0,135.5
2025-05-28,136.02999877929688,137.25,134.7899932861328,304021100,40985083748.76099,134.80999755859375
2025-05-29,142.25,143.49000549316406,137.91000366210938,369241900,51394780962.46948,139.19000244140625
2025-05-30,138.72000122070312,139.6199951171875,132.9199981689453,333170900,45021385343.81104,135.1300048828125
2025-06-02,135.49000549316406,138.1199951171875,135.39999389648438,197663100,27154957643.15185,137.3800048828125
2025-06-03,138.77999877929688,142.0,137.9499969482422,225578800,31856238411.364742,141.22000122070312
2025-06-04,142.19000244140625,142.38999938964844,139.5399932861328,167120800,23717783629.99268,141.9199981689453
2025-06-05,142.1699981689453,144.0,138.8300018310547,231397900,32393393292.10663,139.99000549316406
2025-06-06,142.50999450683594,143.27000427246094,141.50999450683594,153986200,21822924451.97144,141.72000122070312
2025-06-09,143.19000244140625,145.0,141.94000244140625,185114500,26402882038.879395,142.6300048828125
2025-06-10,142.69000244140625,144.2899932861328,141.52999877929688,155881900,22440759370.570374,143.9600067138672
2025-06-11,144.61000061035156,144.99000549316406,141.8699951171875,167694000,23951734327.056885,142.8300018310547
2025-06-12,141.97000122070312,145.0,141.85000610351562,162365000,23542925000.0,145.0
2025-06-13,142.47999572753906,143.5800018310547,140.85000610351562,180820600,25671100802.72827,141.97000122070312
2025-06-16,143.35000610351562,146.17999267578125,143.1999969482422,183133700,26497615500.10376,144.69000244140625
2025-06-17,144.49000549316406,145.22000122070312,143.77999877929688,139108000,20048244280.76172,144.1199951171875
2025-06-18,144.00999450683594,145.64999389648438,143.1199951171875,161494100,23494160978.022766,145.47999572753906
2025-06-20,145.4499969482422,146.1999969482422,142.64999389648438,242956200,34949250852.88696,143.85000610351562
2025-06-23,142.5,144.77999877929688,142.02999877929688,154308900,22246713830.451965,144.1699981689453
2025-06-24,145.55999755859375,147.9600067138672,145.5,187566100,27741025045.187374,147.89999389648438
2025-06-25,149.27000427246094,154.4499969482422,149.25999450683594,269146500,41531995757.90405,154.30999755859375
2025-06-26,155.97999572753906,156.72000122070312,154.0,198145700,30716547260.569763,155.02000427246094
2025-06-27,156.0399932861328,158.7100067138672,155.25999450683594,263234500,41525242375.0,157.75
2025-06-30,158.39999389648438,158.66000366210938,155.9600067138672,194580300,30741742665.86151,157.99000549316406
2025-07-01,156.2899932861328,157.1999969482422,151.49000549316406,213143600,32674914530.462646,153.3000030517578
2025-07-02,152.97999572753906,157.60000610351562,152.97000122070312,171224100,26924989725.0,157.25
2025-07-03,158.3699951171875,160.97999572753906,157.77000427246094,143716100,22899722847.695923,159.33999633789062
2025-07-07,158.1999969482422,159.30999755859375,157.33999633789062,140139000,22175596129.80652,158.24000549316406
2025-07-08,159.3300018310547,160.22000122070312,158.38999938964844,138133000,22101280000.0,160.0
2025-07-09,161.22000122070312,164.4199981689453,161.16000366210938,183656400,29913955328.75977,162.8800048828125
2025-07-10,164.32000732421875,164.5,161.61000061035156,167704100,27520243833.584595,164.10000610351562
2025-07-11,163.72000122070312,167.88999938964844,163.47000122070312,193633300,31934003481.44684,164.9199981689453
2025-07-14,165.3699951171875,165.49000549316406,162.02000427246094,136975800,22473620509.240723,164.07000732421875
2025-07-15,171.19000244140625,172.39999389648438,169.1999969482422,230627400,39368096476.18103,170.6999969482422
2025-07-16,171.05999755859375,171.75,168.89999389648438,158831500,27218953379.455566,171.3699951171875
2025-07-17,172.02000427246094,174.16000366210938,170.8300018310547,160841100,27825510300.0,173.0
2025-07-18,173.63999938964844,174.25,171.25999450683594,146456400,25250548460.339355,172.41000366210938
2025-07-21,172.75,173.3800048828125,171.0,123126100,21101351619.20166,171.3800048828125
2025-07-22,171.33999633789062,171.38999938964844,164.5800018310547,193114300,32255881293.26477,167.02999877929688
2025-07-23,169.52999877929688,171.25999450683594,167.97000122070312,154082200,26314157927.911377,170.77999877929688
2025-07-24,172.44000244140625,173.8300018310547,171.3000030517578,128984600,22409785112.53357,173.74000549316406
2025-07-25,173.61000061035156,174.72000122070312,172.9600067138672,122316800,21221964800.0,173.5
2025-07-28,174.02000427246094,177.0,173.97000122070312,140023500,24749153625.0,176.75
2025-07-29,177.9600067138672,179.3800048828125,175.02000427246094,154077500,27042141178.62701,175.50999450683594
2025-07-30,176.50999450683594,179.88999938964844,176.0399932861328,174312200,31248948838.742065,179.27000427246094
2025-07-31,182.8999938964844,183.3000030517578,175.92999267578125,221685400,39431181015.55176,177.8699951171875
2025-08-01,174.08999633789062,176.5399932861328,170.88999938964844,204529000,35530778129.66919,173.72000122070312
2025-08-04,175.16000366210938,180.1999969482422,174.52000427246094,148174600,26671428000.0,180.0
2025-08-05,179.6199951171875,180.25999450683597,175.89999389648438,156407600,27881217916.827396,178.25999450683594
2025-08-06,176.3300018310547,179.89999389648438,176.25,137192300,24615042214.7934,179.4199981689453
2025-08-07,181.57000732421875,183.8800048828125,178.8000030517578,151878400,27455059016.89453,180.7700042724609
2025-08-08,181.5500030517578,183.3000030517578,180.3999938964844,123396700,22544576713.42316,182.6999969482422
2025-08-11,182.0500030517578,183.83999633789065,180.25,138323200,25183121454.296875,182.05999755859372
2025-08-12,182.9600067138672,184.47999572753903,179.4600067138672,145485700,26647161344.784546,183.16000366210935
2025-08-13,182.6199951171875,183.97000122070312,179.35000610351562,179871700,32662901344.29016,181.58999633789065
2025-08-14,179.75,183.0200042724609,179.4600067138672,129554000,23581419633.514404,182.0200042724609
2025-08-15,181.8800048828125,181.8999938964844,178.0399932861328,156602200,28258866512.088013,180.4499969482422
2025-08-18,180.6000061035156,182.94000244140625,180.58999633789065,132008000,24026775354.8584,182.00999450683597
2025-08-19,182.42999267578125,182.5,175.49000549316406,185229200,32533656574.94507,175.63999938964844
2025-08-20,175.1699981689453,176.0,168.8000030517578,215142700,37736028266.87317,175.39999389648438
2025-08-21,174.85000610351562,176.89999389648438,173.80999755859375,140040900,24504356083.680725,174.97999572753906
2025-08-22,172.61000061035156,178.58999633789062,171.1999969482422,172789400,30754786255.16052,177.99000549316406
2025-08-25,178.35000610351562,181.91000366210935,176.57000732421875,163012800,29311331170.01953,179.80999755859375
2025-08-26,180.05999755859375,182.38999938964844,178.80999755859375,168688200,30662454834.713745,181.7700042724609
2025-08-27,181.97999572753903,182.4900054931641,179.10000610351562,235518900,42770233677.493286,181.6000061035156
2025-08-28,180.82000732421875,184.47000122070312,176.41000366210938,281787800,50769707410.03113,180.1699981689453
2025-08-29,178.11000061035156,178.14999389648438,173.14999389648438,243257900,42370659240.32593,174.17999267578125
2025-09-02,170.0,172.3800048828125,167.22000122070312,231164900,39478341339.81629,170.77999877929688
2025-09-03,171.05999755859375,172.41000366210938,168.8800048828125,164424900,28054175635.144043,170.6199951171875
2025-09-04,170.57000732421875,171.86000061035156,169.41000366210938,141670100,24319089884.8114,171.66000366210938
2025-09-05,168.02999877929688,169.02999877929688,164.07000732421875,224441400,37486203586.91712,167.02000427246094
2025-09-08,167.5500030517578,170.9600067138672,167.35000610351562,163769100,27563976821.173096,168.30999755859375
2025-09-09,169.08999633789062,170.97999572753906,166.74000549316406,157548400,26902963918.56079,170.75999450683594
2025-09-10,176.63999938964844,179.2899932861328,175.47000122070312,226852000,40227665575.37842,177.3300018310547
2025-09-11,179.67999267578125,180.27999877929688,176.47999572753906,151159300,26780892904.21905,177.1699981689453
2025-09-12,177.77000427246094,178.60000610351562,176.4499969482422,124911000,22211674934.87549,177.82000732421875
2025-09-15,175.6699981689453,178.85000610351562,174.50999450683594,147061600,26140199400.0,177.75
2025-09-16,177.0,177.5,174.3800048828125,140737800,24612227151.19629,174.8800048828125
2025-09-17,172.63999938964844,173.1999969482422,168.41000366210938,211843800,36074879279.70886,170.2899932861328
2025-09-18,173.97999572753906,177.10000610351562,172.9600067138672,191763300,33796365045.387268,176.24000549316406
2025-09-19,175.77000427246094,178.0800018310547,175.17999267578125,237182100,41902961172.70661,176.6699981689453
2025-09-22,175.3000030517578,184.5500030517578,174.7100067138672,269637000,49508049734.57336,183.6100006103516
2025-09-23,181.97000122070312,182.4199981689453,176.2100067138672,192559600,34358408017.651367,178.42999267578125
2025-09-24,179.77000427246094,179.77999877929688,175.39999389648438,143564100,25406538952.249146,176.97000122070312
2025-09-25,174.47999572753906,180.25999450683597,173.1300048828125,191586700,34043041190.740967,177.69000244140625
2025-09-26,178.1699981689453,179.77000427246094,174.92999267578125,148573700,26474347965.72876,178.19000244140625
2025-09-29,180.42999267578125,184.0,180.32000732421875,193063500,35108598653.36609,181.8500061035156
2025-09-30,182.0800018310547,187.3500061035156,181.47999572753903,236981000,44215915413.92517,186.5800018310547
2025-10-01,185.2400054931641,188.13999938964844,183.8999938964844,173844900,32550720030.95856,187.2400054931641
2025-10-02,189.6000061035156,191.0500030517578,188.05999755859372,136805800,25841247478.500366,188.88999938964844
2025-10-03,189.19000244140625,190.3600006103516,185.3800048828125,137596900,25815929706.140137,187.6199951171875
2025-10-06,185.5,187.22999572753903,183.3300018310547,157678100,29255593615.37018,185.5399932861328
2025-10-07,186.22999572753903,189.05999755859372,184.0,140088000,25921882579.467773,185.0399932861328
2025-10-08,186.57000732421875,189.6000061035156,186.5399932861328,130168900,24616240758.44879,189.1100006103516
2025-10-09,192.22999572753903,195.3000030517578,191.05999755859372,182997200,35239772144.31152,192.57000732421875
2025-10-10,193.50999450683597,195.6199951171875,182.0500030517578,268774400,49228720088.28125,183.16000366210935
2025-10-13,187.97000122070312,190.1100006103516,185.9600067138672,153482800,28903882020.1416,188.32000732421875
2025-10-14,184.7700042724609,184.8000030517578,179.6999969482422,205641400,37021620990.9729,180.02999877929688
2025-10-15,184.8000030517578,184.8699951171875,177.2899932861328,214450500,38564633807.67059,179.8300018310547
2025-10-16,182.22999572753903,183.27999877929688,179.77000427246094,179723300,32675492734.22241,181.80999755859372
2025-10-17,180.17999267578125,184.1000061035156,179.75,173135200,31721831555.34668,183.22000122070312
2025-10-20,183.1300048828125,185.1999969482422,181.72999572753903,128544700,23477403929.54254,182.63999938964844
2025-10-21,182.7899932861328,182.7899932861328,179.8000030517578,124240200,22507355086.9812,181.16000366210935
2025-10-22,181.13999938964844,183.44000244140625,176.75999450683594,162249600,29250357689.941406,180.27999877929688
2025-10-23,180.4199981689453,183.02999877929688,179.7899932861328,111363700,20286011999.82605,182.16000366210935
2025-10-24,183.83999633789065,187.47000122070312,183.5,131296700,24455322620.76569,186.25999450683597
2025-10-27,189.9900054931641,192.0,188.42999267578125,153452700,29384658365.940857,191.4900054931641
2025-10-28,193.0500030517578,203.1499938964844,191.91000366210935,297986200,59904165422.247314,201.02999877929688
2025-10-29,207.97999572753903,212.19000244140625,204.77999877929688,308829600,63940078310.55908,207.0399932861328
2025-10-30,205.1499938964844,206.16000366210935,201.41000366210935,178864400,36289798006.82984,202.88999938964844
2025-10-31,206.4499969482422,207.97000122070312,202.07000732421875,179802200,36408148465.68298,202.4900054931641
2025-11-03,208.0800018310547,211.33999633789065,205.55999755859372,180267300,37293699904.21143,206.8800048828125
2025-11-04,203.0,203.97000122070312,197.92999267578125,188919300,37536376178.22876,198.69000244140625
2025-11-05,198.7700042724609,202.9199981689453,194.6499938964844,171350300,33449293213.42316,195.2100067138672
2025-11-06,196.4199981689453,197.6199951171875,186.3800048828125,223029800,41947445192.37976,188.0800018310547
2025-11-07,184.8999938964844,188.32000732421875,178.91000366210938,264942300,49848892127.92053,188.1499938964844
2025-11-10,195.1100006103516,199.94000244140625,193.7899932861328,198897100,39590468361.98578,199.0500030517578
2025-11-11,195.16000366210935,195.4199981689453,191.3000030517578,176483300,34089514874.301147,193.16000366210935
2025-11-12,195.72000122070312,195.88999938964844,191.1300048828125,154935300,30026461612.82501,193.8000030517578
2025-11-13,191.0500030517578,191.44000244140625,183.8500061035156,207423100,38759080592.60101,186.8600006103516
2025-11-14,182.8600006103516,191.00999450683597,180.5800018310547,186591900,35484181281.34003,190.1699981689453
2025-11-17,185.97000122070312,189.0,184.32000732421875,173628900,32399153799.746704,186.6000061035156
2025-11-18,183.3800048828125,184.8000030517578,179.64999389648438,213598900,38738296634.37042,181.3600006103516
2025-11-19,184.7899932861328,187.8600006103516,182.8300018310547,247246400,46116399584.350586,186.5200042724609
2025-11-20,195.9499969482422,196.0,179.85000610351562,343504800,62050706862.34131,180.63999938964844
2025-11-21,181.2400054931641,184.55999755859372,172.92999267578125,346926200,62058160349.97559,178.8800048828125
2025-11-24,179.49000549316406,183.5,176.47999572753906,256618300,46845671448.1369,182.5500030517578
2025-11-25,174.91000366210938,178.16000366210938,169.5500030517578,320600300,57009147694.14673,177.82000732421875
2025-11-26,181.6300048828125,182.91000366210935,178.24000549316406,183852000,33141160510.0708,180.25999450683597
2025-11-28,179.00999450683594,179.2899932861328,176.5,121332800,21475905600.0,177.0
2025-12-01,174.75999450683594,180.3000030517578,173.67999267578125,188131000,33848529175.52185,179.9199981689453
2025-12-02,181.75999450683597,185.66000366210935,180.0,182632200,33140440238.16833,181.4600067138672
2025-12-03,181.0800018310547,182.4499969482422,179.11000061035156,165138000,29657132815.246586,179.58999633789062
2025-12-04,181.6199951171875,184.5200042724609,179.9600067138672,167364900,30691376179.211426,183.3800048828125
2025-12-05,183.88999938964844,184.66000366210935,180.91000366210935,143971100,26261768878.237915,182.41000366210935
2025-12-08,182.63999938964844,188.0,182.3999938964844,204378100,37922357078.71246,185.5500030517578
2025-12-09,185.55999755859372,185.72000122070312,183.32000732421875,144719700,26768803085.65979,184.97000122070312
2025-12-10,184.97000122070312,185.47999572753903,182.0399932861328,162785400,29916700613.287357,183.77999877929688
2025-12-11,180.27999877929688,181.32000732421875,176.6199951171875,182136600,32953973703.9917,180.92999267578125
2025-12-12,181.1100006103516,182.82000732421875,174.6199951171875,204274900,35752193870.75653,175.02000427246094
2025-12-15,177.94000244140625,178.4199981689453,175.02999877929688,164775600,29048289417.718506,176.2899932861328
2025-12-16,176.25999450683594,178.49000549316406,174.89999389648438,148588100,26407077313.38196,177.72000122070312
2025-12-17,176.10000610351562,176.1300048828125,170.30999755859375,222775500,38081244513.8855,170.94000244140625
2025-12-18,174.52999877929688,176.14999389648438,171.82000732421875,176096000,30665357332.51953,174.13999938964844
2025-12-19,176.6699981689453,181.4499969482422,176.33999633789062,324925900,58808340425.87128,180.9900054931641
2025-12-22,183.9199981689453,184.16000366210935,182.3500061035156,129064400,23707839951.098637,183.69000244140625
2025-12-23,182.97000122070312,189.3300018310547,182.8999938964844,174873600,33087835030.078125,189.2100067138672
2025-12-24,187.94000244140625,188.91000366210935,186.58999633789065,65528500,12359330424.995422,188.6100006103516
2025-12-26,189.9199981689453,192.69000244140625,188.0,139740300,26624719188.41858,190.52999877929688
2025-12-29,187.7100067138672,188.75999450683597,185.91000366210935,120006100,22587548288.49182,188.22000122070312
2025-12-30,188.2400054931641,188.9900054931641,186.92999267578125,97687300,18320275586.14044,187.5399932861328
2025-12-31,189.57000732421875,190.55999755859372,186.4900054931641,120100500,22398743250.0,186.5
2026-01-02,189.83999633789065,192.92999267578125,188.25999450683597,148240500,27995219329.788208,188.8500061035156
2026-01-05,191.75999450683597,193.6300048828125,186.1499938964844,183529700,34525606267.85889,188.1199951171875
2026-01-06,190.5200042724609,192.1699981689453,186.82000732421875,176862600,33115754195.53528,187.2400054931641
2026-01-07,188.57000732421875,191.3699951171875,186.55999755859372,153543200,29036554645.71533,189.1100006103516
2026-01-08,189.1100006103516,189.5500030517578,183.7100067138672,172457000,31911442122.146606,185.0399932861328
2026-01-09,185.0800018310547,186.33999633789065,183.6699981689453,131327500,24277201730.155945,184.8600006103516
2026-01-12,183.22000122070312,187.1199951171875,183.0200042724609,137968500,25515894726.83716,184.94000244140625
2026-01-13,185.0,188.1100006103516,183.3999938964844,160128900,29753550518.060303,185.80999755859372
2026-01-14,184.32000732421875,184.4600067138672,180.8000030517578,159586100,29226598256.59637,183.13999938964844
2026-01-15,186.5,189.6999969482422,186.3300018310547,206188600,38567578259.23767,187.0500030517578
2026-01-16,189.0800018310547,190.44000244140625,186.0800018310547,187967200,35005130852.91748,186.22999572753903
2026-01-20,181.8999938964844,182.3800048828125,177.61000061035156,223345300,39771099206.82984,178.07000732421875
2026-01-21,179.0500030517578,185.3800048828125,178.39999389648438,200381000,36733846387.63428,183.32000732421875
2026-01-22,184.75,186.1699981689453,183.92999267578125,139636600,25810428632.635494,184.83999633789065
2026-01-23,187.5,189.6000061035156,186.82000732421875,142748100,26789535665.620422,187.6699981689453
2026-01-26,187.16000366210935,189.1199951171875,185.9900054931641,124799600,23271381564.34326,186.47000122070312
2026-01-27,187.2400054931641,190.0,185.6999969482422,143711600,27092511446.0022,188.5200042724609
2026-01-28,191.2700042724609,192.3500061035156,189.83999633789065,148552700,28450813738.685608,191.5200042724609
2026-01-29,191.33999633789065,193.47999572753903,186.05999755859372,171764400,33066363700.46997,192.50999450683597
2026-01-30,191.2100067138672,194.4900054931641,189.47000122070312,179489500,34305829011.41357,191.1300048828125
2026-02-02,187.1999969482422,190.3000030517578,184.8800048828125,165794100,30773043002.192688,185.6100006103516
2026-02-03,186.2400054931641,186.2700042724609,176.22999572753906,204019600,36792893916.85791,180.33999633789065
2026-02-04,179.4600067138672,179.5800018310547,171.91000366210938,207014100,36059786584.40552,174.19000244140625
2026-02-05,174.92999267578125,176.82000732421875,171.02999877929688,206312900,35461062259.38721,171.8800048828125
2026-02-06,176.69000244140625,187.0,174.60000610351562,231346200,42893899789.21509,185.41000366210935
2026-02-09,184.25999450683597,193.66000366210935,183.9499969482422,196387400,37321460177.48108,190.0399932861328
2026-02-10,191.3800048828125,192.47999572753903,188.1199951171875,136764800,25785634473.779297,188.5399932861328
2026-02-11,192.4499969482422,193.25999450683597,188.7700042724609,144192700,27403823075.0412,190.0500030517578
2026-02-12,193.02999877929688,193.6100006103516,186.50999450683597,189932500,35505982013.70239,186.94000244140625
2026-02-13,187.47999572753903,187.5,181.58999633789065,161888000,29594744884.765625,182.80999755859372
2026-02-17,181.75,187.1499938964844,179.17999267578125,162276900,30016358391.09192,184.97000122070312
2026-02-18,188.75,190.3699951171875,186.75999450683597,164749100,30969535114.115906,187.97999572753903
2026-02-19,187.05999755859372,188.42999267578125,185.66000366210935,126554500,23779589777.57263,187.8999938964844
2026-02-20,186.57000732421875,190.3300018310547,185.94000244140625,178422300,33868122292.803955,189.82000732421875
2026-02-23,191.3999938964844,193.9499969482422,189.5800018310547,171584800,32867068963.635254,191.5500030517578
2026-02-24,191.4900054931641,193.7700042724609,187.3999938964844,175123600,33772587328.86963,192.8500061035156
2026-02-25,194.4499969482422,197.6300048828125,193.7899932861328,250637100,49014590664.09302,195.55999755859372
2026-02-26,194.2700042724609,194.2899932861328,184.32000732421875,360807900,66709772410.780334,184.88999938964844
2026-02-27,181.25,182.58999633789065,176.3800048828125,311636500,55218872195.8313,177.19000244140625
2026-03-02,175.00999450683594,183.4600067138672,174.63999938964844,209095300,38155709450.6485,182.47999572753903
2026-03-03,178.49000549316406,180.8999938964844,176.9199981689453,178099400,32066797513.516235,180.0500030517578
2026-03-04,180.44000244140625,184.6999969482422,180.05999755859375,177731200,32531917654.73633,183.0399932861328
2026-03-05,181.1699981689453,184.05999755859372,177.8800048828125,198779700,36444269470.047,183.33999633789065
2026-03-06,179.83999633789062,182.75999450683597,176.82000732421875,189021900,33611875642.437744,177.82000732421875
2026-03-09,176.8300018310547,182.91000366210935,175.55999755859375,177213600,32368062958.374023,182.6499938964844
2026-03-10,182.3999938964844,186.44000244140625,182.00999450683597,179118500,33095726010.276794,184.7700042724609
2026-03-11,185.91000366210935,187.6199951171875,184.4499969482422,145280400,27026512634.65576,186.02999877929688
2026-03-12,184.0500030517578,184.94000244140625,181.75,155762700,28526380782.929996,183.13999938964844
2026-03-13,184.9199981689453,186.08999633789065,179.94000244140625,160988400,29018159100.0,180.25
2026-03-16,182.97000122070312,188.8800048828125,181.41000366210935,217307400,39815062093.26782,183.22000122070312
2026-03-17,185.05999755859372,185.3999938964844,181.67999267578125,182497800,33201823417.34619,181.92999267578125
2026-03-18,182.47999572753903,183.3800048828125,180.3300018310547,156683100,28265630283.68225,180.3999938964844
2026-03-19,178.00999450683594,179.97999572753906,175.7899932861328,170968500,30528134942.59644,178.55999755859375
2026-03-20,178.0,178.25999450683594,171.72000122070312,241323500,41676567713.53912,172.6999969482422
2026-03-23,177.25999450683594,178.3699951171875,174.75999450683594,182836300,32113367620.40558,175.63999938964844
2026-03-24,174.8300018310547,176.22000122070312,173.97999572753906,147667800,25871398109.35364,175.1999969482422
2026-03-25,177.10000610351562,181.22000122070312,176.85000610351562,162602100,29053742037.06665,178.67999267578125
2026-03-26,176.07000732421875,176.50999450683594,171.13999938964844,186152200,31876703750.56457,171.24000549316406
2026-03-27,170.0,170.97000122070312,167.00999450683594,196212700,32869552342.311096,167.52000427246094
2026-03-30,168.77999877929688,169.4499969482422,164.27000427246094,185627000,30660011250.10681,165.1699981689453
2026-03-31,166.97000122070312,174.6199951171875,166.9600067138672,226181300,39446017339.4989,174.39999389648438
2026-04-01,176.0,177.3699951171875,174.75,168132000,29549199000.0,175.75
2026-04-02,172.17999267578125,177.49000549316406,171.3699951171875,143143200,25392172160.632324,177.38999938964844
2026-04-06,177.16000366210938,177.7899932861328,175.75999450683594,107564300,19107722186.34796,177.63999938964844
2026-04-07,175.72999572753906,178.22999572753906,173.66000366210938,132534900,23604466498.928837,178.10000610351562
2026-04-08,184.5,185.25999450683597,180.3000030517578,147732700,26899170286.506653,182.0800018310547
2026-04-09,181.83999633789065,184.0800018310547,180.6199951171875,116428500,21412365861.3739,183.91000366210935
2026-04-10,184.30999755859372,190.0,184.3000030517578,160459500,30267476268.49365,188.6300048828125
2026-04-13,186.02999877929688,189.66000366210935,185.7400054931641,133648200,25300940415.71045,189.30999755859372
2026-04-14,190.83999633789065,196.50999450683597,190.7700042724609,161307000,31698437683.914185,196.50999450683597
2026-04-15,196.5399932861328,200.3999938964844,195.7400054931641,185338400,36858246703.02734,198.8699951171875
2026-04-16,197.42999267578125,199.8500061035156,195.80999755859372,134012900,26581459532.94983,198.3500061035156
2026-04-17,199.8999938964844,201.6999969482422,199.2700042724609,160324400,32334223817.749023,201.67999267578125
2026-04-20,199.97999572753903,202.1699981689453,197.83999633789065,119381400,24122205392.541504,202.05999755859372
2026-04-21,202.1300048828125,202.75,199.0,107945300,21576107091.07666,199.8800048828125
2026-04-22,200.9900054931641,202.5,199.0,107501000,21768952500.0,202.5
2026-04-23,202.4600067138672,203.8300018310547,197.22000122070312,113561800,22671477682.687374,199.63999938964844
2026-04-24,199.9600067138672,210.9499969482422,199.80999755859372,214134400,44597772402.88086,208.2700042724609
2026-04-27,209.6499938964844,216.8300018310547,207.3800048828125,187172400,40543413678.24097,216.6100006103516
2026-04-28,209.4900054931641,214.72999572753903,208.1999969482422,180275400,38429306687.90588,213.1699981689453
2026-04-29,212.6999969482422,212.72000122070312,207.5800018310547,123711800,25886694150.0,209.25
2026-04-30,209.92999267578125,210.3000030517578,198.6999969482422,225239200,44950988793.70117,199.57000732421875
2026-05-01,201.27999877929688,203.0,197.1199951171875,128647000,25529996757.400517,198.4499969482422
2026-05-04,199.5,201.72999572753903,194.7400054931641,125368100,24883059952.36969,198.47999572753903
2026-05-05,199.3000030517578,200.2400054931641,196.02999877929688,113406600,22284396900.0,196.5
2026-05-06,199.88999938964844,208.2700042724609,198.6100006103516,188362800,39147441068.90259,207.8300018310547
2026-05-07,208.33999633789065,214.1999969482422,206.5,168307900,35597120850.0,211.5
2026-05-08,213.02999877929688,217.8000030517578,212.88999938964844,136421400,29357884863.674927,215.1999969482422
2026-05-11,214.0399932861328,222.3000030517578,213.88999938964844,160685800,35260892344.29932,219.44000244140625
2026-05-12,218.5500030517578,223.75,214.9199981689453,159176600,35143009553.69263,220.77999877929688
2026-05-13,224.92999267578125,227.83999633789065,221.57000732421875,150405400,33966051757.400517,225.8300018310547
2026-05-14,229.8500061035156,236.5399932861328,229.3000030517578,180782900,42617761839.07013,235.7400054931641
2026-05-15,229.75999450683597,231.5,224.2400054931641,180977600,40777874157.51953,225.32000732421875
2026-05-18,229.8699951171875,230.0,218.3699951171875,146280900,32521170759.39331,222.32000732421875
2026-05-19,219.6199951171875,224.47999572753903,217.91000366210935,140948200,31094582488.027954,220.6100006103516
2026-05-20,223.17999267578125,226.1300048828125,220.5,184201600,41163531776.85547,223.47000122070312
2026-05-21,222.2899932861328,227.3999938964844,217.92999267578125,203381800,44644337800.790405,219.50999450683597
2026-05-22,220.8999938964844,221.00999450683597,214.8000030517578,169275700,36450136790.95306,215.3300018310547
2026-05-26,216.5399932861328,218.17999267578125,212.0,187202600,40222350750.2594,214.8600006103516
2026-05-27,214.1199951171875,214.1499938964844,208.77999877929688,167601200,35632016142.95654,212.6000061035156
2026-05-28,211.27999877929688,215.5200042724609,211.22000122070312,143996000,30851143000.0,214.25
2026-05-29,214.5800018310547,217.8600006103516,211.1300048828125,289410600,61106153907.35779,211.13999938964844
2026-06-01,215.72999572753903,224.8699951171875,215.6999969482422,212850700,47755183181.91376,224.3600006103516
2026-06-02,227.17999267578125,232.27999877929688,221.3500061035156,193362900,43085122794.23218,222.82000732421875
2026-06-03,221.72000122070312,222.82000732421875,214.50999450683597,160907000,34554778250.0,214.75
2026-06-04,213.91000366210935,221.6000061035156,210.97000122070312,169022200,36958394870.97778,218.66000366210935
2026-06-05,214.52999877929688,214.8699951171875,204.3300018310547,219655500,45051344390.67078,205.1000061035156
2026-06-08,210.17999267578125,210.47000122070312,206.0,138372800,28870100907.543945,208.63999938964844
2026-06-09,210.6199951171875,211.3999938964844,199.33999633789065,180962500,37674583316.80298,208.19000244140625
2026-06-10,204.42999267578125,207.22000122070312,199.9199981689453,161746600,32417253275.83313,200.4199981689453
2026-06-11,201.4900054931641,205.66000366210935,199.5399932861328,158643200,32501231609.375,204.8699951171875
2026-06-12,204.8600006103516,207.07000732421875,203.44000244140625,112001800,22981649615.44189,205.19000244140625
2026-06-15,208.9199981689453,212.7100067138672,208.33999633789065,149936700,31854051457.429504,212.4499969482422
2026-06-16,211.17999267578125,211.4900054931641,207.2899932861328,125694100,26070213741.305546,207.41000366210935
2026-06-17,208.52999877929688,209.2100067138672,203.0800018310547,128363500,26269589491.53137,204.6499938964844
2026-06-18,207.3300018310547,211.38999938964844,206.5,241272000,50833598269.04297,210.69000244140625
2026-06-22,211.44000244140625,213.9900054931641,207.72000122070312,122041400,25463937365.11841,208.6499938964844
2026-06-23,202.1699981689453,203.7700042724609,200.0,153496200,30705378817.4469,200.0399932861328
2026-06-24,200.1199951171875,201.6699981689453,196.5800018310547,151810700,30210329300.0,199.0
2026-06-25,200.0800018310547,200.8000030517578,192.1300048828125,149550000,29272917821.50269,195.7400054931641
2026-06-26,193.1199951171875,195.5500030517578,191.22000122070312,179304100,34521418154.122925,192.52999877929688
2026-06-29,193.8500061035156,196.17999267578125,189.8000030517578,148835700,29018496610.684204,194.97000122070312
2026-06-30,197.2400054931641,200.6300048828125,195.1100006103516,166476700,33310322293.34412,200.08999633789065
2026-07-01,196.1999969482422,199.8500061035156,193.4499969482422,146147600,28875843075.604248,197.5800018310547
2026-07-02,197.13999938964844,200.05999755859372,192.3500061035156,142068700,27679245081.13556,194.8300018310547
2026-07-06,194.4199981689453,197.5500030517578,193.9900054931641,108999000,21314754782.63855,195.5500030517578
2026-07-07,192.3699951171875,198.41000366210935,191.13999938964844,124154600,24449764468.66455,196.92999267578125
2026-07-08,195.17999267578125,205.16000366210935,195.05999755859372,147419100,30091185972.180176,204.1199951171875
2026-07-09,204.4600067138672,204.58999633789065,198.9600067138672,132037400,26774543810.821533,202.77999877929688
2026-07-10,202.0,211.0,201.9199981689453,148421000,31310895156.47888,210.9600067138672
2026-07-13,208.5399932861328,210.57000732421875,203.0,121411000,24710780681.793213,203.52999877929688
2026-07-14,208.1999969482422,212.5500030517578,203.8000030517578,124379600,26343599659.576416,211.8000030517578
2026-07-15,211.9600067138672,213.80999755859372,206.0399932861328,124797200,26519405000.0,212.5
2026-07-16,210.1699981689453,211.0800018310547,205.8500061035156,122986100,25507316389.352417,207.3999938964844
2026-07-17,202.63999938964844,206.6499938964844,197.97000122070312,144281900,29261811786.749268,202.80999755859372
2026-07-20,205.8699951171875,207.7400054931641,202.27999877929688,88701500,18031240811.7218,203.27999877929688
2026-07-21,207.5399932861328,208.6499938964844,204.00999450683597,108685600,22529437294.29932,207.2899932861328
2026-07-22,205.80999755859372,214.38999938964844,204.9499969482422,137645600,29189125599.95117,212.05999755859372
2026-07-23,209.4600067138672,210.8699951171875,205.9600067138672,110505300,23069085820.976257,208.75999450683597
2026-07-24,207.4499969482422,211.91000366210935,204.80999755859372,114836800,23752843291.45508,206.83999633789065
2026-07-27,208.1999969482422,208.75,195.44000244140625,154353700,30332044739.1098,196.50999450683597
2026-07-28,195.0,198.6999969482422,192.7400054931641,134111500,26421305878.303528,197.00999450683597
2026-07-29,195.8500061035156,197.07000732421875,190.00999450683597,147680800,28060827996.765137,190.00999450683597
2026-07-30,193.4499969482422,197.25,191.5200042724609,129010200,25162148541.84265,195.0399932861328
2026-07-31,198.44000244140625,202.0,194.9499969482422,139961200,28097210900.0,200.75
2026-08-03,197.69000244140625,208.7400054931641,196.8500061035156,128406900,26534001737.626648,206.63999938964844
2026-08-04,211.3000030517578,213.05999755859372,209.0500030517578,134922000,28595369009.39941,211.94000244140625
2026-08-05,216.8600006103516,222.22000122070312,216.3999938964844,158187400,34677842021.09985,219.22000122070312
2026-08-06,221.52999877929688,223.6300048828125,217.0,113940600,24951852619.89441,218.9900054931641
2026-08-07,221.5399932861328,224.75999450683597,220.66000366210935,105669400,23665719533.45032,223.9600067138672
2026-08-10,223.3999938964844,224.13999938964844,216.7700042724609,115846600,25202428183.535767,217.5500030517578
2026-08-11,222.1699981689453,222.1999969482422,216.1999969482422,101273100,22026899250.0,217.5
2026-08-12,221.0399932861328,225.1000061035156,220.1999969482422,108783600,24377316525.62256,224.08999633789065
2026-08-13,225.05999755859372,227.22999572753903,223.7100067138672,98867200,22274780461.71875,225.3000030517578
2026-08-14,226.7700042724609,227.4900054931641,224.5,75680900,17040311721.151731,225.16000366210935
2026-08-17,225.97999572753903,227.9199981689453,224.8600006103516,93678700,21078643772.40753,225.00999450683597
2026-08-18,220.4499969482422,221.63999938964844,218.69000244140625,103128200,22661391234.50012,219.7400054931641
2026-08-19,221.6699981689453,222.8699951171875,216.75999450683597,96797300,21059220351.678467,217.55999755859372
2026-08-20,218.3600006103516,219.8600006103516,215.66000366210935,92457000,20049301014.312744,216.8500061035156
2026-08-21,218.4199981689453,218.7400054931641,214.5,98545600,21159711352.29492,214.72000122070312
