date,open,high,low,volume,amount,close
2015-01-02,112.48999786376952,114.8000030517578,112.31999969482422,7109600,811063181.0180664,114.08000183105467
2015-01-05,114.77999877929688,116.0,114.7300033569336,8177400,946942944.9554445,115.8000030517578
2015-01-06,116.22000122070312,117.5,115.8000030517578,11238300,1316229726.8669128,117.12000274658205
2015-01-07,116.47000122070312,116.87999725341795,116.16999816894533,6434200,749133907.963562,116.43000030517578
2015-01-08,116.4499969482422,116.87000274658205,115.8499984741211,7033700,815487195.1721191,115.94000244140624
2015-01-09,116.51000213623048,117.33999633789062,116.5,7962900,933729671.0105896,117.26000213623048
2015-01-12,117.45999908447266,118.70999908447266,117.31999969482422,8318200,986205771.6918944,118.55999755859376
2015-01-13,118.95999908447266,119.19000244140624,117.87000274658205,7693200,909028540.1733398,118.16000366210938
2015-01-14,119.08000183105467,119.31999969482422,117.9000015258789,7727400,911601387.4328612,117.97000122070312
2015-01-15,120.41000366210938,121.6999969482422,120.33999633789062,17692500,2139730993.19458,120.94000244140624
2015-01-16,121.7300033569336,123.1500015258789,121.70999908447266,14428200,1767743015.5654907,122.5199966430664
2015-01-20,123.62999725341795,124.5999984741211,123.48999786376952,14968600,1859100074.319458,124.1999969482422
2015-01-21,125.18000030517578,125.33999633789062,123.37000274658205,11082700,1376803858.203888,124.2300033569336
2015-01-22,125.06999969482422,125.58000183105467,124.1500015258789,10518400,1317219267.3095703,125.2300033569336
2015-01-23,124.43000030517578,124.5,123.3499984741211,6270900,779033928.0509949,124.2300033569336
2015-01-26,123.33000183105467,123.33999633789062,122.5199966430664,6768600,832470099.5407104,122.98999786376952
2015-01-27,123.55999755859376,124.63999938964844,123.51000213623048,9584800,1192349134.625244,124.4000015258789
2015-01-28,123.5199966430664,123.88999938964844,122.94000244140624,8470600,1045441436.4898682,123.41999816894533
2015-01-29,121.98999786376952,122.29000091552734,120.26000213623048,11998000,1448878505.6304932,120.76000213623048
2015-01-30,121.3000030517578,123.5500030517578,120.91999816894533,14555900,1796925810.5789185,123.4499969482422
2015-02-02,121.83999633789062,123.16000366210938,121.81999969482422,8885200,1087726167.730713,122.41999816894533
2015-02-03,121.73999786376952,121.76000213623048,120.55999755859376,8255900,999376720.1950072,121.0500030517578
2015-02-04,121.62999725341795,122.22000122070312,120.91999816894533,5386700,654914995.8633423,121.58000183105467
2015-02-05,120.9800033569336,121.83000183105467,120.61000061035156,6879900,837903027.2987366,121.79000091552734
2015-02-06,119.1500015258789,119.5199966430664,117.9499969482422,13206900,1566866607.939148,118.63999938964844
2015-02-09,118.83000183105467,119.4000015258789,118.7699966430664,5237200,624117114.4104004,119.16999816894533
2015-02-10,118.62999725341795,119.05999755859376,118.20999908447266,4086300,484103965.9881592,118.47000122070312
2015-02-11,118.48999786376952,118.56999969482422,117.0,6784400,794249705.9295654,117.06999969482422
2015-02-12,117.68000030517578,117.81999969482422,117.08999633789062,4344400,509771880.090332,117.33999633789062
2015-02-13,118.0500030517578,118.58000183105467,117.79000091552734,4108900,484768035.7933045,117.9800033569336
2015-02-17,116.4000015258789,116.54000091552734,115.58000183105467,7225200,838195467.4346924,116.01000213623048
2015-02-18,115.98999786376952,116.52999877929688,114.98999786376952,8336000,969810209.4726562,116.33999633789062
2015-02-19,116.4000015258789,116.54000091552734,115.73999786376952,6528700,756937493.939209,115.94000244140624
2015-02-20,116.0999984741211,116.45999908447266,115.0500030517578,6681700,770266367.8436279,115.27999877929688
2015-02-23,115.11000061035156,116.22000122070312,115.06999969482422,4812400,555495333.4686279,115.43000030517578
2015-02-24,115.0,115.5500030517578,114.29000091552734,7612900,877462870.2629089,115.26000213623048
2015-02-25,115.83000183105467,115.88999938964844,115.33000183105467,5032500,582260234.6420288,115.6999969482422
2015-02-26,116.54000091552734,116.5500030517578,115.83000183105467,4025400,467228176.7715454,116.06999969482422
2015-02-27,116.73999786376952,117.06999969482422,116.16000366210938,8255600,958970526.2329102,116.16000366210938
2015-03-02,116.5,116.63999938964844,115.62000274658205,7993300,924664946.4393616,115.68000030517578
2015-03-03,116.04000091552734,116.61000061035156,115.3499984741211,4738300,547131506.7840576,115.47000122070312
2015-03-04,115.6999969482422,115.79000091552734,115.0199966430664,4762400,548199866.9067383,115.11000061035156
2015-03-05,115.43000030517578,116.12000274658205,114.83999633789062,5872200,675303000.0,115.0
2015-03-06,113.16999816894533,113.26000213623048,111.6999969482422,11190800,1251802894.8303225,111.86000061035156
2015-03-09,112.41999816894533,112.62000274658205,111.9499969482422,5534000,619641986.7553711,111.97000122070312
2015-03-10,112.08999633789062,112.3499984741211,111.22000122070312,7019800,782146103.1463623,111.41999816894533
2015-03-11,111.2300033569336,111.25,110.16000366210938,6550400,725456800.0,110.75
2015-03-12,111.1500015258789,111.1999969482422,110.25,6631500,734239688.0950928,110.72000122070312
2015-03-13,111.0999984741211,111.27999877929688,110.51000213623048,4557600,505346675.4821777,110.87999725341795
2015-03-16,111.08999633789062,111.20999908447266,110.41999816894533,3265300,361827885.0280762,110.80999755859376
2015-03-17,109.91999816894533,111.3499984741211,109.7699966430664,8923300,983436884.8304749,110.20999908447266
2015-03-18,110.33000183105467,112.87000274658205,110.08999633789062,12448000,1398781794.1894531,112.37000274658205
2015-03-19,111.8499984741211,112.58000183105467,111.58000183105467,6537700,734118338.9854431,112.29000091552734
2015-03-20,112.70999908447266,114.0,112.66999816894533,8033400,912353235.5484008,113.56999969482422
2015-03-23,113.6999969482422,114.37000274658205,113.48999786376952,4240300,484623890.8821106,114.29000091552734
2015-03-24,114.3499984741211,114.6500015258789,113.81999969482422,2979300,341338400.0907898,114.56999969482422
2015-03-25,115.11000061035156,115.13999938964844,114.6500015258789,3021400,346645232.1426392,114.7300033569336
2015-03-26,115.7300033569336,115.83999633789062,115.33999633789062,5495200,634585714.4470215,115.4800033569336
2015-03-27,115.13999938964844,115.36000061035156,114.4499969482422,4921700,566290789.9841309,115.05999755859376
2015-03-30,113.9000015258789,114.01000213623048,113.54000091552734,4383900,498668625.0,113.75
2015-03-31,113.83999633789062,114.27999877929688,113.41000366210938,4383300,498205894.052124,113.66000366210938
2015-04-01,114.55999755859376,115.98999786376952,114.54000091552734,7324000,846654388.8244629,115.5999984741211
2015-04-02,115.47000122070312,115.72000122070312,114.68000030517578,3884100,447759043.258667,115.27999877929688
2015-04-06,117.31999969482422,117.47000122070312,116.5199966430664,5914200,690128012.4389648,116.69000244140624
2015-04-07,116.2699966430664,116.51000213623048,115.94000244140624,2468500,286617536.50665283,116.11000061035156
2015-04-08,115.9800033569336,116.02999877929688,114.9000015258789,5568500,642994701.7974854,115.47000122070312
2015-04-09,114.8000030517578,114.8499984741211,114.4800033569336,4707000,539751681.3812256,114.66999816894533
2015-04-10,116.0,116.19000244140624,115.5,3932400,456040432.80029297,115.97000122070312
2015-04-13,115.3499984741211,115.38999938964844,114.8000030517578,3190100,367308112.0529175,115.13999938964844
2015-04-14,114.69000244140624,115.06999969482422,114.38999938964844,3651500,417877668.9147949,114.44000244140624
2015-04-15,114.8000030517578,115.5999984741211,114.47000122070312,3656000,422012081.11572266,115.43000030517578
2015-04-16,115.5500030517578,115.66000366210938,114.63999938964844,3132300,360308465.1763916,115.02999877929688
2015-04-17,115.37999725341795,115.79000091552734,115.2300033569336,3496300,404172274.6650696,115.5999984741211
2015-04-20,114.81999969482422,114.9499969482422,114.31999969482422,3932800,451170820.8007813,114.72000122070312
2015-04-21,114.72000122070312,115.55999755859376,114.6500015258789,3317700,382796216.8876648,115.37999725341795
2015-04-22,114.83000183105467,114.95999908447266,113.7699966430664,5696000,648375690.4296875,113.83000183105467
2015-04-23,113.9000015258789,114.95999908447266,113.80999755859376,3459500,396666282.6690674,114.66000366210938
2015-04-24,113.95999908447266,114.06999969482422,112.7699966430664,7152900,808635366.8289185,113.0500030517578
2015-04-27,113.87000274658205,115.81999969482422,113.66999816894533,7487600,863544921.7102051,115.33000183105467
2015-04-28,115.36000061035156,116.62000274658205,115.33999633789062,8054400,936968366.7480468,116.33000183105467
2015-04-29,116.05999755859376,116.38999938964844,115.27999877929688,7170500,828264470.3178406,115.51000213623048
2015-04-30,113.87999725341795,113.87999725341795,112.95999908447266,9440300,1071190852.5238036,113.47000122070312
2015-05-01,112.41999816894533,113.30999755859376,112.27999877929688,7597000,859068773.9105225,113.08000183105467
2015-05-04,114.18000030517578,114.44000244140624,113.87999725341795,3648100,416248204.4334412,114.0999984741211
2015-05-05,114.88999938964844,115.11000061035156,114.38999938964844,3856500,441260722.9385376,114.41999816894533
2015-05-06,114.58999633789062,114.75,114.0199966430664,3280700,375180854.0023804,114.36000061035156
2015-05-07,113.83999633789062,114.01000213623048,113.31999969482422,5455100,618717432.0114136,113.41999816894533
2015-05-08,114.33999633789062,114.43000030517578,113.58999633789062,9964100,1135608489.163208,113.97000122070312
2015-05-11,114.08999633789062,114.30999755859376,113.08000183105467,2916700,331132947.4395752,113.52999877929688
2015-05-12,114.0999984741211,114.66999816894533,114.05999755859376,3256700,372892150.0,114.5
2015-05-13,115.73999786376952,116.93000030517578,115.68000030517578,11768200,1371583745.9136963,116.5500030517578
2015-05-14,117.27999877929688,117.75,117.02999877929688,6923000,811237142.1127319,117.18000030517578
2015-05-15,116.8000030517578,117.62999725341795,116.68000030517578,4447300,522691163.571167,117.52999877929688
2015-05-18,117.77999877929688,117.87999725341795,117.2699966430664,5079900,596989830.947113,117.5199966430664
2015-05-19,116.5500030517578,116.7300033569336,115.6500015258789,5052100,585487865.9164429,115.88999938964844
2015-05-20,116.02999877929688,116.37999725341795,115.76000213623048,4432600,514536216.116333,116.08000183105467
2015-05-21,115.52999877929688,116.0,115.47000122070312,2514700,290925649.1394043,115.69000244140624
2015-05-22,115.51000213623048,115.93000030517578,115.31999969482422,1780200,205791117.2836304,115.5999984741211
2015-05-26,113.83999633789062,114.2300033569336,113.6999969482422,5769600,657215157.1289062,113.91000366210938
2015-05-27,113.77999877929688,114.01000213623048,113.62999725341795,2681100,305350477.3635864,113.88999938964844
2015-05-28,113.8499984741211,114.16000366210938,113.20999908447266,5266000,600429302.3223877,114.0199966430664
2015-05-29,114.13999938964844,114.4800033569336,114.0,3407500,388795744.8005676,114.0999984741211
2015-06-01,115.0199966430664,115.5,113.9000015258789,8254000,940956000.0,114.0
2015-06-02,114.36000061035156,114.6500015258789,114.16999816894533,3988600,456535152.3483277,114.45999908447266
2015-06-03,114.12999725341795,114.37000274658205,113.08000183105467,4885200,555154125.0183105,113.63999938964844
2015-06-04,112.9800033569336,113.1500015258789,112.4800033569336,5566600,628135123.614502,112.83999633789062
2015-06-05,111.5999984741211,112.38999938964844,111.56999969482422,5561300,624200300.1197815,112.23999786376952
2015-06-08,112.38999938964844,112.66000366210938,112.12999725341795,3122100,351454796.0472107,112.56999969482422
2015-06-09,113.1500015258789,113.2300033569336,112.70999908447266,3529900,398243316.92276,112.81999969482422
2015-06-10,114.13999938964844,114.13999938964844,113.69000244140624,5452900,620430955.3436279,113.77999877929688
2015-06-11,113.2699966430664,113.41000366210938,112.91999816894533,4434700,502274131.47354126,113.26000213623048
2015-06-12,113.05999755859376,113.5,112.95999908447266,2998500,339520165.0657654,113.2300033569336
2015-06-15,113.27999877929688,114.1500015258789,113.20999908447266,5055100,574916539.969635,113.7300033569336
2015-06-16,113.08000183105467,113.4499969482422,112.79000091552734,4033300,457053554.7691345,113.31999969482422
2015-06-17,113.06999969482422,114.04000091552734,112.62999725341795,6456000,735015590.1489258,113.8499984741211
2015-06-18,115.19000244140624,115.61000061035156,114.88999938964844,8041300,927322713.54599,115.31999969482422
2015-06-19,115.33999633789062,115.45999908447266,114.9499969482422,4611600,530887404.6661377,115.12000274658205
2015-06-22,113.79000091552734,113.94000244140624,113.33999633789062,5763700,654986864.4821167,113.63999938964844
2015-06-23,112.95999908447266,113.16999816894533,112.79000091552734,4522800,510578889.239502,112.88999938964844
2015-06-24,112.4800033569336,112.73999786376952,112.30999755859376,2975500,335011534.10339355,112.58999633789062
2015-06-25,112.43000030517578,112.70999908447266,112.31999969482422,2904700,326604475.09155273,112.44000244140624
2015-06-26,112.1999969482422,112.68000030517578,112.12999725341795,4392600,494431045.2758789,112.55999755859376
2015-06-29,112.80999755859376,113.2300033569336,112.52999877929688,5820200,658090012.2238159,113.06999969482422
2015-06-30,112.23999786376952,113.0500030517578,111.83999633789062,7897000,887385911.6897583,112.37000274658205
2015-07-01,112.12000274658205,112.51000213623048,111.94000244140624,4409000,493719834.8007202,111.9800033569336
2015-07-02,111.66000366210938,111.83999633789062,111.41000366210938,3838600,429001944.2001343,111.76000213623048
2015-07-06,111.70999908447266,112.58000183105467,111.62999725341795,4259800,477353177.60009766,112.05999755859376
2015-07-07,111.08000183105467,111.13999938964844,110.0500030517578,9073400,1004969803.3828737,110.76000213623048
2015-07-08,111.37999725341795,111.6500015258789,111.08000183105467,5694900,632646420.1446533,111.08999633789062
2015-07-09,111.8000030517578,111.93000030517578,111.1500015258789,3802900,423490946.321106,111.36000061035156
2015-07-10,111.18000030517578,111.70999908447266,111.02999877929688,3594900,400795393.3204651,111.48999786376952
2015-07-13,110.43000030517578,111.13999938964844,110.36000061035156,4279300,474959497.85842896,110.98999786376952
2015-07-14,111.0,111.08000183105467,110.62999725341795,2601000,288034734.4436645,110.73999786376952
2015-07-15,110.0,110.19000244140624,109.58000183105467,9286200,1022967826.00708,110.16000366210938
2015-07-16,109.66999816894533,110.01000213623048,109.5999984741211,4629700,508155881.8901062,109.76000213623048
2015-07-17,109.11000061035156,109.16000366210938,108.4000015258789,14858300,1614354317.6719666,108.6500015258789
2015-07-20,106.5999984741211,106.6500015258789,105.62000274658205,15751700,1664954641.9296265,105.6999969482422
2015-07-21,105.80999755859376,106.31999969482422,105.25,10519800,1108471354.8934937,105.37000274658205
2015-07-22,104.38999938964844,105.08999633789062,104.18000030517578,8349200,874996185.4797363,104.8000030517578
2015-07-23,104.9800033569336,105.3000030517578,104.1999969482422,5779300,602954379.5822144,104.33000183105467
2015-07-24,103.61000061035156,105.58999633789062,103.43000030517578,11572700,1219183927.3414612,105.3499984741211
2015-07-27,104.94000244140624,105.68000030517578,104.66000366210938,10690100,1120963892.5247192,104.86000061035156
2015-07-28,105.08999633789062,105.33000183105467,104.83000183105467,5549200,582776965.3717041,105.0199966430664
2015-07-29,104.93000030517578,105.62999725341795,104.48999786376952,5616900,590729362.7151489,105.16999816894533
2015-07-30,104.02999877929688,104.97000122070312,103.86000061035156,6652000,693604017.6696777,104.2699966430664
2015-07-31,105.41000366210938,105.75,104.69000244140624,6689200,701897758.0413818,104.93000030517578
2015-08-03,104.58999633789062,104.81999969482422,104.0500030517578,3528600,367327254.6157837,104.0999984741211
2015-08-04,104.55999755859376,104.75,103.9499969482422,3241000,338068702.08740234,104.30999755859376
2015-08-05,104.41999816894533,104.5,103.77999877929688,5041000,523911131.5383911,103.93000030517578
2015-08-06,104.1500015258789,104.86000061035156,104.13999938964844,3908100,407966556.61468506,104.38999938964844
2015-08-07,104.55999755859376,105.37999725341795,104.5500030517578,4400900,460554191.7152405,104.6500015258789
2015-08-10,105.02999877929688,106.2699966430664,104.91999816894533,5892600,622965679.1931152,105.72000122070312
2015-08-11,106.48999786376952,106.62999725341795,105.7699966430664,4060900,431511242.6750183,106.26000213623048
2015-08-12,106.98999786376952,107.91000366210938,106.93000030517578,10022500,1079924375.0,107.75
2015-08-13,106.9499969482422,107.18000030517578,106.70999908447266,4761700,508835264.90631104,106.86000061035156
2015-08-14,107.06999969482422,107.41000366210938,106.54000091552734,3509200,374958014.64538574,106.8499984741211
2015-08-17,107.37000274658205,107.51000213623048,107.0,5769100,618043667.1546936,107.12999725341795
2015-08-18,106.66999816894533,107.33000183105467,106.30999755859376,4121800,441486000.5157471,107.11000061035156
2015-08-19,107.62999725341795,108.66999816894533,107.62999725341795,7035100,763660126.4694214,108.5500030517578
2015-08-20,109.80999755859376,110.61000061035156,109.6999969482422,12549000,1385911590.637207,110.44000244140624
2015-08-21,110.93000030517578,111.33000183105467,110.12000274658205,13917600,1546662849.77417,111.12999725341795
2015-08-24,111.54000091552734,112.12000274658205,109.7699966430664,18388700,2032502988.5528564,110.52999877929688
2015-08-25,110.01000213623048,110.0500030517578,108.72000122070312,9974200,1088783708.526611,109.16000366210938
2015-08-26,107.72000122070312,108.05999755859376,107.08000183105467,10856600,1168930102.1209717,107.66999816894533
2015-08-27,107.33000183105467,108.04000091552734,107.11000061035156,8102100,872839260.1982117,107.7300033569336
2015-08-28,108.16999816894533,109.3000030517578,108.12000274658205,7558900,821652406.9320679,108.6999969482422
2015-08-31,108.19000244140624,108.91999816894533,108.02999877929688,4532100,493183120.6169128,108.81999969482422
2015-09-01,109.62999725341795,109.7699966430664,108.94000244140624,7077800,772895738.4002686,109.1999969482422
2015-09-02,109.01000213623048,109.33999633789062,108.45999908447266,4115700,447047345.30410767,108.62000274658205
2015-09-03,107.7699966430664,108.31999969482422,107.55999755859376,3913100,421988689.6697998,107.83999633789062
2015-09-04,107.13999938964844,107.55999755859376,107.06999969482422,4025000,432647241.4016724,107.48999786376952
2015-09-08,107.5999984741211,107.94000244140624,107.30999755859376,5982100,643195371.9184875,107.5199966430664
2015-09-09,106.63999938964844,106.70999908447266,105.4800033569336,8855100,939791738.6787416,106.12999725341795
2015-09-10,106.61000061035156,106.6999969482422,106.18000030517578,6204000,659981502.9602051,106.37999725341795
2015-09-11,105.6500015258789,106.1999969482422,105.2699966430664,4023900,427177238.7359619,106.16000366210938
2015-09-14,105.86000061035156,106.38999938964844,105.77999877929688,2350800,249701978.8696289,106.22000122070312
2015-09-15,105.83000183105467,106.05999755859376,105.68000030517578,2905000,307639504.4326782,105.9000015258789
2015-09-16,106.5999984741211,107.70999908447266,106.55999755859376,5315600,570417023.0224609,107.30999755859376
2015-09-17,107.06999969482422,108.58000183105467,106.95999908447266,8403800,911055988.7756348,108.41000366210938
2015-09-18,109.0999984741211,109.37999725341795,108.81999969482422,6794300,742005496.7796326,109.20999908447266
2015-09-21,108.48999786376952,108.66000366210938,108.33000183105467,4104800,445493938.9892578,108.52999877929688
2015-09-22,107.58000183105467,107.95999908447266,107.44000244140624,5483300,591044912.0201111,107.79000091552734
2015-09-23,108.54000091552734,108.63999938964844,108.1999969482422,2744200,296977327.3498535,108.22000122070312
2015-09-24,109.66999816894533,110.81999969482422,109.62999725341795,11024300,1218074883.4495544,110.48999786376952
2015-09-25,109.87000274658205,110.02999877929688,109.5500030517578,5209500,572055182.2814941,109.80999755859376
2015-09-28,108.37000274658205,108.91000366210938,108.2699966430664,3809600,413036825.02441406,108.41999816894533
2015-09-29,108.23999786376952,108.69000244140624,107.87999725341795,4043600,436627941.5740967,107.9800033569336
2015-09-30,106.77999877929688,107.08000183105467,106.47000122070312,7405600,791362420.5200195,106.86000061035156
2015-10-01,106.9800033569336,107.20999908447266,106.62999725341795,4278600,456654992.3629761,106.7300033569336
2015-10-02,108.54000091552734,109.31999969482422,108.54000091552734,7730600,842558077.4856567,108.98999786376952
2015-10-05,109.13999938964844,109.37999725341795,108.45999908447266,5490200,597169035.5697632,108.7699966430664
2015-10-06,109.8000030517578,110.26000213623048,109.62999725341795,7513900,825477058.5861206,109.86000061035156
2015-10-07,109.75,110.13999938964844,109.33999633789062,5355500,587498333.656311,109.6999969482422
2015-10-08,109.16000366210938,110.2699966430664,109.05999755859376,5038200,549869144.9249268,109.13999938964844
2015-10-09,110.54000091552734,111.0500030517578,110.2300033569336,7907300,876682372.7180481,110.87000274658205
2015-10-12,111.66999816894533,111.7300033569336,111.01000213623048,6257900,696566833.7219238,111.30999755859376
2015-10-13,111.36000061035156,111.87000274658205,111.27999877929688,5149600,576034259.1430664,111.86000061035156
2015-10-14,112.62999725341795,113.9499969482422,112.3000030517578,10207800,1161749693.0786133,113.80999755859376
2015-10-15,113.1999969482422,113.98999786376952,112.94000244140624,14083900,1595565043.8941956,113.29000091552734
2015-10-16,113.23999786376952,113.44000244140624,112.43000030517578,7328000,824326704.3457031,112.48999786376952
2015-10-19,112.63999938964844,112.69000244140624,111.88999938964844,3959400,443531974.7085571,112.0199966430664
2015-10-20,112.37999725341795,113.08999633789062,112.37999725341795,4903200,552737752.4597168,112.7300033569336
2015-10-21,112.37000274658205,112.37000274658205,111.41000366210938,3908800,436730237.121582,111.7300033569336
2015-10-22,111.5199966430664,112.20999908447266,111.43000030517578,3436400,383811524.3896485,111.69000244140624
2015-10-23,111.80999755859376,111.83999633789062,110.95999908447266,4868400,542826600.0,111.5
2015-10-26,111.7300033569336,111.9800033569336,111.33000183105467,2573500,286765105.7853699,111.43000030517578
2015-10-27,111.30999755859376,111.80999755859376,111.29000091552734,2646100,295516448.80752563,111.68000030517578
2015-10-28,112.68000030517578,113.25,110.30999755859376,8201200,908528925.9887697,110.77999877929688
2015-10-29,110.2300033569336,110.5999984741211,109.66000366210938,5150800,565145782.2875977,109.72000122070312
2015-10-30,109.5,109.58000183105467,109.05999755859376,5543200,605871776.9165039,109.3000030517578
2015-11-02,108.63999938964844,108.83999633789062,108.45999908447266,5843300,634523925.6011963,108.58999633789062
2015-11-03,107.79000091552734,107.80999755859376,106.68000030517578,7145300,764404217.9862976,106.9800033569336
2015-11-04,107.0199966430664,107.08999633789062,105.91999816894533,7617800,807258275.2990723,105.97000122070312
2015-11-05,106.01000213623048,106.0999984741211,105.58000183105467,5931100,626561400.3799438,105.63999938964844
2015-11-06,104.16999816894533,104.41999816894533,104.0199966430664,8831900,919400776.52359,104.0999984741211
2015-11-09,104.29000091552734,104.58000183105467,104.19000244140624,4129200,431088486.3006592,104.4000015258789
2015-11-10,104.08999633789062,104.6500015258789,103.87000274658205,4450800,463684345.3582764,104.18000030517578
2015-11-11,104.08999633789062,104.2300033569336,103.77999877929688,3527600,366270714.4592285,103.83000183105467
2015-11-12,103.08999633789062,104.31999969482422,103.04000091552734,6300500,654306915.3862,103.8499984741211
2015-11-13,103.54000091552734,103.73999786376952,103.4499969482422,3224200,333898144.128418,103.55999755859376
2015-11-16,103.9800033569336,104.02999877929688,103.5199966430664,2951200,306068949.2980957,103.70999908447266
2015-11-17,103.37999725341795,103.4000015258789,101.9800033569336,8593100,879417822.5311279,102.33999633789062
2015-11-18,102.38999938964844,102.9499969482422,102.04000091552734,5043800,516636435.5392456,102.43000030517578
2015-11-19,103.06999969482422,104.08999633789062,103.06999969482422,5087600,526871843.5791016,103.55999755859376
2015-11-20,103.58000183105467,103.66000366210938,102.97000122070312,5971600,615612222.1313477,103.08999633789062
2015-11-23,102.4800033569336,102.75,102.16000366210938,4042500,413386058.63571167,102.26000213623048
2015-11-24,103.12000274658205,103.25,102.69000244140624,3479600,358190032.4951172,102.94000244140624
2015-11-25,102.47000122070312,102.69000244140624,102.20999908447266,2931300,300340995.3163147,102.45999908447266
2015-11-27,101.01000213623048,101.62000274658205,100.98999786376952,4993600,505602000.0,101.25
2015-11-30,101.52999877929688,102.37999725341795,101.5199966430664,6773000,690304147.5982666,101.91999816894533
2015-12-01,102.3000030517578,102.43000030517578,101.80999755859376,4645900,475182646.32873535,102.27999877929688
2015-12-02,101.3499984741211,101.3499984741211,100.52999877929688,10223500,1029404239.9597168,100.69000244140624
2015-12-03,101.2300033569336,101.97000122070312,100.8499984741211,6499900,661429837.8852844,101.76000213623048
2015-12-04,102.73999786376952,104.20999908447266,102.6500015258789,10670200,1109914168.1808472,104.0199966430664
2015-12-07,103.31999969482422,103.37000274658205,102.5,4393500,451080636.9552612,102.66999816894533
2015-12-08,103.12999725341795,103.26000213623048,102.52999877929688,3412300,350920919.5037842,102.83999633789062
2015-12-09,103.62999725341795,103.66000366210938,102.31999969482422,6026300,618539428.3218384,102.63999938964844
2015-12-10,102.51000213623048,102.83000183105467,102.33999633789062,3853500,395176436.75994873,102.5500030517578
2015-12-11,101.91000366210938,103.31999969482422,101.8499984741211,6798400,700983028.1494141,103.11000061035156
2015-12-14,102.58000183105467,102.72000122070312,101.73999786376952,5563800,566339207.093811,101.79000091552734
2015-12-15,101.70999908447266,102.05999755859376,101.41000366210938,6831100,693493249.0684509,101.5199966430664
2015-12-16,102.58999633789062,103.1999969482422,101.66000366210938,8292200,852023550.0,102.75
2015-12-17,100.91999816894533,100.98999786376952,100.2300033569336,10156200,1020698100.0,100.5
2015-12-18,101.3499984741211,102.52999877929688,101.3000030517578,8345900,851615643.6408997,102.04000091552734
2015-12-21,102.9499969482422,103.5199966430664,102.83000183105467,6378900,657983544.733429,103.1500015258789
2015-12-22,103.08999633789062,103.1999969482422,102.55999755859376,4123500,423112337.5167847,102.61000061035156
2015-12-23,102.4000015258789,102.58999633789062,102.20999908447266,2821400,288657427.1118164,102.30999755859376
2015-12-24,102.81999969482422,103.0500030517578,102.7699966430664,1710200,176236115.2191162,103.0500030517578
2015-12-28,102.4800033569336,102.5999984741211,102.02999877929688,3356200,343238562.7334595,102.2699966430664
2015-12-29,102.5199966430664,102.58000183105467,102.11000061035156,2832200,289450831.3568115,102.1999969482422
2015-12-30,101.47000122070312,101.5999984741211,101.3499984741211,3745000,379817893.1427002,101.41999816894533
2015-12-31,101.4800033569336,101.72000122070312,101.30999755859376,3823600,387942452.4993897,101.45999908447266
2016-01-04,103.12999725341795,103.66999816894533,102.48999786376952,6440000,662611596.0693359,102.88999938964844
2016-01-05,103.12999725341795,103.45999908447266,102.93000030517578,3500300,361160955.0682068,103.18000030517578
2016-01-06,104.37000274658205,104.8000030517578,103.93000030517578,9316600,975168504.940796,104.66999816894533
2016-01-07,105.83000183105467,106.23999786376952,105.19000244140624,11730400,1245181977.89917,106.1500015258789
2016-01-08,105.4800033569336,105.8000030517578,105.04000091552734,7678200,811432178.3432007,105.68000030517578
2016-01-11,105.47000122070312,105.56999969482422,104.70999908447266,6272400,656971162.600708,104.73999786376952
2016-01-12,104.08999633789062,104.58999633789062,103.6500015258789,5540200,577344236.9277954,104.20999908447266
2016-01-13,103.88999938964844,104.81999969482422,103.77999877929688,7324200,766990232.9406738,104.72000122070312
2016-01-14,103.75,104.18000030517578,102.5,9989100,1029077048.4672546,103.0199966430664
2016-01-15,104.91999816894533,104.95999908447266,103.97000122070312,10052700,1046285034.4070436,104.08000183105467
2016-01-19,104.05999755859376,104.4499969482422,103.6500015258789,4588400,477101847.4029541,103.9800033569336
2016-01-20,105.16999816894533,106.16000366210938,104.94000244140624,10120900,1066439260.797882,105.37000274658205
2016-01-21,104.98999786376952,105.48999786376952,104.5199966430664,5425000,572283238.4109497,105.48999786376952
2016-01-22,104.93000030517578,105.51000213623048,104.76000213623048,4185300,439456500.0,105.0
2016-01-25,105.76000213623048,106.08999633789062,105.5999984741211,6819400,723401964.4866943,106.08000183105467
2016-01-26,106.31999969482422,107.43000030517578,106.26000213623048,8443400,905892393.7301636,107.29000091552734
2016-01-27,106.86000061035156,107.93000030517578,106.6500015258789,8273400,890962466.1987305,107.69000244140624
2016-01-28,106.5500030517578,106.86000061035156,106.4800033569336,5914200,630098873.4146118,106.54000091552734
2016-01-29,106.61000061035156,107.0,106.26000213623048,8098700,866155940.284729,106.9499969482422
2016-02-01,107.54000091552734,108.1500015258789,107.52999877929688,10471800,1131478021.9573977,108.0500030517578
2016-02-02,107.91999816894533,108.18000030517578,107.3499984741211,6656000,719447015.625,108.08999633789062
2016-02-03,107.91000366210938,109.58000183105467,107.9000015258789,15785200,1724533100.0,109.25
2016-02-04,110.4499969482422,110.6999969482422,109.91999816894533,13213700,1461038804.9674988,110.56999969482422
2016-02-05,109.79000091552734,112.3499984741211,109.58000183105467,14777300,1659786331.490326,112.31999969482422
2016-02-08,113.66999816894533,114.87000274658205,113.38999938964844,28341200,3226078847.894287,113.83000183105467
2016-02-09,114.43000030517578,114.69000244140624,113.5500030517578,18156700,2062238019.2459104,113.58000183105467
2016-02-10,113.91999816894533,114.5199966430664,112.9800033569336,13311100,1523588493.813324,114.45999908447266
2016-02-11,118.58999633789062,120.83999633789062,117.7699966430664,49139000,5850489220.031738,119.05999755859376
2016-02-12,118.12000274658205,118.73999786376952,117.87999725341795,16981200,2009894842.364502,118.36000061035156
2016-02-16,116.0,116.30999755859376,114.73999786376952,14601700,1675837059.9830627,114.7699966430664
2016-02-17,115.47000122070312,116.06999969482422,114.88999938964844,10582400,1222055587.524414,115.4800033569336
2016-02-18,115.3000030517578,118.5999984741211,115.29000091552734,13586500,1607147097.4388125,118.29000091552734
2016-02-19,117.26000213623048,117.97000122070312,117.0999984741211,15192000,1786275387.8173828,117.58000183105467
2016-02-22,115.44000244140624,116.19000244140624,115.41000366210938,10677800,1233179099.1897583,115.48999786376952
2016-02-23,116.68000030517578,117.41999816894533,116.5199966430664,9033400,1058895159.0270996,117.22000122070312
2016-02-24,119.0,119.86000061035156,117.3499984741211,17938800,2109782278.9489744,117.61000061035156
2016-02-25,117.62000274658205,118.91000366210938,117.54000091552734,12500300,1474035353.111267,117.91999816894533
2016-02-26,117.43000030517578,117.72000122070312,115.86000061035156,12505100,1464472268.632507,117.11000061035156
2016-02-29,117.58999633789062,118.6999969482422,117.52999877929688,11517500,1366436192.970276,118.63999938964844
2016-03-01,118.73999786376952,119.11000061035156,117.33999633789062,14139300,1665185313.5353088,117.7699966430664
2016-03-02,118.33999633789062,118.97000122070312,118.06999969482422,8903000,1056608042.71698,118.68000030517578
2016-03-03,118.86000061035156,121.3000030517578,118.80999755859376,18724100,2260560655.8555603,120.7300033569336
2016-03-04,121.12999725341795,122.37000274658205,120.22000122070312,16261100,1960113008.8874817,120.54000091552734
2016-03-07,121.18000030517578,121.58000183105467,120.41000366210938,9358600,1133700798.287964,121.13999938964844
2016-03-08,121.79000091552734,121.87999725341795,120.47000122070312,11531000,1390408001.1138916,120.58000183105467
2016-03-09,119.1999969482422,120.38999938964844,118.83999633789062,8672900,1037105397.8805542,119.58000183105467
2016-03-10,120.5,121.76000213623048,120.41999816894533,18104900,2199745350.0,121.5
2016-03-11,121.19000244140624,121.38999938964844,119.36000061035156,10812300,1291096782.5958252,119.41000366210938
2016-03-14,120.2699966430664,120.30999755859376,117.5,14236200,1678020933.100891,117.87000274658205
2016-03-15,117.77999877929688,118.04000091552734,117.36000061035156,9941800,1172734718.8980105,117.95999908447266
2016-03-16,117.41999816894533,120.76000213623048,117.33999633789062,17334000,2090306996.520996,120.58999633789062
2016-03-17,121.16000366210938,121.18000030517578,120.02999877929688,9914300,1191004831.7695618,120.12999725341795
2016-03-18,119.58999633789062,120.33999633789062,119.51000213623048,16965900,2032514871.7758176,119.8000030517578
2016-03-21,119.0,119.33000183105467,118.7300033569336,7240600,861341769.3710327,118.95999908447266
2016-03-22,119.7300033569336,120.16000366210938,118.95999908447266,6786800,809733091.4306641,119.30999755859376
2016-03-23,116.73999786376952,117.12000274658205,116.16000366210938,15993700,1865025366.76178,116.61000061035156
2016-03-24,116.7699966430664,116.94000244140624,116.3000030517578,6280900,730657108.5006714,116.33000183105467
2016-03-28,116.7300033569336,116.91000366210938,116.2699966430664,3879100,452303054.08096313,116.5999984741211
2016-03-29,117.36000061035156,118.80999755859376,116.8000030517578,14472400,1718742254.9163818,118.76000213623048
2016-03-30,117.87999725341795,118.1999969482422,116.91000366210938,10769100,1261061593.5676577,117.0999984741211
2016-03-31,118.16000366210938,118.38999938964844,117.5999984741211,9348200,1099722242.2943115,117.63999938964844
2016-04-01,116.08000183105467,116.9800033569336,115.5500030517578,10405400,1216703425.175476,116.93000030517578
2016-04-04,116.66999816894533,116.7300033569336,116.06999969482422,7643700,887815766.6633606,116.1500015258789
2016-04-05,117.76000213623048,117.93000030517578,117.1500015258789,8865900,1043161826.4678956,117.66000366210938
2016-04-06,116.6999969482422,117.38999938964844,116.26000213623048,7549400,882826854.4311523,116.94000244140624
2016-04-07,118.6500015258789,118.8499984741211,115.0,11900500,1411518312.2634888,118.61000061035156
2016-04-08,118.06999969482422,118.7699966430664,117.9800033569336,9078900,1075214129.7706604,118.43000030517578
2016-04-11,119.47000122070312,120.3000030517578,119.41999816894533,9846000,1181815367.980957,120.02999877929688
2016-04-12,120.2300033569336,120.3499984741211,119.5500030517578,9689500,1163224504.570007,120.0500030517578
2016-04-13,119.37000274658205,119.43000030517578,118.55999755859376,8841500,1050104925.3196716,118.7699966430664
2016-04-14,118.08999633789062,118.19000244140624,116.9499969482422,13165800,1541846846.0357666,117.11000061035156
2016-04-15,117.33000183105467,118.12000274658205,117.19000244140624,7838100,924268737.6480104,117.91999816894533
2016-04-18,118.52999877929688,118.55999755859376,117.62999725341795,5809800,684045839.5889282,117.73999786376952
2016-04-19,119.87000274658205,120.08999633789062,119.37000274658205,21031500,2514946808.5098267,119.58000183105467
2016-04-20,119.66999816894533,120.08000183105467,118.72000122070312,10233200,1217443816.4916992,118.97000122070312
2016-04-21,120.41999816894533,120.5500030517578,119.12999725341795,14612800,1745060549.243164,119.41999816894533
2016-04-22,118.70999908447266,119.0199966430664,117.27999877929688,10047000,1184440823.867798,117.88999938964844
2016-04-25,118.13999938964844,118.70999908447266,118.11000061035156,4369400,516594176.6677856,118.2300033569336
2016-04-26,118.79000091552734,118.88999938964844,118.4499969482422,9906800,1175937129.7668457,118.6999969482422
2016-04-27,118.97000122070312,119.6999969482422,118.43000030517578,7976400,949510663.3026124,119.04000091552734
2016-04-28,119.91999816894533,121.41999816894533,119.7300033569336,15133600,1835554357.8552248,121.29000091552734
2016-04-29,122.43000030517578,123.93000030517578,122.33999633789062,19043900,2354778264.0586853,123.6500015258789
2016-05-02,123.77999877929688,123.95999908447266,123.0500030517578,12137500,1495825474.0715027,123.23999786376952
2016-05-03,123.7300033569336,123.81999969482422,122.51000213623048,9063600,1114460247.7020264,122.95999908447266
2016-05-04,122.8499984741211,123.2300033569336,121.51000213623048,9398200,1148554013.395691,122.20999908447266
2016-05-05,122.62999725341795,122.7300033569336,121.25,8846900,1079941080.3001404,122.06999969482422
2016-05-06,122.83000183105467,123.80999755859376,122.58999633789062,11366800,1400162427.468872,123.18000030517578
2016-05-09,121.1999969482422,121.29000091552734,120.58999633789062,9236200,1114347544.0933228,120.6500015258789
2016-05-10,120.73999786376952,121.37999725341795,120.08000183105467,9845000,1191048133.0490112,120.9800033569336
2016-05-11,121.8499984741211,122.16000366210938,121.37999725341795,7590100,926903032.8468324,122.12000274658205
2016-05-12,122.0199966430664,122.38999938964844,121.0,7447100,902290663.2720948,121.16000366210938
2016-05-13,121.08999633789062,121.86000061035156,120.66000366210938,7672800,933856480.9753418,121.70999908447266
2016-05-16,122.93000030517578,122.97000122070312,121.37999725341795,7103000,865145421.6766357,121.8000030517578
2016-05-17,121.58000183105467,122.5199966430664,121.4800033569336,8619800,1053511966.5222168,122.22000122070312
2016-05-18,121.22000122070312,121.91999816894533,119.87999725341795,13381700,1607142149.5811462,120.0999984741211
2016-05-19,119.0,119.9800033569336,118.91999816894533,14339700,1718899878.3851624,119.87000274658205
2016-05-20,120.19000244140624,120.31999969482422,119.30999755859376,10379400,1242517964.4973755,119.70999908447266
2016-05-23,118.86000061035156,119.5999984741211,118.75,8628200,1029948257.6980592,119.37000274658205
2016-05-24,118.16999816894533,118.2300033569336,117.25,12772000,1498155638.9770508,117.3000030517578
2016-05-25,116.58999633789062,117.05999755859376,116.31999969482422,10487300,1226804389.2051697,116.9800033569336
2016-05-26,117.56999969482422,117.62999725341795,116.38999938964844,5893500,687064240.7913208,116.58000183105467
2016-05-27,116.2699966430664,116.36000061035156,115.29000091552734,8686700,1004356277.858734,115.62000274658205
2016-05-31,115.76000213623048,116.4000015258789,115.5,8187600,950252836.0107422,116.05999755859376
2016-06-01,115.97000122070312,116.13999938964844,115.1999969482422,8399600,973849644.506836,115.94000244140624
2016-06-02,115.77999877929688,115.97000122070312,115.58000183105467,4591600,531110363.5925293,115.66999816894533
2016-06-03,118.25,118.88999938964844,118.2300033569336,14605100,1736254247.8858948,118.87999725341795
2016-06-06,118.88999938964844,119.16999816894533,118.45999908447266,9887900,1175869049.8947144,118.91999816894533
2016-06-07,118.5,119.0199966430664,118.41000366210938,4602900,546916576.5953064,118.81999969482422
2016-06-08,120.3000030517578,120.77999877929688,120.2300033569336,11661700,1406167807.3532104,120.58000183105467
2016-06-09,120.61000061035156,121.4800033569336,120.5500030517578,12174000,1476097500.0,121.25
2016-06-10,121.5500030517578,122.0999984741211,121.18000030517578,13940000,1697055570.2209473,121.73999786376952
2016-06-13,122.8000030517578,122.83000183105467,122.02999877929688,12594200,1544552680.3131104,122.63999938964844
2016-06-14,123.0,123.05999755859376,122.3000030517578,11651700,1430479169.8860168,122.7699966430664
2016-06-15,122.5199966430664,123.87000274658205,122.37999725341795,15053000,1861755044.593811,123.68000030517578
2016-06-16,125.16999816894533,125.66999816894533,122.2300033569336,26635000,3259591226.844788,122.37999725341795
2016-06-17,123.26000213623048,124.0999984741211,122.69000244140624,15573800,1930372462.4725344,123.9499969482422
2016-06-20,122.26000213623048,123.33000183105467,122.12999725341795,11866200,1462034491.1361694,123.20999908447266
2016-06-21,121.6500015258789,121.86000061035156,120.7699966430664,14585600,1762523850.5859375,120.83999633789062
2016-06-22,120.83000183105467,121.25,120.68000030517578,7861000,950394911.994934,120.9000015258789
2016-06-23,120.48999786376952,121.02999877929688,120.05999755859376,10704900,1285765545.5337524,120.11000061035156
2016-06-24,126.62000274658205,126.81999969482422,125.0,35782900,4508645400.0,126.0
2016-06-27,126.44000244140624,127.0500030517578,125.83000183105467,21228800,2689264390.478516,126.68000030517578
2016-06-28,125.55999755859376,126.0199966430664,125.05999755859376,16001500,2005307975.1167295,125.31999969482422
2016-06-29,125.91000366210938,126.80999755859376,125.6999969482422,12218400,1537563411.2548828,125.83999633789062
2016-06-30,125.9499969482422,126.5199966430664,125.5,15981600,2021192971.508789,126.47000122070312
2016-07-01,127.66000366210938,128.4199981689453,127.44000244140624,14940700,1918535341.7144773,128.41000366210938
2016-07-05,128.8000030517578,129.58999633789062,128.1699981689453,19026200,2463322137.225342,129.47000122070312
2016-07-06,130.5,131.14999389648438,129.82000732421875,17376700,2262967566.758728,130.22999572753906
2016-07-07,129.82000732421875,130.1199951171875,128.97999572753906,16508500,2141812880.683899,129.74000549316406
2016-07-08,129.85000610351562,130.52000427246094,128.97000122070312,17634200,2301615859.3414307,130.52000427246094
2016-07-11,129.49000549316406,129.89999389648438,129.16000366210938,10855600,1403520451.1169434,129.2899932861328
2016-07-12,128.52000427246094,128.5399932861328,126.98999786376952,26459600,3364338180.374145,127.1500015258789
2016-07-13,128.0,128.42999267578125,127.61000061035156,7377700,946706518.0358888,128.32000732421875
2016-07-14,126.30999755859376,127.37000274658205,126.02999877929688,12132400,1544818514.215088,127.33000183105467
2016-07-15,126.37999725341795,127.19000244140624,126.33000183105467,13892100,1762073913.1256104,126.83999633789062
2016-07-18,127.0199966430664,127.5,126.62999725341795,8489700,1078531495.7725525,127.04000091552734
2016-07-19,126.9499969482422,127.3499984741211,126.81999969482422,5170700,657764742.2660828,127.20999908447266
2016-07-20,125.5,126.12000274658205,125.30999755859376,11777700,1476805795.8114624,125.38999938964844
2016-07-21,125.66000366210938,127.37000274658205,125.5999984741211,9399200,1196518188.684082,127.3000030517578
2016-07-22,126.43000030517578,126.5199966430664,126.01000213623048,7716000,974916588.2263184,126.3499984741211
2016-07-25,125.52999877929688,126.20999908447266,125.11000061035156,13139400,1648600534.0393066,125.47000122070312
2016-07-26,126.08999633789062,126.13999938964844,125.75,7613200,959263200.0,126.0
2016-07-27,126.79000091552734,128.1199951171875,126.04000091552734,17066400,2185011171.166992,128.02999877929688
2016-07-28,128.08999633789062,128.1999969482422,127.20999908447266,9261800,1182361421.9177246,127.66000366210938
2016-07-29,128.4199981689453,129.41000366210938,127.87999725341795,13708200,1768083577.432251,128.97999572753906
2016-08-01,128.57000732421875,129.33999633789062,128.55999755859375,7109900,918741286.6790771,129.22000122070312
2016-08-02,130.0399932861328,130.5500030517578,129.94000244140625,7652800,996930288.6962892,130.27000427246094
2016-08-03,129.9499969482422,129.9600067138672,129.27000427246094,5010700,649637224.4171143,129.64999389648438
2016-08-04,130.00999450683594,130.27999877929688,129.82000732421875,4908100,637414923.034668,129.8699951171875
2016-08-05,128.4600067138672,128.5500030517578,127.38999938964844,16205100,2066960554.4540403,127.5500030517578
2016-08-08,127.29000091552734,127.6999969482422,127.2699966430664,6773800,863253088.5375977,127.44000244140624
2016-08-09,127.94000244140624,128.13999938964844,127.75,7500400,959751177.1331788,127.95999908447266
2016-08-10,129.1199951171875,129.1999969482422,128.14999389648438,6196200,796583456.8725586,128.55999755859375
2016-08-11,128.61000061035156,129.19000244140625,127.4800033569336,9763800,1246544328.1219482,127.66999816894533
2016-08-12,127.66999816894533,129.25999450683594,127.1999969482422,15395800,1961424943.4921265,127.4000015258789
2016-08-15,127.62000274658205,128.25,127.5999984741211,4530800,579217455.4077148,127.83999633789062
2016-08-16,128.1199951171875,129.0399932861328,128.0,8678100,1114875517.5933838,128.47000122070312
2016-08-17,128.1699981689453,128.99000549316406,127.45999908447266,12034800,1546471800.0,128.5
2016-08-18,128.88999938964844,129.1699981689453,128.5800018310547,9500600,1226622471.798706,129.11000061035156
2016-08-19,128.0800018310547,128.6699981689453,127.86000061035156,10660100,1364173010.0128174,127.97000122070312
2016-08-22,127.62999725341795,127.91999816894533,127.4499969482422,8627200,1102383605.46875,127.77999877929688
2016-08-23,128.13999938964844,128.22000122070312,127.61000061035156,9038500,1154758779.308319,127.76000213623048
2016-08-24,126.91999816894533,126.97000122070312,126.3000030517578,13539700,1710605648.4161377,126.33999633789062
2016-08-25,125.9800033569336,126.30999755859376,125.95999908447266,5926300,748076868.8941956,126.2300033569336
2016-08-26,126.87999725341795,128.11000061035156,125.81999969482422,17967700,2264828639.833069,126.0500030517578
2016-08-29,126.0,126.4800033569336,125.93000030517578,5562400,702531136.9750977,126.3000030517578
2016-08-30,125.7300033569336,125.9499969482422,124.87999725341795,9877000,1234921297.9431152,125.02999877929688
2016-08-31,124.7300033569336,125.11000061035156,124.63999938964844,13324100,1662581181.7352295,124.77999877929688
2016-09-01,124.66999816894533,125.51000213623048,124.5500030517578,12877700,1613447044.7898865,125.29000091552734
2016-09-02,126.29000091552734,126.56999969482422,125.58000183105467,11318600,1432595198.5458374,126.56999969482422
2016-09-06,127.4000015258789,129.0800018310547,127.2699966430664,15115300,1945490364.4821167,128.7100067138672
2016-09-07,128.7899932861328,128.86000061035156,128.1199951171875,8859800,1136446583.8531494,128.27000427246094
2016-09-08,128.16000366210938,128.52000427246094,127.4000015258789,10561800,1347580023.3215332,127.58999633789062
2016-09-09,127.23999786376952,127.51000213623048,126.6999969482422,12485600,1582549800.0,126.75
2016-09-12,126.30999755859376,126.91999816894533,125.97000122070312,11140300,1410250536.203003,126.58999633789062
2016-09-13,126.47000122070312,126.5999984741211,125.52999877929688,8866400,1114949800.0,125.75
2016-09-14,126.0999984741211,126.54000091552734,126.02999877929688,5820700,734455927.7763367,126.18000030517578
2016-09-15,125.7300033569336,126.0999984741211,124.91000366210938,12790400,1603532483.1298828,125.37000274658205
2016-09-16,124.80999755859376,125.25,124.66999816894533,18995100,2375527159.625244,125.05999755859376
2016-09-19,125.61000061035156,125.62000274658205,125.25,4959600,621537070.4864502,125.31999969482422
2016-09-20,125.30999755859376,125.58999633789062,125.16999816894533,5672000,711495693.8476562,125.44000244140624
2016-09-21,126.33000183105467,127.41999816894533,125.95999908447266,13646400,1736777282.1899414,127.2699966430664
2016-09-22,127.56999969482422,128.1999969482422,127.5,15188000,1937533155.3649905,127.56999969482422
2016-09-23,127.5999984741211,127.86000061035156,127.43000030517578,7702300,983198606.7527772,127.6500015258789
2016-09-26,127.95999908447266,128.0399932861328,127.41999816894533,5842700,745236402.8305054,127.5500030517578
2016-09-27,126.86000061035156,126.9000015258789,126.33999633789062,6220700,787665051.0856628,126.62000274658205
2016-09-28,126.25,126.4000015258789,125.7300033569336,6757700,852956902.2491455,126.22000122070312
2016-09-29,125.83999633789062,126.33999633789062,125.54000091552734,7448400,939019785.7269288,126.06999969482422
2016-09-30,126.5199966430664,126.5500030517578,125.23999786376952,11204300,1407708245.161438,125.63999938964844
2016-10-03,125.31999969482422,125.45999908447266,124.9000015258789,9044100,1133406609.2399597,125.31999969482422
2016-10-04,123.16000366210938,123.18000030517578,120.86000061035156,24372700,2948365548.751831,120.97000122070312
2016-10-05,121.33000183105467,121.58999633789062,120.4000015258789,14718100,1777652100.033569,120.77999877929688
2016-10-06,119.69000244140624,119.9800033569336,119.23999786376952,17917700,2144032047.616577,119.66000366210938
2016-10-07,120.48999786376952,120.58000183105467,118.41999816894533,17907300,2144220063.74588,119.73999786376952
2016-10-10,119.73999786376952,120.41999816894533,119.73999786376952,4514400,542450320.5322266,120.16000366210938
2016-10-11,119.91999816894533,120.16000366210938,119.52999877929688,6065300,725106633.5098267,119.5500030517578
2016-10-12,119.72000122070312,120.06999969482422,119.29000091552734,4848600,580571353.642273,119.73999786376952
2016-10-13,120.0,120.41999816894533,119.8000030517578,7184600,862367529.2297363,120.02999877929688
2016-10-14,119.37000274658205,120.16000366210938,119.29000091552734,6577300,785066532.0144653,119.36000061035156
2016-10-17,119.6999969482422,119.91999816894533,119.58000183105467,4777900,571819073.4580994,119.68000030517578
2016-10-18,120.08000183105467,120.63999938964844,119.81999969482422,4919700,592430264.9917603,120.41999816894533
2016-10-19,121.12999725341795,121.45999908447266,120.88999938964844,6019800,729057981.6741943,121.11000061035156
2016-10-20,121.38999938964844,121.58999633789062,120.62999725341795,6496700,784411544.1215515,120.73999786376952
2016-10-21,120.9000015258789,120.93000030517578,120.5500030517578,6707800,810503486.2823486,120.83000183105467
2016-10-24,121.27999877929688,121.3000030517578,120.16000366210938,5481100,660801402.6184082,120.55999755859376
2016-10-25,120.88999938964844,121.76000213623048,120.86000061035156,6141100,745959424.49646,121.47000122070312
2016-10-26,121.37000274658205,121.52999877929688,120.61000061035156,3905900,471793664.5759583,120.79000091552734
2016-10-27,121.11000061035156,121.18000030517578,120.75,4336000,524699369.2626953,121.01000213623048
2016-10-28,121.1999969482422,122.4800033569336,120.80999755859376,11639900,1415179063.3132937,121.58000183105467
2016-10-31,121.51000213623048,122.0,121.2300033569336,7722100,941632892.8527832,121.94000244140624
2016-11-01,122.8000030517578,123.20999908447266,122.56999969482422,13384300,1642655183.9302063,122.7300033569336
2016-11-02,123.76000213623048,124.76000213623048,123.55999755859376,15692400,1940208326.4221191,123.63999938964844
2016-11-03,123.36000061035156,124.33000183105467,123.3499984741211,10093100,1254572360.8016968,124.3000030517578
2016-11-04,124.4000015258789,124.54000091552734,124.04000091552734,8594600,1069082288.7542723,124.38999938964844
2016-11-07,122.66000366210938,122.70999908447266,121.87999725341795,10015000,1223332265.2816772,122.1500015258789
2016-11-08,122.12000274658205,123.08999633789062,121.36000061035156,9480600,1153220178.213501,121.63999938964844
2016-11-09,124.3000030517578,124.3499984741211,121.11000061035156,18236500,2216828895.477295,121.55999755859376
2016-11-10,121.5199966430664,121.54000091552734,119.37999725341795,22268000,2666593000.0,119.75
2016-11-11,119.6500015258789,119.69000244140624,116.2300033569336,20381800,2386708748.8998413,117.0999984741211
2016-11-14,116.12000274658205,117.13999938964844,115.48999786376952,20729400,2406890646.6522217,116.11000061035156
2016-11-15,116.45999908447266,117.23999786376952,116.29000091552734,9348600,1094908057.6766968,117.12000274658205
2016-11-16,117.2699966430664,117.2699966430664,116.58000183105467,5486100,640611878.5835266,116.7699966430664
2016-11-17,116.91000366210938,117.22000122070312,115.44000244140624,10342300,1201464972.062683,116.16999816894533
2016-11-18,115.5199966430664,115.7699966430664,114.95999908447266,10444300,1202661160.936737,115.1500015258789
2016-11-21,115.72000122070312,115.94000244140624,115.29000091552734,6654200,769092448.1842041,115.58000183105467
2016-11-22,115.72000122070312,115.79000091552734,114.9800033569336,6391900,738520131.8519592,115.54000091552734
2016-11-23,113.87000274658205,113.87999725341795,112.6500015258789,20982100,2376222825.0,113.25
2016-11-25,113.41999816894533,113.51000213623048,112.3499984741211,5345900,602001802.2628784,112.61000061035156
2016-11-28,113.2300033569336,113.83999633789062,112.7699966430664,5655400,643584537.2589111,113.8000030517578
2016-11-29,112.76000213623048,113.4800033569336,112.69000244140624,7438600,842570197.0291138,113.2699966430664
2016-11-30,112.69000244140624,112.79000091552734,111.5,10925500,1220924625.0,111.75
2016-12-01,111.11000061035156,111.98999786376952,110.62999725341795,10237000,1141834989.3722534,111.54000091552734
2016-12-02,111.88999938964844,112.31999969482422,111.77999877929688,7416500,831686305.4733276,112.13999938964844
2016-12-05,111.1500015258789,112.11000061035156,110.30999755859376,10187900,1136358375.327301,111.54000091552734
2016-12-06,111.69000244140624,112.02999877929688,111.19000244140624,5533700,616620192.6887512,111.43000030517578
2016-12-07,112.12999725341795,112.5,111.7699966430664,4901800,548168302.9754639,111.83000183105467
2016-12-08,111.72000122070312,111.87000274658205,111.45999908447266,5977800,666943144.1757202,111.56999969482422
2016-12-09,111.18000030517578,111.25,110.19000244140624,10507700,1160050096.0334778,110.4000015258789
2016-12-12,110.58999633789062,111.11000061035156,110.2699966430664,6156700,682285492.1211243,110.81999969482422
2016-12-13,110.56999969482422,110.79000091552734,110.05999755859376,7961600,879358695.703125,110.4499969482422
2016-12-14,110.9499969482422,110.9800033569336,108.5199966430664,12933600,1407563711.682129,108.83000183105467
2016-12-15,107.8499984741211,107.98999786376952,107.0,14427500,1548647797.164917,107.33999633789062
2016-12-16,107.9499969482422,108.77999877929688,107.4800033569336,10602800,1145632572.3571775,108.0500030517578
2016-12-19,108.5999984741211,108.87999725341795,108.33999633789062,5339100,579772849.4476318,108.58999633789062
2016-12-20,107.47000122070312,108.0,107.29000091552734,7321100,789141375.7026672,107.79000091552734
2016-12-21,108.25,108.30999755859376,107.68000030517578,5188700,559601287.0826721,107.8499984741211
2016-12-22,107.68000030517578,108.0999984741211,107.48999786376952,4942800,531795833.8989258,107.58999633789062
2016-12-23,107.83999633789062,108.25,107.8000030517578,5012200,540966747.529602,107.93000030517578
2016-12-27,108.61000061035156,108.66999816894533,108.23999786376952,3685500,400097871.00219727,108.55999755859376
2016-12-28,108.4000015258789,108.91000366210938,108.29000091552734,5091200,554228035.1074219,108.86000061035156
2016-12-29,109.2300033569336,110.52999877929688,109.16000366210938,7563900,834222537.9249573,110.29000091552734
2016-12-30,110.37999725341795,110.62000274658205,109.52999877929688,8873700,972646262.4160768,109.61000061035156
2017-01-03,109.62000274658205,111.0,109.37000274658205,7527400,831551887.1887207,110.47000122070312
2017-01-04,111.05999755859376,111.22000122070312,110.61000061035156,4904100,543668528.9932251,110.86000061035156
2017-01-05,112.16000366210938,112.94000244140624,112.06999969482422,9606800,1081533561.5905762,112.58000183105467
2017-01-06,111.80999755859376,112.37999725341795,111.56999969482422,7686100,858921675.0,111.75
2017-01-09,112.38999938964844,113.04000091552734,112.18000030517578,5674600,639357171.6094971,112.66999816894533
2017-01-10,112.94000244140624,113.4499969482422,112.63999938964844,6093400,689468219.2977905,113.1500015258789
2017-01-11,112.87000274658205,114.19000244140624,112.16999816894533,9918700,1125772450.0,113.5
2017-01-12,114.5199966430664,114.93000030517578,113.80999755859376,8457300,963371073.9715576,113.91000366210938
2017-01-13,113.6500015258789,114.30999755859376,113.19000244140624,7261500,829335908.3518982,114.20999908447266
2017-01-17,115.88999938964844,115.95999908447266,115.5,9142400,1059147026.0498048,115.8499984741211
2017-01-18,115.73999786376952,115.91999816894533,114.55999755859376,6498100,746436764.8475647,114.87000274658205
2017-01-19,114.31999969482422,114.95999908447266,113.94000244140624,6437000,738774468.3914185,114.7699966430664
2017-01-20,114.6500015258789,115.76000213623048,114.31999969482422,12261500,1410685612.4191284,115.0500030517578
2017-01-23,115.51000213623048,116.16999816894533,115.1999969482422,6373100,737941254.8347473,115.79000091552734
2017-01-24,115.69000244140624,116.0199966430664,114.94000244140624,5798800,668427656.5338135,115.2699966430664
2017-01-25,114.13999938964844,114.44000244140624,113.68000030517578,6697500,765658197.9560852,114.31999969482422
2017-01-26,113.23999786376952,113.51000213623048,112.83000183105467,5390500,610528041.5153503,113.26000213623048
2017-01-27,112.93000030517578,113.5500030517578,112.80999755859376,6706600,761132019.6731567,113.48999786376952
2017-01-30,113.61000061035156,114.3000030517578,113.54000091552734,7687800,876178575.3845215,113.97000122070312
2017-01-31,115.2699966430664,115.81999969482422,115.18000030517578,10421900,1204250576.8051147,115.5500030517578
2017-02-01,114.66000366210938,115.4499969482422,114.13999938964844,6932900,798670058.8424683,115.1999969482422
2017-02-02,116.26000213623048,116.56999969482422,115.62999725341795,7189500,832831653.6712646,115.83999633789062
2017-02-03,115.7300033569336,116.37000274658205,115.70999908447266,9455500,1098067189.0296936,116.12999725341795
2017-02-06,117.06999969482422,117.73999786376952,116.73999786376952,8547800,1006076033.9141846,117.6999969482422
2017-02-07,117.30999755859376,117.73999786376952,117.1999969482422,8621000,1012622652.1072388,117.45999908447266
2017-02-08,118.08999633789062,118.58999633789062,117.80999755859376,9633400,1138571569.519043,118.19000244140624
2017-02-09,118.19000244140624,118.58000183105467,117.1999969482422,8177200,959103795.4864502,117.29000091552734
2017-02-10,116.68000030517578,117.86000061035156,116.66999816894533,9072100,1066878946.157074,117.5999984741211
2017-02-13,116.7300033569336,116.9499969482422,116.1500015258789,7354900,859052342.4453735,116.8000030517578
2017-02-14,117.51000213623048,117.55999755859376,116.37999725341795,6927800,810067656.1141968,116.93000030517578
2017-02-15,116.33000183105467,117.4800033569336,116.25,7088400,832532558.3679199,117.4499969482422
2017-02-16,117.93000030517578,118.3499984741211,117.83000183105467,6378700,753196907.6797485,118.08000183105467
2017-02-17,118.19000244140624,118.4000015258789,117.62000274658205,7338100,863547610.2394104,117.68000030517578
2017-02-21,117.04000091552734,118.0,116.7699966430664,6166900,726152475.0,117.75
2017-02-22,117.86000061035156,118.0199966430664,117.23999786376952,6057200,714204474.1821289,117.91000366210938
2017-02-23,118.76000213623048,119.16000366210938,118.68000030517578,7523300,894821320.3674316,118.94000244140624
2017-02-24,119.73999786376952,119.87999725341795,119.25,9809000,1174137270.0653076,119.6999969482422
2017-02-27,119.7300033569336,120.4000015258789,119.12000274658205,9263500,1103468145.4429626,119.12000274658205
2017-02-28,119.70999908447266,119.83999633789062,118.81999969482422,8727800,1040615623.298645,119.2300033569336
2017-03-01,117.9800033569336,119.12000274658205,117.9499969482422,8679600,1033393154.8095704,119.05999755859376
2017-03-02,117.76000213623048,118.33999633789062,117.2300033569336,10986300,1291769174.116516,117.58000183105467
2017-03-03,116.9499969482422,117.7300033569336,116.44000244140624,10665800,1253338180.784607,117.51000213623048
2017-03-06,117.3499984741211,117.3499984741211,116.62999725341795,4883500,570002125.9613037,116.72000122070312
2017-03-07,116.12999725341795,116.25,115.62000274658205,6846300,792664605.6427002,115.77999877929688
2017-03-08,114.98999786376952,115.36000061035156,114.9499969482422,7620900,876860735.3942871,115.05999755859376
2017-03-09,114.77999877929688,115.02999877929688,114.41000366210938,6410900,733855730.8258057,114.47000122070312
2017-03-10,114.4499969482422,114.7300033569336,114.12999725341795,7929500,909672249.6795654,114.72000122070312
2017-03-13,114.62999725341795,114.91000366210938,114.51000213623048,5807400,666341063.5940552,114.73999786376952
2017-03-14,114.54000091552734,115.01000213623048,114.02999877929688,5301800,605041430.5618286,114.12000274658205
2017-03-15,114.29000091552734,116.25,114.0199966430664,13524100,1572176625.0,116.25
2017-03-16,117.2699966430664,117.29000091552734,116.69000244140624,9322000,1088157091.293335,116.7300033569336
2017-03-17,117.04000091552734,117.2699966430664,116.91000366210938,4683000,547864159.9960327,116.98999786376952
2017-03-20,117.30999755859376,117.5999984741211,117.20999908447266,4000200,470063510.5453491,117.51000213623048
2017-03-21,117.7699966430664,118.8000030517578,117.76000213623048,9567900,1134178874.759674,118.54000091552734
2017-03-22,118.87000274658205,119.1500015258789,118.68000030517578,7287400,865961755.3436279,118.83000183105467
2017-03-23,119.1500015258789,119.25,118.31999969482422,6201100,735884525.6454468,118.66999816894533
2017-03-24,118.5,119.20999908447266,118.38999938964844,6879600,817709260.1989746,118.86000061035156
2017-03-27,119.93000030517578,120.08000183105467,119.2699966430664,8519600,1018347777.6000977,119.52999877929688
2017-03-28,119.73999786376952,119.83000183105467,118.77999877929688,7112800,846707718.5119629,119.04000091552734
2017-03-29,119.22000122070312,119.4499969482422,119.0500030517578,4911000,586029638.9923096,119.33000183105467
2017-03-30,118.7699966430664,119.12000274658205,118.31999969482422,6894600,816803270.4162598,118.47000122070312
2017-03-31,118.61000061035156,119.08000183105467,118.45999908447266,8520800,1011589386.4013672,118.72000122070312
2017-04-03,118.69000244140624,119.37000274658205,118.66999816894533,6105700,728715285.6834412,119.3499984741211
2017-04-04,119.58999633789062,119.7699966430664,119.37999725341795,4687300,560694838.874054,119.62000274658205
2017-04-05,118.62000274658205,119.62999725341795,118.4000015258789,8106000,969639742.263794,119.62000274658205
2017-04-06,119.22000122070312,119.41999816894533,118.9800033569336,4633500,552220531.414032,119.18000030517578
2017-04-07,120.3000030517578,120.66999816894533,119.13999938964844,12351100,1475462394.6922302,119.45999908447266
2017-04-10,119.04000091552734,119.69000244140624,118.8499984741211,4623700,552347197.7668762,119.45999908447266
2017-04-11,120.33000183105467,121.4000015258789,120.29000091552734,12455300,1509457837.4084473,121.19000244140624
2017-04-12,121.37999725341795,122.22000122070312,121.13999938964844,9502500,1159495018.1007383,122.0199966430664
2017-04-13,122.54000091552734,122.6500015258789,122.02999877929688,9892600,1212832744.9050903,122.5999984741211
2017-04-17,122.5500030517578,123.06999969482422,121.98999786376952,8469600,1035323885.9069824,122.23999786376952
2017-04-18,122.43000030517578,123.02999877929688,121.7300033569336,10903700,1339192430.6724548,122.81999969482422
2017-04-19,122.25,122.26000213623048,121.27999877929688,8472700,1031381799.4422911,121.7300033569336
2017-04-20,121.81999969482422,122.16999816894533,121.5,11787300,1437579097.2084043,121.95999908447266
2017-04-21,122.13999938964844,122.61000061035156,121.7300033569336,15608000,1909014441.8945312,122.30999755859376
2017-04-24,120.7699966430664,121.51000213623048,120.66000366210938,11053600,1342791365.1062012,121.4800033569336
2017-04-25,120.52999877929688,120.87000274658205,120.0500030517578,10344800,1243962200.0,120.25
2017-04-26,120.20999908447266,120.95999908447266,119.87000274658205,9758800,1179253356.262207,120.83999633789062
2017-04-27,120.41999816894533,120.5999984741211,119.97000122070312,8267000,995264124.9542236,120.38999938964844
2017-04-28,120.33999633789062,120.7699966430664,120.2699966430664,9134200,1103137303.3370972,120.7699966430664
2017-05-01,120.20999908447266,120.75,119.3499984741211,9331800,1116736488.912964,119.66999816894533
2017-05-02,119.3000030517578,119.6500015258789,119.23999786376952,4900800,586380727.4780273,119.6500015258789
2017-05-03,119.18000030517578,119.33999633789062,117.91999816894533,10811100,1275493614.2921448,117.9800033569336
2017-05-04,116.80999755859376,117.27999877929688,116.62999725341795,12406900,1449001862.3588562,116.79000091552734
2017-05-05,116.86000061035156,117.06999969482422,116.68000030517578,7127200,833953687.2253418,117.01000213623048
2017-05-08,117.02999877929688,117.13999938964844,116.68000030517578,5438400,634933200.0,116.75
2017-05-09,116.18000030517578,116.23999786376952,115.55999755859376,6801300,789290885.7559204,116.0500030517578
2017-05-10,116.41999816894533,116.5,115.86000061035156,4290500,497869623.92807007,116.04000091552734
2017-05-11,116.20999908447266,116.8499984741211,116.19000244140624,6274400,730967600.0,116.5
2017-05-12,117.06999969482422,117.16000366210938,116.7300033569336,5434500,634912644.9508667,116.83000183105467
2017-05-15,117.5199966430664,117.54000091552734,116.98999786376952,5019600,587995940.9362793,117.13999938964844
2017-05-16,117.4499969482422,117.91000366210938,117.4000015258789,4942800,581520427.5421143,117.6500015258789
2017-05-17,119.36000061035156,120.0199966430664,119.2699966430664,13936900,1669501263.759613,119.79000091552734
2017-05-18,119.7699966430664,119.83999633789062,118.55999755859376,10341100,1228626065.7531738,118.80999755859376
2017-05-19,119.38999938964844,119.5500030517578,118.87999725341795,6787300,810403630.3565979,119.4000015258789
2017-05-22,119.62999725341795,120.13999938964844,119.58000183105467,5132500,615386757.8315735,119.9000015258789
2017-05-23,120.12999725341795,120.19000244140624,118.9800033569336,8305400,989505350.930786,119.13999938964844
2017-05-24,119.06999969482422,119.73999786376952,118.91999816894533,7025000,840260254.2877197,119.61000061035156
2017-05-25,119.5199966430664,119.6999969482422,119.29000091552734,4105100,490477361.7805481,119.4800033569336
2017-05-26,120.48999786376952,120.79000091552734,120.33000183105467,6791600,818659470.2178955,120.54000091552734
2017-05-30,120.23999786376952,120.33000183105467,119.9499969482422,4507500,541531047.2488403,120.13999938964844
2017-05-31,120.30999755859376,121.2300033569336,120.26000213623048,10360700,1249707662.4565125,120.62000274658205
2017-06-01,120.16999816894533,120.73999786376952,120.05999755859376,8702500,1050565810.623169,120.72000122070312
2017-06-02,121.30999755859376,121.70999908447266,121.19000244140624,7268100,883873645.4360962,121.61000061035156
2017-06-05,121.91000366210938,121.94000244140624,121.58000183105467,3979200,484388029.35791016,121.7300033569336
2017-06-06,123.08999633789062,123.30999755859376,122.7699966430664,10798500,1329295333.5227966,123.0999984741211
2017-06-07,122.79000091552734,123.16000366210938,122.0199966430664,9039200,1106850012.4145508,122.4499969482422
2017-06-08,122.06999969482422,122.08000183105467,120.9499969482422,8169800,993856182.4661256,121.6500015258789
2017-06-09,120.45999908447266,120.91000366210938,120.4000015258789,7054700,850373544.4587708,120.54000091552734
2017-06-12,120.33000183105467,120.69000244140624,120.2699966430664,4927400,593061867.0074463,120.36000061035156
2017-06-13,119.9499969482422,120.70999908447266,119.91999816894533,3786600,456209580.7113648,120.4800033569336
2017-06-14,121.51000213623048,121.87999725341795,119.56999969482422,21124800,2531173529.5532227,119.81999969482422
2017-06-15,119.22000122070312,119.5,119.12999725341795,6796700,810982241.9258118,119.31999969482422
2017-06-16,119.3499984741211,119.5,119.23999786376952,6435700,768036414.4317627,119.33999633789062
2017-06-19,118.73999786376952,118.83999633789062,118.33000183105467,6787000,803784412.071228,118.43000030517578
2017-06-20,118.41999816894533,118.45999908447266,118.06999969482422,4617400,545684333.4091187,118.18000030517578
2017-06-21,118.1500015258789,118.66000366210938,118.1500015258789,4723700,559852908.1428528,118.5199966430664
2017-06-22,119.12999725341795,119.1999969482422,118.5999984741211,5811900,691151137.3580933,118.91999816894533
2017-06-23,119.6500015258789,119.66000366210938,119.30999755859376,9258600,1105754600.8255005,119.43000030517578
2017-06-26,118.29000091552734,118.54000091552734,118.16999816894533,6593400,780394828.024292,118.36000061035156
2017-06-27,118.87000274658205,119.0500030517578,118.4800033569336,5759300,684262418.939209,118.80999755859376
2017-06-28,119.05999755859376,119.05999755859376,118.69000244140624,4220100,501769896.4393616,118.9000015258789
2017-06-29,117.97000122070312,118.63999938964844,117.91000366210938,7705200,911679261.6485596,118.31999969482422
2017-06-30,118.08000183105467,118.41000366210938,117.9499969482422,7272600,858312227.5863647,118.0199966430664
2017-07-03,116.54000091552734,116.8499984741211,115.94000244140624,12145000,1409913005.5236816,116.08999633789062
2017-07-05,115.91000366210938,116.66999816894533,115.87000274658205,7223300,841658891.7518616,116.5199966430664
2017-07-06,116.58000183105467,116.61000061035156,116.23999786376952,4443400,517522803.42407227,116.47000122070312
2017-07-07,115.77999877929688,115.79000091552734,114.8000030517578,11153600,1285786994.3847656,115.27999877929688
2017-07-10,115.0199966430664,115.56999969482422,114.83000183105467,4970900,573989829.0679932,115.47000122070312
2017-07-11,115.26000213623048,115.7699966430664,114.87999725341795,6637900,767474016.2315369,115.62000274658205
2017-07-12,116.20999908447266,116.33000183105467,115.87000274658205,4654400,540050026.3183594,116.02999877929688
2017-07-13,116.04000091552734,116.04000091552734,115.66999816894533,4148900,480525596.7338562,115.81999969482422
2017-07-14,117.04000091552734,117.25,116.63999938964844,5788200,675888094.569397,116.7699966430664
2017-07-17,117.41999816894533,117.52999877929688,117.2300033569336,5170800,606483136.7340088,117.29000091552734
2017-07-18,117.98999786376952,118.33000183105467,117.87999725341795,7158600,845502250.3692627,118.11000061035156
2017-07-19,118.18000030517578,118.2699966430664,117.83999633789062,3205100,378458213.8687134,118.08000183105467
2017-07-20,117.91999816894533,118.62000274658205,117.66000366210938,5571600,658785972.0977783,118.23999786376952
2017-07-21,119.0,119.38999938964844,118.75,10135900,1208807455.6526184,119.26000213623048
2017-07-24,119.5199966430664,119.58000183105467,119.18000030517578,3654300,435994524.07836914,119.30999755859376
2017-07-25,118.98999786376952,119.31999969482422,118.79000091552734,6203000,737660748.6419678,118.91999816894533
2017-07-26,118.56999969482422,120.1500015258789,118.5500030517578,8527900,1022324628.5774232,119.87999725341795
2017-07-27,120.0999984741211,120.13999938964844,119.27999877929688,6385200,764883113.8458252,119.79000091552734
2017-07-28,120.1500015258789,120.86000061035156,120.13999938964844,7393600,892333602.0507812,120.69000244140624
2017-07-31,120.5,120.80999755859376,120.4499969482422,3944600,476310450.0,120.75
2017-08-01,120.44000244140624,121.13999938964844,120.44000244140624,7365100,888599326.2382507,120.6500015258789
2017-08-02,120.51000213623048,121.0199966430664,120.33999633789062,5945300,715814129.0718079,120.4000015258789
2017-08-03,120.30999755859376,120.83000183105467,120.30999755859376,4275600,515594588.3422852,120.58999633789062
2017-08-04,119.97000122070312,120.04000091552734,119.22000122070312,8644800,1034350333.190918,119.6500015258789
2017-08-07,119.43000030517578,119.79000091552734,119.43000030517578,3010100,359737057.43026733,119.51000213623048
2017-08-08,120.0199966430664,120.12000274658205,118.97000122070312,7227200,866252196.4111328,119.86000061035156
2017-08-09,121.0199966430664,121.5500030517578,120.76000213623048,9186200,1114377899.572754,121.30999755859376
2017-08-10,122.08000183105467,122.44000244140624,122.02999877929688,9817900,1199845550.011444,122.20999908447266
2017-08-11,122.23999786376952,122.83000183105467,122.02999877929688,8019500,984714412.3420717,122.79000091552734
2017-08-14,121.9800033569336,122.23999786376952,121.68000030517578,6035300,735823764.9490356,121.91999816894533
2017-08-15,120.5999984741211,121.2300033569336,120.58000183105467,6731300,814352696.5965271,120.9800033569336
2017-08-16,120.66000366210938,122.05999755859376,120.66000366210938,8267300,1007535873.7068176,121.87000274658205
2017-08-17,122.29000091552734,122.61000061035156,121.76000213623048,8183800,1002433644.5175172,122.48999786376952
2017-08-18,123.37000274658205,123.54000091552734,122.0,13654200,1669908701.6693115,122.3000030517578
2017-08-21,122.54000091552734,122.9800033569336,122.5,5549700,681281183.8554382,122.76000213623048
2017-08-22,122.55999755859376,122.55999755859376,121.8499984741211,6493900,793619513.054657,122.20999908447266
2017-08-23,122.58000183105467,122.69000244140624,122.30999755859376,5038400,618060518.7744141,122.66999816894533
2017-08-24,122.38999938964844,122.63999938964844,122.12999725341795,4193400,512810889.8391724,122.29000091552734
2017-08-25,122.7699966430664,123.0199966430664,121.29000091552734,12398200,1521755041.5145874,122.73999786376952
2017-08-28,123.33000183105467,124.7300033569336,123.33000183105467,11578300,1443698255.267334,124.69000244140624
2017-08-29,125.80999755859376,125.87000274658205,124.0500030517578,9861500,1226967811.9430542,124.41999816894533
2017-08-30,124.33000183105467,124.62000274658205,124.16000366210938,6328400,786999827.8625488,124.36000061035156
2017-08-31,124.58000183105467,125.83999633789062,124.5500030517578,11775500,1481593406.4064026,125.81999969482422
2017-09-01,126.01000213623048,126.16999816894533,125.12000274658205,11567400,1458186415.759277,126.05999755859376
2017-09-05,126.6500015258789,127.77999877929688,126.56999969482422,11813100,1505697715.184784,127.45999908447266
2017-09-06,127.33999633789062,127.44000244140624,126.5500030517578,10059300,1275619808.441162,126.80999755859376
2017-09-07,127.55999755859376,128.32000732421875,127.38999938964844,10219700,1309450210.900879,128.1300048828125
2017-09-08,128.2100067138672,128.3000030517578,127.58999633789062,9020000,1154289411.0107422,127.97000122070312
2017-09-11,126.73999786376952,126.94000244140624,126.0500030517578,9126600,1151685676.2817383,126.19000244140624
2017-09-12,126.02999877929688,126.58999633789062,125.94000244140624,8349000,1056649419.6166992,126.55999755859376
2017-09-13,126.4000015258789,126.4499969482422,125.5,8491000,1066554515.1824952,125.61000061035156
2017-09-14,125.66000366210938,126.44000244140624,125.62000274658205,5330700,672521131.5216064,126.16000366210938
2017-09-15,125.98999786376952,125.98999786376952,125.41000366210938,8375100,1051326292.7764893,125.52999877929688
2017-09-18,124.70999908447266,124.76000213623048,123.97000122070312,8859800,1101804733.4075928,124.36000061035156
2017-09-19,124.48999786376952,124.6500015258789,124.02999877929688,5826500,726098446.0029602,124.62000274658205
2017-09-20,124.68000030517578,125.05999755859376,123.1500015258789,11415400,1411171779.3533323,123.62000274658205
2017-09-21,122.55999755859376,123.06999969482422,122.48999786376952,7757900,951739174.3675232,122.68000030517578
2017-09-22,123.02999877929688,123.38999938964844,122.93000030517578,6011900,740906543.157196,123.23999786376952
2017-09-25,122.77999877929688,124.66000366210938,122.70999908447266,10257200,1277329103.479004,124.52999877929688
2017-09-26,123.56999969482422,123.80999755859376,122.9000015258789,8673600,1068067098.7060548,123.13999938964844
2017-09-27,122.04000091552734,122.51000213623048,121.87999725341795,6903900,842137745.1759338,121.9800033569336
2017-09-28,122.04000091552734,122.4800033569336,121.83000183105467,5968200,729373716.5359497,122.20999908447266
2017-09-29,122.29000091552734,122.3000030517578,121.5500030517578,10208000,1241088658.6914062,121.58000183105467
2017-10-02,121.16999816894533,121.33999633789062,120.73999786376952,11755400,1419699618.5379028,120.7699966430664
2017-10-03,120.72000122070312,121.0999984741211,120.6999969482422,3728700,450538827.8274536,120.83000183105467
2017-10-04,121.20999908447266,121.2699966430664,120.70999908447266,6475200,784599972.1435547,121.16999816894533
2017-10-05,121.1500015258789,121.23999786376952,120.4000015258789,6205400,747874787.1688843,120.5199966430664
2017-10-06,120.26000213623048,121.20999908447266,119.77999877929688,10013300,1212510460.3302002,121.08999633789062
2017-10-09,121.63999938964844,122.11000061035156,121.5500030517578,5264100,642641337.638855,122.08000183105467
2017-10-10,122.62000274658205,122.97000122070312,122.36000061035156,9315500,1140217214.214325,122.4000015258789
2017-10-11,122.56999969482422,122.87999725341795,122.02999877929688,5649400,693689831.1721802,122.79000091552734
2017-10-12,122.83999633789062,123.04000091552734,122.5,3037600,373290662.1459961,122.88999938964844
2017-10-13,123.66000366210938,123.86000061035156,123.33999633789062,6820300,844489543.9186096,123.81999969482422
2017-10-16,123.81999969482422,123.97000122070312,122.56999969482422,8202000,1008599950.012207,122.97000122070312
2017-10-17,122.02999877929688,122.31999969482422,121.7300033569336,7041300,859953949.660492,122.12999725341795
2017-10-18,121.70999908447266,121.94000244140624,121.5500030517578,3666400,446090881.2866211,121.66999816894533
2017-10-19,122.1999969482422,122.5500030517578,122.11000061035156,5567300,681381843.6019897,122.38999938964844
2017-10-20,121.68000030517578,121.9800033569336,121.38999938964844,8481100,1031386576.1764526,121.61000061035156
2017-10-23,120.9800033569336,121.9000015258789,120.95999908447266,5069700,617489475.4714966,121.8000030517578
2017-10-24,121.26000213623048,121.70999908447266,120.9800033569336,5114100,620493762.3641968,121.33000183105467
2017-10-25,121.30999755859376,121.58999633789062,120.83999633789062,4282400,519669233.4655762,121.3499984741211
2017-10-26,121.16000366210938,121.16000366210938,120.22000122070312,6438800,774780815.7897949,120.33000183105467
2017-10-27,120.37999725341795,120.98999786376952,120.20999908447266,6664200,805701790.1687622,120.9000015258789
2017-10-30,120.37999725341795,121.47000122070312,120.37999725341795,5119200,620088681.9396973,121.12999725341795
2017-10-31,120.81999969482422,120.83999633789062,120.37999725341795,3910500,471880027.83966064,120.66999816894533
2017-11-01,120.9800033569336,121.5500030517578,120.83999633789062,4647800,562895060.836792,121.11000061035156
2017-11-02,121.29000091552734,121.95999908447266,121.0500030517578,5369500,650729718.1091309,121.19000244140624
2017-11-03,121.36000061035156,121.43000030517578,120.18000030517578,6330600,763596989.3875122,120.62000274658205
2017-11-06,120.72000122070312,121.8499984741211,120.68000030517578,6953800,845929780.6106567,121.6500015258789
2017-11-07,121.51000213623048,121.55999755859376,120.77999877929688,4165900,504948735.18600464,121.20999908447266
2017-11-08,121.9499969482422,122.25,121.58999633789062,5565200,676895260.7147217,121.62999725341795
2017-11-09,121.8499984741211,122.41000366210938,121.7300033569336,6072400,741622195.3216553,122.12999725341795
2017-11-10,121.98999786376952,122.11000061035156,120.94000244140624,7116200,861985286.454773,121.12999725341795
2017-11-13,121.43000030517578,121.5500030517578,121.2699966430664,6249300,758102567.7429199,121.30999755859376
2017-11-14,120.9000015258789,121.91000366210938,120.7699966430664,6189000,752334824.8901367,121.55999755859376
2017-11-15,122.12999725341795,122.36000061035156,121.25,4984800,605204586.2548828,121.41000366210938
2017-11-16,121.4499969482422,121.70999908447266,121.29000091552734,2796500,339495104.2671204,121.4000015258789
2017-11-17,122.1500015258789,123.16999816894533,121.9499969482422,10614000,1304036046.4782715,122.86000061035156
2017-11-20,122.3000030517578,122.41000366210938,121.04000091552734,8356700,1013751256.5979004,121.30999755859376
2017-11-21,121.66999816894533,122.0,121.5,4956500,602264325.5882263,121.51000213623048
2017-11-22,122.26000213623048,122.9499969482422,122.16999816894533,5211800,639123019.6853638,122.62999725341795
2017-11-24,122.36000061035156,122.61000061035156,122.22000122070312,1779700,217692903.45687863,122.31999969482422
2017-11-27,123.26000213623048,123.33000183105467,122.66999816894533,4961200,609384205.0842285,122.83000183105467
2017-11-28,123.0500030517578,123.16999816894533,122.52999877929688,5603100,688116697.3205566,122.80999755859376
2017-11-29,122.23999786376952,122.33000183105467,121.73999786376952,6138900,749191361.6203308,122.04000091552734
2017-11-30,121.44000244140624,121.6999969482422,120.63999938964844,7936300,961085917.8901672,121.0999984741211
2017-12-01,120.94000244140624,122.43000030517578,120.73999786376952,13080100,1590409311.0992432,121.58999633789062
2017-12-04,121.1500015258789,121.1999969482422,120.83999633789062,6943700,841437568.1190491,121.18000030517578
2017-12-05,120.0999984741211,120.51000213623048,119.72000122070312,10041200,1208157180.935669,120.31999969482422
2017-12-06,120.04000091552734,120.44000244140624,119.87000274658205,6643000,797625007.9727173,120.06999969482422
2017-12-07,119.01000213623048,119.23999786376952,118.0999984741211,12900200,1528544670.4421997,118.48999786376952
2017-12-08,118.48999786376952,118.91999816894533,118.33000183105467,5231300,619804441.5611267,118.4800033569336
2017-12-11,118.37000274658205,118.54000091552734,117.8000030517578,4522200,533664831.6604614,118.01000213623048
2017-12-12,117.6500015258789,118.16999816894533,117.4000015258789,8020100,947574827.2377014,118.1500015258789
2017-12-13,118.19000244140624,119.3499984741211,118.01000213623048,10086700,1202032020.5307007,119.16999816894533
2017-12-14,119.0999984741211,119.29000091552734,118.70999908447266,6993600,831748850.1342773,118.93000030517578
2017-12-15,119.41000366210938,119.5,118.97000122070312,7532000,897663762.298584,119.18000030517578
2017-12-18,119.62999725341795,119.98999786376952,119.5999984741211,5452200,652791924.3026733,119.7300033569336
2017-12-19,119.66999816894533,119.9000015258789,119.52999877929688,4018900,481544596.77352905,119.81999969482422
2017-12-20,119.9800033569336,120.36000061035156,119.80999755859376,5734600,688954840.4998779,120.13999938964844
2017-12-21,120.06999969482422,120.4499969482422,120.0,4823700,580339335.2233887,120.30999755859376
2017-12-22,120.66999816894533,121.13999938964844,120.56999969482422,5791300,700399836.138916,120.94000244140624
2017-12-26,121.5500030517578,121.87000274658205,121.51000213623048,8224400,1001485160.3912354,121.7699966430664
2017-12-27,122.0,122.33999633789062,121.87999725341795,6232700,761822941.92276,122.2300033569336
2017-12-28,122.81999969482422,122.91999816894533,122.55999755859376,5732700,704262186.252594,122.8499984741211
2017-12-29,123.6999969482422,124.08999633789062,123.45999908447266,7852100,970912176.9813538,123.6500015258789
2018-01-02,124.66000366210938,125.18000030517578,124.38999938964844,11762500,1472076892.9481506,125.1500015258789
2018-01-03,125.0500030517578,125.08999633789062,124.0999984741211,7904300,986614723.5877992,124.81999969482422
2018-01-04,124.88999938964844,125.8499984741211,124.73999786376952,7329700,919584155.2894592,125.45999908447266
2018-01-05,124.93000030517578,125.4800033569336,124.83000183105467,5739900,719381677.5100708,125.33000183105467
2018-01-08,125.1999969482422,125.31999969482422,124.9000015258789,3566700,446943168.2922363,125.30999755859376
2018-01-09,124.48999786376952,124.86000061035156,124.2300033569336,9153600,1141728558.728027,124.7300033569336
2018-01-10,125.16999816894533,125.30999755859376,124.72000122070312,14809300,1851606760.9222407,125.02999877929688
2018-01-11,125.37000274658205,125.66000366210938,125.25,5994700,751975182.635498,125.44000244140624
2018-01-12,126.01000213623048,127.12999725341795,125.80999755859376,9258600,1175471847.5234983,126.95999908447266
2018-01-16,126.5999984741211,127.18000030517578,126.4000015258789,8083900,1028029548.197937,127.16999816894533
2018-01-17,126.7699966430664,127.22000122070312,125.9000015258789,10130500,1277861263.8168335,126.13999938964844
2018-01-18,126.12999725341795,126.5199966430664,125.8000030517578,6289300,791571301.8386841,125.86000061035156
2018-01-19,126.56999969482422,126.7300033569336,126.41000366210938,8773800,1109183779.9346924,126.41999816894533
2018-01-22,126.51000213623048,126.75,126.27999877929688,4893500,619761782.4668884,126.6500015258789
2018-01-23,126.52999877929688,127.3499984741211,126.33999633789062,6190400,787914104.4433594,127.27999877929688
2018-01-24,128.38999938964844,129.25999450683594,128.22999572753906,11827600,1523749729.6569824,128.8300018310547
2018-01-25,128.69000244140625,129.50999450683594,127.36000061035156,15219700,1947665027.5787356,127.97000122070312
2018-01-26,128.24000549316406,128.52000427246094,127.97000122070312,7828700,1002621666.3391112,128.07000732421875
2018-01-29,127.58000183105467,127.62999725341795,126.91999816894533,6956400,885897529.385376,127.3499984741211
2018-01-30,127.91000366210938,127.91999816894533,126.73999786376952,9736100,1234537509.7122192,126.8000030517578
2018-01-31,127.4499969482422,127.8499984741211,126.4000015258789,13418900,1712922605.4756165,127.6500015258789
2018-02-01,127.18000030517578,128.14999389648438,127.08000183105467,10854600,1390148701.5014648,128.07000732421875
2018-02-02,126.80999755859376,126.8499984741211,125.95999908447266,16789200,2121986977.7526853,126.38999938964844
2018-02-05,126.81999969482422,127.30999755859376,126.44000244140624,13596300,1722787160.5522156,126.70999908447266
2018-02-06,126.54000091552734,126.5500030517578,125.22000122070312,17672500,2215778001.461029,125.37999725341795
2018-02-07,125.4800033569336,125.7699966430664,124.41000366210938,8558500,1068015222.8355408,124.79000091552734
2018-02-08,124.91999816894533,125.44000244140624,124.51000213623048,7343600,917803152.6519777,124.9800033569336
2018-02-09,124.6500015258789,125.13999938964844,124.38999938964844,14140700,1764335091.5306091,124.7699966430664
2018-02-12,125.19000244140624,125.81999969482422,125.11000061035156,6984900,875696932.1846008,125.37000274658205
2018-02-13,125.66999816894533,126.18000030517578,125.5199966430664,5321300,670909513.7435913,126.08000183105467
2018-02-14,126.47000122070312,128.58999633789062,126.29000091552734,16416400,2105074901.8615725,128.22999572753906
2018-02-15,128.42999267578125,128.57000732421875,127.94000244140624,7276500,934157105.5297852,128.3800048828125
2018-02-16,128.3000030517578,128.6999969482422,127.56999969482422,7956900,1018164916.7152404,127.95999908447266
2018-02-20,127.27999877929688,127.4000015258789,126.04000091552734,11148700,1407411864.1838074,126.23999786376952
2018-02-21,126.36000061035156,126.76000213623048,125.44000244140624,7908800,993819836.9628906,125.66000366210938
2018-02-22,125.91999816894533,126.37000274658205,125.87999725341795,5346300,675237706.3156128,126.3000030517578
2018-02-23,126.05999755859376,126.3000030517578,125.8499984741211,4239700,534795755.4122925,126.13999938964844
2018-02-26,126.4499969482422,126.62000274658205,126.18000030517578,3194300,403919225.25177,126.4499969482422
2018-02-27,126.05999755859376,126.1500015258789,124.58999633789062,7082300,886208179.5478821,125.12999725341795
2018-02-28,125.08999633789062,125.45999908447266,124.80999755859376,4534900,566862500.0,125.0
2018-03-01,124.1500015258789,125.30999755859376,123.58000183105467,12910100,1610147687.7593994,124.72000122070312
2018-03-02,125.66999816894533,125.69000244140624,124.97000122070312,9994300,1253185270.8999634,125.38999938964844
2018-03-05,125.3499984741211,125.4800033569336,124.95999908447266,5778300,723327595.7633972,125.18000030517578
2018-03-06,126.1999969482422,126.95999908447266,126.12999725341795,8676800,1097875493.4082031,126.52999877929688
2018-03-07,126.22000122070312,126.29000091552734,125.41999816894533,5158700,648551770.2972412,125.72000122070312
2018-03-08,125.69000244140624,125.6999969482422,125.12999725341795,3474900,435821951.63726807,125.41999816894533
2018-03-09,124.94000244140624,125.69000244140624,124.77999877929688,5066800,636086076.638794,125.54000091552734
2018-03-12,125.04000091552734,125.56999969482422,124.83999633789062,2884300,362095024.6406555,125.54000091552734
2018-03-13,125.66999816894533,125.98999786376952,125.0500030517578,4798300,603530168.1427002,125.77999877929688
2018-03-14,125.48999786376952,125.76000213623048,125.33999633789062,3777000,474768888.47351074,125.6999969482422
2018-03-15,125.12000274658205,125.20999908447266,124.72000122070312,6130100,765649499.3537903,124.9000015258789
2018-03-16,124.83999633789062,124.87000274658205,124.20999908447266,7402200,922314108.7051392,124.5999984741211
2018-03-19,124.56999969482422,125.16000366210938,124.41999816894533,4335400,541361409.9075317,124.87000274658205
2018-03-20,124.41000366210938,124.5500030517578,123.95999908447266,3399400,422579405.7006836,124.30999755859376
2018-03-21,125.4000015258789,126.76000213623048,125.02999877929688,12532000,1585047402.0690918,126.4800033569336
2018-03-22,126.08999633789062,126.33999633789062,125.63999938964844,5298700,667530243.787384,125.9800033569336
2018-03-23,127.81999969482422,128.05999755859375,127.61000061035156,12025900,1534625106.3400269,127.61000061035156
2018-03-26,128.0500030517578,128.5800018310547,128.00999450683594,6169800,791461936.4685059,128.27999877929688
2018-03-27,127.2300033569336,127.62000274658205,127.0500030517578,6180700,787977429.7966003,127.48999786376952
2018-03-28,126.4800033569336,126.61000061035156,125.51000213623048,10254900,1289348611.4250183,125.7300033569336
2018-03-29,125.41999816894533,125.80999755859376,125.30999755859376,7102000,893360586.5020752,125.79000091552734
2018-04-02,126.6500015258789,127.54000091552734,126.37999725341795,11421100,1453449210.3981018,127.26000213623048
2018-04-03,126.54000091552734,126.58999633789062,126.01000213623048,6083700,768371328.565979,126.3000030517578
2018-04-04,127.5,127.52999877929688,126.31999969482422,7488300,946895512.147522,126.4499969482422
2018-04-05,125.4499969482422,126.08000183105467,125.43000030517578,5333000,670891416.2750244,125.8000030517578
2018-04-06,126.56999969482422,126.5999984741211,126.12999725341795,6121200,773658464.263916,126.38999938964844
2018-04-09,126.4499969482422,126.86000061035156,126.2300033569336,4189900,531363116.721344,126.81999969482422
2018-04-10,127.0199966430664,127.30999755859376,126.66999816894533,5268800,669769870.4711914,127.12000274658205
2018-04-11,128.08999633789062,129.47000122070312,127.77999877929688,12348600,1581979153.5369873,128.11000061035156
2018-04-12,127.25,127.33999633789062,126.47000122070312,8141300,1030851428.3607484,126.62000274658205
2018-04-13,127.06999969482422,127.75,127.02999877929688,6821300,869374664.1830444,127.4499969482422
2018-04-16,127.73999786376952,128.0500030517578,127.56999969482422,4600000,587097987.3657227,127.62999725341795
2018-04-17,127.0199966430664,127.77999877929688,127.0,4184100,534518775.0,127.75
2018-04-18,128.32000732421875,128.5399932861328,127.75,6755600,863703449.6917725,127.8499984741211
2018-04-19,127.80999755859376,127.87999725341795,127.12999725341795,8736100,1114726346.6697693,127.5999984741211
2018-04-20,126.69000244140624,126.97000122070312,126.5500030517578,10403100,1317344524.4270325,126.62999725341795
2018-04-23,125.62000274658205,125.76000213623048,125.33999633789062,6921500,869478849.0104675,125.62000274658205
2018-04-24,125.77999877929688,126.33999633789062,125.66999816894533,4733100,597459228.8887024,126.2300033569336
2018-04-25,125.2300033569336,125.51000213623048,125.05999755859376,5985700,750666658.9202881,125.41000366210938
2018-04-26,125.54000091552734,125.56999969482422,124.69000244140624,7517100,939411996.1761476,124.97000122070312
2018-04-27,125.1999969482422,125.62000274658205,125.16999816894533,5654000,709577000.0,125.5
2018-04-30,124.41000366210938,125.1999969482422,124.19000244140624,9830600,1224794417.9992676,124.58999633789062
2018-05-01,123.9000015258789,123.9800033569336,123.38999938964844,7551600,934208429.0863036,123.70999908447266
2018-05-02,123.9000015258789,124.54000091552734,123.58000183105467,7614000,941471111.618042,123.6500015258789
2018-05-03,124.66000366210938,124.76000213623048,124.23999786376952,4857400,603677666.0705566,124.27999877929688
2018-05-04,124.0999984741211,124.6500015258789,124.0,5883600,732743549.3865967,124.54000091552734
2018-05-07,124.5,124.6999969482422,124.3000030517578,3397500,423226573.9631653,124.56999969482422
2018-05-08,124.13999938964844,124.9499969482422,123.79000091552734,5551100,691611528.6712646,124.58999633789062
2018-05-09,124.4499969482422,124.87000274658205,124.23999786376952,4405600,547748256.0668945,124.33000183105467
2018-05-10,125.22000122070312,125.37000274658205,124.75,5218400,653239313.5925293,125.18000030517578
2018-05-11,125.56999969482422,125.58999633789062,124.94000244140624,4299200,537400000.0,125.0
2018-05-14,125.16000366210938,125.20999908447266,124.44000244140624,3753200,467235859.9822998,124.48999786376952
2018-05-15,122.81999969482422,122.81999969482422,122.12999725341795,10911900,1336489548.6305237,122.4800033569336
2018-05-16,122.37999725341795,122.61000061035156,122.02999877929688,4943300,604516161.5257263,122.29000091552734
2018-05-17,122.2300033569336,122.43000030517578,122.04000091552734,7781300,952119872.7493286,122.36000061035156
2018-05-18,122.0500030517578,122.6500015258789,122.01000213623048,6837100,836929436.038208,122.41000366210938
2018-05-21,122.16000366210938,122.52999877929688,121.97000122070312,4126700,505438229.85305786,122.4800033569336
2018-05-22,122.6999969482422,122.73999786376952,122.33999633789062,4579600,560588852.7709961,122.41000366210938
2018-05-23,122.13999938964844,122.73999786376952,122.11000061035156,7007300,858674548.4153748,122.54000091552734
2018-05-24,123.0999984741211,123.81999969482422,123.08000183105467,8850100,1093783826.5899658,123.58999633789062
2018-05-25,123.66000366210938,123.6999969482422,123.20999908447266,7920700,975909439.7483826,123.20999908447266
2018-05-29,122.83999633789062,123.63999938964844,122.66000366210938,9013200,1110336130.0048828,123.19000244140624
2018-05-30,123.16999816894533,123.61000061035156,123.16999816894533,4573700,564257381.5620422,123.37000274658205
2018-05-31,123.26000213623048,123.77999877929688,123.0999984741211,7862500,967873738.0027772,123.0999984741211
2018-06-01,122.58000183105467,123.08999633789062,122.44000244140624,8059100,987159141.783905,122.48999786376952
2018-06-04,122.8499984741211,122.93000030517578,122.37000274658205,4345400,531746609.9349976,122.37000274658205
2018-06-05,122.5500030517578,123.2300033569336,122.27999877929688,6864200,843266959.526062,122.8499984741211
2018-06-06,123.08000183105467,123.3499984741211,122.62999725341795,4083700,501968396.522522,122.91999816894533
2018-06-07,122.95999908447266,123.1500015258789,122.69000244140624,3700700,454668004.258728,122.86000061035156
2018-06-08,123.08000183105467,123.12000274658205,122.91000366210938,3865700,475519765.2580261,123.01000213623048
2018-06-11,123.0999984741211,123.41999816894533,123.0199966430664,3201200,394483886.7462158,123.2300033569336
2018-06-12,122.9499969482422,123.18000030517578,122.63999938964844,7279600,894080469.7784424,122.81999969482422
2018-06-13,122.83999633789062,123.33999633789062,122.47000122070312,5867700,722841977.3254395,123.19000244140624
2018-06-14,123.62999725341795,123.86000061035156,123.31999969482422,8015400,988940029.9850464,123.37999725341795
2018-06-15,122.18000030517578,122.1999969482422,120.83000183105467,14537000,1763919526.763916,121.33999633789062
2018-06-18,121.3499984741211,121.44000244140624,120.98999786376952,3846000,465789062.3474121,121.11000061035156
2018-06-19,120.80999755859376,121.02999877929688,120.58000183105467,4925800,595036655.0323486,120.8000030517578
2018-06-20,120.79000091552734,120.80999755859376,120.16000366210938,4548500,547002619.7166443,120.26000213623048
2018-06-21,119.91999816894533,120.31999969482422,119.81999969482422,5681900,682112112.3397827,120.0500030517578
2018-06-22,120.20999908447266,120.4000015258789,120.0999984741211,4489400,540254379.5593262,120.33999633789062
2018-06-25,120.0,120.2300033569336,119.83000183105467,9300200,1115000972.3236084,119.88999938964844
2018-06-26,119.27999877929688,119.58999633789062,119.08999633789062,8674500,1034520888.5307312,119.26000213623048
2018-06-27,118.95999908447266,119.0500030517578,118.4800033569336,6480100,768410269.8654175,118.58000183105467
2018-06-28,118.58999633789062,118.66999816894533,118.01000213623048,7760500,917446319.4732666,118.22000122070312
2018-06-29,118.43000030517578,118.94000244140624,118.26000213623048,8002800,949532232.2113036,118.6500015258789
2018-07-02,118.18000030517578,118.20999908447266,117.4000015258789,12021900,1412092362.9936218,117.45999908447266
2018-07-03,118.41000366210938,119.08000183105467,118.37999725341795,8901000,1056103663.581848,118.6500015258789
2018-07-05,118.91999816894533,119.33000183105467,118.7699966430664,4951900,589523710.1119995,119.0500030517578
2018-07-06,118.97000122070312,119.02999877929688,118.7300033569336,2946900,350268535.798645,118.86000061035156
2018-07-09,119.6500015258789,119.7300033569336,119.13999938964844,4074900,485524341.217804,119.1500015258789
2018-07-10,118.88999938964844,119.0,118.61000061035156,3754800,446558365.145874,118.93000030517578
2018-07-11,118.4499969482422,118.52999877929688,117.62000274658205,6974500,820480175.743103,117.63999938964844
2018-07-12,118.0,118.26000213623048,117.94000244140624,4585300,541661476.4060974,118.12999725341795
2018-07-13,117.62000274658205,117.75,117.4499969482422,5444300,640304126.322937,117.61000061035156
2018-07-16,117.51000213623048,117.62999725341795,117.27999877929688,3670700,431490796.2020874,117.5500030517578
2018-07-17,116.72000122070312,116.93000030517578,116.12000274658205,7939600,923216678.3081056,116.27999877929688
2018-07-18,116.02999877929688,116.3499984741211,115.83000183105467,5391800,627120244.8364258,116.30999755859376
2018-07-19,115.12999725341795,116.47000122070312,115.12000274658205,14227600,1647698321.2646484,115.80999755859376
2018-07-20,116.4000015258789,116.70999908447266,116.23999786376952,7892000,919891500.732422,116.55999755859376
2018-07-23,116.25,116.30999755859376,115.76000213623048,6247100,724663600.0,116.0
2018-07-24,116.22000122070312,116.43000030517578,115.91000366210938,4801000,557108044.3954468,116.04000091552734
2018-07-25,116.79000091552734,116.83999633789062,116.2699966430664,5479600,639359729.6722412,116.68000030517578
2018-07-26,116.23999786376952,116.51000213623048,115.7699966430664,6382700,738925157.5737,115.7699966430664
2018-07-27,115.91999816894533,116.23999786376952,115.7699966430664,5242000,607180869.5983887,115.83000183105467
2018-07-30,115.8000030517578,116.0199966430664,115.63999938964844,4157400,480803316.34368896,115.6500015258789
2018-07-31,115.47000122070312,116.3499984741211,115.38999938964844,5508500,638930903.2325745,115.98999786376952
2018-08-01,115.62999725341795,115.6999969482422,115.12999725341795,7941700,914407333.152771,115.13999938964844
2018-08-02,115.16999816894533,115.2300033569336,114.41999816894533,6204200,710504963.1729126,114.5199966430664
2018-08-03,115.08999633789062,115.52999877929688,114.86000061035156,5953200,684141733.0993652,114.91999816894533
2018-08-06,114.55999755859376,114.72000122070312,114.30999755859376,5811600,664440238.6413574,114.33000183105467
2018-08-07,114.8499984741211,114.94000244140624,114.41999816894533,5188000,594492901.0009766,114.58999633789062
2018-08-08,114.75,114.9499969482422,114.41000366210938,3808000,437577293.9453125,114.91000366210938
2018-08-09,115.0199966430664,115.12000274658205,114.69000244140624,4253000,487989210.9146118,114.73999786376952
2018-08-10,114.80999755859376,115.2300033569336,114.61000061035156,6757900,775063567.4987793,114.69000244140624
2018-08-13,113.80999755859376,113.80999755859376,112.83000183105467,9150900,1033685655.6221008,112.95999908447266
2018-08-14,113.25,113.4800033569336,112.83999633789062,7085900,801202710.8375549,113.06999969482422
2018-08-15,112.16999816894533,112.18000030517578,111.05999755859376,12398400,1378578126.2695312,111.19000244140624
2018-08-16,111.45999908447266,111.87999725341795,111.0999984741211,7484600,831539048.5794067,111.0999984741211
2018-08-17,111.69000244140624,112.1500015258789,111.37999725341795,8471000,949853206.7337036,112.12999725341795
2018-08-20,112.37999725341795,112.73999786376952,112.16000366210938,5313400,598767058.972168,112.69000244140624
2018-08-21,112.7699966430664,113.0999984741211,112.44000244140624,5042400,569892031.072998,113.0199966430664
2018-08-22,113.38999938964844,113.48999786376952,113.06999969482422,6215600,704040991.1346436,113.2699966430664
2018-08-23,112.68000030517578,112.87999725341795,112.05999755859376,5500100,617111203.2150269,112.1999969482422
2018-08-24,113.25,114.41999816894533,113.20999908447266,9214700,1051950185.7452393,114.16000366210938
2018-08-27,114.12000274658205,114.77999877929688,114.12000274658205,4364000,500070744.0185547,114.58999633789062
2018-08-28,114.76000213623048,114.87000274658205,113.5500030517578,6101400,693607153.8619995,113.68000030517578
2018-08-29,114.16000366210938,114.20999908447266,113.8499984741211,5616300,641381442.8604126,114.1999969482422
2018-08-30,113.91999816894533,113.93000030517578,113.23999786376952,5431600,617247020.6848145,113.63999938964844
2018-08-31,113.72000122070312,114.05999755859376,113.44000244140624,5048700,573077947.7851868,113.51000213623048
2018-09-04,112.75,113.06999969482422,112.61000061035156,6617500,747314277.0195007,112.93000030517578
2018-09-05,113.36000061035156,113.44000244140624,113.12000274658205,4459200,505316542.63916016,113.31999969482422
2018-09-06,113.88999938964844,114.26000213623048,113.27999877929688,4784700,543254842.3805237,113.54000091552734
2018-09-07,113.26000213623048,113.5999984741211,112.97000122070312,3714000,420536232.46765137,113.2300033569336
2018-09-10,113.26000213623048,113.43000030517578,113.0,2316500,262111978.5346985,113.1500015258789
2018-09-11,112.6500015258789,113.37000274658205,112.41999816894533,3791300,429250990.62805176,113.22000122070312
2018-09-12,113.12000274658205,114.38999938964844,113.05999755859376,6315900,721086291.4352417,114.16999816894533
2018-09-13,114.72000122070312,114.77999877929688,113.58000183105467,5635900,641139996.0395813,113.76000213623048
2018-09-14,113.79000091552734,113.9000015258789,112.91000366210938,5375600,607550293.9544678,113.0199966430664
2018-09-17,113.5999984741211,114.02999877929688,113.5500030517578,4727300,537068555.885315,113.61000061035156
2018-09-18,113.79000091552734,113.91000366210938,113.27999877929688,4737800,537456043.5668945,113.44000244140624
2018-09-19,113.94000244140624,114.1500015258789,113.68000030517578,4223200,480938004.4006348,113.87999725341795
2018-09-20,114.20999908447266,114.37000274658205,113.86000061035156,4384200,500982519.2825317,114.2699966430664
2018-09-21,112.87000274658205,113.68000030517578,112.79000091552734,6831400,775295571.4065552,113.48999786376952
2018-09-24,113.68000030517578,113.95999908447266,113.43000030517578,4435300,503273496.4141846,113.47000122070312
2018-09-25,113.75,113.88999938964844,113.56999969482422,3004800,341495524.58496094,113.6500015258789
2018-09-26,113.11000061035156,113.5999984741211,112.66000366210938,8297300,938009790.32135,113.0500030517578
2018-09-27,112.0999984741211,112.41999816894533,111.8499984741211,7683400,860924993.447876,112.0500030517578
2018-09-28,112.16000366210938,113.0,112.06999969482422,6020600,678882868.8613892,112.76000213623048
2018-10-01,112.4000015258789,112.62000274658205,112.1500015258789,3892600,438189980.8120728,112.56999969482422
2018-10-02,113.6999969482422,114.33000183105467,113.61000061035156,10776700,1227142858.5990906,113.87000274658205
2018-10-03,113.87000274658205,114.0500030517578,113.26000213623048,6674500,757021777.7786255,113.41999816894533
2018-10-04,113.83000183105467,114.19000244140624,113.26000213623048,6616200,750806398.210144,113.4800033569336
2018-10-05,113.80999755859376,114.0999984741211,113.56999969482422,7994400,909762744.3969728,113.8000030517578
2018-10-08,112.25,112.58999633789062,111.9000015258789,12111600,1363039475.088501,112.54000091552734
2018-10-09,112.37000274658205,112.66999816894533,111.97000122070312,8352300,940468967.2554016,112.5999984741211
2018-10-10,112.47000122070312,112.95999908447266,112.25,10571300,1193288314.9650574,112.87999725341795
2018-10-11,114.1999969482422,116.04000091552734,114.08999633789062,26810900,3104165969.2718506,115.77999877929688
2018-10-12,115.58000183105467,115.70999908447266,115.08000183105467,12939300,1490995582.4363708,115.2300033569336
2018-10-15,116.12000274658205,116.52999877929688,115.88999938964844,11828400,1372094400.0,116.0
2018-10-16,116.48999786376952,116.5999984741211,115.8000030517578,9531800,1103782469.088745,115.8000030517578
2018-10-17,115.88999938964844,116.33000183105467,115.68000030517578,7078600,819631100.4806519,115.79000091552734
2018-10-18,115.83000183105467,116.41000366210938,115.62999725341795,7964100,923198457.4172974,115.91999816894533
2018-10-19,116.2300033569336,116.23999786376952,115.95999908447266,7453900,864726954.9232483,116.01000213623048
2018-10-22,115.56999969482422,115.77999877929688,115.43000030517578,5200500,601749850.2388,115.70999908447266
2018-10-23,117.16000366210938,117.25,116.33000183105467,12704200,1478641830.2459717,116.38999938964844
2018-10-24,116.37999725341795,116.72000122070312,116.11000061035156,8563300,998994609.3597412,116.66000366210938
2018-10-25,116.58000183105467,116.7300033569336,116.19000244140624,8303500,966527412.6701356,116.4000015258789
2018-10-26,116.83000183105467,117.6500015258789,116.45999908447266,15733100,1837154034.185028,116.7699966430664
2018-10-29,116.41000366210938,116.54000091552734,115.83999633789062,8732500,1015677053.68042,116.30999755859376
2018-10-30,115.8499984741211,116.04000091552734,115.63999938964844,7233300,837616162.0742798,115.8000030517578
2018-10-31,114.88999938964844,115.16999816894533,114.66000366210938,11409300,1313780912.4092102,115.1500015258789
2018-11-01,116.33000183105467,117.06999969482422,116.18000030517578,13662900,1593503989.4737244,116.62999725341795
2018-11-02,116.61000061035156,116.9800033569336,116.38999938964844,8796900,1026158398.4230042,116.6500015258789
2018-11-05,116.27999877929688,116.66999816894533,116.2300033569336,6291500,732141872.2801208,116.37000274658205
2018-11-06,116.44000244140624,116.52999877929688,115.73999786376952,7270800,843703638.6566162,116.04000091552734
2018-11-07,116.26000213623048,116.3499984741211,115.9000015258789,8392100,973735352.7557372,116.02999877929688
2018-11-08,115.7699966430664,116.1500015258789,115.5,7638800,884420254.675293,115.77999877929688
2018-11-09,114.5999984741211,114.75,114.13999938964844,14159200,1620945263.531494,114.4800033569336
2018-11-12,114.01000213623048,114.0500030517578,113.58000183105467,7498600,852290903.4606934,113.66000366210938
2018-11-13,113.72000122070312,113.93000030517578,113.41999816894533,9309000,1058433271.5911864,113.6999969482422
2018-11-14,113.52999877929688,115.05999755859376,113.45999908447266,13950200,1599250919.4854736,114.63999938964844
2018-11-15,114.83000183105467,114.98999786376952,114.55999755859376,8910600,1022669532.0877076,114.7699966430664
2018-11-16,115.83000183105467,115.87999725341795,115.37000274658205,8577000,991672763.557434,115.62000274658205
2018-11-19,115.4499969482422,115.91999816894533,115.37000274658205,8508300,984155045.4208374,115.66999816894533
2018-11-20,115.94000244140624,115.9499969482422,115.37000274658205,9075100,1049716800.3829956,115.66999816894533
2018-11-21,115.94000244140624,116.3499984741211,115.86000061035156,8834200,1023530417.3919678,115.86000061035156
2018-11-23,115.76000213623048,115.87999725341795,115.58999633789062,3726600,431428469.49005127,115.7699966430664
2018-11-26,115.83999633789062,115.87000274658205,115.52999877929688,4018600,464710901.5472412,115.63999938964844
2018-11-27,115.5500030517578,115.62999725341795,114.5999984741211,9671100,1111692915.486145,114.9499969482422
2018-11-28,114.76000213623048,116.06999969482422,114.58999633789062,13788800,1590951706.1279297,115.37999725341795
2018-11-29,115.97000122070312,116.23999786376952,115.55999755859376,6479300,749914168.1587219,115.73999786376952
2018-11-30,115.41999816894533,115.66000366210938,115.04000091552734,8169600,943915591.4794922,115.54000091552734
2018-12-03,116.5999984741211,116.7699966430664,116.3000030517578,8469500,985934526.0162354,116.41000366210938
2018-12-04,117.37000274658205,117.38999938964844,116.93000030517578,7186100,841636051.7372131,117.12000274658205
2018-12-06,117.37999725341795,117.69000244140624,116.91999816894533,9267600,1085606658.343506,117.13999938964844
2018-12-07,117.62000274658205,118.2300033569336,117.54000091552734,10402900,1228478422.9034424,118.08999633789062
2018-12-10,117.6999969482422,117.94000244140624,117.41999816894533,8117900,955314474.4773864,117.68000030517578
2018-12-11,117.66999816894533,117.88999938964844,117.3499984741211,6395400,751715321.8551636,117.54000091552734
2018-12-12,117.6999969482422,117.9499969482422,117.61000061035156,4136800,487273675.7873535,117.79000091552734
2018-12-13,117.54000091552734,117.62000274658205,117.26000213623048,4131800,485610448.9562988,117.52999877929688
2018-12-14,116.62999725341795,117.3000030517578,116.58000183105467,7501700,878148983.6853027,117.05999755859376
2018-12-17,117.37000274658205,118.02999877929688,117.3499984741211,8454900,996579086.2220764,117.87000274658205
2018-12-18,117.8499984741211,118.1999969482422,117.80999755859376,7542900,891193646.509552,118.1500015258789
2018-12-19,118.23999786376952,118.95999908447266,117.4000015258789,13827500,1623763329.219818,117.43000030517578
2018-12-20,119.11000061035156,119.73999786376952,118.68000030517578,18615100,2219664484.233856,119.23999786376952
2018-12-21,119.19000244140624,119.25,118.56999969482422,13629800,1618129872.6379397,118.72000122070312
2018-12-24,119.56999969482422,120.13999938964844,119.56999969482422,9736400,1168562695.3155518,120.0199966430664
2018-12-26,120.62000274658205,121.0,119.56999969482422,14293500,1710360262.3443604,119.66000366210938
2018-12-27,120.56999969482422,120.9000015258789,120.13999938964844,11874400,1431696404.3762207,120.56999969482422
2018-12-28,120.8000030517578,121.08000183105467,120.72000122070312,6864700,831040565.2404785,121.05999755859376
2018-12-31,120.9800033569336,121.26000213623048,120.83000183105467,8449400,1024489750.0,121.25
2019-01-02,121.3499984741211,121.75,120.87999725341795,12776200,1550136369.393921,121.33000183105467
2019-01-03,121.77999877929688,122.45999908447266,121.7300033569336,15440800,1890417148.7121584,122.43000030517578
2019-01-04,121.31999969482422,121.5999984741211,120.69000244140624,13334000,1619280992.553711,121.44000244140624
2019-01-07,122.16000366210938,122.22000122070312,121.56999969482422,7473600,910732900.5615234,121.86000061035156
2019-01-08,121.1500015258789,121.70999908447266,121.05999755859376,7643100,928865933.670044,121.52999877929688
2019-01-09,121.4499969482422,122.33999633789062,121.44000244140624,10555900,1291092103.2287598,122.30999755859376
2019-01-10,121.9800033569336,122.18000030517578,121.56999969482422,6672000,811248455.5664062,121.58999633789062
2019-01-11,121.73999786376952,122.0500030517578,121.66000366210938,8622400,1050208346.3134766,121.8000030517578
2019-01-14,122.1500015258789,122.23999786376952,121.87000274658205,6477100,790789115.2801514,122.08999633789062
2019-01-15,122.27999877929688,122.37999725341795,121.62000274658205,7512500,915623479.3663024,121.87999725341795
2019-01-16,122.04000091552734,122.44000244140624,122.0199966430664,6878100,840985263.910675,122.2699966430664
2019-01-17,122.02999877929688,122.26000213623048,121.80999755859376,8558500,1045078440.2236938,122.11000061035156
2019-01-18,121.2300033569336,121.5199966430664,121.0199966430664,10896000,1318633883.4228516,121.0199966430664
2019-01-22,121.18000030517578,121.5,120.9000015258789,7896500,959029900.9017944,121.4499969482422
2019-01-23,120.95999908447266,121.54000091552734,120.86000061035156,5224900,633675865.6219482,121.27999877929688
2019-01-24,121.16000366210938,121.36000061035156,120.91999816894533,5662500,685672104.2633057,121.08999633789062
2019-01-25,122.0199966430664,122.91000366210938,122.0199966430664,11103300,1364151444.7769165,122.86000061035156
2019-01-28,122.75,123.29000091552734,122.72000122070312,8522200,1050702045.8023072,123.29000091552734
2019-01-29,123.70999908447266,124.0,123.45999908447266,11610200,1439432634.9746704,123.9800033569336
2019-01-30,123.91000366210938,125.06999969482422,123.6999969482422,12104000,1509247789.5507812,124.69000244140624
2019-01-31,125.18000030517578,125.2300033569336,124.62000274658205,10209500,1273635125.0,124.75
2019-02-01,124.88999938964844,125.0500030517578,124.37000274658205,12485500,1554444750.0,124.5
2019-02-04,123.98999786376952,124.29000091552734,123.81999969482422,6878900,852708437.702179,123.95999908447266
2019-02-05,124.29000091552734,124.41999816894533,124.0500030517578,6291100,781857900.3204346,124.27999877929688
2019-02-06,124.16000366210938,124.19000244140624,123.4000015258789,6595100,814099160.1013184,123.44000244140624
2019-02-07,123.8000030517578,123.9499969482422,123.44000244140624,5935500,734458757.320404,123.73999786376952
2019-02-08,124.0500030517578,124.33000183105467,123.9800033569336,4235200,526054188.1225586,124.20999908447266
2019-02-11,123.19000244140624,123.81999969482422,123.19000244140624,4821800,595974472.6425171,123.5999984741211
2019-02-12,123.95999908447266,124.02999877929688,123.61000061035156,4271900,529117536.6073608,123.86000061035156
2019-02-13,123.83999633789062,124.5500030517578,123.30999755859376,7640500,942608505.98526,123.37000274658205
2019-02-14,123.83999633789062,124.1999969482422,123.52999877929688,6276500,778662574.6765137,124.05999755859376
2019-02-15,124.58999633789062,125.0,124.18000030517578,12190100,1521324517.201233,124.8000030517578
2019-02-19,125.9800033569336,126.79000091552734,125.93000030517578,15614000,1978293752.3498533,126.6999969482422
2019-02-20,127.0,127.20999908447266,126.30999755859376,8889700,1124369285.8421326,126.4800033569336
2019-02-21,126.1500015258789,126.22000122070312,125.0500030517578,8634600,1079756756.350708,125.0500030517578
2019-02-22,125.52999877929688,125.9499969482422,125.38999938964844,5439400,682644700.0,125.5
2019-02-25,125.77999877929688,125.9000015258789,125.2300033569336,4882600,612131575.4104614,125.37000274658205
2019-02-26,125.33000183105467,125.62000274658205,125.0500030517578,5153200,647138865.435791,125.58000183105467
2019-02-27,125.16999816894533,125.2300033569336,124.4000015258789,7935600,989489983.3740234,124.69000244140624
2019-02-28,124.70999908447266,124.70999908447266,123.9800033569336,7811700,968572666.3124084,123.98999786376952
2019-03-01,123.4800033569336,123.95999908447266,121.87000274658205,16411700,2000257950.92392,121.87999725341795
2019-03-04,121.55999755859376,121.8499984741211,121.18000030517578,10272600,1248737230.9204102,121.55999755859376
2019-03-05,121.37999725341795,121.7300033569336,121.02999877929688,7120100,866658580.6915283,121.72000122070312
2019-03-06,121.43000030517578,121.63999938964844,121.26000213623048,4820400,586208846.9421387,121.61000061035156
2019-03-07,121.2699966430664,121.70999908447266,121.18000030517578,6088800,739850101.0070801,121.51000213623048
2019-03-08,122.6999969482422,122.88999938964844,122.37000274658205,10427700,1280938629.812622,122.83999633789062
2019-03-11,122.5199966430664,122.54000091552734,121.91999816894533,6708700,820071473.6686707,122.23999786376952
2019-03-12,122.54000091552734,123.02999877929688,122.4000015258789,6289900,773531923.1147766,122.9800033569336
2019-03-13,123.55999755859376,123.87999725341795,123.43000030517578,7377300,913604804.9835204,123.83999633789062
2019-03-14,122.33000183105467,122.5500030517578,122.12000274658205,6778200,829719486.8225098,122.41000366210938
2019-03-15,123.05999755859376,123.4000015258789,122.91000366210938,9412000,1157393651.4892578,122.97000122070312
2019-03-18,123.3000030517578,123.4000015258789,122.88999938964844,7783200,957644935.1257324,123.04000091552734
2019-03-19,123.72000122070312,123.79000091552734,123.33999633789062,6558700,809212387.9859924,123.37999725341795
2019-03-20,123.66000366210938,124.41999816894533,122.6500015258789,11304900,1403842485.4499817,124.18000030517578
2019-03-21,124.36000061035156,124.37000274658205,123.11000061035156,7739800,957258466.3619996,123.68000030517578
2019-03-22,123.93000030517578,124.22000122070312,123.7300033569336,5874000,728199787.1704102,123.97000122070312
2019-03-25,124.55999755859376,125.11000061035156,124.4800033569336,7288300,910454422.654724,124.91999816894533
2019-03-26,124.4800033569336,124.51000213623048,124.06999969482422,5056100,628473245.4299927,124.3000030517578
2019-03-27,124.3499984741211,124.37999725341795,123.55999755859376,6595000,815471760.0631714,123.6500015258789
2019-03-28,122.27999877929688,122.36000061035156,121.70999908447266,11878300,1447964788.1248474,121.9000015258789
2019-03-29,122.63999938964844,122.75,122.01000213623048,7093900,865526754.1542053,122.01000213623048
2019-04-01,122.4000015258789,122.43000030517578,121.45999908447266,13560000,1647946783.4472656,121.52999877929688
2019-04-02,121.72000122070312,122.01000213623048,121.68000030517578,4475000,545860515.0222778,121.9800033569336
2019-04-03,121.7300033569336,122.01000213623048,121.68000030517578,6152200,749337978.7750244,121.8000030517578
2019-04-04,121.0999984741211,122.23999786376952,120.95999908447266,7508400,916850728.5827636,122.11000061035156
2019-04-05,121.87999725341795,122.12999725341795,121.66000366210938,5114500,623866727.1690369,121.9800033569336
2019-04-08,122.97000122070312,123.0199966430664,122.4000015258789,4270800,523215717.1234131,122.51000213623048
2019-04-09,123.26000213623048,123.3499984741211,123.02999877929688,4648400,572450467.0928955,123.1500015258789
2019-04-10,123.22000122070312,123.7699966430664,123.19000244140624,6344800,783773136.2548828,123.52999877929688
2019-04-11,122.54000091552734,122.75,121.79000091552734,11694500,1426144239.3112185,121.9499969482422
2019-04-12,121.95999908447266,122.30999755859376,121.8000030517578,5272800,642385233.6547852,121.83000183105467
2019-04-15,121.1999969482422,121.81999969482422,121.0999984741211,4252400,517091833.5113525,121.5999984741211
2019-04-16,120.37999725341795,120.62999725341795,120.19000244140624,10097800,1216885899.571228,120.51000213623048
2019-04-17,120.45999908447266,120.51000213623048,120.1999969482422,4693900,564582286.2701416,120.27999877929688
2019-04-18,120.23999786376952,120.54000091552734,120.1500015258789,4090400,492361459.2346192,120.37000274658205
2019-04-22,120.45999908447266,120.5,120.2699966430664,2250900,270940839.1822815,120.37000274658205
2019-04-23,119.66999816894533,120.1999969482422,119.5500030517578,5574800,669644991.3116455,120.12000274658205
2019-04-24,120.05999755859376,120.72000122070312,120.04000091552734,4173000,502721315.0939941,120.47000122070312
2019-04-25,120.72000122070312,121.0999984741211,120.5,4836900,583185031.5238953,120.56999969482422
2019-04-26,121.26000213623048,121.66999816894533,121.22000122070312,6022700,730975115.5418396,121.37000274658205
2019-04-29,120.87999725341795,120.91000366210938,120.66999816894533,4469300,540025527.1835327,120.83000183105467
2019-04-30,120.88999938964844,121.36000061035156,120.8499984741211,4758600,576742305.4779053,121.1999969482422
2019-05-01,121.02999877929688,121.5500030517578,120.18000030517578,12331800,1484748738.8168335,120.4000015258789
2019-05-02,119.69000244140624,120.11000061035156,119.54000091552734,6759600,810746440.5029297,119.94000244140624
2019-05-03,120.55999755859376,121.08000183105467,120.4800033569336,8414400,1015197372.8393556,120.6500015258789
2019-05-06,120.61000061035156,121.12000274658205,120.54000091552734,3479600,420370467.5048828,120.80999755859376
2019-05-07,121.0199966430664,121.41999816894533,120.91000366210938,4010700,486136943.3280945,121.20999908447266
2019-05-08,121.54000091552734,121.54000091552734,120.7699966430664,4178800,505258723.30322266,120.91000366210938
2019-05-09,120.95999908447266,121.62000274658205,120.86000061035156,5015500,607878584.6939087,121.1999969482422
2019-05-10,121.41000366210938,121.7300033569336,121.3000030517578,4586000,556877981.3995361,121.43000030517578
2019-05-13,122.62999725341795,122.8499984741211,122.33000183105467,11130900,1365427482.6187134,122.66999816894533
2019-05-14,122.5999984741211,122.66000366210938,122.12000274658205,5556000,680387754.9133301,122.45999908447266
2019-05-15,122.70999908447266,122.7699966430664,122.22000122070312,10299000,1260494603.7139893,122.38999938964844
2019-05-16,122.02999877929688,122.06999969482422,121.19000244140624,6349400,771515607.5637817,121.51000213623048
2019-05-17,121.02999877929688,121.05999755859376,120.33000183105467,6589300,794999055.0544739,120.6500015258789
2019-05-20,120.51000213623048,120.73999786376952,120.41999816894533,4345800,524277309.3475342,120.63999938964844
2019-05-21,120.08000183105467,120.36000061035156,119.83000183105467,3845600,462856418.347168,120.36000061035156
2019-05-22,120.3499984741211,120.5,120.19000244140624,3741800,449914024.0066528,120.23999786376952
2019-05-23,120.81999969482422,121.5199966430664,120.7699966430664,6054600,733635870.9136963,121.16999816894533
2019-05-24,121.12999725341795,121.30999755859376,120.88999938964844,2324700,281986117.0944214,121.3000030517578
2019-05-28,120.8000030517578,120.83999633789062,120.45999908447266,4303500,519991912.8799439,120.83000183105467
2019-05-29,121.11000061035156,121.26000213623048,120.75,4133200,499579895.35217285,120.87000274658205
2019-05-30,120.95999908447266,121.69000244140624,120.8000030517578,7757000,943949348.9379884,121.69000244140624
2019-05-31,122.5500030517578,123.4000015258789,122.31999969482422,15367000,1895212138.1378171,123.33000183105467
2019-06-03,124.08999633789062,125.33999633789062,123.9000015258789,14173600,1773259104.650879,125.11000061035156
2019-06-04,124.87999725341795,125.41999816894533,124.61000061035156,7997100,1000837077.2026062,125.1500015258789
2019-06-05,126.18000030517578,126.37000274658205,125.23999786376952,7637900,958327322.3236084,125.47000122070312
2019-06-06,125.93000030517578,126.4499969482422,125.8000030517578,5551800,698860568.7515259,125.87999725341795
2019-06-07,126.79000091552734,127.25,126.31999969482422,8145900,1031189451.1688232,126.58999633789062
2019-06-10,125.45999908447266,125.52999877929688,125.06999969482422,5410000,678035309.9060059,125.33000183105467
2019-06-11,124.94000244140624,125.4000015258789,124.87999725341795,4757800,595581405.4519653,125.18000030517578
2019-06-12,125.5999984741211,126.1999969482422,125.55999755859376,5756200,724302656.539917,125.83000183105467
2019-06-13,126.02999877929688,126.7699966430664,125.95999908447266,5374800,680449671.798706,126.5999984741211
2019-06-14,127.20999908447266,127.62999725341795,126.26000213623048,9226100,1167655193.4753418,126.55999755859376
2019-06-17,126.6999969482422,126.7699966430664,126.16999816894533,4763300,602462199.9900818,126.4800033569336
2019-06-18,127.58000183105467,127.75,126.38999938964844,10309600,1310556380.316162,127.12000274658205
2019-06-19,126.7699966430664,127.98999786376952,126.6999969482422,11660600,1491274126.8829346,127.88999938964844
2019-06-20,130.41000366210938,131.49000549316406,130.19000244140625,18636300,2443405304.374695,131.11000061035156
2019-06-21,131.77000427246094,132.1699981689453,131.07000732421875,15068000,1988674575.6225584,131.97999572753906
2019-06-24,132.77000427246094,134.0399932861328,132.5800018310547,17851800,2391070135.583496,133.94000244140625
2019-06-25,134.89999389648438,135.5500030517578,133.2100067138672,24772200,3324429164.401245,134.1999969482422
2019-06-26,132.99000549316406,133.5500030517578,132.41000366210938,12016400,1597820722.668457,132.97000122070312
2019-06-27,132.3800048828125,132.97000122070312,132.25999450683594,8412800,1117556321.1914062,132.83999633789062
2019-06-28,133.0500030517578,133.33999633789062,132.61000061035156,8077000,1075856375.350952,133.1999969482422
2019-07-01,131.55999755859375,131.75999450683594,130.5500030517578,13317700,1739557908.972168,130.6199951171875
2019-07-02,131.27000427246094,133.6300048828125,131.16000366210938,13282100,1771965009.640503,133.41000366210938
2019-07-03,133.61000061035156,134.10000610351562,133.22999572753906,6351500,848750976.0131836,133.6300048828125
2019-07-05,131.4600067138672,132.32000732421875,130.80999755859375,11536600,1524446316.9586182,132.13999938964844
2019-07-08,132.17999267578125,132.33999633789062,131.27999877929688,8028900,1054114227.0950316,131.2899932861328
2019-07-09,131.42999267578125,132.10000610351562,131.16000366210938,6633400,873950450.0,131.75
2019-07-10,132.94000244140625,133.8699951171875,132.35000610351562,13920600,1862993923.48938,133.8300018310547
2019-07-11,133.5800018310547,133.6999969482422,132.41000366210938,7535100,999907747.0046996,132.6999969482422
2019-07-12,132.88999938964844,133.69000244140625,132.52999877929688,6309500,842507527.2979736,133.52999877929688
2019-07-15,133.17999267578125,133.52999877929688,132.80999755859375,4026600,537671893.0847168,133.52999877929688
2019-07-16,133.17999267578125,133.3000030517578,132.1300048828125,7966000,1054698351.3793944,132.39999389648438
2019-07-17,133.0,134.60000610351562,132.88999938964844,11288300,1519179434.6694946,134.5800018310547
2019-07-18,133.8300018310547,136.6300048828125,133.61000061035156,18448200,2517810257.180786,136.47999572753906
2019-07-19,135.4499969482422,136.02999877929688,133.97000122070312,18079200,2431110046.069336,134.47000122070312
2019-07-22,134.55999755859375,134.82000732421875,134.32000732421875,7570400,1017840256.8969728,134.4499969482422
2019-07-23,134.42999267578125,134.9499969482422,133.55999755859375,9981400,1334413390.3686523,133.69000244140625
2019-07-24,134.58999633789062,134.83999633789062,133.97999572753906,6715200,902321391.2109376,134.3699951171875
2019-07-25,134.24000549316406,134.27999877929688,133.08999633789062,11708200,1562108022.5616455,133.4199981689453
2019-07-26,134.24000549316406,134.2899932861328,133.58999633789062,6249900,835236632.1853638,133.63999938964844
2019-07-29,134.05999755859375,134.72999572753906,133.44000244140625,9162400,1232617660.8154297,134.52999877929688
2019-07-30,134.75999450683594,135.17999267578125,134.41000366210938,9458700,1276735285.5880735,134.97999572753906
2019-07-31,135.02999877929688,135.4199981689453,133.02000427246094,18797200,2503975138.2019043,133.2100067138672
2019-08-01,132.4199981689453,136.42999267578125,132.30999755859375,27719800,3781258019.51294,136.41000366210938
2019-08-02,135.38999938964844,136.60000610351562,135.3699951171875,13753200,1868922339.605713,135.88999938964844
2019-08-05,137.92999267578125,138.63999938964844,137.0500030517578,17519800,2414053124.3743896,137.7899932861328
2019-08-06,138.3300018310547,139.02999877929688,138.00999450683594,9471200,1315644426.6845703,138.91000366210938
2019-08-07,141.27999877929688,142.47000122070312,140.8800048828125,26671100,3761158635.951233,141.02000427246094
2019-08-08,140.89999389648438,142.3699951171875,140.7100067138672,13108600,1857881821.9940183,141.72999572753906
2019-08-09,141.27999877929688,142.02999877929688,140.9600067138672,9485900,1339978181.892395,141.25999450683594
2019-08-12,141.6699981689453,143.3800048828125,141.63999938964844,15264000,2177104394.53125,142.6300048828125
2019-08-13,143.1699981689453,143.2899932861328,139.35000610351562,29842800,4231112147.570801,141.77999877929688
2019-08-14,142.89999389648438,143.75,142.0500030517578,20672900,2951056475.0,142.75
2019-08-15,142.9600067138672,144.02000427246094,142.61000061035156,13467800,1935322818.899536,143.6999969482422
2019-08-16,142.75,143.1300048828125,141.8000030517578,11728800,1674638049.6826172,142.77999877929688
2019-08-19,141.3300018310547,141.7899932861328,140.85000610351562,10552700,1489091503.440857,141.11000061035156
2019-08-20,141.77000427246094,142.25999450683594,141.60000610351562,7478500,1063517535.2096558,142.2100067138672
2019-08-21,141.6199951171875,142.1699981689453,141.4600067138672,8114700,1150339827.4246216,141.75999450683594
2019-08-22,141.38999938964844,141.89999389648438,141.1699981689453,6846500,968095058.2122804,141.39999389648438
2019-08-23,141.83999633789062,144.3300018310547,141.63999938964844,20282200,2924084736.8621826,144.1699981689453
2019-08-26,144.35000610351562,144.97000122070312,143.91000366210938,12195800,1758512431.7749023,144.19000244140625
2019-08-27,144.3000030517578,145.67999267578125,144.27000427246094,12844100,1869715731.072998,145.57000732421875
2019-08-28,145.38999938964844,145.67999267578125,144.63999938964844,11452400,1662430425.9399414,145.16000366210938
2019-08-29,145.39999389648438,145.49000549316406,143.27999877929688,14762500,2127571427.9174805,144.1199951171875
2019-08-30,143.83999633789062,144.8800048828125,143.02000427246094,9642200,1386066250.0,143.75
2019-09-03,144.9600067138672,146.1300048828125,144.74000549316406,15615200,2275915400.0,145.75
2019-09-04,145.5399932861328,146.82000732421875,145.5,11285900,1655190135.3302002,146.66000366210938
2019-09-05,144.97999572753906,145.00999450683594,142.0,20293200,2904768635.6140137,143.13999938964844
2019-09-06,143.63999938964844,144.05999755859375,141.86000061035156,14175200,2011744358.0444336,141.9199981689453
2019-09-09,142.3699951171875,142.4600067138672,141.17999267578125,11323800,1601072075.088501,141.38999938964844
2019-09-10,141.22999572753906,141.52999877929688,140.16000366210938,12629200,1770361163.5009766,140.17999267578125
2019-09-11,140.33999633789062,141.25999450683594,140.27999877929688,7453000,1051096580.9020996,141.02999877929688
2019-09-12,142.67999267578125,143.10000610351562,141.11000061035156,12673700,1791047376.8249512,141.32000732421875
2019-09-13,141.72999572753906,141.99000549316406,140.05999755859375,13451700,1885255672.8973389,140.14999389648438
2019-09-16,141.60000610351562,142.0500030517578,141.02000427246094,8094600,1143928931.286621,141.32000732421875
2019-09-17,141.82000732421875,142.11000061035156,141.22000122070312,7010200,992644362.7868652,141.60000610351562
2019-09-18,141.92999267578125,142.52999877929688,139.80999755859375,15026300,2114350773.8845823,140.7100067138672
2019-09-19,141.57000732421875,141.74000549316406,141.08999633789062,8057400,1138349462.1643066,141.27999877929688
2019-09-20,141.61000061035156,143.02999877929688,141.4600067138672,12110000,1731124463.043213,142.9499969482422
2019-09-23,143.22000122070312,143.94000244140625,143.07000732421875,9006500,1294684375.0,143.75
2019-09-24,143.2100067138672,144.77000427246094,142.8800048828125,10576300,1528381054.902649,144.50999450683594
2019-09-25,144.0800018310547,144.2899932861328,141.44000244140625,11648400,1652092593.3288574,141.8300018310547
2019-09-26,142.19000244140625,142.57000732421875,141.55999755859375,7984600,1132136380.392456,141.7899932861328
2019-09-27,140.35000610351562,141.67999267578125,140.16000366210938,9804200,1382980428.0639648,141.05999755859375
2019-09-30,139.77000427246094,140.2100067138672,138.02999877929688,15459100,2146805141.5161133,138.8699951171875
2019-10-01,138.07000732421875,140.19000244140625,137.8000030517578,12476200,1742051866.9189453,139.6300048828125
2019-10-02,140.7899932861328,141.8800048828125,140.4600067138672,11914300,1683013952.5527954,141.25999450683594
2019-10-03,141.36000061035156,143.25,141.2899932861328,12396100,1759006514.34021,141.89999389648438
2019-10-04,141.47999572753906,142.30999755859375,141.13999938964844,9651000,1369476841.0949707,141.89999389648438
2019-10-07,141.16000366210938,141.77000427246094,140.24000549316406,6127200,862035782.9589844,140.69000244140625
2019-10-08,142.02999877929688,142.2899932861328,141.1699981689453,10428900,1480069468.9041138,141.9199981689453
2019-10-09,142.16000366210938,142.5800018310547,141.6199951171875,6927700,984079806.1416626,142.0500030517578
2019-10-10,141.58999633789062,141.66000366210938,140.5800018310547,9301700,1309772354.2907715,140.80999755859375
2019-10-11,139.97000122070312,140.19000244140625,138.91000366210938,11333400,1587015988.1652832,140.02999877929688
2019-10-14,140.4499969482422,140.82000732421875,140.33999633789062,4006700,563301938.3270264,140.58999633789062
2019-10-15,140.27000427246094,140.3000030517578,139.2100067138672,9128300,1274401968.5714722,139.61000061035156
2019-10-16,140.13999938964844,140.52999877929688,139.6999969482422,10330300,1450477460.8306885,140.41000366210938
2019-10-17,140.5,141.1199951171875,140.4199981689453,6131000,862079913.7420654,140.61000061035156
2019-10-18,140.5,140.7100067138672,140.32000732421875,6416100,901205449.0768431,140.4600067138672
2019-10-21,140.72000122070312,140.75999450683594,139.60000610351562,8306200,1161123642.2332764,139.7899932861328
2019-10-22,140.1300048828125,140.3000030517578,139.72000122070312,3879700,543933928.1600952,140.1999969482422
2019-10-23,140.58999633789062,141.0,140.5,4155300,583944303.9276123,140.52999877929688
2019-10-24,141.02000427246094,141.74000549316406,140.92999267578125,6174800,873919436.4624023,141.52999877929688
2019-10-25,142.7899932861328,142.8300018310547,141.39999389648438,6011500,852791393.6691284,141.86000061035156
2019-10-28,141.25,141.25,140.39999389648438,5442000,765362876.6784668,140.63999938964844
2019-10-29,140.0,140.6300048828125,139.77999877929688,3835400,537914850.0,140.25
2019-10-30,140.5399932861328,141.0399932861328,139.5500030517578,6992900,986138787.876892,141.02000427246094
2019-10-31,141.97999572753906,142.69000244140625,141.88999938964844,7050900,1004259635.357666,142.42999267578125
2019-11-01,142.2100067138672,142.89999389648438,142.00999450683594,8090000,1153310380.2490234,142.55999755859375
2019-11-04,142.25999450683594,142.4499969482422,141.74000549316406,4740300,673833616.0675049,142.14999389648438
2019-11-05,140.64999389648438,140.88999938964844,139.3800048828125,11782300,1647754726.913452,139.85000610351562
2019-11-06,140.1199951171875,140.7899932861328,140.0,6416500,901197405.418396,140.4499969482422
2019-11-07,140.11000061035156,140.1999969482422,137.60000610351562,15214200,2103667499.0020752,138.27000427246094
2019-11-08,137.72999572753906,138.3300018310547,137.38999938964844,10377400,1425750979.6661377,137.38999938964844
2019-11-11,137.61000061035156,137.7899932861328,136.44000244140625,7037300,964532320.8190918,137.05999755859375
2019-11-12,137.02999877929688,137.58999633789062,136.19000244140625,6448600,886231050.769043,137.42999267578125
2019-11-13,137.8000030517578,138.22000122070312,137.63999938964844,8776000,1210912442.5048828,137.97999572753906
2019-11-14,138.38999938964844,138.94000244140625,137.8699951171875,5220500,723352467.2546387,138.55999755859375
2019-11-15,138.02999877929688,138.4199981689453,137.97000122070312,10106700,1396847074.8550415,138.2100067138672
2019-11-18,138.44000244140625,138.85000610351562,138.3000030517578,5717900,792615270.0805664,138.6199951171875
2019-11-19,138.1300048828125,138.97000122070312,138.1300048828125,4824400,669096047.7783203,138.69000244140625
2019-11-20,138.52999877929688,139.0,138.10000610351562,6892100,956347758.140564,138.75999450683594
2019-11-21,138.38999938964844,138.55999755859375,137.77000427246094,4197200,579213600.0,138.0
2019-11-22,138.3699951171875,138.4600067138672,137.66000366210938,3620300,498660141.88690186,137.74000549316406
2019-11-25,137.32000732421875,137.6199951171875,136.99000549316406,6415800,879477875.7476807,137.0800018310547
2019-11-26,136.97999572753906,137.8000030517578,136.5800018310547,4724400,650738881.9519043,137.74000549316406
2019-11-27,137.02999877929688,137.2100067138672,136.8300018310547,4111000,563248087.4176025,137.00999450683594
2019-11-29,137.10000610351562,138.1300048828125,137.0800018310547,4516400,622630906.7565918,137.86000061035156
2019-12-02,137.32000732421875,138.08999633789062,137.3000030517578,8274700,1140170857.4447632,137.7899932861328
2019-12-03,139.0399932861328,139.57000732421875,138.97000122070312,8481700,1179889292.1768188,139.11000061035156
2019-12-04,139.16000366210938,139.1699981689453,138.58999633789062,6322300,878293904.423523,138.9199981689453
2019-12-05,138.8000030517578,139.4499969482422,138.7899932861328,5671500,788338500.0,139.0
2019-12-06,137.75999450683594,137.8300018310547,137.39999389648438,8714500,1199289447.4487305,137.6199951171875
2019-12-09,137.8000030517578,137.80999755859375,137.4499969482422,2711600,373061932.9650879,137.5800018310547
2019-12-10,138.25,138.3300018310547,137.74000549316406,3240800,447133179.9560547,137.97000122070312
2019-12-11,138.1999969482422,139.3000030517578,138.1199951171875,6097500,847064688.835144,138.9199981689453
2019-12-12,139.77999877929688,139.85000610351562,137.8800048828125,8815100,1220274228.4362793,138.42999267578125
2019-12-13,138.52000427246094,139.2100067138672,137.97999572753906,6964300,968385936.2533568,139.0500030517578
2019-12-16,139.1999969482422,139.38999938964844,138.8000030517578,4646100,645993712.8067017,139.0399932861328
2019-12-17,139.02000427246094,139.3000030517578,138.85000610351562,4287500,596005351.4480591,139.00999450683594
2019-12-18,138.86000061035156,139.25,138.80999755859375,3607600,501528567.4133301,139.02000427246094
2019-12-19,139.0399932861328,139.5500030517578,138.8699951171875,4975000,693415524.2919922,139.3800048828125
2019-12-20,139.3699951171875,139.52000427246094,138.97999572753906,4463900,622803347.0718384,139.52000427246094
2019-12-23,139.52999877929688,139.9600067138672,139.52999877929688,5180900,725066939.189148,139.9499969482422
2019-12-24,140.44000244140625,141.3300018310547,140.42999267578125,5303700,749253721.6598511,141.27000427246094
2019-12-26,142.05999755859375,142.47000122070312,141.91000366210938,8342500,1187805190.7348633,142.3800048828125
2019-12-27,142.25999450683594,142.72999572753906,142.1699981689453,5119900,728715376.3748169,142.3300018310547
2019-12-30,142.55999755859375,142.8000030517578,142.4600067138672,4810600,686135901.4892578,142.6300048828125
2019-12-31,143.30999755859375,143.60000610351562,142.8000030517578,5313500,759299117.5689697,142.89999389648438
2020-01-02,143.86000061035156,144.2100067138672,143.39999389648438,7733800,1113280486.3983154,143.9499969482422
2020-01-03,145.75,146.32000732421875,145.39999389648438,12272800,1790110615.490723,145.86000061035156
2020-01-06,148.44000244140625,148.47999572753906,146.9499969482422,14403300,2122902378.2089236,147.38999938964844
2020-01-07,147.57000732421875,148.13999938964844,147.42999267578125,7978500,1180578654.73938,147.97000122070312
2020-01-08,148.49000549316406,148.61000061035156,146.13999938964844,22248500,3267414723.5794067,146.86000061035156
2020-01-09,146.07000732421875,146.41000366210938,145.44000244140625,10292300,1502984556.4361572,146.02999877929688
2020-01-10,146.22000122070312,146.99000549316406,146.1699981689453,6183300,908388625.6439208,146.91000366210938
2020-01-13,146.35000610351562,146.3800048828125,145.77999877929688,7593800,1107327971.6186523,145.82000732421875
2020-01-14,145.4199981689453,145.80999755859375,145.0800018310547,6589700,960053409.0881348,145.69000244140625
2020-01-15,146.2100067138672,146.72999572753906,145.82000732421875,6510000,953975356.2927246,146.5399932861328
2020-01-16,146.27000427246094,146.47000122070312,145.75999450683594,6069100,887970006.1828613,146.30999755859375
2020-01-17,146.50999450683594,146.99000549316406,146.30999755859375,11121100,1630130858.3633423,146.5800018310547
2020-01-21,145.77000427246094,146.86000061035156,145.5500030517578,6086100,893074347.4319458,146.74000549316406
2020-01-22,146.67999267578125,146.80999755859375,146.3800048828125,4778200,701391945.9197998,146.7899932861328
2020-01-23,147.0,147.6199951171875,146.6199951171875,8419800,1238720934.8876953,147.1199951171875
2020-01-24,146.89999389648438,148.3800048828125,146.88999938964844,9919900,1467946759.6176147,147.97999572753906
2020-01-27,149.24000549316406,149.32000732421875,148.4600067138672,9988100,1488127073.866272,148.99000549316406
2020-01-28,148.36000061035156,148.55999755859375,147.52999877929688,7543100,1113814173.6236572,147.66000366210938
2020-01-29,147.6999969482422,148.55999755859375,147.61000061035156,5013100,744244859.6572876,148.4600067138672
2020-01-30,148.69000244140625,149.30999755859375,148.00999450683594,9119500,1353972176.132202,148.47000122070312
2020-01-31,148.8800048828125,149.67999267578125,148.80999755859375,14788300,2208336866.078186,149.3300018310547
2020-02-03,148.66000366210938,148.77999877929688,147.67999267578125,9105300,1350862313.557434,148.36000061035156
2020-02-04,146.97000122070312,147.02999877929688,145.8000030517578,10525600,1541263530.9082031,146.42999267578125
2020-02-05,146.3800048828125,146.80999755859375,146.16000366210938,6160700,903220230.7601928,146.61000061035156
2020-02-06,147.27999877929688,147.6300048828125,147.0,4819800,710438490.5822754,147.39999389648438
2020-02-07,147.8300018310547,148.17999267578125,147.33999633789062,6379300,942796704.170227,147.7899932861328
2020-02-10,148.2100067138672,148.4499969482422,147.91000366210938,5793600,858437701.3916016,148.1699981689453
2020-02-11,148.02999877929688,148.16000366210938,147.00999450683594,5179400,764790222.9675293,147.66000366210938
2020-02-12,147.4199981689453,147.80999755859375,147.16000366210938,5040600,743690090.158081,147.5399932861328
2020-02-13,148.24000549316406,148.5800018310547,147.9499969482422,7082100,1050842032.5805664,148.3800048828125
2020-02-14,148.74000549316406,149.1300048828125,148.6300048828125,5345400,796464600.0,149.0
2020-02-18,149.8800048828125,151.08999633789062,149.47000122070312,11524900,1739222701.2054443,150.91000366210938
2020-02-19,151.0,151.82000732421875,150.82000732421875,9269800,1407062879.763794,151.7899932861328
2020-02-20,152.0,152.8300018310547,151.9499969482422,8457300,1288977123.9715576,152.41000366210938
2020-02-21,154.42999267578125,155.22000122070312,154.17999267578125,16344500,2528494100.1205444,154.6999969482422
2020-02-24,158.5,158.52999877929688,155.36000061035156,27171000,4241121290.496826,156.08999633789062
2020-02-25,155.1199951171875,156.0800018310547,152.91000366210938,28091500,4306427035.728455,153.3000030517578
2020-02-26,153.82000732421875,155.27999877929688,152.89999389648438,17912500,2757987646.8658447,153.97000122070312
2020-02-27,155.5800018310547,156.27000427246094,153.89999389648438,27878500,4293289000.0,154.0
2020-02-28,152.7100067138672,152.77000427246094,147.0500030517578,42699600,6335766856.494141,148.3800048828125
2020-03-02,150.0,150.72999572753906,149.0399932861328,16295400,2431273630.2703857,149.1999969482422
2020-03-03,150.83999633789062,155.24000549316406,150.74000549316406,28687700,4414750135.4904175,153.88999938964844
2020-03-04,154.39999389648438,154.9600067138672,153.6999969482422,12315500,1898557525.100708,154.16000366210938
2020-03-05,156.05999755859375,157.6199951171875,155.72000122070312,17973500,2830646613.7313843,157.49000549316406
2020-03-06,158.3300018310547,159.25,154.5399932861328,26973400,4249659252.316284,157.5500030517578
2020-03-09,158.60000610351562,159.3699951171875,156.3300018310547,24868700,3924529486.2854,157.80999755859375
2020-03-10,156.17999267578125,156.41000366210938,154.38999938964844,18811500,2906000439.628601,154.47999572753906
2020-03-11,156.25,156.5,153.61000061035156,18159900,2795353273.99292,153.92999267578125
2020-03-12,151.52999877929688,151.5500030517578,146.85000610351562,32893400,4861315365.158081,147.7899932861328
2020-03-13,149.4199981689453,149.60000610351562,141.5800018310547,35177200,5040189173.059082,143.27999877929688
2020-03-16,137.55999755859375,142.9600067138672,136.1199951171875,24496000,3469613425.048828,141.63999938964844
2020-03-17,140.17999267578125,146.1999969482422,139.92999267578125,24490300,3515827408.2092285,143.55999755859375
2020-03-18,141.75,142.8800048828125,138.5,21953400,3088843313.00354,140.6999969482422
2020-03-19,139.0800018310547,140.5,137.85000610351562,20828900,2875221216.157532,138.0399932861328
2020-03-20,140.7100067138672,141.1699981689453,139.13999938964844,20056000,2810046172.241211,140.11000061035156
2020-03-23,142.67999267578125,146.92999267578125,142.27999877929688,28275200,4136661846.289063,146.3000030517578
2020-03-24,153.5,155.66000366210938,152.0500030517578,20743500,3182052773.391724,153.39999389648438
2020-03-25,152.5800018310547,152.8800048828125,151.00999450683594,16457200,2489974410.2233887,151.3000030517578
2020-03-26,153.30999755859375,154.80999755859375,152.0800018310547,12778200,1958131438.192749,153.24000549316406
2020-03-27,153.0,153.5500030517578,152.0,9824600,1495795350.0,152.25
2020-03-30,152.41000366210938,153.0800018310547,151.57000732421875,12080900,1847411205.8792117,152.9199981689453
2020-03-31,151.36000061035156,151.8000030517578,147.97000122070312,13319500,1971952015.647888,148.0500030517578
2020-04-01,148.1999969482422,150.0800018310547,147.85000610351562,11827400,1767604893.9056396,149.4499969482422
2020-04-02,151.1999969482422,152.5,150.6999969482422,9188300,1395702713.9190674,151.89999389648438
2020-04-03,152.22999572753906,153.08999633789062,151.66000366210938,8469100,1292808063.3087158,152.64999389648438
2020-04-06,154.16000366210938,157.22000122070312,153.9600067138672,14739300,2312301455.9692383,156.8800048828125
2020-04-07,155.3300018310547,156.13999938964844,154.3800048828125,9195400,1434850154.2633057,156.0399932861328
2020-04-08,155.91000366210938,155.94000244140625,154.58999633789062,7600800,1175463673.6083984,154.64999389648438
2020-04-09,158.0800018310547,159.0800018310547,157.2100067138672,18123000,2875938914.245605,158.69000244140625
2020-04-13,159.1699981689453,162.3800048828125,158.6300048828125,20549200,3316846447.253418,161.41000366210938
2020-04-14,162.72999572753906,164.4199981689453,161.77999877929688,17095100,2781030742.791748,162.67999267578125
2020-04-15,161.8000030517578,162.5399932861328,160.80999755859375,12141900,1965166589.1082764,161.85000610351562
2020-04-16,161.8800048828125,163.14999389648438,160.64999389648438,9233200,1493100833.9904785,161.7100067138672
2020-04-17,159.72000122070312,160.07000732421875,158.1199951171875,14652700,2323478746.31958,158.57000732421875
2020-04-20,158.6199951171875,160.22000122070312,158.4600067138672,10688700,1706985357.3806765,159.6999969482422
2020-04-21,157.60000610351562,159.2100067138672,157.0399932861328,12478100,1979151448.616028,158.61000061035156
2020-04-22,160.5,161.74000549316406,160.4199981689453,12902100,2086656577.8762815,161.72999572753906
2020-04-23,162.38999938964844,163.60000610351562,161.83999633789062,14928500,2438421135.3302,163.33999633789062
2020-04-24,163.1300048828125,163.30999755859375,160.88999938964844,11199300,1821454145.1644895,162.63999938964844
2020-04-27,161.8800048828125,162.0,160.41000366210938,9033500,1459452237.9455566,161.55999755859375
2020-04-28,160.88999938964844,160.97999572753906,159.16000366210938,10383000,1670001681.9763184,160.83999633789062
2020-04-29,160.10000610351562,161.85000610351562,159.75999450683594,12232300,1978329826.737976,161.72999572753906
2020-04-30,160.22000122070312,160.82000732421875,158.1300048828125,13633500,2164999841.60614,158.8000030517578
2020-05-01,158.0,160.4499969482422,157.8000030517578,10914300,1743886840.67688,159.77999877929688
2020-05-04,160.3300018310547,160.9499969482422,159.91000366210938,7986200,1280507278.753662,160.33999633789062
2020-05-05,160.16000366210938,161.10000610351562,159.3300018310547,10563100,1700870407.130432,161.02000427246094
2020-05-06,158.99000549316406,159.80999755859375,158.10000610351562,13352000,2122300359.2529297,158.9499969482422
2020-05-07,159.5,161.9600067138672,159.36000061035156,13691700,2209703454.643249,161.38999938964844
2020-05-08,161.0800018310547,162.0,160.0,12240900,1963685155.586243,160.4199981689453
2020-05-11,160.33999633789062,160.7100067138672,158.88999938964844,11209800,1787066295.4742432,159.4199981689453
2020-05-12,160.3000030517578,160.9499969482422,159.72000122070312,10406000,1665376170.135498,160.0399932861328
2020-05-13,160.94000244140625,161.6199951171875,160.5399932861328,10950400,1769365652.0507812,161.5800018310547
2020-05-14,161.52999877929688,163.33999633789062,161.50999450683594,17084400,2784927950.152588,163.00999450683594
2020-05-15,164.02000427246094,164.8000030517578,163.0800018310547,13918800,2281708782.055664,163.92999267578125
2020-05-18,164.3300018310547,164.5,162.41000366210938,14133800,2299427956.506348,162.69000244140625
2020-05-19,163.60000610351562,164.42999267578125,163.0399932861328,8535800,1402090461.1114502,164.25999450683594
2020-05-20,164.5399932861328,164.9600067138672,163.88999938964844,10666100,1756173299.899292,164.64999389648438
2020-05-21,163.4600067138672,163.5800018310547,161.3699951171875,11791000,1913089750.0,162.25
2020-05-22,162.8800048828125,163.47000122070312,162.74000549316406,8540900,1393960346.3424685,163.2100067138672
2020-05-26,162.5800018310547,162.5800018310547,160.69000244140625,13972000,2247955071.472168,160.88999938964844
2020-05-27,159.4199981689453,161.33999633789062,159.1999969482422,13063500,2105574834.3200684,161.17999267578125
2020-05-28,162.1199951171875,162.4600067138672,160.89999389648438,9758500,1578144631.9122314,161.72000122070312
2020-05-29,162.5800018310547,163.39999389648438,162.32000732421875,12581800,2049701084.075928,162.91000366210938
2020-06-01,162.9199981689453,163.74000549316406,162.38999938964844,8140200,1332225161.8103027,163.66000366210938
2020-06-02,163.88999938964844,164.0800018310547,161.86000061035156,10388900,1689235203.4088137,162.60000610351562
2020-06-03,160.33999633789062,160.89999389648438,158.82000732421875,17000500,2713279903.7628174,159.60000610351562
2020-06-04,161.13999938964844,161.8699951171875,159.83999633789062,10094000,1627960307.678223,161.27999877929688
2020-06-05,158.72000122070312,158.72000122070312,157.0399932861328,16021200,2531509723.99292,158.00999450683594
2020-06-08,158.89999389648438,159.86000061035156,158.47000122070312,9244400,1476515579.284668,159.72000122070312
2020-06-09,161.10000610351562,161.77999877929688,160.8699951171875,9045600,1458693406.3110352,161.25999450683594
2020-06-10,162.10000610351562,163.6300048828125,160.52000427246094,13009300,2127931296.282959,163.57000732421875
2020-06-11,163.35000610351562,164.05999755859375,161.97000122070312,11673900,1895724613.874817,162.38999938964844
2020-06-12,163.41000366210938,163.8800048828125,162.55999755859375,6895400,1121329914.3310547,162.6199951171875
2020-06-15,160.52000427246094,162.55999755859375,160.16000366210938,8532500,1385080740.623474,162.3300018310547
2020-06-16,161.85000610351562,162.69000244140625,161.36000061035156,7964000,1292159000.0,162.25
2020-06-17,162.0,162.6199951171875,161.77000427246094,4758200,773492980.3833008,162.55999755859375
2020-06-18,162.1999969482422,162.32000732421875,161.44000244140625,5397600,875706653.6499023,162.24000549316406
2020-06-19,162.8699951171875,164.08999633789062,162.77999877929688,12187400,1999099207.1228027,164.02999877929688
2020-06-22,165.05999755859375,165.72999572753906,164.41000366210938,12385600,2044738658.642578,165.08999633789062
2020-06-23,165.6300048828125,166.52000427246094,165.52000427246094,12137300,2020617652.14386,166.47999572753906
2020-06-24,166.00999450683594,166.99000549316406,165.4499969482422,10901400,1808542193.4631348,165.89999389648438
2020-06-25,165.88999938964844,165.91000366210938,165.16000366210938,7093800,1176152061.6485596,165.8000030517578
2020-06-26,164.8699951171875,166.55999755859375,164.22000122070312,9753500,1624347824.5162964,166.5399932861328
2020-06-29,166.55999755859375,166.8000030517578,166.17999267578125,6735700,1122369723.8891602,166.6300048828125
2020-06-30,166.30999755859375,167.99000549316406,166.19000244140625,12762300,2136026088.684082,167.3699951171875
2020-07-01,167.0500030517578,167.05999755859375,165.33999633789062,13214800,2201849911.4746094,166.6199951171875
2020-07-02,166.1999969482422,167.24000549316406,166.02000427246094,8753500,1461659392.6010132,166.97999572753906
2020-07-06,167.75,168.0,167.19000244140625,7265700,1220492254.9575806,167.97999572753906
2020-07-07,167.41000366210938,169.0399932861328,167.3800048828125,11633100,1966459145.896912,169.0399932861328
2020-07-08,170.32000732421875,170.86000061035156,169.77999877929688,11662700,1983708600.289917,170.08999633789062
2020-07-09,170.47999572753906,170.63999938964844,168.77999877929688,13327400,2260726927.075196,169.6300048828125
2020-07-10,169.9499969482422,170.14999389648438,168.57000732421875,8218000,1390403440.0634766,169.19000244140625
2020-07-13,170.2899932861328,170.4199981689453,169.16000366210938,11095900,1879645392.276001,169.39999389648438
2020-07-14,168.97000122070312,170.1999969482422,168.80999755859375,9812700,1670023436.956787,170.19000244140625
2020-07-15,169.6199951171875,170.42999267578125,169.38999938964844,7533800,1283307464.4104004,170.33999633789062
2020-07-16,169.8000030517578,170.0,168.64999389648438,10242400,1728200108.239746,168.72999572753906
2020-07-17,169.94000244140625,170.27000427246094,169.61000061035156,10296000,1751555469.7265625,170.1199951171875
2020-07-20,170.75999450683594,171.07000732421875,170.27000427246094,10095500,1725724794.6472168,170.94000244140625
2020-07-21,172.52999877929688,173.25,172.30999755859375,12826100,2218915300.0,173.0
2020-07-22,174.0500030517578,175.77000427246094,173.75999450683594,18712500,3286476466.369629,175.6300048828125
2020-07-23,176.1699981689453,178.41000366210938,175.64999389648438,23006800,4076344655.493164,177.17999267578125
2020-07-24,179.13999938964844,179.16000366210938,178.1999969482422,15601300,2787952262.388611,178.6999969482422
2020-07-27,181.8500061035156,182.8300018310547,181.52999877929688,21115600,3847895697.784424,182.22999572753903
2020-07-28,182.0200042724609,184.25999450683597,181.4199981689453,21164600,3888995250.0,183.75
2020-07-29,184.00999450683597,186.13999938964844,182.38999938964844,25640100,4746751838.195801,185.1300048828125
2020-07-30,183.44000244140625,184.3300018310547,182.1300048828125,18061200,3318926012.786865,183.75999450683597
2020-07-31,184.50999450683597,185.75,184.1699981689453,15876700,2944016364.715576,185.42999267578125
2020-08-03,185.0500030517578,185.82000732421875,184.1999969482422,12897000,2394199072.128296,185.63999938964844
2020-08-04,185.6100006103516,189.6000061035156,185.2100067138672,20773200,3938390911.9262695,189.58999633789065
2020-08-05,191.6499938964844,193.1300048828125,190.6199951171875,27078100,5181394600.271606,191.3500061035156
2020-08-06,193.7400054931641,194.4499969482422,192.5200042724609,20640100,4001908976.402282,193.88999938964844
2020-08-07,192.7100067138672,192.9600067138672,189.3300018310547,24570200,4688239802.01416,190.80999755859372
2020-08-10,191.1999969482422,192.6100006103516,189.66000366210935,19047200,3621824963.745117,190.1499938964844
2020-08-11,183.57000732421875,183.97999572753903,179.42999267578125,45355000,8161178810.72998,179.94000244140625
2020-08-12,182.6100006103516,183.1000061035156,179.0399932861328,28660500,5133095724.92981,179.10000610351562
2020-08-13,181.55999755859372,184.6999969482422,181.3600006103516,18596800,3409351378.051758,183.3300018310547
2020-08-14,183.44000244140625,183.72000122070312,181.4900054931641,11792000,2152511600.830078,182.5399932861328
2020-08-17,184.69000244140625,187.00999450683597,184.66000366210935,15709800,2929877700.0,186.5
2020-08-18,189.17999267578125,189.3999938964844,185.6300048828125,16291600,3065753168.676758,188.17999267578125
2020-08-19,187.2100067138672,187.4600067138672,181.7100067138672,24646900,4491651191.389465,182.2400054931641
2020-08-20,181.19000244140625,183.7100067138672,180.92999267578125,16692200,3063018700.0,183.5
2020-08-21,182.13999938964844,182.80999755859372,180.47000122070312,12713700,2314274795.4803467,182.02999877929688
2020-08-24,182.91000366210935,182.92999267578125,180.69000244140625,11605800,2100649800.0,181.0
2020-08-25,181.05999755859372,181.25,179.72999572753906,10056100,1822366454.2755127,181.22000122070312
2020-08-26,180.25999450683597,183.5800018310547,180.1999969482422,12715800,2331569095.7611084,183.3600006103516
2020-08-27,185.0,185.1699981689453,179.3699951171875,16299200,2954067097.53418,181.2400054931641
2020-08-28,183.97999572753903,185.3999938964844,183.3999938964844,13200800,2434095503.942871,184.38999938964844
2020-08-31,184.7899932861328,185.52999877929688,184.27999877929688,10251200,1894729314.770508,184.8300018310547
2020-09-01,186.9900054931641,186.9900054931641,184.3300018310547,10662100,1973021637.538147,185.0500030517578
2020-09-02,183.75,183.8600006103516,181.5,11536900,2106868621.6674805,182.6199951171875
2020-09-03,182.3000030517578,182.82000732421875,180.4900054931641,12148100,2200506826.585388,181.13999938964844
2020-09-04,180.9499969482422,182.1000061035156,180.0500030517578,11567900,2101193348.9395144,181.63999938964844
2020-09-08,179.5,182.2700042724609,179.02000427246094,13229200,2398321579.180908,181.2899932861328
2020-09-09,182.5,183.22000122070312,182.19000244140625,8424100,1542031530.708313,183.0500030517578
2020-09-10,184.22999572753903,184.67999267578125,182.27999877929688,9143600,1668341317.388916,182.4600067138672
2020-09-11,183.13999938964844,183.5500030517578,182.00999450683597,7662300,1397986611.616516,182.4499969482422
2020-09-14,183.57000732421875,184.3000030517578,183.38999938964844,9709500,1785479949.0737915,183.88999938964844
2020-09-15,184.4600067138672,184.6699981689453,182.9199981689453,7993700,1466444240.6051636,183.4499969482422
2020-09-16,184.97999572753903,185.00999450683597,183.3300018310547,12702400,2336860543.5058594,183.97000122070312
2020-09-17,181.9199981689453,183.08999633789065,181.47999572753903,8836200,1616671211.3250732,182.9600067138672
2020-09-18,183.07000732421875,184.08999633789065,182.63999938964844,9959700,1824617009.605408,183.1999969482422
2020-09-21,179.83999633789062,180.2899932861328,176.75,17436100,3130128746.495056,179.52000427246094
2020-09-22,179.6300048828125,180.02000427246094,178.11000061035156,7977900,1425251786.3067627,178.64999389648438
2020-09-23,176.97999572753906,177.25999450683594,174.10000610351562,18134000,3169641738.2507324,174.7899932861328
2020-09-24,174.36000061035156,176.24000549316406,173.77000427246094,11759200,2063034076.7089844,175.44000244140625
2020-09-25,174.41000366210938,175.3000030517578,173.88999938964844,6779200,1185953264.5507812,174.94000244140625
2020-09-28,175.8300018310547,176.80999755859375,175.08999633789062,7109700,1256283968.3029177,176.6999969482422
2020-09-29,177.19000244140625,178.3300018310547,176.9499969482422,8718500,1553549536.2854004,178.19000244140625
2020-09-30,177.7100067138672,178.61000061035156,176.66000366210938,8371800,1482813175.1220703,177.1199951171875
2020-10-01,178.7100067138672,179.5,178.0399932861328,10402800,1858980328.2531736,178.6999969482422
2020-10-02,178.69000244140625,179.2899932861328,178.16000366210938,7488500,1336996739.7232056,178.5399932861328
2020-10-05,179.02000427246094,180.13999938964844,178.89999389648438,6969600,1250415961.5234375,179.41000366210938
2020-10-06,180.16000366210935,180.3699951171875,177.0500030517578,8632800,1530595466.3452148,177.3000030517578
2020-10-07,177.08999633789062,177.4199981689453,176.42999267578125,6410900,1136139705.8258057,177.22000122070312
2020-10-08,178.17999267578125,178.4499969482422,176.6699981689453,6530800,1161502819.8608398,177.85000610351562
2020-10-09,180.1300048828125,181.1699981689453,179.92999267578125,15979800,2893622213.259888,181.0800018310547
2020-10-12,180.57000732421875,180.8300018310547,180.19000244140625,4843000,874452068.1762695,180.55999755859372
2020-10-13,178.55999755859375,178.60000610351562,177.10000610351562,8384300,1490057806.2347412,177.72000122070312
2020-10-14,179.08999633789062,179.58999633789062,178.27000427246094,9076600,1618085520.779419,178.27000427246094
2020-10-15,177.7100067138672,179.14999389648438,177.58999633789062,6815400,1219411355.52063,178.9199981689453
2020-10-16,179.22000122070312,179.32000732421875,178.1300048828125,7260700,1294582832.157898,178.3000030517578
2020-10-19,179.41000366210938,179.47999572753906,178.3699951171875,6084400,1085396112.286377,178.38999938964844
2020-10-20,178.5399932861328,179.6699981689453,178.0800018310547,7121400,1276510950.0,179.25
2020-10-21,180.47000122070312,181.30999755859372,180.22999572753903,7548100,1363186906.0699463,180.6000061035156
2020-10-22,178.8800048828125,179.02999877929688,177.72000122070312,8377000,1498058925.338745,178.8300018310547
2020-10-23,179.08999633789062,179.1999969482422,177.75999450683594,5919300,1057423748.387146,178.63999938964844
2020-10-26,178.75,179.13999938964844,178.22000122070312,5105100,911515620.5795288,178.5500030517578
2020-10-27,178.7100067138672,179.42999267578125,178.50999450683594,5826900,1043131662.8952026,179.02000427246094
2020-10-28,176.4499969482422,176.85000610351562,175.44000244140625,11734100,2066727090.2954104,176.1300048828125
2020-10-29,175.02000427246094,176.13999938964844,174.8300018310547,8474500,1486427248.2757568,175.39999389648438
2020-10-30,177.17999267578125,177.36000061035156,175.9499969482422,7303000,1286788577.7130127,176.1999969482422
2020-11-02,177.4499969482422,177.92999267578125,177.1300048828125,6498400,1156130367.7978516,177.91000366210938
2020-11-03,178.9499969482422,179.38999938964844,178.3000030517578,7577200,1355712610.1257324,178.9199981689453
2020-11-04,178.92999267578125,179.19000244140625,177.66000366210938,11117300,1987995667.425537,178.82000732421875
2020-11-05,181.0,183.2899932861328,180.97000122070312,16102800,2945685086.0595703,182.92999267578125
2020-11-06,183.3999938964844,183.52999877929688,182.19000244140625,10378300,1901200802.3376465,183.19000244140625
2020-11-09,176.4199981689453,176.4499969482422,173.63999938964844,29800700,5217506610.566711,175.0800018310547
2020-11-10,176.75,176.91000366210938,175.66000366210938,11728500,2060228352.9510496,175.66000366210938
2020-11-11,174.6999969482422,175.27999877929688,174.44000244140625,9008500,1575586595.0164795,174.89999389648438
2020-11-12,176.0399932861328,176.77000427246094,175.83999633789062,7167900,1261263732.1243286,175.9600067138672
2020-11-13,177.64999389648438,177.8000030517578,176.83999633789062,6469800,1146189791.6931152,177.16000366210938
2020-11-16,177.22999572753906,177.91000366210938,176.8699951171875,8358500,1480708223.9837646,177.14999389648438
2020-11-17,177.25,177.44000244140625,176.08999633789062,8229100,1452436150.0,176.5
2020-11-18,176.25999450683594,176.86000061035156,175.35000610351562,7384700,1295941043.565369,175.49000549316406
2020-11-19,174.3000030517578,175.22000122070312,174.1699981689453,6965100,1220006941.506958,175.16000366210938
2020-11-20,176.1199951171875,176.3800048828125,175.5800018310547,6379400,1120796801.574707,175.69000244140625
2020-11-23,175.10000610351562,175.24000549316406,171.77999877929688,15510600,2671390571.7315674,172.22999572753906
2020-11-24,169.3000030517578,169.69000244140625,168.86000061035156,19504000,3307683288.5742188,169.58999633789062
2020-11-25,169.97999572753906,170.52000427246094,169.24000549316406,10286600,1743681509.4940186,169.50999450683594
2020-11-27,166.89999389648438,167.8300018310547,166.77999877929688,10569100,1773389218.0404663,167.7899932861328
2020-11-30,166.67999267578125,167.42999267578125,166.02999877929688,13210000,2201710675.811768,166.6699981689453
2020-12-01,169.75999450683594,170.47999572753906,169.3000030517578,13533300,2303096894.8791504,170.17999267578125
2020-12-02,170.57000732421875,171.75999450683594,170.14999389648438,9199700,1577380623.765564,171.4600067138672
2020-12-03,172.63999938964844,172.85000610351562,171.0800018310547,10457300,1807125987.4694824,172.80999755859375
2020-12-04,172.77999877929688,173.32000732421875,171.58999633789062,10098600,1740190825.9643557,172.32000732421875
2020-12-07,172.55999755859375,175.2899932861328,172.50999450683594,10555100,1845981432.5576785,174.88999938964844
2020-12-08,175.50999450683594,175.92999267578125,174.72000122070312,6348400,1114144200.0,175.5
2020-12-09,173.9199981689453,174.0399932861328,171.24000549316406,10743200,1853202000.0,172.5
2020-12-10,172.89999389648438,173.5800018310547,171.6999969482422,6564000,1130123867.980957,172.1699981689453
2020-12-11,172.25,173.32000732421875,172.11000061035156,6084800,1049567185.4248048,172.49000549316406
2020-12-14,171.91000366210938,172.52000427246094,170.91000366210938,7644400,1311320324.6765137,171.5399932861328
2020-12-15,173.42999267578125,173.97999572753906,173.05999755859375,6840500,1189836586.7004397,173.94000244140625
2020-12-16,174.1300048828125,175.02000427246094,173.02000427246094,8174700,1429754980.1055908,174.89999389648438
2020-12-17,177.14999389648438,177.8699951171875,176.5800018310547,9475800,1674752944.052124,176.74000549316406
2020-12-18,176.64999389648438,176.97999572753906,176.10000610351562,6789900,1198009972.5769043,176.44000244140625
2020-12-21,176.2899932861328,176.94000244140625,175.75999450683594,8168900,1436746171.887207,175.8800048828125
2020-12-22,176.1999969482422,176.33999633789062,174.33999633789062,9442400,1647604427.8686523,174.49000549316406
2020-12-23,175.10000610351562,176.2100067138672,175.05999755859375,6542800,1149242780.065918,175.64999389648438
2020-12-24,175.5500030517578,176.3699951171875,175.50999450683594,3695400,651683812.5549316,176.35000610351562
2020-12-28,177.25999450683594,177.91000366210938,175.6300048828125,7778700,1366795429.2251587,175.7100067138672
2020-12-29,176.25,176.97000122070312,175.57000732421875,5983700,1055225531.5216064,176.35000610351562
2020-12-30,176.44000244140625,177.72000122070312,176.44000244140625,5914000,1050917781.9519044,177.6999969482422
2020-12-31,178.07000732421875,178.39999389648438,177.32000732421875,7540800,1344977092.602539,178.36000061035156
2021-01-04,181.97000122070312,182.3999938964844,180.9600067138672,14331400,2613044188.241577,182.3300018310547
2021-01-05,182.8699951171875,183.2100067138672,181.82000732421875,12718800,2325886893.8964844,182.8699951171875
2021-01-06,181.4900054931641,181.5800018310547,178.24000549316406,18453500,3319784537.3687744,179.89999389648438
2021-01-07,179.69000244140625,179.9199981689453,178.83999633789062,7110200,1276138665.6219482,179.47999572753906
2021-01-08,176.8300018310547,176.99000549316406,171.47999572753906,24399900,4229478576.6448975,173.33999633789062
2021-01-11,172.13999938964844,173.67999267578125,172.02999877929688,8571400,1482852200.0,173.0
2021-01-12,173.1300048828125,174.17999267578125,172.32000732421875,9798500,1706114772.1557617,174.1199951171875
2021-01-13,173.67999267578125,174.4600067138672,173.0500030517578,14110300,2446302642.102051,173.3699951171875
2021-01-14,173.44000244140625,174.22000122070312,172.66000366210938,13522700,2343213439.492798,173.27999877929688
2021-01-15,172.83999633789062,173.07000732421875,170.97999572753906,16172500,2767600003.967285,171.1300048828125
2021-01-19,172.7100067138672,172.85000610351562,171.9199981689453,7485700,1291882119.706726,172.5800018310547
2021-01-20,174.3699951171875,175.47000122070312,173.82000732421875,9456000,1658487834.2285156,175.38999938964844
2021-01-21,175.11000061035156,175.50999450683594,174.50999450683594,7246800,1270219095.1538086,175.27999877929688
2021-01-22,172.88999938964844,174.2899932861328,172.35000610351562,7269600,1264183395.6298828,173.89999389648438
2021-01-25,174.82000732421875,174.9600067138672,173.19000244140625,5936800,1033300058.1176758,174.0500030517578
2021-01-26,173.97999572753906,174.25999450683594,173.4199981689453,4685600,813513849.1210938,173.6199951171875
2021-01-27,172.92999267578125,173.52000427246094,171.66000366210938,9036500,1558977018.6080933,172.52000427246094
2021-01-28,174.27999877929688,174.72999572753906,172.0399932861328,9392400,1621879563.2080078,172.67999267578125
2021-01-29,174.8699951171875,175.16000366210938,172.61000061035156,11252800,1942345814.868164,172.61000061035156
2021-02-01,175.02000427246094,175.25999450683594,174.05999755859375,9105500,1586451226.097107,174.22999572753906
2021-02-02,172.49000549316406,172.52999877929688,171.50999450683594,7221700,1242926791.407776,172.11000061035156
2021-02-03,172.36000061035156,172.58999633789062,171.5,4658100,800494513.4307861,171.85000610351562
2021-02-04,168.2899932861328,168.39999389648438,167.33999633789062,13736600,2309809206.1584477,168.14999389648438
2021-02-05,168.99000549316406,170.17999267578125,168.6699981689453,6538500,1110302669.0368652,169.80999755859375
2021-02-08,171.97999572753906,172.39999389648438,171.49000549316406,6887500,1181344029.4265747,171.52000427246094
2021-02-09,172.57000732421875,173.02999877929688,171.75,5131800,883080153.3966064,172.0800018310547
2021-02-10,173.14999389648438,173.22000122070312,172.00999450683594,6112800,1055741729.0405272,172.7100067138672
2021-02-11,172.6999969482422,172.8699951171875,170.7100067138672,5994500,1026318385.2462769,171.2100067138672
2021-02-12,170.2899932861328,171.64999389648438,169.8800048828125,6018900,1027366055.69458,170.69000244140625
2021-02-16,168.13999938964844,170.07000732421875,167.72999572753906,14761100,2483407545.085144,168.24000549316406
2021-02-17,166.9199981689453,167.33999633789062,165.85000610351562,11400700,1896278451.8753047,166.3300018310547
2021-02-18,166.97999572753906,167.3000030517578,165.72999572753906,7498200,1247100678.918457,166.32000732421875
2021-02-19,166.75999450683594,167.94000244140625,166.60000610351562,8273500,1381757189.5523071,167.00999450683594
2021-02-22,168.5399932861328,169.88999938964844,168.3000030517578,10072000,1707304664.6728516,169.50999450683594
2021-02-23,169.47999572753906,169.74000549316406,168.27999877929688,8616800,1457273173.9257812,169.1199951171875
2021-02-24,167.64999389648438,169.13999938964844,167.14999389648438,8890600,1502511400.0,169.0
2021-02-25,166.9199981689453,167.66000366210938,165.4499969482422,16359400,2712715827.819824,165.82000732421875
2021-02-26,165.0,165.10000610351562,160.9499969482422,23730400,3839815966.064453,161.80999755859375
2021-03-01,163.02999877929688,163.35000610351562,161.16000366210938,13828300,2233685282.119751,161.52999877929688
2021-03-02,161.92999267578125,162.92999267578125,161.22000122070312,11424600,1855469327.8381348,162.41000366210938
2021-03-03,160.61000061035156,161.69000244140625,159.49000549316406,13059900,2097681074.230957,160.6199951171875
2021-03-04,160.60000610351562,161.4600067138672,158.42999267578125,13870100,2205900610.8779907,159.0399932861328
2021-03-05,159.66000366210938,159.82000732421875,158.5500030517578,12821600,2040429416.1743164,159.13999938964844
2021-03-08,158.5800018310547,158.74000549316406,157.1300048828125,12134900,1911125467.6589968,157.49000549316406
2021-03-09,160.75,161.25,160.4199981689453,10382600,1669937345.9777832,160.83999633789062
2021-03-10,161.05999755859375,161.77999877929688,160.66000366210938,7962000,1287136949.1577148,161.66000366210938
2021-03-11,161.47000122070312,161.97999572753906,161.1199951171875,6749200,1090130812.8356934,161.52000427246094
2021-03-12,159.5399932861328,161.69000244140625,159.35000610351562,8608500,1390186712.2879028,161.49000549316406
2021-03-15,162.30999755859375,162.5500030517578,161.42999267578125,8104500,1314549875.2670288,162.1999969482422
2021-03-16,162.36000061035156,163.1999969482422,161.80999755859375,7547400,1225320436.0656738,162.35000610351562
2021-03-17,162.27000427246094,164.14999389648438,161.47999572753906,12626700,2064591647.639465,163.50999450683594
2021-03-18,161.14999389648438,162.82000732421875,161.11000061035156,8711100,1416076394.732666,162.55999755859375
2021-03-19,162.55999755859375,163.42999267578125,162.42999267578125,6868900,1121279273.7319946,163.24000549316406
2021-03-22,162.27000427246094,163.1300048828125,162.16000366210938,5240000,854120000.0,163.0
2021-03-23,162.4499969482422,162.49000549316406,161.58999633789062,6048300,978675408.2336426,161.80999755859375
2021-03-24,162.2100067138672,162.88999938964844,161.94000244140625,6183700,1004047338.8061523,162.3699951171875
2021-03-25,163.05999755859375,163.5800018310547,161.32000732421875,8398600,1358725497.7478027,161.77999877929688
2021-03-26,161.7100067138672,162.72999572753906,161.64999389648438,6153900,998408769.8043824,162.24000549316406
2021-03-29,161.4600067138672,161.52000427246094,159.8300018310547,8409300,1348094862.4694824,160.30999755859375
2021-03-30,157.94000244140625,158.1999969482422,157.5500030517578,8353200,1316213785.180664,157.57000732421875
2021-03-31,158.05999755859375,160.67999267578125,158.0500030517578,10623800,1699383119.3267822,159.9600067138672
2021-04-01,161.55999755859375,162.11000061035156,161.27999877929688,7105200,1150900265.6433103,161.97999572753906
2021-04-05,161.52000427246094,162.39999389648438,161.36000061035156,6163800,998042484.7137452,161.9199981689453
2021-04-06,162.7899932861328,163.52999877929688,162.75,6761200,1103563072.253418,163.22000122070312
2021-04-07,162.82000732421875,163.30999755859375,162.5,5436000,884763330.1391602,162.75999450683594
2021-04-08,164.1699981689453,164.77000427246094,164.13999938964844,6574500,1081570958.8851929,164.50999450683594
2021-04-09,162.75,163.66000366210938,162.47999572753906,6657900,1087035361.4456177,163.27000427246094
2021-04-12,162.72999572753906,162.8000030517578,161.80999755859375,4896700,794636470.022583,162.27999877929688
2021-04-13,163.17999267578125,163.85000610351562,163.02999877929688,6995900,1143339885.760498,163.42999267578125
2021-04-14,162.77000427246094,163.0500030517578,162.3000030517578,6312300,1027137463.7054445,162.72000122070312
2021-04-15,164.07000732421875,165.7899932861328,164.02999877929688,8250600,1364236760.357666,165.35000610351562
2021-04-16,166.24000549316406,166.80999755859375,165.94000244140625,10057600,1673081821.3867188,166.35000610351562
2021-04-19,165.91000366210938,166.44000244140625,165.72000122070312,5721700,949172809.5077516,165.88999938964844
2021-04-20,165.64999389648438,166.80999755859375,165.6199951171875,6532000,1087447332.0922852,166.47999572753906
2021-04-21,167.17999267578125,168.38999938964844,167.14999389648438,8380200,1408963066.9189453,168.1300048828125
2021-04-22,167.11000061035156,167.52999877929688,166.49000549316406,7680100,1282883852.4368286,167.0399932861328
2021-04-23,167.3699951171875,167.52999877929688,165.77999877929688,7106400,1182504916.6259766,166.39999389648438
2021-04-26,166.6300048828125,166.8699951171875,166.0500030517578,4786600,798596326.4709473,166.83999633789062
2021-04-27,166.9199981689453,167.14999389648438,166.27999877929688,5363500,892593660.1791382,166.4199981689453
2021-04-28,165.75,166.9600067138672,165.49000549316406,6932200,1157053527.3864746,166.91000366210938
2021-04-29,165.5800018310547,166.25999450683594,164.47000122070312,9067600,1507216483.0688477,166.22000122070312
2021-04-30,165.86000061035156,166.0,165.24000549316406,6248700,1035159664.8834229,165.66000366210938
2021-05-03,167.61000061035156,168.42999267578125,167.41000366210938,9014700,1512756784.991455,167.80999755859375
2021-05-04,167.69000244140625,168.5500030517578,165.5,10267400,1710343510.800171,166.5800018310547
2021-05-05,166.6300048828125,167.30999755859375,166.61000061035156,5950000,995256525.4211426,167.27000427246094
2021-05-06,167.9499969482422,170.2899932861328,167.9199981689453,13574100,2308411412.8601074,170.05999755859375
2021-05-07,171.52999877929688,172.5500030517578,171.0,14748600,2530712219.9890137,171.58999633789062
2021-05-10,172.74000549316406,172.83999633789062,171.77999877929688,8276600,1424485631.0516355,172.11000061035156
2021-05-11,170.55999755859375,172.1699981689453,170.27000427246094,8348200,1437059142.904663,172.13999938964844
2021-05-12,171.42999267578125,171.83999633789062,170.35000610351562,12666300,2158717416.229248,170.42999267578125
2021-05-13,170.35000610351562,171.27000427246094,170.22999572753906,8078300,1382439518.4448242,171.1300048828125
2021-05-14,172.0500030517578,172.6999969482422,171.82000732421875,9686800,1672813515.649414,172.69000244140625
2021-05-17,173.3000030517578,175.0,173.27999877929688,11956800,2088852923.5107424,174.6999969482422
2021-05-18,175.17999267578125,175.2100067138672,174.4600067138672,7294000,1276741711.0290527,175.0399932861328
2021-05-19,175.13999938964844,177.0,174.35000610351562,20741100,3633011151.9561768,175.16000366210938
2021-05-20,175.32000732421875,176.4600067138672,175.11000061035156,9802800,1724900753.8146973,175.9600067138672
2021-05-21,176.5800018310547,176.86000061035156,175.14999389648438,7677200,1351494236.4562988,176.0399932861328
2021-05-24,176.14999389648438,176.58999633789062,175.8699951171875,5557300,980029888.9190674,176.35000610351562
2021-05-25,176.14999389648438,177.9499969482422,176.0399932861328,8986900,1599218827.5741577,177.9499969482422
2021-05-26,178.3699951171875,178.61000061035156,177.0399932861328,8495400,1509122850.814819,177.63999938964844
2021-05-27,177.38999938964844,177.82000732421875,176.80999755859375,7993000,1420436083.6639404,177.7100067138672
2021-05-28,177.4600067138672,178.42999267578125,177.24000549316406,9967000,1777913508.6669922,178.3800048828125
2021-06-01,178.75999450683594,178.85000610351562,177.19000244140625,9143300,1626593014.1937256,177.89999389648438
2021-06-02,178.33999633789062,178.77999877929688,177.97000122070312,6613100,1182223915.2542114,178.77000427246094
2021-06-03,175.8300018310547,175.8300018310547,174.66000366210938,10153900,1779674096.382141,175.27000427246094
2021-06-04,176.64999389648438,177.57000732421875,176.61000061035156,8375300,1483768178.6712646,177.16000366210938
2021-06-07,176.9600067138672,177.89999389648438,176.6300048828125,7709100,1371217579.3579102,177.8699951171875
2021-06-08,177.22999572753906,177.5399932861328,176.3699951171875,5905800,1047216499.2553712,177.32000732421875
2021-06-09,177.3800048828125,177.8000030517578,176.77999877929688,6346100,1123132750.8865356,176.97999572753906
2021-06-10,176.6999969482422,177.85000610351562,176.47999572753906,9896600,1759021738.3636477,177.74000549316406
2021-06-11,176.3300018310547,176.57000732421875,175.47999572753906,7836900,1377256849.0493774,175.74000549316406
2021-06-14,173.16000366210938,175.05999755859375,172.9499969482422,7733600,1351137307.9223633,174.7100067138672
2021-06-15,174.77999877929688,174.9199981689453,173.33999633789062,7550200,1314112333.0413818,174.0500030517578
2021-06-16,173.91000366210938,174.47000122070312,171.02999877929688,16919700,2895129877.3269653,171.11000061035156
2021-06-17,167.02000427246094,167.6199951171875,165.44000244140625,27232200,4516460536.212158,165.85000610351562
2021-06-18,166.13999938964844,166.72000122070312,164.8699951171875,15744300,2596707283.6853027,164.92999267578125
2021-06-21,166.52000427246094,167.22000122070312,166.0,8371000,1397538424.4537354,166.9499969482422
2021-06-22,166.35000610351562,166.9199981689453,166.00999450683594,7223900,1200973375.0,166.25
2021-06-23,166.97000122070312,168.02999877929688,165.97000122070312,8474300,1407920196.8276978,166.13999938964844
2021-06-24,167.0,167.22999572753906,166.00999450683594,6903400,1146240489.6514893,166.0399932861328
2021-06-25,167.4499969482422,167.52999877929688,166.2899932861328,7473700,1245043655.6304932,166.58999633789062
2021-06-28,166.67999267578125,166.91000366210938,166.36000061035156,6508900,1084252573.918152,166.5800018310547
2021-06-29,164.33999633789062,165.27999877929688,164.00999450683594,7451400,1228214275.643921,164.8300018310547
2021-06-30,164.57000732421875,166.10000610351562,164.2899932861328,7955800,1317719192.8466797,165.6300048828125
2021-07-01,166.64999389648438,166.8800048828125,165.5,7430500,1234949077.3239136,166.1999969482422
2021-07-02,167.35000610351562,167.72000122070312,166.39999389648438,7873600,1317174491.1376953,167.2899932861328
2021-07-06,169.27000427246094,169.64999389648438,167.5399932861328,7932100,1333544613.269043,168.1199951171875
2021-07-07,168.72000122070312,169.22999572753906,168.19000244140625,7108900,1199697924.949646,168.75999450683594
2021-07-08,169.82000732421875,169.86000061035156,167.91000366210938,7244300,1221751150.7843018,168.64999389648438
2021-07-09,168.83999633789062,169.6199951171875,168.66000366210938,4997400,845610087.5518799,169.2100067138672
2021-07-12,168.6999969482422,169.16000366210938,167.63999938964844,7315400,1236302600.0,169.0
2021-07-13,169.50999450683594,169.89999389648438,168.92999267578125,7040300,1191359574.5941162,169.22000122070312
2021-07-14,170.91000366210938,171.0399932861328,170.27999877929688,8830300,1510334452.7145386,171.0399932861328
2021-07-15,170.88999938964844,171.3000030517578,170.33999633789062,6520100,1115393554.754639,171.07000732421875
2021-07-16,170.64999389648438,170.9499969482422,169.27999877929688,9460300,1602669457.644653,169.41000366210938
2021-07-19,169.50999450683594,169.91000366210938,168.88999938964844,6707400,1137642118.093872,169.61000061035156
2021-07-20,170.50999450683594,170.8000030517578,168.9199981689453,6540100,1107827535.0082395,169.38999938964844
2021-07-21,168.3300018310547,169.0,168.13999938964844,4622600,780109950.6072998,168.75999450683594
2021-07-22,168.49000549316406,169.19000244140625,168.05999755859375,4793600,810549806.4453125,169.08999633789062
2021-07-23,168.5,168.8800048828125,167.9499969482422,5831500,982957625.7629396,168.55999755859375
2021-07-26,168.5800018310547,168.86000061035156,168.0800018310547,5229800,879443187.1520996,168.16000366210938
2021-07-27,168.72999572753906,168.91000366210938,167.92999267578125,6300200,1061205703.3813477,168.44000244140625
2021-07-28,168.25999450683594,169.3800048828125,167.72000122070312,7905800,1338372828.9215088,169.2899932861328
2021-07-29,170.6999969482422,171.52000427246094,170.6699981689453,8119600,1389831917.1325684,171.1699981689453
2021-07-30,170.72000122070312,170.99000549316406,169.3800048828125,7391700,1255258548.1384275,169.82000732421875
2021-08-02,169.3000030517578,170.25,169.10000610351562,10783200,1828938558.581543,169.61000061035156
2021-08-03,169.4199981689453,169.8300018310547,169.2100067138672,5402300,915635856.6757202,169.49000549316406
2021-08-04,171.27999877929688,171.39999389648438,168.99000549316406,9796300,1660766727.041626,169.52999877929688
2021-08-05,169.3699951171875,169.44000244140625,168.1999969482422,8015000,1353412904.8919678,168.86000061035156
2021-08-06,165.83999633789062,165.92999267578125,164.5500030517578,13547600,2230476855.731201,164.63999938964844
2021-08-09,163.00999450683594,163.2899932861328,161.25999450683594,11547000,1867380854.095459,161.72000122070312
2021-08-10,161.38999938964844,162.11000061035156,160.67999267578125,6870800,1111489345.3552246,161.77000427246094
2021-08-11,163.14999389648438,164.1699981689453,162.67999267578125,7382400,1210713600.0,164.0
2021-08-12,163.64999389648438,164.10000610351562,162.92999267578125,5211700,854927233.0093384,164.0399932861328
2021-08-13,165.02000427246094,166.4600067138672,164.88999938964844,7466900,1242417486.442566,166.38999938964844
2021-08-16,166.72999572753906,167.38999938964844,166.58999633789062,7776500,1300386339.492798,167.22000122070312
2021-08-17,167.2899932861328,167.72999572753906,166.55999755859375,7107000,1186655798.675537,166.97000122070312
2021-08-18,167.24000549316406,167.50999450683594,166.25999450683594,7697900,1286319136.984253,167.10000610351562
2021-08-19,167.24000549316406,167.2899932861328,166.16000366210938,6934300,1155323727.2323608,166.61000061035156
2021-08-20,166.8000030517578,167.13999938964844,166.36000061035156,7154000,1192571778.1677246,166.6999969482422
2021-08-23,168.82000732421875,168.91000366210938,167.9600067138672,8190500,1381983030.0064087,168.72999572753906
2021-08-24,169.0399932861328,169.27000427246094,168.52000427246094,4519200,762163052.4169922,168.64999389648438
2021-08-25,167.8800048828125,167.9199981689453,166.74000549316406,5588800,936012200.1220704,167.47999572753906
2021-08-26,167.2100067138672,168.2100067138672,166.8300018310547,4371900,733036464.994812,167.6699981689453
2021-08-27,167.5800018310547,170.19000244140625,166.8699951171875,10036400,1708094940.5029297,170.19000244140625
2021-08-30,169.66000366210938,169.83999633789062,169.08999633789062,3768600,638212433.001709,169.35000610351562
2021-08-31,169.22999572753906,169.9199981689453,168.75,6336000,1075155855.46875,169.69000244140625
2021-09-01,169.94000244140625,170.0,169.16000366210938,4764900,808603515.4586792,169.6999969482422
2021-09-02,169.5,169.6300048828125,168.82000732421875,4599800,778516150.0,169.25
2021-09-03,170.58999633789062,171.5500030517578,170.14999389648438,8353300,1428915477.6062012,171.05999755859375
2021-09-07,169.55999755859375,169.77999877929688,167.6300048828125,10004600,1677871533.1695557,167.7100067138672
2021-09-08,168.02000427246094,168.0800018310547,166.6999969482422,6576000,1100098995.8496094,167.2899932861328
2021-09-09,168.1699981689453,168.27999877929688,166.8300018310547,6641400,1115954433.8928225,168.02999877929688
2021-09-10,167.80999755859375,168.0800018310547,167.14999389648438,7426300,1241528779.6081543,167.17999267578125
2021-09-13,167.4499969482422,168.22000122070312,167.39999389648438,5474300,918259112.071228,167.74000549316406
2021-09-14,168.22000122070312,169.16000366210938,167.47999572753906,7922900,1337544036.0290527,168.82000732421875
2021-09-15,168.1300048828125,168.36000061035156,167.4499969482422,5624900,944026977.2994996,167.8300018310547
2021-09-16,164.3800048828125,164.44000244140625,163.22999572753906,11780400,1932338997.619629,164.02999877929688
2021-09-17,163.86000061035156,164.32000732421875,163.39999389648438,8369700,1370705804.7592163,163.77000427246094
2021-09-20,164.2899932861328,165.27999877929688,164.07000732421875,7566600,1248035022.4731443,164.94000244140625
2021-09-21,165.80999755859375,166.6300048828125,165.49000549316406,7181500,1192416211.7843628,166.0399932861328
2021-09-22,165.88999938964844,167.14999389648438,165.02999877929688,9777800,1617443658.0963137,165.4199981689453
2021-09-23,164.10000610351562,164.1999969482422,163.27000427246094,8451900,1381970122.572327,163.50999450683594
2021-09-24,163.0,164.0,162.74000549316406,6937500,1132893771.1715698,163.3000030517578
2021-09-27,163.85000610351562,164.36000061035156,163.50999450683594,4943000,808872516.9830322,163.63999938964844
2021-09-28,162.72999572753906,162.82000732421875,161.72999572753906,9282800,1504277768.3288574,162.0500030517578
2021-09-29,162.35000610351562,162.74000549316406,160.97000122070312,8360700,1348748185.2355957,161.32000732421875
2021-09-30,162.66000366210938,164.9499969482422,162.33999633789062,10572900,1736281650.906372,164.22000122070312
2021-10-01,164.27000427246094,164.9600067138672,163.88999938964844,6654700,1095297048.6297607,164.58999633789062
2021-10-04,163.69000244140625,165.5399932861328,163.47000122070312,7651700,1265285116.670227,165.36000061035156
2021-10-05,163.94000244140625,164.85000610351562,163.49000549316406,5617300,924551386.428833,164.58999633789062
2021-10-06,164.22999572753906,165.05999755859375,164.14999389648438,6067200,1001270008.59375,165.02999877929688
2021-10-07,164.02000427246094,164.85000610351562,163.9600067138672,4791500,786572657.5469971,164.16000366210938
2021-10-08,166.32000732421875,166.4199981689453,164.13999938964844,8536100,1401883666.5298462,164.22999572753906
2021-10-11,164.0399932861328,164.5800018310547,163.91000366210938,3820100,626190785.005188,163.9199981689453
2021-10-12,164.57000732421875,165.44000244140625,164.30999755859375,5453000,897890999.9694824,164.66000366210938
2021-10-13,165.27999877929688,167.9199981689453,165.27999877929688,11113800,1862561701.3000488,167.58999633789062
2021-10-14,168.19000244140625,168.22000122070312,167.7100067138672,5081400,853675200.0,168.0
2021-10-15,165.38999938964844,166.08999633789062,165.10000610351562,8699200,1438238751.928711,165.3300018310547
2021-10-18,165.4199981689453,165.58999633789062,164.80999755859375,4029600,664561624.621582,164.9199981689453
2021-10-19,166.5,166.5,165.1999969482422,6588500,1090067304.8934937,165.4499969482422
2021-10-20,166.2100067138672,167.11000061035156,165.92999267578125,5022000,838171769.3481445,166.89999389648438
2021-10-21,166.6999969482422,166.94000244140625,166.24000549316406,4412400,735767700.0,166.75
2021-10-22,168.6699981689453,169.5399932861328,166.6699981689453,10703900,1795793348.7319946,167.77000427246094
2021-10-25,168.66000366210938,169.2100067138672,168.52999877929688,4881300,824597973.248291,168.92999267578125
2021-10-26,167.8800048828125,167.91000366210938,166.6300048828125,6658900,1116564303.2287598,167.67999267578125
2021-10-27,167.72999572753906,168.1999969482422,166.86000061035156,5823100,978979543.5668944,168.1199951171875
2021-10-28,168.97999572753906,169.25,167.52999877929688,7000700,1176677668.8186646,168.0800018310547
2021-10-29,166.2899932861328,166.72999572753906,165.63999938964844,7531900,1255191089.028931,166.64999389648438
2021-11-01,167.3800048828125,167.83999633789062,166.91000366210938,4975600,833512533.2580566,167.52000427246094
2021-11-02,167.42999267578125,167.6300048828125,166.9600067138672,3760700,628638625.7720947,167.16000366210938
2021-11-03,165.33999633789062,165.9499969482422,164.3800048828125,9055200,1501080542.6879883,165.77000427246094
2021-11-04,167.50999450683594,168.13999938964844,167.3699951171875,6656100,1115895124.3743896,167.64999389648438
2021-11-05,168.4199981689453,169.94000244140625,167.85000610351562,9368900,1591213941.6900637,169.83999633789062
2021-11-08,170.42999267578125,170.6999969482422,170.05999755859375,4966100,846471729.8446655,170.4499969482422
2021-11-09,170.72999572753906,171.30999755859375,170.1199951171875,5781200,990261709.185791,171.2899932861328
2021-11-10,173.6699981689453,174.64999389648438,172.11000061035156,11461800,1984610600.0427248,173.14999389648438
2021-11-11,173.97999572753906,174.27000427246094,173.74000549316406,5959600,1037685522.9003906,174.1199951171875
2021-11-12,173.50999450683594,174.6699981689453,173.39999389648438,7894800,1377247835.9069824,174.4499969482422
2021-11-15,174.10000610351562,174.58999633789062,173.69000244140625,5630800,980772702.7587892,174.17999267578125
2021-11-16,173.97000122070312,174.47999572753906,172.86000061035156,8667300,1498749500.1296997,172.9199981689453
2021-11-17,174.24000549316406,174.61000061035156,173.88999938964844,6523100,1138280950.0,174.5
2021-11-18,173.9600067138672,174.36000061035156,173.52999877929688,6252000,1087472895.263672,173.94000244140625
2021-11-19,173.69000244140625,174.10000610351562,172.24000549316406,8785600,1516482421.3623047,172.61000061035156
2021-11-22,169.89999389648438,170.44000244140625,168.4199981689453,13091900,2209127277.9159546,168.74000549316406
2021-11-23,167.27999877929688,167.60000610351562,166.52999877929688,8047800,1346235974.1760254,167.27999877929688
2021-11-24,166.5800018310547,167.44000244140625,166.32000732421875,5359500,895679613.8305664,167.1199951171875
2021-11-26,168.60000610351562,168.63999938964844,166.3699951171875,9605200,1602627678.6254883,166.85000610351562
2021-11-29,166.83999633789062,167.25999450683594,166.3800048828125,7394900,1232138201.8920898,166.6199951171875
2021-11-30,167.77000427246094,169.00999450683594,165.3699951171875,12925300,2139137150.0,165.5
2021-12-01,166.83999633789062,167.47000122070312,166.05999755859375,7808600,1297477004.5959473,166.16000366210938
2021-12-02,165.88999938964844,165.94000244140625,164.6300048828125,9604100,1586981536.756897,165.24000549316406
2021-12-03,165.49000549316406,166.92999267578125,165.0,9507900,1584301423.425293,166.6300048828125
2021-12-06,166.13999938964844,166.8000030517578,165.92999267578125,4813600,800116597.8759766,166.22000122070312
2021-12-07,166.1999969482422,167.0800018310547,166.17999267578125,4900700,817485755.0354004,166.80999755859375
2021-12-08,166.50999450683594,166.9600067138672,166.27999877929688,4288900,715817383.8226318,166.89999389648438
2021-12-09,166.5399932861328,166.5800018310547,165.64999389648438,4913800,815101167.9931641,165.8800048828125
2021-12-10,166.72000122070312,166.9199981689453,166.17999267578125,6450600,1074540959.8114014,166.5800018310547
2021-12-13,166.89999389648438,167.25999450683594,166.6699981689453,6610700,1103986900.0,167.0
2021-12-14,165.33999633789062,166.13999938964844,165.16000366210938,8637900,1429054197.088623,165.44000244140625
2021-12-15,165.27000427246094,166.39999389648438,163.8000030517578,14231200,2364513793.1396484,166.14999389648438
2021-12-16,167.00999450683594,168.17999267578125,166.94000244140625,11186200,1881071432.965088,168.16000366210938
2021-12-17,168.72999572753906,169.1300048828125,167.77999877929688,9856900,1653987850.0808716,167.8000030517578
2021-12-20,167.8800048828125,168.0,167.05999755859375,6973000,1165118544.464111,167.08999633789062
2021-12-21,167.69000244140625,167.77999877929688,166.74000549316406,4548500,759690489.4332886,167.02000427246094
2021-12-22,167.5800018310547,168.63999938964844,167.11000061035156,4672900,787804193.8873291,168.58999633789062
2021-12-23,168.69000244140625,169.16000366210938,168.00999450683594,4551100,768999372.555542,168.97000122070312
2021-12-27,168.9600067138672,169.4199981689453,168.77999877929688,4760300,806251987.7563477,169.3699951171875
2021-12-28,169.3300018310547,169.64999389648438,168.6199951171875,4541900,765946013.2278442,168.63999938964844
2021-12-29,167.36000061035156,168.69000244140625,167.27999877929688,5889700,992944501.4312744,168.58999633789062
2021-12-30,168.42999267578125,169.80999755859375,168.3699951171875,5426300,921385756.5597534,169.8000030517578
2021-12-31,170.52999877929688,171.0399932861328,170.0399932861328,7039300,1203438775.2609253,170.9600067138672
2022-01-03,168.86000061035156,169.00999450683594,168.0,9014400,1517393968.5058594,168.3300018310547
2022-01-04,168.89999389648438,169.72000122070312,168.72999572753906,6965600,1181156843.017578,169.57000732421875
2022-01-05,170.6199951171875,170.92999267578125,168.89999389648438,8715600,1473459314.7216797,169.05999755859375
2022-01-06,167.16000366210938,167.75,166.86000061035156,10902700,1820641932.89032,166.99000549316406
2022-01-07,167.3699951171875,168.00999450683594,166.86000061035156,8191900,1374191225.0,167.75
2022-01-10,167.36000061035156,168.3000030517578,167.30999755859375,7026500,1182278851.4022827,168.25999450683594
2022-01-11,168.44000244140625,170.30999755859375,168.3699951171875,8369000,1425156953.8116455,170.2899932861328
2022-01-12,170.19000244140625,170.75,170.00999450683594,6280700,1072366752.5009156,170.74000549316406
2022-01-13,170.08999633789062,170.22000122070312,169.27000427246094,7034200,1196939497.7600098,170.16000366210938
2022-01-14,170.22000122070312,170.55999755859375,169.47999572753906,7865900,1334607238.597107,169.6699981689453
2022-01-18,169.63999938964844,170.00999450683594,169.08999633789062,9322800,1579189086.3098145,169.38999938964844
2022-01-19,170.38999938964844,172.19000244140625,170.1999969482422,15784500,2716196788.9022827,172.0800018310547
2022-01-20,172.30999755859375,172.60000610351562,171.58999633789062,9570500,1642776266.5863037,171.64999389648438
2022-01-21,172.0399932861328,172.1199951171875,170.74000549316406,10982500,1878995884.780884,171.08999633789062
2022-01-24,171.77999877929688,172.13999938964844,170.85000610351562,15727700,2705636211.8011475,172.02999877929688
2022-01-25,171.9499969482422,173.14999389648438,171.77999877929688,17382100,2999802849.827576,172.5800018310547
2022-01-26,171.38999938964844,171.72999572753906,169.47999572753906,17799400,3022160006.4971924,169.7899932861328
2022-01-27,168.02000427246094,169.08999633789062,167.3300018310547,15867300,2659359576.846313,167.60000610351562
2022-01-28,166.55999755859375,167.4600067138672,166.3699951171875,9782500,1634655809.7076416,167.10000610351562
2022-01-31,167.7899932861328,168.13999938964844,167.4600067138672,8539300,1435370905.7281494,168.08999633789062
2022-02-01,168.57000732421875,168.85000610351562,167.8699951171875,9763900,1642580855.284119,168.22999572753906
2022-02-02,168.33999633789062,169.1199951171875,168.16000366210938,9085300,1533962018.7286377,168.83999633789062
2022-02-03,168.30999755859375,168.82000732421875,167.02999877929688,10650800,1795724945.0073242,168.60000610351562
2022-02-04,168.0399932861328,169.10000610351562,167.99000549316406,9619600,1624365661.871338,168.86000061035156
2022-02-07,169.4499969482422,170.3000030517578,169.19000244140625,7796900,1326330663.75885,170.11000061035156
2022-02-08,170.10000610351562,170.77999877929688,169.9499969482422,5802000,989995288.330078,170.6300048828125
2022-02-09,170.67999267578125,171.4199981689453,170.5500030517578,8002800,1370159441.7297363,171.2100067138672
2022-02-10,170.52000427246094,171.99000549316406,170.4600067138672,10693500,1823883333.8928225,170.55999755859375
2022-02-11,170.75,174.1999969482422,170.7100067138672,25741500,4474130052.154541,173.80999755859375
2022-02-14,173.77999877929688,175.0,173.67999267578125,13650700,2385323392.9855347,174.74000549316406
2022-02-15,173.10000610351562,173.33999633789062,172.38999938964844,12603600,2181431111.077881,173.0800018310547
2022-02-16,173.49000549316406,174.86000061035156,173.47999572753906,12772100,2233329413.795471,174.86000061035156
2022-02-17,176.6999969482422,177.52999877929688,176.38999938964844,18612500,3299065625.0,177.25
2022-02-18,177.07000732421875,177.25,176.50999450683594,12760700,2260175121.6918945,177.1199951171875
2022-02-22,177.6699981689453,178.07000732421875,176.82000732421875,14960500,2655339227.180481,177.49000549316406
2022-02-23,177.38999938964844,178.38999938964844,177.36000061035156,11772200,2098865458.9630127,178.2899932861328
2022-02-24,182.58999633789065,182.6000061035156,175.27000427246094,32726000,5797083620.025635,177.13999938964844
2022-02-25,176.4199981689453,176.7899932861328,175.7899932861328,11530900,2035780430.1895144,176.5500030517578
2022-02-28,178.86000061035156,178.99000549316406,176.5,16055800,2864033682.397461,178.3800048828125
2022-03-01,179.0500030517578,181.75999450683597,179.02999877929688,21942100,3985124094.86084,181.6199951171875
2022-03-02,180.1300048828125,180.7100067138672,178.7899932861328,19727200,3545569571.7163086,179.72999572753906
2022-03-03,179.9600067138672,181.3000030517578,179.5,15164400,2741723566.278076,180.8000030517578
2022-03-04,182.1100006103516,183.97999572753903,181.3600006103516,22390100,4112613404.01001,183.67999267578125
2022-03-07,184.4499969482422,186.63999938964844,184.22000122070312,27951800,5210495140.362549,186.41000366210935
2022-03-08,188.3500061035156,193.3000030517578,188.25999450683597,47347700,9067557766.911316,191.50999450683597
2022-03-09,186.0399932861328,187.22999572753903,184.75999450683597,26839700,4987353250.579834,185.82000732421875
2022-03-10,186.8800048828125,187.3800048828125,184.9900054931641,18455200,3440049167.3583984,186.3999938964844
2022-03-11,183.7400054931641,185.77999877929688,183.44000244140625,14824700,2743903668.710327,185.08999633789065
2022-03-14,183.02999877929688,183.2899932861328,181.9499969482422,13186400,2403880760.241699,182.3000030517578
2022-03-15,179.10000610351562,180.2700042724609,178.00999450683594,16962300,3034385836.6470337,178.88999938964844
2022-03-16,179.1300048828125,180.1199951171875,176.8699951171875,17548100,3158833384.605408,180.00999450683594
2022-03-17,181.16000366210935,182.02999877929688,180.6499938964844,10954100,1981487142.314148,180.88999938964844
2022-03-18,179.92999267578125,180.92999267578125,179.0399932861328,13996500,2509572492.713928,179.3000030517578
2022-03-21,179.3300018310547,181.2899932861328,179.32000732421875,10582200,1911886054.623413,180.6699981689453
2022-03-22,179.60000610351562,179.7100067138672,178.32000732421875,9621800,1725766053.872681,179.36000061035156
2022-03-23,180.2899932861328,181.88999938964844,179.75999450683594,12557300,2283042682.3425293,181.80999755859372
2022-03-24,182.3500061035156,183.50999450683597,181.7700042724609,10970100,2008954466.5649412,183.1300048828125
2022-03-25,181.80999755859372,183.1300048828125,181.3500061035156,7911100,1442826456.628418,182.3800048828125
2022-03-28,180.3800048828125,181.3300018310547,178.85000610351562,9489700,1699225658.831787,179.05999755859375
2022-03-29,177.02000427246094,179.3300018310547,176.69000244140625,10458900,1873607339.616394,179.13999938964844
2022-03-30,179.75999450683594,180.9199981689453,179.67999267578125,8361300,1509883569.3099976,180.5800018310547
2022-03-31,180.91000366210935,181.9600067138672,180.55999755859372,9844400,1778390799.9145508,180.6499938964844
2022-04-01,179.5500030517578,180.4600067138672,178.97999572753906,13034400,2339674800.0,179.5
2022-04-04,180.2400054931641,180.80999755859372,179.5800018310547,7063100,1273971312.512207,180.3699951171875
2022-04-05,180.91000366210935,181.4900054931641,178.92999267578125,10828500,1940900399.482727,179.24000549316406
2022-04-06,179.77999877929688,180.30999755859372,178.6999969482422,8942100,1606537718.7469482,179.66000366210938
2022-04-07,179.8699951171875,180.8800048828125,179.8000030517578,10140600,1828755766.8640137,180.33999633789065
2022-04-08,180.5200042724609,181.82000732421875,180.5200042724609,10655700,1933689892.0074463,181.47000122070312
2022-04-11,183.1699981689453,183.3300018310547,181.1100006103516,10071300,1836702931.8237305,182.3699951171875
2022-04-12,184.0399932861328,184.63999938964844,182.9600067138672,12024600,2209760793.374634,183.7700042724609
2022-04-13,184.5,184.94000244140625,184.1300048828125,8651600,1597517887.1948242,184.6499938964844
2022-04-14,184.27999877929688,184.41000366210935,182.8800048828125,11567200,2128827410.3393557,184.0399932861328
2022-04-18,185.9499969482422,186.1000061035156,184.38999938964844,8886700,1640573692.4240112,184.6100006103516
2022-04-19,183.19000244140625,183.6499938964844,181.3300018310547,12585600,2288313884.1796875,181.82000732421875
2022-04-20,181.58999633789065,182.72000122070312,181.3500061035156,7038600,1286022653.2562256,182.7100067138672
2022-04-21,181.7700042724609,182.32000732421875,180.77999877929688,9639800,1755021964.465332,182.05999755859372
2022-04-22,180.72000122070312,181.6100006103516,179.74000549316406,9147000,1649112568.5882568,180.2899932861328
2022-04-25,177.1699981689453,177.50999450683594,176.47999572753906,13073700,2314698624.897766,177.0500030517578
2022-04-26,177.9499969482422,178.3000030517578,176.9199981689453,9042400,1603398434.2285156,177.32000732421875
2022-04-27,176.4600067138672,176.63999938964844,175.5,8854700,1558250068.16864,175.97999572753906
2022-04-28,175.9199981689453,176.97000122070312,175.69000244140625,6381100,1129007976.2634275,176.92999267578125
2022-04-29,178.07000732421875,178.6199951171875,176.7100067138672,7719700,1365692155.2703855,176.91000366210938
2022-05-02,173.61000061035156,174.64999389648438,172.97999572753906,14318600,2486138587.915039,173.6300048828125
2022-05-03,173.88999938964844,175.2100067138672,173.85000610351562,7214300,1255937460.5804443,174.08999633789062
2022-05-04,174.32000732421875,176.35000610351562,173.6699981689453,10491700,1844440892.0181277,175.8000030517578
2022-05-05,177.55999755859375,177.61000061035156,174.66000366210938,12794200,2240648308.47168,175.1300048828125
2022-05-06,175.38999938964844,176.55999755859375,174.86000061035156,7643300,1340787672.0046997,175.4199981689453
2022-05-09,174.27000427246094,174.27000427246094,172.7899932861328,10742400,1857146164.453125,172.8800048828125
2022-05-10,173.8000030517578,173.9600067138672,171.1999969482422,11010400,1887402747.8393557,171.4199981689453
2022-05-11,172.50999450683594,173.32000732421875,172.1999969482422,9179600,1586418539.2333984,172.82000732421875
2022-05-12,172.07000732421875,172.39999389648438,169.89999389648438,11626800,1978532534.7106931,170.1699981689453
2022-05-13,168.30999755859375,169.6199951171875,168.00999450683594,13031100,2199519281.5109253,168.7899932861328
2022-05-16,168.42999267578125,170.42999267578125,168.33999633789062,7319300,1247208675.326538,170.39999389648438
2022-05-17,170.44000244140625,170.52999877929688,169.13999938964844,6441100,1090671474.7940063,169.3300018310547
2022-05-18,169.00999450683594,170.2100067138672,168.80999755859375,7472900,1266058704.3167114,169.4199981689453
2022-05-19,171.5500030517578,172.52000427246094,170.88999938964844,10580300,1818859411.746216,171.91000366210938
2022-05-20,171.7100067138672,172.24000549316406,170.88999938964844,6578100,1131630534.9700928,172.02999877929688
2022-05-23,173.1300048828125,173.3800048828125,172.27999877929688,5518500,953762365.1046752,172.8300018310547
2022-05-24,173.47000122070312,174.41000366210938,173.35000610351562,6794000,1183039253.173828,174.1300048828125
2022-05-25,172.7899932861328,173.16000366210938,171.72999572753906,4595900,795458380.4153442,173.0800018310547
2022-05-26,172.1300048828125,172.92999267578125,171.75999450683594,6467000,1117238884.475708,172.75999450683594
2022-05-27,173.49000549316406,173.52000427246094,172.63999938964844,3847900,665109538.4857178,172.85000610351562
2022-05-31,172.7100067138672,173.07000732421875,171.0800018310547,6244000,1068598156.1889648,171.13999938964844
2022-06-01,172.2100067138672,172.52999877929688,171.38999938964844,6946500,1196395665.32135,172.22999572753906
2022-06-02,173.66000366210938,174.4499969482422,173.49000549316406,5623100,980387519.3206788,174.35000610351562
2022-06-03,173.52999877929688,173.97000122070312,172.25,5519400,952538062.1063232,172.5800018310547
2022-06-06,172.80999755859375,172.88999938964844,171.64999389648438,3766000,647074147.5830078,171.82000732421875
2022-06-07,172.11000061035156,173.0500030517578,171.99000549316406,3860000,667548409.4238281,172.94000244140625
2022-06-08,172.88999938964844,173.4499969482422,172.6699981689453,5140800,888227417.7246094,172.77999877929688
2022-06-09,172.4499969482422,172.58999633789062,171.5800018310547,4701100,809670432.9147339,172.22999572753906
2022-06-10,170.88999938964844,174.94000244140625,170.4600067138672,16856100,2942063580.830384,174.5399932861328
2022-06-13,171.17999267578125,171.33999633789062,169.61000061035156,13265200,2254155338.8427734,169.92999267578125
2022-06-14,169.61000061035156,169.72999572753906,168.3000030517578,7347900,1238635556.817627,168.57000732421875
2022-06-15,170.39999389648438,171.83999633789062,169.0800018310547,9000300,1536981269.4534302,170.77000427246094
2022-06-16,170.55999755859375,172.77000427246094,170.1699981689453,8823600,1523747505.5419922,172.69000244140625
2022-06-17,172.14999389648438,172.3000030517578,170.97000122070312,7407200,1268631175.646973,171.27000427246094
2022-06-21,171.05999755859375,171.91000366210938,170.47000122070312,5608500,956978382.385254,170.6300048828125
2022-06-22,171.61000061035156,172.3000030517578,171.10000610351562,6558700,1123570880.9875488,171.30999755859375
2022-06-23,171.38999938964844,172.1300048828125,169.89999389648438,6535300,1112700142.100525,170.25999450683594
2022-06-24,170.24000549316406,170.74000549316406,169.85000610351562,6143100,1044879856.503296,170.08999633789062
2022-06-27,170.60000610351562,170.6699981689453,169.75,5719700,971776995.0897216,169.89999389648438
2022-06-28,170.07000732421875,170.2100067138672,169.50999450683594,2982700,505925559.4360352,169.6199951171875
2022-06-29,170.5800018310547,170.6999969482422,169.1699981689453,4785600,811111370.2880859,169.49000549316406
2022-06-30,169.50999450683594,169.9600067138672,168.24000549316406,9144400,1540465685.394287,168.4600067138672
2022-07-01,167.13999938964844,168.67999267578125,166.9600067138672,11380300,1915532179.3518064,168.32000732421875
2022-07-05,167.17999267578125,167.3300018310547,164.41000366210938,14035400,2312332150.0,164.75
2022-07-06,164.32000732421875,164.57000732421875,161.47000122070312,11861100,1923158746.760559,162.13999938964844
2022-07-07,162.42999267578125,163.0399932861328,162.05999755859375,4588400,744376112.3962402,162.22999572753906
2022-07-08,162.35000610351562,163.3800048828125,161.83999633789062,4584100,743999443.989563,162.3000030517578
2022-07-11,161.92999267578125,162.44000244140625,161.3800048828125,4321700,697651999.3469238,161.42999267578125
2022-07-12,161.22000122070312,161.6199951171875,160.72000122070312,5375100,864477342.842102,160.8300018310547
2022-07-13,160.10000610351562,162.7100067138672,160.05999755859375,8456600,1366586611.6149902,161.60000610351562
2022-07-14,159.02000427246094,159.8300018310547,158.22000122070312,12213600,1945992910.3637693,159.3300018310547
2022-07-15,159.00999450683594,159.25,158.35000610351562,6783800,1078692000.7354736,159.00999450683594
2022-07-18,160.0800018310547,160.42999267578125,159.0500030517578,5791800,921822909.2102052,159.16000366210938
2022-07-19,159.47000122070312,159.8699951171875,159.3300018310547,3796200,605645722.5128174,159.5399932861328
2022-07-20,159.7100067138672,159.82000732421875,158.02999877929688,4795800,757928199.8016357,158.0399932861328
2022-07-21,158.30999755859375,160.30999755859375,158.27000427246094,5863300,939711116.0507202,160.27000427246094
2022-07-22,160.5500030517578,162.1300048828125,160.35000610351562,5733800,921249635.5010986,160.6699981689453
2022-07-25,160.63999938964844,160.6999969482422,159.80999755859375,3713400,594998066.1346436,160.22999572753906
2022-07-26,160.22999572753906,160.5,159.7899932861328,2672800,427754894.0551758,160.0399932861328
2022-07-27,160.02000427246094,162.2100067138672,159.50999450683594,5766100,932205376.4419556,161.6699981689453
2022-07-28,163.30999755859375,163.75999450683594,162.8800048828125,5606400,917431292.578125,163.63999938964844
2022-07-29,163.88999938964844,164.69000244140625,163.27999877929688,7537300,1236870976.0040283,164.10000610351562
2022-08-01,164.97999572753906,165.41000366210938,164.41000366210938,4666900,770178501.3031006,165.02999877929688
2022-08-02,165.66000366210938,166.4600067138672,164.02000427246094,5725400,939251887.4725342,164.0500030517578
2022-08-03,164.77000427246094,164.91000366210938,163.47999572753906,4417800,726507196.5179443,164.4499969482422
2022-08-04,165.52999877929688,167.30999755859375,165.33999633789062,5502000,919769329.9255372,167.1699981689453
2022-08-05,164.99000549316406,165.83999633789062,164.8699951171875,6023300,995591216.5603638,165.2899932861328
2022-08-08,166.02999877929688,166.80999755859375,165.92999267578125,3456300,576130655.4382324,166.69000244140625
2022-08-09,167.47999572753906,167.8000030517578,166.82000732421875,3205500,535959590.21759033,167.1999969482422
2022-08-10,167.38999938964844,167.97999572753906,166.6199951171875,4077300,680012089.0228271,166.77999877929688
2022-08-11,167.16000366210938,167.66000366210938,166.30999755859375,4446000,739547623.7182617,166.33999633789062
2022-08-12,167.1699981689453,167.94000244140625,166.8300018310547,5151700,864815853.8452148,167.8699951171875
2022-08-15,165.99000549316406,166.25,165.44000244140625,5236100,867674166.15448,165.7100067138672
2022-08-16,165.30999755859375,165.72000122070312,165.17999267578125,4291500,709899922.1420288,165.4199981689453
2022-08-17,165.2100067138672,165.22999572753906,163.9499969482422,5569100,915281618.9910887,164.35000610351562
2022-08-18,164.60000610351562,164.91000366210938,163.5399932861328,3646100,597668705.3237915,163.9199981689453
2022-08-19,163.64999389648438,163.74000549316406,162.6199951171875,8173000,1329910569.9768066,162.72000122070312
2022-08-22,161.66000366210938,162.1199951171875,161.36000061035156,4458100,720607281.2789917,161.63999938964844
2022-08-23,161.9600067138672,163.42999267578125,161.91000366210938,4425100,720273545.9060669,162.77000427246094
2022-08-24,162.44000244140625,163.61000061035156,162.3699951171875,3202400,522791800.0,163.25
2022-08-25,163.97000122070312,163.99000549316406,163.24000549316406,2857500,467915625.0,163.75
2022-08-26,163.1199951171875,163.61000061035156,161.5500030517578,6689300,1082061131.2545776,161.75999450683594
2022-08-29,161.8800048828125,162.6199951171875,161.6999969482422,4702300,761114280.8700562,161.86000061035156
2022-08-30,161.27000427246094,161.42999267578125,160.33999633789062,4856600,779532839.3218994,160.50999450683594
2022-08-31,159.5,160.57000732421875,159.25999450683594,5438600,866205845.236206,159.27000427246094
2022-09-01,158.1699981689453,158.38999938964844,157.32000732421875,7390800,1166785559.9121094,157.8699951171875
2022-09-02,159.35000610351562,160.05999755859375,159.13999938964844,5196900,827658265.4525757,159.25999450683594
2022-09-06,159.1699981689453,159.4600067138672,158.32000732421875,4863800,770085462.9058838,158.3300018310547
2022-09-07,158.14999389648438,160.14999389648438,158.0800018310547,3981400,636785125.7202148,159.94000244140625
2022-09-08,159.5399932861328,159.86000061035156,158.7100067138672,4607100,732436738.3163452,158.97999572753906
2022-09-09,159.72000122070312,160.24000549316406,159.41000366210938,3927800,627741024.7680664,159.82000732421875
2022-09-12,161.0399932861328,161.6199951171875,160.5500030517578,4537500,728858647.1557617,160.6300048828125
2022-09-13,158.47000122070312,159.27000427246094,158.38999938964844,6526400,1034695412.1826172,158.5399932861328
2022-09-14,158.67999267578125,158.97999572753906,157.72999572753906,6091100,961967378.3874512,157.92999267578125
2022-09-15,156.75999450683594,157.49000549316406,154.6199951171875,13181200,2042822319.683838,154.97999572753906
2022-09-16,154.66000366210938,156.55999755859375,154.33999633789062,7141200,1112884581.8481443,155.83999633789062
2022-09-19,154.8699951171875,156.0399932861328,154.82000732421875,5582800,870693525.4821777,155.9600067138672
2022-09-20,155.02999877929688,155.22999572753906,154.58999633789062,5943700,921689602.532959,155.07000732421875
2022-09-21,155.97000122070312,157.25,154.00999450683594,7816100,1217670166.523743,155.7899932861328
2022-09-22,156.25999450683594,156.47999572753906,155.30999755859375,5975200,930338621.7651368,155.6999969482422
2022-09-23,153.89999389648438,154.0,152.63999938964844,9598000,1468589927.276611,153.00999450683594
2022-09-26,153.22000122070312,153.50999450683594,151.02999877929688,8240500,1246210779.7927856,151.22999572753906
2022-09-27,152.25,152.72999572753906,151.5,7151300,1083707953.9871216,151.5399932861328
2022-09-28,153.1999969482422,154.8800048828125,152.92999267578125,8977200,1388683089.9169922,154.69000244140625
2022-09-29,154.13999938964844,155.02999877929688,153.16000366210938,6317000,976987243.1335448,154.66000366210938
2022-09-30,154.94000244140625,156.0399932861328,154.57000732421875,6832400,1056767295.489502,154.6699981689453
2022-10-03,155.44000244140625,158.47999572753906,155.22999572753906,10362200,1641683270.1049805,158.42999267578125
2022-10-04,159.17999267578125,161.0800018310547,158.9199981689453,8024500,1289537125.5111694,160.6999969482422
2022-10-05,159.32000732421875,160.0800018310547,158.3800048828125,5296300,846401690.0695801,159.80999755859375
2022-10-06,159.41000366210938,159.94000244140625,158.9499969482422,5712600,911902365.8935548,159.6300048828125
2022-10-07,158.4600067138672,158.97999572753906,157.67999267578125,5030000,794136424.5605469,157.8800048828125
2022-10-10,155.94000244140625,156.35000610351562,155.1199951171875,6110800,950107157.8918456,155.47999572753906
2022-10-11,155.49000549316406,156.80999755859375,154.9199981689453,5306700,823387591.4337158,155.16000366210938
2022-10-12,155.50999450683594,156.2899932861328,155.25999450683594,3998500,623726036.9644165,155.99000549316406
2022-10-13,153.47999572753906,155.72999572753906,152.9199981689453,7083800,1097351483.9416504,154.91000366210938
2022-10-14,154.02000427246094,154.1999969482422,152.72000122070312,5471900,837091238.621521,152.97999572753906
2022-10-17,154.9199981689453,155.3300018310547,153.32000732421875,4348000,667070152.0385742,153.4199981689453
2022-10-18,154.0800018310547,154.24000549316406,153.24000549316406,4528400,696241500.0,153.75
2022-10-19,152.08999633789062,152.49000549316406,151.5399932861328,8257100,1252519519.1589355,151.69000244140625
2022-10-20,151.9199981689453,153.22999572753906,151.27000427246094,5019800,760248694.6807861,151.4499969482422
2022-10-21,151.97999572753906,154.30999755859375,151.8300018310547,6898400,1063388317.8955078,154.14999389648438
2022-10-24,153.4499969482422,154.05999755859375,153.05999755859375,4673300,718052516.4764404,153.64999389648438
2022-10-25,153.9600067138672,154.7899932861328,153.8300018310547,3434100,528851400.0,154.0
2022-10-26,154.77999877929688,155.72999572753906,154.77999877929688,4448200,689382016.9952393,154.97999572753906
2022-10-27,154.7100067138672,155.08999633789062,154.22000122070312,3654900,565559246.0769653,154.74000549316406
2022-10-28,152.9600067138672,153.5399932861328,152.5,4645400,711489481.0119629,153.16000366210938
2022-10-31,152.16000366210938,152.8699951171875,151.88999938964844,6097800,926316820.3308104,151.91000366210938
2022-11-01,153.82000732421875,153.97999572753906,152.8699951171875,4603600,706468486.907959,153.4600067138672
2022-11-02,154.16000366210938,155.4199981689453,152.25999450683594,7210900,1098869046.598816,152.38999938964844
2022-11-03,150.6999969482422,151.9600067138672,150.57000732421875,5378800,816555614.8681641,151.80999755859375
2022-11-04,154.9499969482422,156.60000610351562,154.66000366210938,7692000,1203567249.3896484,156.47000122070312
2022-11-07,156.22000122070312,156.57000732421875,155.80999755859375,4425700,689745372.0123291,155.85000610351562
2022-11-08,155.99000549316406,159.8699951171875,155.97999572753906,11299600,1801721185.5163572,159.4499969482422
2022-11-09,159.36000061035156,160.35000610351562,158.4499969482422,6040600,958341153.1311036,158.64999389648438
2022-11-10,162.00999450683594,163.50999450683594,161.66000366210938,9939900,1624974809.5321655,163.47999572753906
2022-11-11,163.91000366210938,164.5800018310547,163.4199981689453,4622400,760662132.7148438,164.55999755859375
2022-11-14,164.1999969482422,165.24000549316406,164.14999389648438,6187600,1020458980.670166,164.9199981689453
2022-11-15,165.27000427246094,166.22999572753906,164.55999755859375,9903500,1639029250.0,165.5
2022-11-16,165.41000366210938,165.7100067138672,164.8300018310547,3645800,601994478.1982422,165.1199951171875
2022-11-17,163.7899932861328,164.11000061035156,163.39999389648438,4574400,749835639.6240234,163.9199981689453
2022-11-18,163.3800048828125,163.69000244140625,162.67999267578125,4321100,703431839.9887085,162.7899932861328
2022-11-21,162.44000244140625,162.5,161.27999877929688,4766500,771601043.2739258,161.8800048828125
2022-11-22,162.3000030517578,162.60000610351562,161.72000122070312,3203800,519239889.465332,162.07000732421875
2022-11-23,161.69000244140625,163.24000549316406,161.55999755859375,4167000,679554367.6300049,163.0800018310547
2022-11-25,162.85000610351562,163.42999267578125,162.75999450683594,1436500,234465531.75354004,163.22000122070312
2022-11-28,162.92999267578125,163.05999755859375,161.91000366210938,4052900,656286067.3156738,161.92999267578125
2022-11-29,162.6999969482422,163.6300048828125,162.60000610351562,2620600,426450226.80358887,162.72999572753906
2022-11-30,163.69000244140625,164.80999755859375,162.39999389648438,4874700,803399295.098877,164.80999755859375
2022-12-01,167.47999572753906,167.9499969482422,166.97999572753906,8625800,1447754240.411377,167.83999633789062
2022-12-02,166.17999267578125,167.47000122070312,165.75999450683594,5185900,867393605.5130005,167.25999450683594
2022-12-05,166.5500030517578,166.72000122070312,164.32000732421875,5436200,893656914.6820068,164.38999938964844
2022-12-06,165.1999969482422,165.5399932861328,164.4499969482422,3597800,593061338.8244629,164.83999633789062
2022-12-07,165.47000122070312,166.63999938964844,165.32000732421875,4610700,766897739.4424438,166.3300018310547
2022-12-08,166.5800018310547,167.0500030517578,166.07000732421875,3217900,535683816.9281006,166.47000122070312
2022-12-09,167.25999450683594,168.08999633789062,166.60000610351562,5431300,907352964.7399902,167.05999755859375
2022-12-12,166.44000244140625,166.60000610351562,165.42999267578125,3504400,580608966.3330078,165.67999267578125
2022-12-13,169.2100067138672,169.7899932861328,168.02000427246094,6750200,1137476164.920044,168.50999450683594
2022-12-14,168.42999267578125,168.80999755859375,167.13999938964844,5643000,948588334.4421388,168.10000610351562
2022-12-15,165.72999572753906,166.2100067138672,165.10000610351562,8363000,1382822101.0437012,165.35000610351562
2022-12-16,166.02000427246094,166.97999572753906,165.83999633789062,5372000,895995843.9331055,166.7899932861328
2022-12-19,166.7100067138672,167.11000061035156,165.99000549316406,3940500,655383988.861084,166.32000732421875
2022-12-20,168.10000610351562,169.52999877929688,168.02999877929688,7803100,1319348162.2879028,169.0800018310547
2022-12-21,169.0399932861328,169.7100067138672,168.67999267578125,3990100,673528892.1768188,168.8000030517578
2022-12-22,167.75999450683594,167.75999450683594,166.05999755859375,5672700,945979420.8389282,166.75999450683594
2022-12-23,166.8800048828125,167.8000030517578,166.66000366210938,2912300,487111282.0022583,167.25999450683594
2022-12-27,167.88999938964844,170.61000061035156,167.8000030517578,6885700,1161411006.3919067,168.6699981689453
2022-12-28,168.0500030517578,168.33999633789062,167.10000610351562,3662500,614970388.4124756,167.91000366210938
2022-12-29,168.5399932861328,169.35000610351562,168.52000427246094,3345900,564955235.4217529,168.85000610351562
2022-12-30,169.25999450683594,169.89999389648438,168.8000030517578,2864500,485933778.251648,169.63999938964844
2023-01-03,171.32000732421875,172.08999633789062,170.02000427246094,7992900,1367265454.486084,171.05999755859375
2023-01-04,172.86000061035156,173.08999633789062,171.85000610351562,7574600,1307906168.1304932,172.6699981689453
2023-01-05,170.82000732421875,171.0,169.7899932861328,4692600,800182172.0489502,170.52000427246094
2023-01-06,171.75999450683594,173.9600067138672,171.22999572753906,7889000,1370398242.9656982,173.7100067138672
2023-01-09,174.50999450683594,175.0399932861328,173.8800048828125,5134500,893916481.338501,174.10000610351562
2023-01-10,174.61000061035156,174.97999572753906,174.05999755859375,4398400,768576440.1611328,174.74000549316406
2023-01-11,174.75999450683594,174.7899932861328,173.72000122070312,3374200,589202787.5244141,174.6199951171875
2023-01-12,176.00999450683594,176.7100067138672,174.8800048828125,6936900,1225334011.7660522,176.63999938964844
2023-01-13,176.9600067138672,178.8300018310547,176.88999938964844,7468800,1335122646.9726562,178.75999450683594
2023-01-17,178.2100067138672,178.24000549316406,177.08999633789062,6610800,1174011947.790527,177.58999633789062
2023-01-18,178.9199981689453,179.17999267578125,176.89999389648438,5384700,953522685.8596802,177.0800018310547
2023-01-19,178.3699951171875,180.02999877929688,178.08999633789062,6678700,1201431338.923645,179.88999938964844
2023-01-20,179.05999755859375,179.66000366210938,178.64999389648438,5754800,1031778053.3630372,179.2899932861328
2023-01-23,178.35000610351562,179.69000244140625,177.77999877929688,5265500,945841790.7104492,179.6300048828125
2023-01-24,179.55999755859375,180.32000732421875,178.35000610351562,4604600,830117282.3791504,180.27999877929688
2023-01-25,179.35000610351562,181.22000122070312,179.2899932861328,6925300,1254241087.2268677,181.1100006103516
2023-01-26,180.1499938964844,180.2700042724609,178.4600067138672,5860100,1051712154.1534424,179.47000122070312
2023-01-27,179.27000427246094,179.72000122070312,178.25999450683594,6052700,1084764901.3885498,179.22000122070312
2023-01-30,179.2899932861328,179.42999267578125,178.64999389648438,4210700,752704708.8699341,178.75999450683594
2023-01-31,178.82000732421875,179.6999969482422,178.5399932861328,5976900,1072315650.8880616,179.41000366210938
2023-02-01,179.75,181.72999572753903,178.6300048828125,7996000,1452633305.3588867,181.6699981689453
2023-02-02,181.0800018310547,181.1100006103516,177.74000549316406,8842400,1573062906.0302734,177.89999389648438
2023-02-03,174.9199981689453,175.42999267578125,173.1199951171875,13674400,2371961515.808105,173.4600067138672
2023-02-06,174.11000061035156,174.4600067138672,173.27999877929688,8957000,1556905805.603027,173.82000732421875
2023-02-07,173.72000122070312,175.27000427246094,173.47000122070312,6794200,1182054886.972046,173.97999572753906
2023-02-08,174.94000244140625,174.99000549316406,173.8300018310547,4075600,710825410.925293,174.41000366210938
2023-02-09,175.49000549316406,175.52000427246094,172.8699951171875,5361300,927665732.4554445,173.02999877929688
2023-02-10,173.6300048828125,173.67999267578125,172.6300048828125,2971100,515069897.8134155,173.36000061035156
2023-02-13,172.6999969482422,172.89999389648438,172.07000732421875,3970800,684883567.0349121,172.47999572753906
2023-02-14,171.97000122070312,173.50999450683594,171.41000366210938,5403100,932629094.2977904,172.61000061035156
2023-02-15,170.60000610351562,170.99000549316406,170.16000366210938,5423800,926873178.6895752,170.88999938964844
2023-02-16,170.33999633789062,171.60000610351562,169.9600067138672,4540400,775273300.0,170.75
2023-02-17,169.8699951171875,171.47000122070312,169.52000427246094,4809800,823726321.5789795,171.25999450683594
2023-02-21,171.1999969482422,171.5,170.33999633789062,4035900,688605238.293457,170.6199951171875
2023-02-22,170.80999755859375,170.9600067138672,169.55999755859375,4105700,696573077.0355225,169.66000366210938
2023-02-23,169.83999633789062,170.1300048828125,169.0800018310547,5073500,860313432.1594238,169.57000732421875
2023-02-24,168.4199981689453,168.83999633789062,168.19000244140625,6496500,1093685814.6514893,168.35000610351562
2023-02-27,168.8800048828125,169.22999572753906,168.5500030517578,4509200,762099867.2302246,169.00999450683594
2023-02-28,168.77999877929688,170.25,168.58999633789062,6761600,1147984439.7460938,169.77999877929688
2023-03-01,170.9499969482422,171.49000549316406,170.47000122070312,6590500,1125393743.7973022,170.75999450683594
2023-03-02,170.52000427246094,170.97999572753906,170.36000061035156,3950700,674226476.4678955,170.66000366210938
2023-03-03,171.4499969482422,172.60000610351562,170.97999572753906,6894500,1189232342.8726196,172.49000549316406
2023-03-06,172.32000732421875,172.3699951171875,171.5399932861328,4264100,731804821.1791992,171.6199951171875
2023-03-07,170.4199981689453,170.47000122070312,168.52000427246094,8713300,1469236603.4545898,168.6199951171875
2023-03-08,168.61000061035156,169.58999633789062,168.52000427246094,5718600,963812805.6060792,168.5399932861328
2023-03-09,169.75,170.64999389648438,169.7100067138672,5583000,950226582.962036,170.1999969482422
2023-03-10,171.92999267578125,173.8800048828125,171.9199981689453,13803400,2399997090.600586,173.8699951171875
2023-03-13,176.66000366210938,178.02000427246094,176.3000030517578,20554400,3655805596.54541,177.86000061035156
2023-03-14,177.35000610351562,177.58999633789062,176.2100067138672,10019000,1771659788.345337,176.8300018310547
2023-03-15,178.86000061035156,180.1300048828125,177.49000549316406,14546100,2592260578.6605835,178.2100067138672
2023-03-16,179.50999450683594,179.64999389648438,177.8699951171875,10762200,1921806132.824707,178.57000732421875
2023-03-17,181.0200042724609,184.80999755859372,180.7700042724609,24156300,4439203354.206848,183.7700042724609
2023-03-20,184.19000244140625,184.5399932861328,182.7400054931641,11845700,2177713444.619751,183.83999633789065
2023-03-21,182.6499938964844,182.72999572753903,179.89999389648438,10734500,1936181712.5854487,180.3699951171875
2023-03-22,180.3999938964844,183.94000244140625,180.27999877929688,11969600,2195703453.222656,183.44000244140625
2023-03-23,183.91000366210935,186.2400054931641,183.6000061035156,11347100,2107610416.331482,185.7400054931641
2023-03-24,185.6100006103516,185.9900054931641,183.6199951171875,9245900,1698009478.567505,183.6499938964844
2023-03-27,181.1499938964844,182.1499938964844,180.69000244140625,6925000,1260003728.8665771,181.9499969482422
2023-03-28,182.30999755859372,183.6199951171875,182.1199951171875,6202600,1137804959.1430664,183.44000244140625
2023-03-29,182.4900054931641,183.2700042724609,182.2400054931641,4996500,912011138.9007568,182.52999877929688
2023-03-30,182.75,184.44000244140625,182.5500030517578,6360300,1171440007.4157715,184.17999267578125
2023-03-31,184.1100006103516,184.4199981689453,182.8000030517578,8003300,1466364635.769653,183.22000122070312
2023-04-03,183.8500061035156,185.0399932861328,183.32000732421875,9206600,1698985902.1881104,184.5399932861328
2023-04-04,184.72000122070312,188.22999572753903,184.66000366210935,13765400,2587619833.187866,187.97999572753903
2023-04-05,188.33999633789065,188.8600006103516,186.77999877929688,11440800,2148925484.9487305,187.8300018310547
2023-04-06,186.88999938964844,187.25999450683597,185.9499969482422,6648400,1239860152.520752,186.4900054931641
2023-04-10,185.17999267578125,185.3600006103516,184.19000244140625,6408100,1186203394.9111938,185.1100006103516
2023-04-11,185.91000366210935,186.50999450683597,185.63999938964844,6031500,1123547812.637329,186.27999877929688
2023-04-12,187.5399932861328,187.66000366210935,185.97000122070312,10000900,1872068495.41626,187.19000244140625
2023-04-13,189.75999450683597,190.41000366210935,188.9900054931641,14060100,2667482189.163208,189.72000122070312
2023-04-14,188.0800018310547,188.4900054931641,185.1699981689453,13272500,2473463108.100891,186.3600006103516
2023-04-17,185.88999938964844,185.92999267578125,184.1000061035156,7468100,1385556583.883667,185.52999877929688
2023-04-18,185.2400054931641,186.9900054931641,185.0399932861328,8056900,1500597625.0,186.25
2023-04-19,184.3500061035156,185.5800018310547,184.27999877929688,7373500,1366751964.5004272,185.3600006103516
2023-04-20,186.13999938964844,187.02999877929688,185.77999877929688,5789900,1077442469.796753,186.08999633789065
2023-04-21,184.97999572753903,185.67999267578125,183.22000122070312,10698700,1971235475.0,184.25
2023-04-24,184.07000732421875,185.02999877929688,183.4600067138672,8303400,1534551333.728027,184.80999755859372
2023-04-25,184.83999633789065,186.22000122070312,184.3000030517578,8451900,1569940425.0,185.75
2023-04-26,186.6300048828125,186.6499938964844,184.3000030517578,8203600,1515533109.0637207,184.7400054931641
2023-04-27,183.8999938964844,184.9900054931641,183.3800048828125,9107400,1682592150.0,184.75
2023-04-28,184.7899932861328,185.3800048828125,184.1699981689453,6700400,1238233940.447998,184.8000030517578
2023-05-01,186.0500030517578,186.22000122070312,183.91000366210935,7997700,1471336878.7628174,183.97000122070312
2023-05-02,184.6499938964844,187.63999938964844,184.5200042724609,14680600,2752906174.72229,187.5200042724609
2023-05-03,187.6100006103516,189.2100067138672,186.92999267578125,11133800,2105512924.795532,189.1100006103516
2023-05-04,188.8600006103516,191.3600006103516,188.80999755859372,14146800,2694116626.538086,190.44000244140625
2023-05-05,186.55999755859372,187.5800018310547,185.7700042724609,12508100,2344768509.977722,187.4600067138672
2023-05-08,187.82000732421875,188.6699981689453,187.4900054931641,6075400,1140291840.8325195,187.69000244140625
2023-05-09,188.1199951171875,189.3300018310547,188.07000732421875,7098800,1341815206.3293457,189.0200042724609
2023-05-10,188.97999572753903,189.63999938964844,187.82000732421875,9392100,1772758875.0,188.75
2023-05-11,188.44000244140625,188.80999755859372,186.8600006103516,8245500,1542980455.2612305,187.1300048828125
2023-05-12,187.42999267578125,187.9199981689453,186.5800018310547,7087500,1324015857.6965332,186.80999755859372
2023-05-15,187.3000030517578,187.8800048828125,187.02999877929688,5518100,1033043538.0477904,187.2100067138672
2023-05-16,186.5800018310547,186.82000732421875,184.4600067138672,9519500,1759869918.5180664,184.8699951171875
2023-05-17,184.30999755859372,184.4499969482422,183.47999572753903,7474300,1376990257.0663452,184.22999572753903
2023-05-18,182.1000061035156,182.27999877929688,181.33999633789065,8812600,1602483151.727295,181.83999633789065
2023-05-19,182.25,184.33999633789065,181.80999755859372,8435000,1549003394.8516846,183.63999938964844
2023-05-22,183.22000122070312,183.83999633789065,182.91000366210935,4834300,885692135.4568481,183.2100067138672
2023-05-23,182.77999877929688,183.75999450683597,182.47999572753903,6345000,1163863303.527832,183.42999267578125
2023-05-24,183.5399932861328,183.5399932861328,181.7700042724609,6732900,1225051134.4528198,181.9499969482422
2023-05-25,181.17999267578125,181.30999755859372,180.10000610351562,6919200,1246839818.884277,180.1999969482422
2023-05-26,181.00999450683597,181.3000030517578,180.08999633789062,5823700,1053623793.3364868,180.9199981689453
2023-05-30,181.72000122070312,182.3999938964844,181.1699981689453,4906100,893106411.0610962,182.0399932861328
2023-05-31,182.38999938964844,183.4499969482422,182.1000061035156,8497900,1549337190.2404785,182.32000732421875
2023-06-01,182.80999755859372,184.2100067138672,182.72000122070312,7300500,1341539839.8971558,183.75999450683597
2023-06-02,183.52999877929688,183.55999755859372,180.9600067138672,8726100,1579860431.6299438,181.0500030517578
2023-06-05,180.7899932861328,182.44000244140625,180.6000061035156,5748800,1047086428.4912108,182.13999938964844
2023-06-06,182.3600006103516,182.6499938964844,181.5200042724609,4967200,905719229.8095704,182.33999633789065
2023-06-07,181.94000244140625,183.0,180.1499938964844,9066500,1633329919.6624756,180.1499938964844
2023-06-08,182.0,183.0399932861328,181.9600067138672,6394100,1167115065.194702,182.52999877929688
2023-06-09,182.3600006103516,182.7899932861328,181.72000122070312,4379200,797189538.5986328,182.0399932861328
2023-06-12,181.8000030517578,181.94000244140625,181.0399932861328,4873600,886410391.796875,181.8800048828125
2023-06-13,182.1000061035156,182.42999267578125,180.1699981689453,5126700,925574383.5800172,180.5399932861328
2023-06-14,181.69000244140625,181.9600067138672,180.13999938964844,6807000,1229616475.845337,180.63999938964844
2023-06-15,180.27999877929688,182.0500030517578,180.17999267578125,6739000,1225891514.678955,181.91000366210935
2023-06-16,181.92999267578125,182.6199951171875,181.41000366210935,8779100,1594547975.8666992,181.6300048828125
2023-06-20,180.05999755859375,180.08999633789062,179.22000122070312,7584200,1363259950.0,179.75
2023-06-21,179.14999389648438,179.9499969482422,178.19000244140625,6702300,1202995863.8168335,179.49000549316406
2023-06-22,178.36000061035156,178.99000549316406,177.6300048828125,7945000,1411906003.3416748,177.7100067138672
2023-06-23,179.60000610351562,179.9499969482422,178.08999633789062,5419800,965808343.460083,178.1999969482422
2023-06-26,179.0500030517578,179.0800018310547,178.4199981689453,3222100,575177053.3004761,178.50999450683594
2023-06-27,179.07000732421875,179.2899932861328,177.42999267578125,5036900,895006773.2971191,177.69000244140625
2023-06-28,177.22999572753906,177.69000244140625,176.6999969482422,5866700,1040048568.838501,177.27999877929688
2023-06-29,175.8300018310547,177.6300048828125,175.7899932861328,6862500,1215280099.8687744,177.08999633789062
2023-06-30,177.69000244140625,178.52999877929688,177.32000732421875,6420900,1144653870.4330444,178.27000427246094
2023-07-03,178.61000061035156,179.33999633789062,178.4600067138672,4085700,729174883.9874268,178.47000122070312
2023-07-05,179.41000366210938,179.4199981689453,177.8300018310547,5650600,1004902683.3068848,177.83999633789062
2023-07-06,177.50999450683594,177.8000030517578,176.66000366210938,5133000,910132217.4682616,177.30999755859375
2023-07-07,178.3800048828125,179.64999389648438,178.35000610351562,5201100,929124500.8255004,178.63999938964844
2023-07-10,178.3699951171875,178.9199981689453,178.25999450683594,3320500,593638985.9466553,178.77999877929688
2023-07-11,179.42999267578125,179.7100067138672,179.1300048828125,2818800,505833651.3977051,179.4499969482422
2023-07-12,181.17999267578125,181.9499969482422,181.1000061035156,7062000,1284436594.482422,181.8800048828125
2023-07-13,181.9600067138672,182.1499938964844,181.4900054931641,4527900,824123054.1275024,182.00999450683597
2023-07-14,181.58999633789065,182.1699981689453,181.1100006103516,5390000,977907660.5224608,181.42999267578125
2023-07-17,180.9900054931641,181.6300048828125,180.63999938964844,4152400,753909733.8623047,181.55999755859372
2023-07-18,182.7899932861328,184.22999572753903,182.32000732421875,8238000,1512826314.9719238,183.63999938964844
2023-07-19,183.4499969482422,183.83999633789065,182.8699951171875,3911600,718443564.8376465,183.6699981689453
2023-07-20,183.72999572753903,183.7700042724609,182.47000122070312,4972900,908747773.3169556,182.7400054931641
2023-07-21,182.05999755859372,182.4600067138672,181.67999267578125,3845400,700554943.8354492,182.17999267578125
2023-07-24,182.22000122070312,182.5399932861328,181.33999633789065,4370000,792717973.3276367,181.3999938964844
2023-07-25,181.72000122070312,182.47000122070312,181.1000061035156,4090100,746075155.9783936,182.41000366210935
2023-07-26,182.66000366210935,183.63999938964844,182.30999755859372,6158400,1128834738.7939453,183.3000030517578
2023-07-27,181.63999938964844,181.63999938964844,180.32000732421875,7592800,1369892962.097168,180.4199981689453
2023-07-28,181.47999572753903,182.2700042724609,181.25,3828800,696305570.3369141,181.8600006103516
2023-07-31,182.42999267578125,183.08999633789065,182.30999755859372,5494800,1001976813.5375977,182.3500061035156
2023-08-01,180.8500061035156,181.3800048828125,180.19000244140625,6239700,1126016303.892517,180.4600067138672
2023-08-02,180.57000732421875,180.7899932861328,179.41000366210938,6339700,1138610158.694458,179.60000610351562
2023-08-03,179.44000244140625,179.9499969482422,179.27999877929688,4636300,832401270.8724976,179.5399932861328
2023-08-04,180.25,180.7700042724609,179.85000610351562,5326200,959727991.003418,180.19000244140625
2023-08-07,180.1499938964844,180.1499938964844,179.27000427246094,4510400,810879706.4941406,179.77999877929688
2023-08-08,178.63999938964844,179.3300018310547,178.4600067138672,6162900,1100940452.2384644,178.63999938964844
2023-08-09,178.67999267578125,178.9199981689453,177.77999877929688,4644000,825656728.8208008,177.7899932861328
2023-08-10,178.22000122070312,178.6999969482422,177.5399932861328,5934600,1053984996.2219238,177.60000610351562
2023-08-11,177.6999969482422,178.36000061035156,177.49000549316406,5289700,939450752.2857666,177.60000610351562
2023-08-14,176.86000061035156,177.5800018310547,176.5800018310547,9554500,1691719746.673584,177.05999755859375
2023-08-15,176.75,177.42999267578125,176.3300018310547,7582700,1339028965.2313232,176.58999633789062
2023-08-16,176.6199951171875,176.9499969482422,175.55999755859375,6559400,1151633906.0424805,175.57000732421875
2023-08-17,176.52999877929688,176.55999755859375,174.92999267578125,7937700,1391478834.223938,175.3000030517578
2023-08-18,175.8300018310547,176.05999755859375,175.10000610351562,6253000,1096338501.449585,175.3300018310547
2023-08-21,175.89999389648438,175.94000244140625,174.9600067138672,4206400,739527173.7304688,175.80999755859375
2023-08-22,175.8300018310547,176.25,175.30999755859375,5892200,1037616455.9631348,176.10000610351562
2023-08-23,177.32000732421875,178.22000122070312,177.07000732421875,7949100,1414065394.1482544,177.88999938964844
2023-08-24,177.66000366210938,178.49000549316406,177.41000366210938,5526400,982870273.7304688,177.85000610351562
2023-08-25,177.5800018310547,178.3800048828125,176.6300048828125,6132800,1089307906.0546875,177.6199951171875
2023-08-28,177.64999389648438,178.72999572753906,177.50999450683594,4740700,844460914.1479492,178.1300048828125
2023-08-29,178.02999877929688,179.8800048828125,177.89999389648438,7576600,1362803005.0048828,179.8699951171875
2023-08-30,180.5800018310547,180.8800048828125,180.2899932861328,6593700,1188976032.2937012,180.32000732421875
2023-08-31,180.3699951171875,180.4900054931641,179.94000244140625,4795600,863303932.4890137,180.02000427246094
2023-09-01,180.8000030517578,181.1199951171875,179.50999450683594,4970700,895272780.0338745,180.11000061035156
2023-09-05,179.3300018310547,179.44000244140625,178.63999938964844,7056800,1260626747.692871,178.63999938964844
2023-09-06,178.3300018310547,179.00999450683594,177.6999969482422,6427200,1142948987.7685547,177.8300018310547
2023-09-07,178.30999755859375,178.3699951171875,177.89999389648438,3257200,579846757.9162598,178.02000427246094
2023-09-08,178.36000061035156,179.0500030517578,177.89999389648438,3292700,586364022.0291138,178.0800018310547
2023-09-11,178.97000122070312,179.07000732421875,178.25999450683594,3689100,658172344.5098877,178.41000366210938
2023-09-12,177.11000061035156,177.6999969482422,177.0500030517578,4445400,789014070.4193115,177.49000549316406
2023-09-13,177.52999877929688,177.75,177.0399932861328,3874800,686149591.0949707,177.0800018310547
2023-09-14,176.5,177.38999938964844,176.36000061035156,6184400,1095690136.6760254,177.1699981689453
2023-09-15,178.5500030517578,179.11000061035156,178.33999633789062,5620900,1002431285.4156494,178.33999633789062
2023-09-18,178.82000732421875,179.41000366210938,178.3800048828125,5049300,905793923.918152,179.38999938964844
2023-09-19,179.5399932861328,179.64999389648438,179.02999877929688,4224700,757150739.1571045,179.22000122070312
2023-09-20,179.33999633789062,180.66000366210935,179.32000732421875,9328000,1672976856.9335938,179.35000610351562
2023-09-21,177.86000061035156,178.49000549316406,177.69000244140625,7571900,1348176818.107605,178.0500030517578
2023-09-22,178.64999389648438,178.9499969482422,178.50999450683594,3634800,649247958.2519531,178.6199951171875
2023-09-25,178.41000366210938,178.7100067138672,177.63999938964844,5582100,991939152.9647828,177.6999969482422
2023-09-26,176.8300018310547,177.13999938964844,176.16000366210938,7181100,1265884299.2340088,176.27999877929688
2023-09-27,175.27000427246094,175.32000732421875,173.6999969482422,10919600,1901102426.6479487,174.10000610351562
2023-09-28,173.91000366210938,174.13999938964844,172.32000732421875,10061900,1743022894.0109253,173.22999572753906
2023-09-29,173.9199981689453,174.02999877929688,171.27000427246094,10427400,1787777698.1781006,171.4499969482422
2023-10-02,170.22999572753906,170.4600067138672,169.5,12706000,2155572822.4487305,169.64999389648438
2023-10-03,169.13999938964844,170.0800018310547,168.75,11459800,1938539809.967041,169.16000366210938
2023-10-04,169.2100067138672,169.41000366210938,168.5,10034600,1697252237.8753662,169.13999938964844
2023-10-05,168.74000549316406,169.0,168.3000030517578,6970200,1176778878.7628174,168.8300018310547
2023-10-06,169.1699981689453,170.22999572753906,168.5,9948400,1688243449.6398926,169.6999969482422
2023-10-09,171.17999267578125,172.86000061035156,171.0800018310547,10201500,1763023304.7180176,172.82000732421875
2023-10-10,172.0800018310547,172.8000030517578,171.89999389648438,5844000,1008265312.8662108,172.52999877929688
2023-10-11,173.60000610351562,174.1300048828125,173.25999450683594,7128000,1238775072.1435547,173.7899932861328
2023-10-12,174.05999755859375,174.22999572753906,173.24000549316406,5912700,1024434369.5205688,173.25999450683594
2023-10-13,176.88999938964844,179.10000610351562,176.72000122070312,18796500,3361378129.4174194,178.8300018310547
2023-10-16,177.83999633789062,178.3300018310547,177.5399932861328,8385400,1492265840.298462,177.9600067138672
2023-10-17,178.3699951171875,179.1300048828125,177.97999572753906,8231900,1467665395.7321167,178.2899932861328
2023-10-18,180.88999938964844,182.0200042724609,179.75,13920800,2517855028.027344,180.8699951171875
2023-10-19,181.0399932861328,183.42999267578125,180.82000732421875,13406600,2454614344.9035645,183.08999633789065
2023-10-20,183.42999267578125,185.22999572753903,183.08999633789065,12785700,2347326616.177368,183.58999633789065
2023-10-23,183.50999450683597,183.55999755859372,182.7100067138672,9479800,1734519017.5720215,182.97000122070312
2023-10-24,182.07000732421875,183.3999938964844,181.67999267578125,6594000,1206372279.876709,182.9499969482422
2023-10-25,183.4199981689453,184.3000030517578,182.0399932861328,10087000,1853183652.3132324,183.72000122070312
2023-10-26,183.3999938964844,184.4900054931641,182.8699951171875,7671400,1411614271.8597412,184.00999450683597
2023-10-27,183.75999450683597,186.3600006103516,183.47000122070312,14102800,2625236133.92334,186.1499938964844
2023-10-30,185.5399932861328,185.6999969482422,184.72999572753903,8756400,1620809693.4448242,185.1000061035156
2023-10-31,185.0800018310547,186.2100067138672,183.5,10104600,1860155776.9958496,184.08999633789065
2023-11-01,183.91000366210935,185.0,182.6699981689453,9048600,1660508536.2945557,183.50999450683597
2023-11-02,184.1300048828125,184.27999877929688,183.5,7343700,1352122008.1420898,184.1199951171875
2023-11-03,184.47999572753903,185.47000122070312,184.3500061035156,8530400,1576332558.728027,184.7899932861328
2023-11-06,184.13999938964844,184.22999572753903,183.33999633789065,8274700,1517166295.5047607,183.3500061035156
2023-11-07,182.25,182.6499938964844,181.75,6795800,1240845097.113037,182.58999633789065
2023-11-08,182.00999450683597,182.07000732421875,180.57000732421875,6738300,1218082519.7891235,180.7700042724609
2023-11-09,180.97999572753903,182.27999877929688,180.88999938964844,6486300,1177198622.63031,181.4900054931641
2023-11-10,180.50999450683597,180.58999633789065,179.25,7606600,1365460724.2156982,179.50999450683594
2023-11-13,179.39999389648438,180.72999572753903,179.11000061035156,5385900,972208779.4143676,180.50999450683597
2023-11-14,181.6999969482422,182.75,181.6199951171875,6831600,1244170958.642578,182.1199951171875
2023-11-15,182.02999877929688,182.17999267578125,181.30999755859372,4909400,891743413.00354,181.63999938964844
2023-11-16,182.8500061035156,184.32000732421875,182.8000030517578,8253300,1516048697.1496582,183.69000244140625
2023-11-17,183.9600067138672,184.1300048828125,183.4499969482422,4871100,894674928.0807495,183.6699981689453
2023-11-20,182.32000732421875,183.47999572753903,182.22999572753903,5389300,988235914.6850586,183.3699951171875
2023-11-21,185.57000732421875,186.1199951171875,185.07000732421875,7322400,1357206884.6923828,185.3500061035156
2023-11-22,185.47000122070312,185.72000122070312,184.2700042724609,4337700,800565901.4099121,184.55999755859372
2023-11-24,185.47000122070312,185.75,185.16000366210935,2445100,453614962.44659424,185.5200042724609
2023-11-27,186.55999755859372,186.8000030517578,185.92999267578125,6320400,1180461135.003662,186.7700042724609
2023-11-28,187.8999938964844,189.3999938964844,187.5200042724609,10901900,2063293534.1140747,189.25999450683597
2023-11-29,189.16000366210935,189.9900054931641,189.0200042724609,8407300,1593519585.5545044,189.5399932861328
2023-11-30,188.88999938964844,189.2400054931641,188.27999877929688,7558100,1426591375.0,188.75
2023-12-01,188.80999755859372,192.3999938964844,188.69000244140625,16727600,3211866384.112549,192.00999450683597
2023-12-04,189.6000061035156,190.3800048828125,187.25999450683597,18460500,3467989541.267395,187.8600006103516
2023-12-05,187.5500030517578,187.8800048828125,186.3000030517578,7027700,1315234012.1063232,187.1499938964844
2023-12-06,188.32000732421875,188.4600067138672,187.5,5778600,1085452202.8381348,187.83999633789065
2023-12-07,188.4499969482422,188.58999633789065,187.25999450683597,5802000,1091646264.5874023,188.1499938964844
2023-12-08,185.92999267578125,186.77999877929688,184.8999938964844,7883200,1463437243.1884766,185.63999938964844
2023-12-11,184.5,184.52999877929688,183.1499938964844,8519500,1564094973.8006592,183.58999633789065
2023-12-12,183.83999633789065,183.97999572753903,183.25999450683597,5056900,927890608.7783812,183.4900054931641
2023-12-13,183.82000732421875,187.66000366210935,183.3800048828125,10635500,1995538916.9311523,187.6300048828125
2023-12-14,188.8600006103516,189.82000732421875,188.0800018310547,9107200,1718801817.0898438,188.72999572753903
2023-12-15,188.5200042724609,188.9600067138672,186.82000732421875,8324800,1556737600.0,187.0
2023-12-18,187.5,188.4900054931641,187.2400054931641,5358000,1006500332.7026368,187.8500061035156
2023-12-19,188.22999572753903,189.72000122070312,188.1300048828125,6025600,1139621757.421875,189.1300048828125
2023-12-20,188.69000244140625,188.9600067138672,188.08999633789065,6002400,1129051476.6357422,188.1000061035156
2023-12-21,189.2100067138672,189.6199951171875,188.75,4620000,875166566.1621094,189.42999267578125
2023-12-22,191.6000061035156,191.8800048828125,190.07000732421875,7176300,1365434631.6604614,190.2700042724609
2023-12-26,190.97000122070312,191.7400054931641,190.3999938964844,4502700,863257649.49646,191.72000122070312
2023-12-27,191.7700042724609,193.17999267578125,191.5399932861328,5813300,1119583425.7110596,192.58999633789065
2023-12-28,192.33999633789065,192.88999938964844,191.44000244140625,6171500,1181657112.533569,191.47000122070312
2023-12-29,190.9900054931641,191.63999938964844,190.7400054931641,4612300,881733382.5546265,191.1699981689453
2024-01-02,191.44000244140625,191.88999938964844,190.5,6025600,1149202439.3554688,190.72000122070312
2024-01-03,188.7700042724609,189.8600006103516,188.16000366210935,8661600,1638168450.2929688,189.1300048828125
2024-01-04,189.0800018310547,189.75,188.69000244140625,4416700,836169676.348877,189.32000732421875
2024-01-05,189.67999267578125,191.25999450683597,189.0800018310547,7481900,1416697810.6658936,189.3500061035156
2024-01-08,187.2100067138672,188.7400054931641,187.1100006103516,6215000,1167612019.6533203,187.8699951171875
2024-01-09,188.67999267578125,188.77999877929688,187.72999572753903,4437300,833901756.5002441,187.92999267578125
2024-01-10,188.13999938964844,188.44000244140625,187.2100067138672,4504700,844631250.0,187.5
2024-01-11,188.0200042724609,188.5500030517578,186.55999755859372,6831100,1283358723.6450195,187.8699951171875
2024-01-12,190.6699981689453,191.0800018310547,189.16000366210935,6833700,1296421272.8805542,189.7100067138672
2024-01-16,189.1499938964844,189.25999450683597,187.5399932861328,6548100,1230453494.9798584,187.91000366210935
2024-01-17,187.30999755859372,187.4199981689453,185.4499969482422,8643200,1606252256.3476562,185.83999633789065
2024-01-18,186.3600006103516,187.3999938964844,186.3000030517578,4685200,877865901.1230469,187.3699951171875
2024-01-19,188.25999450683597,188.3000030517578,187.44000244140625,5719700,1074903179.107666,187.92999267578125
2024-01-22,187.22999572753903,187.75999450683597,186.8500061035156,4397500,823299955.368042,187.22000122070312
2024-01-23,187.4499969482422,188.1499938964844,187.27999877929688,5040800,947418344.6166992,187.9499969482422
2024-01-24,188.3300018310547,188.3699951171875,186.32000732421875,6085400,1134318522.857666,186.3999938964844
2024-01-25,187.33999633789065,187.63999938964844,186.4600067138672,4651000,870388137.1612549,187.13999938964844
2024-01-26,187.2700042724609,187.3800048828125,186.75999450683597,5064800,947168220.1782228,187.00999450683597
2024-01-29,188.30999755859372,188.5399932861328,187.19000244140625,5629700,1060241411.3082886,188.3300018310547
2024-01-30,189.6999969482422,189.8300018310547,187.97999572753903,4976500,938518116.7755128,188.58999633789065
2024-01-31,189.3699951171875,190.4600067138672,188.1300048828125,7886100,1486135520.9335327,188.4499969482422
2024-02-01,189.7100067138672,191.3600006103516,188.9900054931641,10278100,1957053058.6395264,190.41000366210935
2024-02-02,188.07000732421875,188.8699951171875,187.8500061035156,7337600,1383944740.4785156,188.6100006103516
2024-02-05,186.8800048828125,187.82000732421875,186.6999969482422,5436100,1019649316.8151855,187.57000732421875
2024-02-06,187.94000244140625,188.8500061035156,187.7400054931641,4866100,917503169.8501588,188.5500030517578
2024-02-07,188.4499969482422,189.38999938964844,188.27999877929688,6276900,1183195650.0,188.5
2024-02-08,187.91000366210935,188.52999877929688,187.82000732421875,3873300,729458596.0922241,188.3300018310547
2024-02-09,187.55999755859372,187.7700042724609,187.13999938964844,4412600,827803786.932373,187.6000061035156
2024-02-12,186.6000061035156,187.2700042724609,186.3600006103516,4706300,880595795.8724976,187.1100006103516
2024-02-13,185.3500061035156,185.3800048828125,184.3300018310547,9525800,1757795862.3718262,184.52999877929688
2024-02-14,184.2700042724609,184.8800048828125,183.77999877929688,7031600,1296767659.124756,184.4199981689453
2024-02-15,185.6000061035156,186.0200042724609,185.1000061035156,6228900,1156457596.810913,185.66000366210935
2024-02-16,185.0800018310547,186.6699981689453,184.83999633789065,6518500,1214657266.12854,186.33999633789065
2024-02-20,187.9600067138672,188.02999877929688,187.3999938964844,5531200,1036934070.7519532,187.47000122070312
2024-02-21,187.8800048828125,188.0399932861328,187.1000061035156,5789200,1085359191.2658691,187.47999572753903
2024-02-22,187.55999755859372,187.63999938964844,187.0500030517578,4550800,853548036.8896484,187.55999755859372
2024-02-23,187.55999755859372,189.17999267578125,187.4600067138672,6827300,1287765292.6635742,188.6199951171875
2024-02-26,187.7899932861328,188.3600006103516,187.52999877929688,4491900,845375566.2918091,188.1999969482422
2024-02-27,188.5800018310547,188.72000122070312,187.8800048828125,5165400,971095200.0,188.0
2024-02-28,188.33999633789065,188.5200042724609,188.02999877929688,2824100,531890983.6578369,188.33999633789065
2024-02-29,189.63999938964844,189.9199981689453,189.22999572753903,6848600,1296508449.2797852,189.30999755859372
2024-03-01,190.2700042724609,193.3999938964844,189.44000244140625,13411000,2586847781.814575,192.88999938964844
2024-03-04,194.1499938964844,196.3300018310547,193.8800048828125,12216300,2394516895.89386,196.00999450683597
2024-03-05,197.44000244140625,198.13999938964844,196.6499938964844,9672200,1907261141.6137693,197.19000244140625
2024-03-06,198.0800018310547,199.3000030517578,197.44000244140625,10459300,2079413407.4646,198.80999755859372
2024-03-07,199.5399932861328,200.1100006103516,198.91000366210935,8403700,1680235798.5168457,199.94000244140625
2024-03-08,200.88999938964844,203.3000030517578,200.4499969482422,13540100,2730090429.113769,201.6300048828125
2024-03-11,201.7100067138672,202.41000366210935,201.4600067138672,7329600,1480579200.0,202.0
2024-03-12,200.4199981689453,200.6300048828125,199.16000366210935,9436600,1885338250.643921,199.7899932861328
2024-03-13,200.44000244140625,201.8600006103516,200.3500061035156,5930000,1193056714.477539,201.19000244140625
2024-03-14,200.3699951171875,200.47000122070312,199.33999633789065,6865000,1375402791.9006348,200.3500061035156
2024-03-15,199.94000244140625,200.6300048828125,199.57000732421875,4556700,910018587.5930786,199.7100067138672
2024-03-18,199.66000366210935,200.1499938964844,199.50999450683597,7206800,1441576195.2026367,200.02999877929688
2024-03-19,199.6199951171875,199.80999755859372,198.94000244140625,4657500,930568514.213562,199.8000030517578
2024-03-20,199.16000366210935,202.66000366210935,199.1199951171875,9593800,1939674413.7329104,202.17999267578125
2024-03-21,203.8800048828125,203.9199981689453,200.6000061035156,7396500,1493871114.028931,201.97000122070312
2024-03-22,201.32000732421875,201.8600006103516,199.72000122070312,6918500,1386121517.2271729,200.3500061035156
2024-03-25,201.19000244140625,201.9499969482422,200.97000122070312,4034800,810954474.1638184,200.9900054931641
2024-03-26,202.6499938964844,202.75999450683597,201.07000732421875,5752700,1159974424.4888306,201.63999938964844
2024-03-27,202.32000732421875,203.22000122070312,202.32000732421875,6041000,1226927136.871338,203.1000061035156
2024-03-28,204.5399932861328,206.0500030517578,203.8699951171875,9194500,1891492551.223755,205.72000122070312
2024-04-01,208.67999267578125,208.72999572753903,206.2899932861328,13677100,2842375022.1740723,207.82000732421875
2024-04-02,209.07000732421875,211.02999877929688,208.3600006103516,13421100,2830375770.80841,210.88999938964844
2024-04-03,210.57000732421875,212.8300018310547,210.3000030517578,11416200,2428682450.71106,212.7400054931641
2024-04-04,212.0,213.4499969482422,211.0200042724609,12307300,2603240148.5824585,211.5200042724609
2024-04-05,212.4900054931641,215.7400054931641,212.22000122070312,13382700,2879154069.831848,215.13999938964844
2024-04-08,215.97999572753903,216.80999755859372,214.6100006103516,10331400,2236541427.859497,216.47999572753903
2024-04-09,217.80999755859372,218.8600006103516,216.4499969482422,13069900,2844925109.0682983,217.6699981689453
2024-04-10,215.3699951171875,217.77999877929688,214.67999267578125,13317500,2871386183.128357,215.6100006103516
2024-04-11,216.8500061035156,219.83999633789065,215.88999938964844,11415200,2509060994.836426,219.8000030517578
2024-04-12,221.8699951171875,225.08999633789065,216.0200042724609,30898800,6701640713.140869,216.88999938964844
2024-04-15,217.94000244140625,221.02999877929688,215.16000366210935,13239000,2925157009.5977783,220.9499969482422
2024-04-16,220.17999267578125,221.9900054931641,218.77999877929688,10746100,2377252255.117798,221.22000122070312
2024-04-17,221.0500030517578,221.75999450683597,218.5200042724609,11521100,2529918306.808472,219.58999633789065
2024-04-18,221.30999755859372,221.4600067138672,219.30999755859372,6496900,1431526922.2076416,220.33999633789065
2024-04-19,220.4900054931641,222.3600006103516,220.0800018310547,8689000,1920529659.3933103,221.02999877929688
2024-04-22,216.3500061035156,216.9600067138672,215.13999938964844,13404300,2889565049.1760254,215.57000732421875
2024-04-23,213.9600067138672,215.8600006103516,213.8699951171875,10730300,2307443639.958191,215.0399932861328
2024-04-24,214.75999450683597,216.3500061035156,214.3600006103516,5741100,1232269700.4959106,214.63999938964844
2024-04-25,214.47000122070312,217.0500030517578,214.33999633789065,6606500,1426475467.9031372,215.9199981689453
2024-04-26,216.7700042724609,217.07000732421875,215.52999877929688,6268500,1357882439.3920898,216.6199951171875
2024-04-29,216.0200042724609,217.22000122070312,215.25,6409900,1385692135.0524902,216.17999267578125
2024-04-30,213.3800048828125,214.1300048828125,211.8000030517578,11248600,2383240827.075196,211.8699951171875
2024-05-01,212.9600067138672,215.5,212.41000366210935,10373900,2217836011.351013,213.7899932861328
2024-05-02,211.8999938964844,213.7100067138672,211.4900054931641,6287000,1339948340.6982422,213.1300048828125
2024-05-03,212.88999938964844,213.22999572753903,210.7100067138672,8679900,1848471562.275696,212.9600067138672
2024-05-06,215.13999938964844,215.91000366210935,214.47000122070312,6840500,1472075579.1244507,215.1999969482422
2024-05-07,214.5200042724609,214.92999267578125,213.8800048828125,5660700,1212578585.005188,214.2100067138672
2024-05-08,213.6199951171875,214.8000030517578,213.5,4462700,953143474.1714478,213.5800018310547
2024-05-09,214.47999572753903,216.9499969482422,214.44000244140625,7732500,1677565851.4022827,216.9499969482422
2024-05-10,219.22000122070312,219.6000061035156,218.0800018310547,8700900,1902973897.416687,218.7100067138672
2024-05-13,217.05999755859372,217.30999755859372,215.8000030517578,4896300,1058873811.1038208,216.25999450683597
2024-05-14,217.30999755859372,218.3800048828125,216.97999572753903,4662700,1016888225.9246826,218.08999633789065
2024-05-15,219.05999755859372,221.19000244140625,217.6499938964844,9297700,2053768947.3251345,220.88999938964844
2024-05-16,220.13999938964844,220.58999633789065,219.41000366210935,4301700,946503045.7489014,220.02999877929688
2024-05-17,222.17999267578125,223.8500061035156,221.6699981689453,10481900,2344381792.3858643,223.66000366210935
2024-05-20,223.7899932861328,225.66000366210935,223.0200042724609,5990900,1345316489.3737793,224.55999755859372
2024-05-21,224.7700042724609,225.2100067138672,223.6999969482422,4002600,897502980.8990479,224.22999572753903
2024-05-22,223.08999633789065,223.2400054931641,219.7400054931641,8903100,1959661346.434021,220.1100006103516
2024-05-23,218.77999877929688,219.22999572753903,215.66000366210935,9537900,2057515799.6429443,215.72000122070312
2024-05-24,216.9600067138672,217.2100067138672,215.7400054931641,4212400,909541400.2868652,215.9199981689453
2024-05-28,218.42999267578125,218.58999633789065,217.2100067138672,3809700,831238452.3010254,218.19000244140625
2024-05-29,216.9199981689453,217.16000366210935,216.1199951171875,4185000,904629615.3259276,216.16000366210935
2024-05-30,216.69000244140625,217.50999450683597,216.41000366210935,3068800,664610038.4765625,216.57000732421875
2024-05-31,217.7700042724609,217.9600067138672,214.6499938964844,5617200,1209383177.142334,215.3000030517578
2024-06-03,215.9199981689453,217.82000732421875,215.5399932861328,6172600,1340812179.534912,217.22000122070312
2024-06-04,216.2400054931641,216.2400054931641,214.1999969482422,5509400,1186008561.5386963,215.2700042724609
2024-06-05,216.69000244140625,218.0800018310547,215.92999267578125,5479200,1193479384.1308594,217.82000732421875
2024-06-06,218.3600006103516,219.97000122070312,218.1000061035156,5283900,1159446138.2995603,219.42999267578125
2024-06-07,215.07000732421875,215.19000244140625,211.5399932861328,12195100,2580483234.4329834,211.6000061035156
2024-06-10,213.1300048828125,214.0200042724609,212.75999450683597,4215300,900135133.6990356,213.5399932861328
2024-06-11,213.9499969482422,214.3800048828125,213.2400054931641,4004100,857477990.5609131,214.1499938964844
2024-06-12,216.47000122070312,216.5500030517578,214.1999969482422,5911900,1269403175.2166748,214.72000122070312
2024-06-13,214.44000244140625,214.9600067138672,212.25999450683597,5861100,1248238474.154663,212.97000122070312
2024-06-14,215.33999633789065,216.0399932861328,214.97999572753903,7076500,1526613314.7659302,215.72999572753903
2024-06-17,214.8999938964844,215.2400054931641,213.6000061035156,3877700,832193199.3667603,214.6100006103516
2024-06-18,214.3800048828125,215.8300018310547,214.0399932861328,4921400,1060414064.0075684,215.47000122070312
2024-06-20,216.32000732421875,218.7400054931641,216.1499938964844,7290500,1590495506.6986084,218.16000366210935
2024-06-21,217.8300018310547,217.8999938964844,214.25999450683597,8865600,1904153557.1777344,214.77999877929688
2024-06-24,215.5500030517578,215.94000244140625,215.1999969482422,4626900,997698469.5922852,215.6300048828125
2024-06-25,214.9600067138672,215.30999755859372,214.1199951171875,3820900,819812294.6716309,214.55999755859372
2024-06-26,212.38999938964844,213.1100006103516,212.1199951171875,4690300,997063982.5881958,212.5800018310547
2024-06-27,214.7100067138672,215.5,214.4499969482422,4977800,1070177249.343872,214.9900054931641
2024-06-28,215.63999938964844,215.80999755859372,214.82000732421875,3955100,850386029.2739868,215.00999450683597
2024-07-01,215.25,216.0,214.4900054931641,3797900,818713330.8166504,215.57000732421875
2024-07-02,215.3300018310547,216.0800018310547,214.6199951171875,4921700,1060921639.9841309,215.55999755859372
2024-07-03,217.33999633789065,218.7400054931641,217.3300018310547,5055300,1102004874.7695923,217.9900054931641
2024-07-05,219.5800018310547,221.27999877929688,219.5800018310547,5950600,1314666014.416504,220.92999267578125
2024-07-08,219.63999938964844,220.0399932861328,217.41000366210935,5790800,1263494666.1376953,218.19000244140625
2024-07-09,218.57000732421875,219.2899932861328,217.2700042724609,3901500,852711830.4748535,218.55999755859372
2024-07-10,220.13999938964844,220.7100067138672,219.16000366210935,5556200,1218808035.3912354,219.3600006103516
2024-07-11,222.6499938964844,224.1499938964844,221.47999572753903,9322000,2081136500.0,223.25
2024-07-12,222.02999877929688,223.6199951171875,221.8600006103516,5179300,1155553626.1611938,223.1100006103516
2024-07-15,223.38999938964844,225.58999633789065,223.0200042724609,5719300,1280150929.472351,223.8300018310547
2024-07-16,225.4499969482422,228.2899932861328,225.3000030517578,11070700,2527330028.6727905,228.2899932861328
2024-07-17,228.7899932861328,229.6499938964844,226.6699981689453,8620500,1958836178.1692505,227.22999572753903
2024-07-18,227.7100067138672,228.32000732421875,225.57000732421875,5485500,1238516183.303833,225.77999877929688
2024-07-19,221.5200042724609,222.67999267578125,221.41000366210935,8666000,1921512142.9748533,221.72999572753903
2024-07-22,221.5800018310547,221.9199981689453,220.3999938964844,5334100,1183103396.278381,221.8000030517578
2024-07-23,222.33999633789065,222.75,221.8600006103516,4435700,987298114.1220092,222.5800018310547
2024-07-24,223.47000122070312,224.8800048828125,221.7400054931641,6838800,1516845860.870361,221.8000030517578
2024-07-25,219.0200042724609,219.25999450683597,217.5200042724609,9777100,2134634260.9024048,218.3300018310547
2024-07-26,219.9600067138672,221.0399932861328,219.6999969482422,6328800,1396323174.9023438,220.6300048828125
2024-07-29,221.25999450683597,221.5500030517578,219.0500030517578,4665100,1027814866.1682128,220.32000732421875
2024-07-30,221.41000366210935,222.9199981689453,220.3600006103516,4939500,1099137561.1038208,222.5200042724609
2024-07-31,223.72999572753903,226.6000061035156,223.63999938964844,7316600,1657575752.3284912,226.5500030517578
2024-08-01,226.7400054931641,227.57000732421875,225.0500030517578,7217200,1629427274.835205,225.7700042724609
2024-08-02,227.9499969482422,228.75999450683597,222.8699951171875,11109400,2503392155.316162,225.33999633789065
2024-08-05,220.55999755859372,223.1000061035156,220.2400054931641,8939000,1988748681.808472,222.47999572753903
2024-08-06,221.5,222.13999938964844,220.1100006103516,14362300,3169759566.169739,220.6999969482422
2024-08-07,221.94000244140625,222.30999755859372,220.3500061035156,5287800,1166224306.137085,220.5500030517578
2024-08-08,222.72999572753903,224.25,222.5200042724609,6327100,1417333636.2442017,224.00999450683597
2024-08-09,224.82000732421875,225.27999877929688,223.82000732421875,4441000,997270949.1577148,224.55999755859372
2024-08-12,226.13999938964844,228.5399932861328,225.97000122070312,5561300,1270256553.3660889,228.41000366210935
2024-08-13,228.07000732421875,228.8699951171875,227.58999633789065,6740200,1537169995.5444336,228.05999755859372
2024-08-14,226.5500030517578,227.47999572753903,225.3500061035156,5462500,1235617483.329773,226.1999969482422
2024-08-15,226.50999450683597,227.5,225.1199951171875,5273300,1196564522.3114014,226.91000366210935
2024-08-16,229.9900054931641,232.0200042724609,229.00999450683597,11924500,2766364820.503235,231.9900054931641
2024-08-19,230.1499938964844,231.77999877929688,229.7400054931641,5164800,1196219331.1523438,231.6100006103516
2024-08-20,233.7100067138672,234.00999450683597,231.1300048828125,9073600,2109249116.9189453,232.4600067138672
2024-08-21,231.69000244140625,232.8699951171875,230.47999572753903,5337400,1239077377.4230957,232.1499938964844
2024-08-22,230.3500061035156,230.3800048828125,228.25999450683597,5765400,1322409769.8486328,229.3699951171875
2024-08-23,231.0399932861328,232.72999572753903,230.5200042724609,5418200,1257130787.149048,232.0200042724609
2024-08-26,233.4499969482422,233.5,232.05999755859372,3151400,733519846.6888428,232.75999450683597
2024-08-27,231.69000244140625,233.47000122070312,231.57000732421875,4435600,1035224681.2927246,233.38999938964844
2024-08-28,232.0,232.0200042724609,230.72999572753903,4961500,1149827625.0,231.75
2024-08-29,231.9499969482422,233.6100006103516,231.9199981689453,5524200,1286862373.1414795,232.9499969482422
2024-08-30,232.52999877929688,232.8600006103516,230.5500030517578,5743000,1328298431.4422607,231.2899932861328
2024-09-03,230.3800048828125,230.5399932861328,228.5200042724609,6417900,1477978147.9110718,230.2899932861328
2024-09-04,229.7899932861328,231.05999755859372,229.3800048828125,4696000,1082099245.6054688,230.42999267578125
2024-09-05,232.72000122070312,232.88999938964844,231.3300018310547,4838100,1124132564.529419,232.3500061035156
2024-09-06,231.8300018310547,232.75999450683597,229.6199951171875,6315800,1456612984.8388672,230.6300048828125
2024-09-09,231.25999450683597,231.6199951171875,230.38999938964844,3548800,821902101.6601562,231.6000061035156
2024-09-10,232.38999938964844,232.7400054931641,231.1199951171875,4378300,1018480124.621582,232.6199951171875
2024-09-11,231.72000122070312,232.8699951171875,231.08999633789065,4637300,1077012925.0,232.25
2024-09-12,234.6300048828125,236.4499969482422,234.4199981689453,9930200,2346804184.1827397,236.3300018310547
2024-09-13,238.1300048828125,238.97999572753903,237.75999450683597,7455100,1779383213.3972168,238.67999267578125
2024-09-16,238.72999572753903,239.27999877929688,238.0500030517578,4713500,1124923927.2613523,238.66000366210935
2024-09-17,238.0800018310547,238.6000061035156,236.6100006103516,5257100,1247720094.7479248,237.33999633789065
2024-09-18,238.19000244140625,240.2899932861328,235.3000030517578,11081100,2609709800.1297,235.50999450683597
2024-09-19,238.2400054931641,239.5200042724609,237.38999938964844,6108200,1460898182.8155518,239.1699981689453
2024-09-20,241.1100006103516,242.6300048828125,240.47000122070312,7737400,1874075705.947876,242.2100067138672
2024-09-23,242.97000122070312,243.4600067138672,242.58999633789065,5426200,1316830176.2573242,242.67999267578125
2024-09-24,243.38999938964844,246.19000244140625,243.1499938964844,8386300,2063616902.423096,246.07000732421875
2024-09-25,246.19000244140625,246.47000122070312,244.7899932861328,7393400,1816780150.4119875,245.72999572753903
2024-09-26,246.44000244140625,247.3699951171875,245.19000244140625,7041100,1739010847.9171753,246.97999572753903
2024-09-27,246.30999755859372,246.75,244.19000244140625,8329600,2040918627.5878904,245.0200042724609
2024-09-30,243.97000122070312,244.0800018310547,242.5,6916700,1681173085.1135254,243.05999755859372
2024-10-01,245.1999969482422,246.97999572753903,245.05999755859372,10605500,2604816861.4730835,245.6100006103516
2024-10-02,245.6100006103516,246.07000732421875,243.9900054931641,6798800,1670193232.8979492,245.66000366210935
2024-10-03,244.72000122070312,245.91000366210935,243.69000244140625,5674500,1393033036.1709597,245.4900054931641
2024-10-04,245.0,246.69000244140625,244.0500030517578,5947800,1457211000.0,245.0
2024-10-07,244.5800018310547,244.82000732421875,243.80999755859372,3849000,939810322.9522704,244.1699981689453
2024-10-08,243.7899932861328,244.0399932861328,240.6300048828125,7669800,1858929388.5498047,242.3699951171875
2024-10-09,241.16000366210935,241.83999633789065,240.63999938964844,4120500,993246537.574768,241.0500030517578
2024-10-10,241.7700042724609,243.0200042724609,241.50999450683597,4792700,1163763449.1027832,242.82000732421875
2024-10-11,244.5,245.9199981689453,244.47000122070312,5789500,1421148572.0672607,245.47000122070312
2024-10-14,245.16000366210935,245.8600006103516,244.25999450683597,3922900,961385131.7321776,245.07000732421875
2024-10-15,244.9900054931641,246.5500030517578,244.52999877929688,5640800,1387185525.6713867,245.9199981689453
2024-10-16,247.6199951171875,248.08999633789065,246.3600006103516,5431900,1342494051.8463137,247.1499938964844
2024-10-17,247.75,249.05999755859372,247.6199951171875,5176200,1286958631.274414,248.6300048828125
2024-10-18,250.0,251.3699951171875,249.8999938964844,7833600,1968348705.46875,251.2700042724609
2024-10-21,252.7400054931641,253.13999938964844,250.72999572753903,9258600,2325945503.302002,251.22000122070312
2024-10-22,253.05999755859372,253.94000244140625,252.5200042724609,5756300,1461697216.8395996,253.92999267578125
2024-10-23,253.0800018310547,253.17999267578125,250.1999969482422,8081000,2027280430.541992,250.8699951171875
2024-10-24,253.2700042724609,253.32000732421875,251.3999938964844,5962200,1507244178.1951904,252.8000030517578
2024-10-25,252.0,253.5500030517578,251.7700042724609,4424500,1120814372.406006,253.32000732421875
2024-10-28,253.00999450683597,253.6300048828125,252.9499969482422,4029100,1020691910.3775024,253.3300018310547
2024-10-29,254.4900054931641,256.2900085449219,254.22999572753903,8875500,2272926762.496948,256.0899963378906
2024-10-30,256.760009765625,257.7099914550781,255.91000366210935,6386200,1644446500.0,257.5
2024-10-31,255.5200042724609,255.6000061035156,252.1999969482422,9930800,2517557053.4484863,253.50999450683597
2024-11-01,254.3300018310547,254.8600006103516,252.44000244140625,6473000,1634238317.901611,252.47000122070312
2024-11-04,253.32000732421875,253.5800018310547,252.2700042724609,4581400,1158315370.388794,252.8300018310547
2024-11-05,253.77999877929688,253.9900054931641,252.41000366210935,6029900,1527976623.1964111,253.3999938964844
2024-11-06,245.63999938964844,247.3500061035156,244.9499969482422,14600200,3587269095.4437256,245.6999969482422
2024-11-07,248.2899932861328,250.2400054931641,248.1199951171875,8821400,2202262456.1584477,249.6499938964844
2024-11-08,249.07000732421875,249.3500061035156,247.77999877929688,6267900,1554188526.081848,247.9600067138672
2024-11-11,242.72999572753903,242.72999572753903,241.05999755859372,11653800,2821851124.887085,242.13999938964844
2024-11-12,241.2899932861328,241.66000366210935,239.38999938964844,10145500,2435427305.961609,240.0500030517578
2024-11-13,241.30999755859372,241.47000122070312,237.58999633789065,8431700,2003624912.1704104,237.6300048828125
2024-11-14,236.57000732421875,237.9900054931641,236.1300048828125,8262400,1958271378.6132808,237.00999450683597
2024-11-15,237.57000732421875,237.8800048828125,236.3300018310547,7299500,1726988678.2684326,236.58999633789065
2024-11-18,240.4600067138672,241.5,240.4499969482422,6323400,1524508482.8430176,241.08999633789065
2024-11-19,242.75,243.30999755859372,242.02999877929688,6579100,1600366075.0,243.25
2024-11-20,243.7400054931641,245.2100067138672,243.50999450683597,6630700,1622001801.6235352,244.6199951171875
2024-11-21,246.22999572753903,246.80999755859372,245.69000244140625,7646400,1886061052.001953,246.66000366210935
2024-11-22,248.1999969482422,250.38999938964844,247.8600006103516,7503000,1874549492.5231931,249.83999633789065
2024-11-25,244.2700042724609,244.3999938964844,241.47999572753903,10733100,2602562042.143249,242.47999572753903
2024-11-26,242.7100067138672,243.08999633789065,241.5800018310547,4945900,1201606389.906311,242.9499969482422
2024-11-27,244.8500061035156,245.17999267578125,243.1999969482422,6930600,1687531832.0709229,243.4900054931641
2024-11-29,245.25,245.80999755859372,244.72999572753903,2708500,665180505.0811768,245.58999633789065
2024-12-02,244.4600067138672,244.5800018310547,243.13999938964844,4765000,1159991611.6333008,243.44000244140625
2024-12-03,244.9600067138672,245.17999267578125,243.3000030517578,3557800,867854127.9418945,243.92999267578125
2024-12-04,244.92999267578125,245.33999633789065,244.3699951171875,4608600,1127586153.5614014,244.6699981689453
2024-12-05,244.16000366210935,244.3800048828125,242.1499938964844,4806200,1167233734.9334717,242.8600006103516
2024-12-06,242.7899932861328,243.8600006103516,242.44000244140625,3540700,860213054.1946411,242.9499969482422
2024-12-09,246.27999877929688,247.1100006103516,245.25999450683597,4711500,1156013642.8756714,245.3600006103516
2024-12-10,247.8600006103516,248.8600006103516,247.8300018310547,4642000,1153954763.0004883,248.58999633789065
2024-12-11,249.3500061035156,251.25999450683597,248.97000122070312,11033800,2769042522.079468,250.9600067138672
2024-12-12,247.80999755859372,248.2400054931641,246.8699951171875,10149600,2509793075.610352,247.27999877929688
2024-12-13,245.6699981689453,245.94000244140625,244.2700042724609,6602600,1612949109.6710205,244.2899932861328
2024-12-16,245.41000366210935,245.5399932861328,244.2899932861328,3310000,810552816.1621094,244.8800048828125
2024-12-17,243.8000030517578,244.5500030517578,243.22999572753903,4421300,1078531932.7941897,243.94000244140625
2024-12-18,243.57000732421875,243.7100067138672,238.82000732421875,8015800,1917860263.9678955,239.25999450683597
2024-12-19,239.6699981689453,240.0500030517578,238.72999572753903,8111400,1943491489.5080569,239.6000061035156
2024-12-20,241.41000366210935,242.9600067138672,241.1699981689453,9527800,2306680438.153076,242.1000061035156
2024-12-23,241.6000061035156,241.6699981689453,240.6499938964844,5835500,1406122119.178772,240.9600067138672
2024-12-24,241.4900054931641,241.66000366210935,240.82000732421875,2421000,584526245.9106445,241.44000244140625
2024-12-26,242.38999938964844,243.55999755859372,242.1999969482422,4645100,1129084491.0217285,243.07000732421875
2024-12-27,241.1999969482422,241.9499969482422,241.0500030517578,4728100,1141363311.1419678,241.3999938964844
2024-12-30,241.0800018310547,241.0800018310547,239.5800018310547,3522500,847619192.199707,240.6300048828125
2024-12-31,241.0500030517578,242.5200042724609,241.0500030517578,2522100,610676085.3149414,242.1300048828125
2025-01-02,244.22000122070312,245.52999877929688,244.0800018310547,6241900,1531887086.5707395,245.4199981689453
2025-01-03,244.55999755859372,244.82000732421875,243.3600006103516,4872100,1186307655.7632446,243.4900054931641
2025-01-06,242.3300018310547,243.7899932861328,242.0500030517578,3758900,914126900.177002,243.19000244140625
2025-01-07,245.5200042724609,245.7700042724609,243.80999755859372,5090300,1244883755.5725098,244.55999755859372
2025-01-08,245.72000122070312,246.4499969482422,244.50999450683597,6303300,1549729341.847229,245.8600006103516
2025-01-10,248.00999450683597,249.0399932861328,247.5500030517578,12380100,3072864704.118347,248.2100067138672
2025-01-13,246.33999633789065,246.7899932861328,245.1499938964844,8448600,2076159010.409546,245.7400054931641
2025-01-14,245.6199951171875,247.0399932861328,245.5200042724609,4914800,1214103038.0004883,247.02999877929688
2025-01-15,248.2100067138672,248.8999938964844,247.00999450683597,6345000,1579143630.9814453,248.8800048828125
2025-01-16,250.55999755859372,251.38999938964844,250.2700042724609,9236000,2314541656.3720703,250.6000061035156
2025-01-17,249.6999969482422,250.80999755859372,249.1499938964844,8312900,2072156618.5165403,249.2700042724609
2025-01-21,251.9499969482422,253.3600006103516,251.8300018310547,7668100,1941026190.4418943,253.1300048828125
2025-01-22,254.2899932861328,254.67999267578125,253.77999877929688,5213800,1326547095.8129883,254.42999267578125
2025-01-23,253.19000244140625,254.5399932861328,252.82000732421875,6511500,1654376852.6916504,254.07000732421875
2025-01-24,255.9600067138672,257.07000732421875,255.6100006103516,7341300,1876803300.1922607,255.6499938964844
2025-01-27,253.8600006103516,254.25999450683597,251.9199981689453,5799800,1467291433.859253,252.9900054931641
2025-01-28,254.22999572753903,255.25,253.88999938964844,5332000,1360619720.9472656,255.17999267578125
2025-01-29,254.5500030517578,254.82000732421875,253.3000030517578,5671800,1441771542.69104,254.1999969482422
2025-01-30,257.20001220703125,258.2900085449219,256.45001220703125,12981200,3349798501.538086,258.04998779296875
2025-01-31,259.0799865722656,259.989990234375,257.8599853515625,8961100,2316981994.1223145,258.5599975585937
2025-02-03,259.75,261.3900146484375,259.5199890136719,11521100,2994794762.127685,259.94000244140625
2025-02-04,261.8299865722656,262.5400085449219,261.3500061035156,9850400,2585730000.0,262.5
2025-02-05,264.45001220703125,265.989990234375,263.8900146484375,12681100,3349459004.9194336,264.1300048828125
2025-02-06,263.6600036621094,263.7200012207031,261.489990234375,8731400,2300112638.0493164,263.42999267578125
2025-02-07,265.2200012207031,266.3500061035156,263.260009765625,9154000,2415740544.128418,263.8999938964844
2025-02-10,268.0,268.6600036621094,267.239990234375,13250300,3555982946.301269,268.3699951171875
2025-02-11,267.70001220703125,268.3599853515625,266.7099914550781,7169500,1917052710.021973,267.3900146484375
2025-02-12,267.1499938964844,268.42999267578125,266.3500061035156,9328600,2496986487.261963,267.6700134277344
2025-02-13,268.3999938964844,270.3900146484375,268.2200012207031,8347500,2256412704.6203613,270.3099975585937
2025-02-14,270.07000732421875,270.2099914550781,265.45001220703125,11546700,3074770841.6656494,266.2900085449219
2025-02-18,269.67999267578125,271.010009765625,269.6000061035156,8185900,2215923229.925537,270.70001220703125
2025-02-19,270.67999267578125,271.3299865722656,269.239990234375,9342500,2530416182.0220947,270.8500061035156
2025-02-20,270.2300109863281,271.8399963378906,270.1700134277344,7356900,1993646259.1552732,270.989990234375
2025-02-21,270.79998779296875,271.510009765625,269.510009765625,8917400,2414296788.916016,270.739990234375
2025-02-24,271.45001220703125,272.32000732421875,270.3800048828125,5374400,1462965378.076172,272.2099914550781
2025-02-25,271.4599914550781,271.67999267578125,266.45001220703125,10079800,2707635826.7822266,268.6199951171875
2025-02-26,267.0799865722656,269.0799865722656,266.6600036621094,7276000,1957462271.118164,269.0299987792969
2025-02-27,266.489990234375,266.6700134277344,264.45001220703125,9374600,2483612709.338379,264.92999267578125
2025-02-28,262.5599975585937,263.3999938964844,261.25,11504500,3028789588.607788,263.2699890136719
2025-03-03,265.07000732421875,266.8800048828125,265.07000732421875,7725600,2060726468.5546875,266.739990234375
2025-03-04,269.010009765625,269.3999938964844,267.5199890136719,8481300,2281978557.293701,269.0599975585937
2025-03-05,267.9700012207031,270.260009765625,267.9599914550781,6990400,1884751613.8671875,269.6199951171875
2025-03-06,268.25,269.510009765625,268.1600036621094,6136400,1646089300.0,268.25
2025-03-07,269.0899963378906,270.3399963378906,267.6400146484375,10431200,2799629920.800781,268.3900146484375
2025-03-10,267.6199951171875,268.44000244140625,265.6400146484375,7593900,2020281220.8892825,266.0400085449219
2025-03-11,268.4700012207031,269.7300109863281,268.44000244140625,8436600,2270795286.895752,269.1600036621094
2025-03-12,268.4700012207031,271.2300109863281,268.3599853515625,7236200,1956161848.8342285,270.3299865722656
2025-03-13,271.57000732421875,275.3500061035156,271.54998779296875,13741500,3780698962.097168,275.1300048828125
2025-03-14,276.2699890136719,276.29998779296875,274.6600036621094,13365000,3678582469.482422,275.239990234375
2025-03-17,275.5400085449219,276.7900085449219,275.3900146484375,8583400,2375284376.300049,276.7300109863281
2025-03-18,279.8999938964844,280.2099914550781,278.9700012207031,9596500,2686636057.998657,279.9599914550781
2025-03-19,279.8500061035156,281.4800109863281,279.0599975585937,8822200,2480008512.7685547,281.1099853515625
2025-03-20,279.489990234375,280.8999938964844,279.42999267578125,5863300,1646121475.0,280.75
2025-03-21,279.4599914550781,279.4599914550781,276.5899963378906,9359300,2606471365.600586,278.489990234375
2025-03-24,278.9100036621094,279.0899963378906,276.8599853515625,7870100,2181985225.0,277.25
2025-03-25,278.7799987792969,279.9599914550781,278.2699890136719,5090200,1417468000.213623,278.4700012207031
2025-03-26,278.92999267578125,279.0199890136719,277.7799987792969,3717500,1034357163.6962892,278.239990234375
2025-03-27,280.54998779296875,282.07000732421875,279.5899963378906,8476300,2390062321.347046,281.9700012207031
2025-03-28,283.82000732421875,284.6400146484375,282.8599853515625,9563700,2716664598.651123,284.0599975585937
2025-03-31,287.5299987792969,288.3900146484375,285.8500061035156,13925100,4012378517.980957,288.1400146484375
2025-04-01,288.5400085449219,289.1300048828125,285.9100036621094,15923600,4579149768.62793,287.57000732421875
2025-04-02,288.2799987792969,289.0299987792969,287.3599853515625,11074800,3191314408.557129,288.1600036621094
2025-04-03,282.7799987792969,289.0899963378906,282.45001220703125,20524400,5878598923.596191,286.4200134277344
2025-04-04,283.6400146484375,284.0299987792969,278.0199890136719,21517200,6018791210.266113,279.7200012207031
2025-04-07,278.8599853515625,280.1400146484375,272.5799865722656,19807000,5421373800.750732,273.7099914550781
2025-04-08,277.8699951171875,278.32000732421875,274.239990234375,12639500,3478390554.2907715,275.20001220703125
2025-04-09,282.2200012207031,285.8699951171875,281.0400085449219,25342200,7232157159.741211,285.3800048828125
2025-04-10,288.8099975585937,292.8599853515625,287.2300109863281,19837800,5799580951.080322,292.3500061035156
2025-04-11,297.9599914550781,299.2699890136719,296.8099975585937,21080100,6280394038.604736,297.92999267578125
2025-04-14,295.5400085449219,296.5799865722656,294.5299987792969,12427600,3681428084.5336914,296.2300109863281
2025-04-15,296.92999267578125,298.0199890136719,296.0899963378906,7924100,2359638488.3270264,297.7799987792969
2025-04-16,304.6499938964844,308.0599975585937,303.79998779296875,20778100,6388642432.363892,307.4700012207031
2025-04-17,306.3099975585937,307.1300048828125,302.7300109863281,18287800,5598261246.704102,306.1199951171875
2025-04-21,315.0199890136719,316.4100036621094,313.95001220703125,20372300,6429294082.394409,315.5899963378906
2025-04-22,317.489990234375,317.6300048828125,310.3599853515625,35242300,10964231436.755371,311.1099853515625
2025-04-23,304.17999267578125,304.739990234375,300.5899963378906,25421500,7719238319.839478,303.6499938964844
2025-04-24,306.9800109863281,308.5,304.7099914550781,10845000,3341019229.4311523,308.07000732421875
2025-04-25,301.7799987792969,305.3699951171875,301.010009765625,10691600,3258051385.461426,304.7300109863281
2025-04-28,304.1499938964844,309.1099853515625,302.9700012207031,9375500,2897685853.668213,309.07000732421875
2025-04-29,305.8099975585937,306.95001220703125,304.0,6852100,2097153709.27124,306.0599975585937
2025-04-30,304.6099853515625,306.07000732421875,303.44000244140625,8331900,2530981171.4630127,303.7699890136719
2025-05-01,297.4100036621094,297.94000244140625,295.32000732421875,14969100,4452708358.09021,297.4599914550781
2025-05-02,300.1700134277344,300.8500061035156,297.0299987792969,8678400,2585989727.34375,297.9800109863281
2025-05-05,305.9200134277344,307.6499938964844,304.67999267578125,8924000,2738597163.5742188,306.8800048828125
2025-05-06,313.1199951171875,315.6199951171875,311.3999938964844,11445300,3610763369.741821,315.4800109863281
2025-05-07,312.1000061035156,313.260009765625,310.0799865722656,7888300,2451289225.0,310.75
2025-05-08,309.760009765625,310.4800109863281,303.04998779296875,11927600,3633504846.2402334,304.6300048828125
2025-05-09,307.7900085449219,308.57000732421875,306.010009765625,6913100,2121215578.683472,306.8399963378906
2025-05-12,298.3299865722656,299.4700012207031,296.82000732421875,14375900,4286749656.097412,298.19000244140625
2025-05-13,299.0199890136719,300.29998779296875,297.239990234375,10233600,3064553768.5546875,299.4599914550781
2025-05-14,293.6700134277344,294.79998779296875,291.9599914550781,14800600,4338943950.201416,293.1600036621094
2025-05-15,294.1000061035156,297.8999938964844,293.75,13497700,4020154918.569946,297.8399963378906
2025-05-16,292.6199951171875,294.5799865722656,291.7799987792969,14173000,4170263381.591797,294.239990234375
2025-05-19,297.8500061035156,298.5799865722656,296.4800109863281,11656300,3473927074.771118,298.0299987792969
2025-05-20,298.3500061035156,303.67999267578125,298.29998779296875,12851000,3901306407.4401855,303.5799865722656
2025-05-21,304.54998779296875,306.4599914550781,303.6700134277344,12414500,3796602480.9265137,305.82000732421875
2025-05-22,305.0899963378906,305.2799987792969,302.1000061035156,9704200,2941439919.848633,303.1099853515625
2025-05-23,308.8599853515625,310.25,307.4700012207031,13339500,4131910125.0,309.75
2025-05-27,303.8099975585937,304.8800048828125,302.739990234375,9578500,2916653250.0,304.5
2025-05-28,304.6400146484375,304.989990234375,303.0599975585937,8803300,2674530551.5075684,303.8099975585937
2025-05-29,305.739990234375,306.8900146484375,304.4599914550781,9487900,2899596980.01709,305.6099853515625
2025-05-30,303.6400146484375,304.0199890136719,301.5,9553300,2900381938.308716,303.6000061035156
2025-06-02,309.2099914550781,311.7200012207031,308.7200012207031,13593200,4236592826.525879,311.6700134277344
2025-06-03,309.5599975585937,309.5599975585937,307.1499938964844,9315100,2877527575.112915,308.9100036621094
2025-06-04,309.4100036621094,311.8800048828125,308.739990234375,7462500,2320091204.452514,310.8999938964844
2025-06-05,311.239990234375,312.20001220703125,307.6499938964844,10817800,3346269928.741455,309.3299865722656
2025-06-06,309.0899963378906,309.20001220703125,305.1000061035156,7787500,2376589192.9626465,305.17999267578125
2025-06-09,305.3900146484375,307.6099853515625,305.0599975585937,7159000,2195092545.0439453,306.6199951171875
2025-06-10,308.3099975585937,308.6000061035156,305.8699951171875,7071700,2168961046.572876,306.7099914550781
2025-06-11,307.5,308.6199951171875,305.8500061035156,9248800,2852052410.839844,308.3699951171875
2025-06-12,311.739990234375,313.1000061035156,311.1499938964844,11531400,3600103220.76416,312.20001220703125
2025-06-13,317.260009765625,317.6000061035156,315.0400085449219,16592900,5248168482.785034,316.2900085449219
2025-06-16,314.79998779296875,314.8699951171875,311.6499938964844,12848400,4005874136.315918,311.7799987792969
2025-06-17,312.6600036621094,313.0,310.1199951171875,8234100,2568545174.102783,311.94000244140625
2025-06-18,312.8900146484375,312.9800109863281,309.8599853515625,9370800,2907384499.5117188,310.260009765625
2025-06-20,309.3299865722656,310.8900146484375,309.25,8794700,2727500353.942871,310.1300048828125
2025-06-23,310.3399963378906,312.6700134277344,310.3099975585937,12687900,3946951761.630249,311.0799865722656
2025-06-24,305.07000732421875,306.3399963378906,303.5400085449219,12035200,3685057917.382813,306.19000244140625
2025-06-25,305.3099975585937,307.3599853515625,305.1199951171875,6733200,2067900351.1230469,307.1199951171875
2025-06-26,305.7699890136719,307.2799987792969,304.8599853515625,6787500,2082269241.7144773,306.7799987792969
2025-06-27,300.0299987792969,302.3599853515625,299.8900146484375,13301300,4006617602.2369385,301.2200012207031
2025-06-30,302.3900146484375,304.9200134277344,301.95001220703125,8192100,2497197732.998657,304.8299865722656
2025-07-01,308.5599975585937,309.0,307.3599853515625,9335600,2871163666.040039,307.54998779296875
2025-07-02,308.0400085449219,309.3999938964844,306.9599914550781,8316400,2571846700.0,309.25
2025-07-03,307.04998779296875,307.57000732421875,306.1499938964844,5275800,1620409289.2822266,307.1400146484375
2025-07-07,305.07000732421875,307.7099914550781,304.5299987792969,7351600,2259661256.103516,307.3699951171875
2025-07-08,306.29998779296875,306.45001220703125,302.7699890136719,11840500,3601406523.361206,304.1600036621094
2025-07-09,303.5799865722656,305.5400085449219,303.2300109863281,10644100,3251985315.060425,305.5199890136719
2025-07-10,306.1099853515625,306.510009765625,304.82000732421875,7053700,2159843026.1047363,306.20001220703125
2025-07-11,308.8599853515625,310.2799987792969,308.5199890136719,9187300,2840162056.57959,309.1400146484375
2025-07-14,309.07000732421875,309.3800048828125,307.7300109863281,5772900,1778110985.3759766,308.010009765625
2025-07-15,307.7300109863281,308.739990234375,305.7900085449219,8149000,2499542859.527588,306.7300109863281
2025-07-16,307.1099853515625,311.0899963378906,305.7300109863281,17693100,5454075178.78418,308.260009765625
2025-07-17,305.5,307.6700134277344,305.1199951171875,6642300,2043105032.675171,307.5899963378906
2025-07-18,309.239990234375,309.3699951171875,308.32000732421875,5574300,1719058458.6547852,308.3900146484375
2025-07-21,311.8800048828125,313.3099975585937,311.6099853515625,10995800,3443114907.6904297,313.1300048828125
2025-07-22,314.4800109863281,316.239990234375,313.6199951171875,13691800,4327978063.568115,316.1000061035156
2025-07-23,314.0,314.9599914550781,311.4200134277344,10547500,3292718472.7478027,312.17999267578125
2025-07-24,309.2900085449219,310.989990234375,309.0599975585937,7698800,2388706591.418457,310.2699890136719
2025-07-25,307.82000732421875,308.3099975585937,306.20001220703125,9376400,2882305302.770996,307.3999938964844
2025-07-28,306.44000244140625,306.5799865722656,304.04998779296875,9275400,2832799947.9675293,305.4100036621094
2025-07-29,305.79998779296875,307.0299987792969,304.989990234375,5741100,1758211875.0,306.25
2025-07-30,304.4200134277344,304.6499938964844,300.9599914550781,13459600,4050801100.9887695,300.9599914550781
2025-07-31,304.5899963378906,304.6099853515625,302.8599853515625,8981000,2720883683.2580566,302.9599914550781
2025-08-01,308.6099853515625,309.54998779296875,307.45001220703125,12843400,3970023185.864258,309.1099853515625
2025-08-04,310.79998779296875,311.739990234375,310.3699951171875,7639000,2375041517.974853,310.9100036621094
2025-08-05,310.3699951171875,312.239990234375,310.2200012207031,6997700,2177404357.626343,311.1600036621094
2025-08-06,310.32000732421875,311.239990234375,309.8399963378906,7418200,2303351100.0,310.5
2025-08-07,311.7200012207031,313.1400146484375,310.70001220703125,10891500,3410346426.818848,313.1199951171875
2025-08-08,312.3500061035156,313.5299987792969,311.0,19886800,6225562497.241211,313.04998779296875
2025-08-11,308.6199951171875,309.6600036621094,307.6300048828125,10326700,3186303158.9416504,308.54998779296875
2025-08-12,308.2200012207031,309.3099975585937,306.7099914550781,9697400,2989417391.4611816,308.2699890136719
2025-08-13,309.1000061035156,310.3900146484375,308.45001220703125,4718600,1459038265.6799316,309.2099914550781
2025-08-14,307.92999267578125,308.3399963378906,306.5199890136719,5817700,1787488325.0,307.25
2025-08-15,307.3399963378906,308.0,306.8699951171875,5990100,1841536399.1271973,307.42999267578125
2025-08-18,307.7900085449219,307.8900146484375,306.6300048828125,6150100,1887773270.074463,306.95001220703125
2025-08-19,306.760009765625,307.4800109863281,305.19000244140625,5029900,1535477517.7398682,305.2699890136719
2025-08-20,307.5400085449219,308.4700012207031,307.3999938964844,6515400,2009088648.5595703,308.3599853515625
2025-08-21,307.8599853515625,308.1499938964844,307.0299987792969,4809000,1477757651.0925293,307.2900085449219
2025-08-22,306.5199890136719,311.0199890136719,306.42999267578125,8526500,2648160255.508423,310.5799865722656
2025-08-25,309.6700134277344,310.8399963378906,309.6700134277344,4044400,1253076397.692871,309.8299865722656
2025-08-26,310.6199951171875,312.2099914550781,310.3099975585937,11698500,3650867722.9156494,312.0799865722656
2025-08-27,311.3900146484375,312.9100036621094,310.7699890136719,4320100,1350938434.085083,312.7099914550781
2025-08-28,313.32000732421875,315.0799865722656,313.07000732421875,9610200,3027501294.268799,315.0299987792969
2025-08-29,314.7200012207031,318.0899963378906,314.6400146484375,15642600,4975441896.569824,318.07000732421875
2025-09-02,320.82000732421875,325.9200134277344,320.239990234375,21247500,6917973447.189331,325.5899963378906
2025-09-03,327.760009765625,329.45001220703125,326.7300109863281,16062200,5270650543.286133,328.1400146484375
2025-09-04,327.0299987792969,327.5599975585937,325.3500061035156,11703100,3823285767.5720215,326.69000244140625
2025-09-05,329.5299987792969,331.44000244140625,328.92999267578125,16065200,5318384263.891602,331.04998779296875
2025-09-08,333.6600036621094,335.6700134277344,333.2300109863281,18617300,6233444522.357178,334.82000732421875
2025-09-09,337.0299987792969,338.3099975585937,333.8500061035156,21641900,7229693061.16333,334.0599975585937
2025-09-10,335.7300109863281,336.5,326.19000244140625,11945700,4004915498.6572266,335.260009765625
2025-09-11,333.3699951171875,335.1600036621094,332.9700012207031,9082600,3040491264.6972656,334.760009765625
2025-09-12,335.8800048828125,336.3900146484375,335.2300109863281,9619700,3226639903.1707764,335.4200134277344
2025-09-15,336.3099975585937,339.2799987792969,336.2300109863281,10569900,3582244847.70813,338.9100036621094
2025-09-16,340.0899963378906,340.8800048828125,338.6199951171875,12161500,4129923740.463257,339.5899963378906
2025-09-17,338.5299987792969,341.239990234375,335.5199890136719,16535300,5571900061.184692,336.9700012207031
2025-09-18,336.2200012207031,336.32000732421875,333.8099975585937,14913300,5005201673.181152,335.6199951171875
2025-09-19,336.510009765625,339.2300109863281,336.3099975585937,14982600,5081798158.26416,339.17999267578125
2025-09-22,342.75,345.07000732421875,341.8399963378906,12386400,4273927168.798828,345.04998779296875
2025-09-23,348.2300109863281,348.75,345.32000732421875,18384000,6369320482.910156,346.4599914550781
2025-09-24,346.70001220703125,346.8299865722656,342.1400146484375,12709100,4363288305.0842285,343.32000732421875
2025-09-25,344.3900146484375,345.8299865722656,342.4700012207031,12639600,4357502100.0,344.75
2025-09-26,345.8299865722656,348.25,345.3099975585937,11698200,4056233753.7597656,346.739990234375
2025-09-29,351.7900085449219,352.8299865722656,351.2799987792969,15719600,5540530081.677246,352.4599914550781
2025-09-30,351.1300048828125,355.57000732421875,350.8699951171875,13312400,4732158844.250488,355.4700012207031
2025-10-01,356.1700134277344,356.9700012207031,354.7900085449219,15573600,5544668788.989258,356.0299987792969
2025-10-02,358.260009765625,358.6700134277344,351.3999938964844,16162100,5734151597.103882,354.7900085449219
2025-10-03,357.1199951171875,358.1400146484375,355.79998779296875,14464000,5172905171.875,357.6400146484375
2025-10-06,362.1600036621094,365.2999877929688,361.3699951171875,17093700,6228602489.465332,364.3800048828125
2025-10-07,366.510009765625,367.2699890136719,364.5499877929688,16836800,6166646532.421875,366.260009765625
2025-10-08,371.6499938964844,373.5700073242188,370.5,28052300,10443870947.564695,372.2999877929688
2025-10-09,373.1400146484375,373.2200012207031,362.8299865722656,33674800,12305781917.358398,365.4299926757813
2025-10-10,367.5400085449219,370.30999755859375,365.4400024414063,24192800,8930046217.871094,369.1199951171875
2025-10-13,376.5,378.8599853515625,375.5799865722656,18514400,7000109428.198242,378.0899963378906
2025-10-14,378.2099914550781,382.3800048828125,377.8999938964844,18409600,7010191741.308594,380.7900085449219
2025-10-15,385.9299926757813,387.760009765625,384.5899963378906,20598300,7979575738.73291,387.3900146484375
2025-10-16,391.1499938964844,396.8699951171875,390.3999938964844,33621400,13329204440.41748,396.4500122070313
2025-10-17,397.1400146484375,397.2799987792969,385.2200012207031,62025000,24127104144.28711,388.989990234375
2025-10-20,397.4500122070313,403.2999877929688,394.2000122070313,34523000,13917947239.28833,403.1499938964844
2025-10-21,386.5400085449219,388.8900146484375,375.6499938964844,54101400,20409211607.666016,377.239990234375
2025-10-22,372.75,378.4700012207031,368.9299926757813,30524100,11516132410.739136,377.2799987792969
2025-10-23,381.4599914550781,382.25,378.6499938964844,13695500,5187718562.026978,378.7900085449219
2025-10-24,378.510009765625,380.7699890136719,376.80999755859375,13263800,5007349630.279541,377.5199890136719
2025-10-27,371.1300048828125,371.5899963378906,365.3399963378906,23657600,8682576007.03125,367.010009765625
2025-10-28,361.80999755859375,365.2999877929688,360.1199951171875,19257600,7017084382.03125,364.3800048828125
2025-10-29,369.6499938964844,370.0799865722656,361.3599853515625,18891800,6857723400.0,363.0
2025-10-30,365.0899963378906,370.3599853515625,364.5,14812800,5482661736.328125,370.1300048828125
2025-10-31,370.4700012207031,370.6600036621094,365.5,11077900,4077996493.9086914,368.1199951171875
2025-11-03,368.9100036621094,370.8399963378906,367.5400085449219,7254300,2675240745.1446533,368.7799987792969
2025-11-04,363.4800109863281,365.739990234375,361.3900146484375,11540100,4181209116.522217,362.3200073242188
2025-11-05,366.3900146484375,367.1000061035156,364.6499938964844,8357300,3063034104.614258,366.510009765625
2025-11-06,367.1600036621094,368.1799926757813,364.7000122070313,6891100,2522625027.471924,366.0700073242188
2025-11-07,367.9400024414063,370.4200134277344,366.4200134277344,11060400,4073655896.9970703,368.30999755859375
2025-11-10,375.9299926757813,378.6600036621094,374.7799987792969,13456200,5091557021.704102,378.3800048828125
2025-11-11,379.9800109863281,380.3999938964844,376.8699951171875,10753200,4084818031.4941406,379.8699951171875
2025-11-12,380.0700073242188,387.4599914550781,379.4400024414063,16203700,6254466004.760742,385.989990234375
2025-11-13,387.2900085449219,388.1799926757813,381.2099914550781,15867900,6075342795.52002,382.8699951171875
2025-11-14,372.8699951171875,378.2000122070313,370.8900146484375,15198000,5713839950.134277,375.9599914550781
2025-11-17,374.0400085449219,375.4599914550781,368.5199890136719,13295200,4941160998.852539,371.6499938964844
2025-11-18,374.8299865722656,375.5400085449219,371.6199951171875,7818800,2926967827.722168,374.3500061035156
2025-11-19,377.7799987792969,380.1700134277344,373.0299987792969,10980400,4117210690.17334,374.9599914550781
2025-11-20,375.2900085449219,377.6900024414063,371.8500061035156,10506500,3938361589.126587,374.8500061035156
2025-11-21,374.0299987792969,377.2300109863281,372.9400024414063,13194600,4938342797.039795,374.2699890136719
2025-11-24,374.8800048828125,380.2799987792969,374.1900024414063,10085300,3834431183.111572,380.2000122070313
2025-11-25,380.260009765625,382.5199890136719,378.05999755859375,10462800,3976700883.508301,380.0799865722656
2025-11-26,381.05999755859375,383.7799987792969,380.4599914550781,9184100,3518612347.1557617,383.1199951171875
2025-11-28,385.9800109863281,388.0,384.989990234375,7175400,2783194187.036133,387.8800048828125
2025-12-01,390.6099853515625,390.7000122070313,388.05999755859375,11177100,4356274725.0,389.75
2025-12-02,388.8699951171875,388.9800109863281,382.9100036621094,8103900,3138154156.860352,387.239990234375
2025-12-03,388.4599914550781,390.1300048828125,385.8299865722656,7886800,3051245222.5097656,386.8800048828125
2025-12-04,386.9200134277344,388.0,385.3999938964844,6754400,2614830904.9804688,387.1300048828125
2025-12-05,389.1199951171875,391.739990234375,386.1799926757813,9449800,3651780735.070801,386.4400024414063
2025-12-08,387.0199890136719,387.239990234375,384.010009765625,6822100,2629373873.6053467,385.4200134277344
2025-12-09,385.6199951171875,388.2099914550781,385.2699890136719,6358700,2463360341.189575,387.3999938964844
2025-12-10,385.9500122070313,389.760009765625,384.5,9120500,3548330413.6657715,389.0499877929688
2025-12-11,389.0199890136719,394.0899963378906,388.5,11240600,4420253434.228516,393.239990234375
2025-12-12,399.1600036621094,400.3900146484375,391.4700012207031,16792100,6640268064.996338,395.4400024414063
2025-12-15,397.760009765625,398.7099914550781,394.0700073242188,11345000,4490350861.51123,395.7999877929688
2025-12-16,397.75,398.7099914550781,394.5899963378906,9201600,3642821558.789063,395.8900146484375
2025-12-17,398.0799865722656,399.9800109863281,397.25,10456900,4175335690.3533936,399.2900085449219
2025-12-18,398.2799987792969,402.2099914550781,396.0499877929688,11837600,4718112318.701172,398.5700073242188
2025-12-19,397.9200134277344,400.6300048828125,397.1700134277344,9894800,3948222987.292481,399.0199890136719
2025-12-22,406.9800109863281,408.5199890136719,405.7200012207031,14202100,5797723439.028931,408.2300109863281
2025-12-23,410.2999877929688,413.760009765625,407.1000061035156,13193300,5457276805.26123,413.6400146484375
2025-12-24,412.25,412.6300048828125,408.8299865722656,6718400,2767510462.7929688,411.9299926757813
2025-12-26,416.4800109863281,418.4500122070313,414.75,10476200,4365851485.693359,416.739990234375
2025-12-29,403.6600036621094,403.760009765625,395.3299865722656,20679200,8242729246.21582,398.6000061035156
2025-12-30,403.6000061035156,403.7999877929688,398.55999755859375,10179000,4060301459.106445,398.8900146484375
2025-12-31,398.6000061035156,400.1300048828125,395.5899963378906,10194700,4040261532.110596,396.30999755859375
2026-01-02,401.6199951171875,401.8200073242188,396.25,10372600,4131199115.338135,398.2799987792969
2026-01-05,406.3900146484375,409.7200012207031,406.1499938964844,13410600,5481716986.962891,408.760009765625
2026-01-06,410.6700134277344,413.4800109863281,410.30999755859375,11640900,4809786976.739502,413.1799926757813
2026-01-07,408.6300048828125,410.80999755859375,406.6499938964844,10589500,4333541201.339722,409.2300109863281
2026-01-08,406.9700012207031,411.6400146484375,406.3999938964844,8705900,3582390705.9814453,411.489990234375
2026-01-09,413.2200012207031,415.2900085449219,411.7999877929688,14011200,5807222081.103516,414.4700012207031
2026-01-12,421.5199890136719,425.739990234375,421.5199890136719,20904100,8826338372.659302,422.2300109863281
2026-01-13,424.5899963378906,426.1199951171875,420.0700073242188,16681200,7033294437.451172,421.6300048828125
2026-01-14,426.0299987792969,426.8599853515625,422.8399963378906,18305500,7797044714.691162,425.9400024414063
2026-01-15,423.0199890136719,425.05999755859375,422.7900085449219,14253200,6033806964.611816,423.3299865722656
2026-01-16,422.7999877929688,424.7999877929688,417.0400085449219,20951600,8826699743.029785,421.2900085449219
2026-01-20,436.6900024414063,438.1400146484375,434.1000061035156,21308100,9316540797.097778,437.2300109863281
2026-01-21,446.8699951171875,448.0,437.1099853515625,38830200,17225076957.000732,443.6000061035156
2026-01-22,443.8399963378906,452.9800109863281,443.55999755859375,19251200,8697499812.5,451.7900085449219
2026-01-23,454.1099853515625,458.75,453.4500122070313,21531900,9861610200.0,458.0
2026-01-26,466.7799987792969,469.2799987792969,460.3599853515625,34156000,15872293616.94336,464.7000122070313
2026-01-27,465.0700073242188,476.489990234375,463.9500122070313,28386200,13514669993.255615,476.1000061035156
2026-01-28,483.3900146484375,495.8800048828125,481.25,44154600,21837098868.200684,494.55999755859375
2026-01-29,509.510009765625,509.7000122070313,468.510009765625,69970900,34698568882.93152,495.8999938964844
2026-01-30,466.25,470.05999755859375,430.7999877929688,86593500,38529778882.04956,444.9500122070313
2026-02-02,434.010009765625,440.7799987792969,422.5499877929688,41626200,17779799009.25293,427.1300048828125
2026-02-03,452.6300048828125,459.0,448.30999755859375,28703500,13039713260.269163,454.2900085449219
2026-02-04,462.4700012207031,463.1000061035156,445.7099914550781,24427900,11089533792.819214,453.9700012207031
2026-02-05,444.2900085449219,450.8999938964844,440.3500061035156,17718100,7829274114.51416,441.8800048828125
2026-02-06,450.7300109863281,456.9299926757813,450.0299987792969,12663900,5767899785.787964,455.4599914550781
2026-02-09,461.3900146484375,467.55999755859375,460.8500061035156,12330900,5758900211.947632,467.0299987792969
2026-02-10,465.9599914550781,466.75,459.5199890136719,7861600,3635203792.0166016,462.3999938964844
2026-02-11,466.0,468.6099853515625,462.8200073242188,11209600,5241945302.734375,467.6300048828125
2026-02-12,464.8999938964844,466.3800048828125,448.05999755859375,20488800,9248439732.128906,451.3900146484375
2026-02-13,459.7300109863281,463.8399963378906,456.25,12359300,5717659305.651855,462.6199951171875
2026-02-17,450.260009765625,451.3699951171875,445.5299987792969,10976100,4919488153.985596,448.2000122070313
2026-02-18,455.80999755859375,460.510009765625,455.3200073242188,10226300,4686508751.516724,458.2799987792969
2026-02-19,457.3399963378906,461.510009765625,456.0299987792969,8411400,3865542963.464356,459.55999755859375
2026-02-20,463.25,468.6199951171875,458.3399963378906,14316300,6708904436.096191,468.6199951171875
2026-02-23,474.6499938964844,481.4599914550781,474.6099853515625,17441600,8394293226.708984,481.2799987792969
2026-02-24,470.0899963378906,475.4400024414063,469.5499877929688,14147100,6714354923.76709,474.6099853515625
2026-02-25,475.739990234375,479.5299987792969,472.8999938964844,12954300,6132824879.946899,473.4200134277344
2026-02-26,474.9500122070313,477.8299865722656,442.0400085449219,12375000,5908815135.955811,477.4800109863281
2026-02-27,480.75,483.8999938964844,479.1099853515625,16795100,8124629625.0,483.75
2026-03-02,490.1000061035156,492.1499938964844,483.2799987792969,19916600,9759134000.0,490.0
2026-03-03,472.8299865722656,473.2000122070313,458.9299926757813,22591500,10575985140.930176,468.1400146484375
2026-03-04,474.8200073242188,476.4200134277344,469.3900146484375,9985900,4711347498.101807,471.7999877929688
2026-03-05,470.4500122070313,470.6700134277344,463.9100036621094,11674800,5441974581.005859,466.1300048828125
2026-03-06,469.0400085449219,475.4599914550781,467.0700073242188,10489800,4967025300.439453,473.510009765625
2026-03-09,468.0899963378906,472.6799926757813,464.7900085449219,8829800,4172345383.221436,472.5299987792969
2026-03-10,479.739990234375,481.30999755859375,474.2099914550781,9616800,4595483907.128906,477.8599853515625
2026-03-11,476.1300048828125,477.4500122070313,473.1300048828125,7522900,3582705822.53418,476.239990234375
2026-03-12,475.0199890136719,475.0199890136719,466.6000061035156,11900600,5556152186.108398,466.8800048828125
2026-03-13,469.30999755859375,470.1000061035156,460.2200012207031,11741600,5410998901.000977,460.8399963378906
2026-03-16,461.2699890136719,462.7999877929688,456.9100036621094,8964100,4127340497.34497,460.4299926757813
2026-03-17,460.510009765625,462.2099914550781,456.8699951171875,7610100,3495090543.3929443,459.2699890136719
2026-03-18,446.6600036621094,450.05999755859375,444.3900146484375,18375600,8172364164.550781,444.739990234375
2026-03-19,420.3599853515625,428.2699890136719,416.7999877929688,30206000,12880140570.617676,426.4100036621094
2026-03-20,428.0899963378906,428.5899963378906,411.2300109863281,27204900,11245961694.836426,413.3800048828125
2026-03-23,405.1199951171875,414.5400085449219,399.6400146484375,36796800,14867379386.42578,404.0400085449219
2026-03-24,400.239990234375,407.2900085449219,399.2000122070313,17478500,7063586290.344238,404.1300048828125
2026-03-25,419.7099914550781,420.6600036621094,412.25,15713200,6541248162.268066,416.2900085449219
2026-03-26,408.5299987792969,411.3699951171875,400.260009765625,15756300,6312604262.805176,400.6400146484375
2026-03-27,406.2000122070313,418.3999938964844,405.4100036621094,16580700,6876016492.401123,414.7000122070313
2026-03-30,419.5400085449219,420.1000061035156,412.6600036621094,13172100,5460889041.12854,414.5799865722656
2026-03-31,420.0799865722656,430.5700073242188,419.5899963378906,14534300,6253964071.194458,430.2900085449219
2026-04-01,435.0,440.1900024414063,433.760009765625,14133100,6187753945.513916,437.8200073242188
2026-04-02,422.2900085449219,431.6700134277344,421.1700134277344,10838600,4654203265.692139,429.4100036621094
2026-04-06,428.8699951171875,431.489990234375,426.7099914550781,5417300,2316708311.935425,427.6499938964844
2026-04-07,427.8999938964844,433.4299926757813,423.1000061035156,7263500,3136451917.2668457,431.80999755859375
2026-04-08,439.9800109863281,440.4400024414063,431.30999755859375,9689700,4210465329.171753,434.5299987792969
2026-04-09,436.4700012207031,440.9100036621094,435.8699951171875,6748500,2955235659.713745,437.9100036621094
2026-04-10,438.5899963378906,440.3500061035156,436.0,6193300,2707277259.2407227,437.1300048828125
2026-04-13,434.7799987792969,436.2200012207031,431.6300048828125,5549400,2415986702.709961,435.3599853515625
2026-04-14,439.3200073242188,445.1799926757813,439.0199890136719,8731700,3886392321.02356,445.0899963378906
2026-04-15,442.8800048828125,443.739990234375,439.6000061035156,6455900,2843565658.834839,440.4599914550781
2026-04-16,442.1499938964844,442.9800109863281,438.1799926757813,5350100,2354471936.1602783,440.0799865722656
2026-04-17,445.6499938964844,448.7000122070313,445.3200073242188,9712000,4330872088.867188,445.9299926757813
2026-04-20,443.1300048828125,443.4200134277344,440.0499877929688,8473000,3745828538.9709473,442.0899963378906
2026-04-21,438.5499877929688,440.25,428.7099914550781,9480000,4072323669.4335938,429.5700073242188
2026-04-22,436.2699890136719,437.1700134277344,433.7799987792969,5178100,2253819856.567383,435.260009765625
2026-04-23,433.9599914550781,435.2900085449219,428.2200012207031,4976400,2145027498.5229487,431.0400085449219
2026-04-24,431.3399963378906,435.2799987792969,430.6499938964844,5924100,2566616325.0,433.25
2026-04-27,431.6600036621094,431.7999877929688,428.5199890136719,6105200,2624564517.4316406,429.8900146484375
2026-04-28,420.7200012207031,422.5199890136719,418.3999938964844,7723400,3258579722.2839355,421.9100036621094
2026-04-29,416.739990234375,419.1700134277344,414.1600036621094,6452600,2693379789.630127,417.4100036621094
2026-04-30,425.3399963378906,425.4599914550781,422.739990234375,6732800,2852418072.65625,423.6600036621094
2026-05-01,421.4100036621094,427.9299926757813,421.0799865722656,5911500,2501628526.702881,423.1799926757813
2026-05-04,418.8399963378906,420.8599853515625,413.2799987792969,7285700,3021452584.7442627,414.7099914550781
2026-05-05,420.1499938964844,421.1600036621094,417.9100036621094,4279900,1790153725.9796145,418.2699890136719
2026-05-06,430.1499938964844,433.1900024414063,429.6000061035156,7013900,3022710284.0667725,430.9599914550781
2026-05-07,435.6099853515625,437.4200134277344,430.25,6816200,2942417166.07666,431.6799926757813
2026-05-08,434.0499877929688,436.2000122070313,431.7000122070313,5380800,2334029556.8847656,433.7699890136719
2026-05-11,434.1799926757813,436.0400085449219,432.2099914550781,5569100,2420609281.008911,434.6499938964844
2026-05-12,430.7000122070313,432.9800109863281,425.8500061035156,6660900,2883703388.214112,432.9299926757813
2026-05-13,430.5199890136719,432.489990234375,428.75,4180300,1799619150.0,430.5
2026-05-14,430.2999877929688,431.5400085449219,427.1000061035156,4021400,1717982259.6374512,427.2099914550781
2026-05-15,417.6400146484375,419.25,414.1199951171875,9360400,3906001395.983887,417.2900085449219
2026-05-18,419.8200073242188,420.9299926757813,416.05999755859375,5628300,2355049527.7771,418.4299926757813
2026-05-19,412.4500122070313,414.4700012207031,409.8800048828125,5419400,2230083100.0,411.5
2026-05-20,412.1400146484375,417.989990234375,410.0799865722656,6005000,2506486963.3483887,417.3999938964844
2026-05-21,413.1400146484375,418.4200134277344,411.9500122070313,4679900,1951471455.297852,416.989990234375
2026-05-22,415.1700134277344,415.6799926757813,412.0,5528400,2287762528.491211,413.8200073242188
2026-05-26,415.1600036621094,415.9800109863281,411.5,5098400,2110737600.0,414.0
2026-05-27,404.3399963378906,409.25,404.2999877929688,6624600,2706082789.3066406,408.489990234375
2026-05-28,406.4800109863281,414.510009765625,405.4100036621094,7184100,2965380878.07312,412.7699890136719
2026-05-29,415.6199951171875,421.8200073242188,415.0799865722656,7705700,3214201546.374512,417.1199951171875
2026-06-01,409.8599853515625,412.6099853515625,408.239990234375,6158900,2532909274.145508,411.260009765625
2026-06-02,414.0799865722656,414.3999938964844,411.1000061035156,3823900,1575255651.6784668,411.9500122070313
2026-06-03,408.3800048828125,409.3800048828125,406.2300109863281,5038000,2054849035.4003904,407.8699951171875
2026-06-04,413.3699951171875,414.3699951171875,409.010009765625,4646500,1910966003.9520264,411.2699890136719
2026-06-05,404.3800048828125,404.7200012207031,395.9200134277344,11473900,4546418023.950195,396.239990234375
2026-06-08,397.5199890136719,398.9800109863281,396.0299987792969,8057300,3200923482.4798584,397.2699890136719
2026-06-09,397.5700073242188,400.4800109863281,388.75,9567300,3738709482.321167,390.7799987792969
2026-06-10,380.75,384.2099914550781,374.5499877929688,13956200,5227713208.5998535,374.5799865722656
2026-06-11,373.9599914550781,387.2099914550781,371.8800048828125,12622500,4876324292.449951,386.3200073242188
2026-06-12,385.7300109863281,388.7699890136719,383.3500061035156,7532600,2911651268.3654785,386.5400085449219
2026-06-15,399.489990234375,401.0,396.1499938964844,10477100,4154693877.105713,396.5499877929688
2026-06-16,397.8299865722656,398.9599914550781,395.8200073242188,6004000,2387370549.3164062,397.6300048828125
2026-06-17,397.8200073242188,402.0400085449219,387.0799865722656,13343000,5185089881.439209,388.6000061035156
2026-06-18,391.239990234375,392.5,385.6000061035156,7627300,2952680338.757324,387.1199951171875
2026-06-22,384.25,386.4100036621094,382.6400146484375,7835100,3013301080.307007,384.5899963378906
2026-06-23,377.7200012207031,380.3500061035156,377.1700134277344,7389600,2788243926.123047,377.3200073242188
2026-06-24,364.80999755859375,370.8999938964844,363.3200073242188,12741700,4662443035.092163,365.9200134277344
2026-06-25,368.989990234375,371.0400085449219,366.7999877929688,9137100,3375792887.9241943,369.4599914550781
2026-06-26,372.2699890136719,375.8500061035156,371.1799926757813,5603300,2093561006.3598635,373.6300048828125
2026-06-29,370.5799865722656,371.1900024414063,366.9700012207031,5006300,1845221986.7767332,368.5799865722656
2026-06-30,369.2200012207031,372.8299865722656,368.260009765625,5302100,1953187623.88916,368.3800048828125
2026-07-01,371.2099914550781,377.7799987792969,370.2099914550781,9058300,3357006035.287476,370.6000061035156
2026-07-02,377.4400024414063,380.2699890136719,376.2900085449219,7592900,2871103314.074707,378.1300048828125
2026-07-06,380.2099914550781,382.4299926757813,378.8299865722656,3906500,1492790864.074707,382.1300048828125
2026-07-07,382.3900146484375,383.6000061035156,375.5199890136719,4815400,1817765298.9746091,377.489990234375
2026-07-08,373.1700134277344,375.4700012207031,368.9500122070313,7728500,2893936919.342041,374.4500122070313
2026-07-09,378.510009765625,379.6499938964844,377.4100036621094,4754600,1798094593.1762695,378.1799926757813
2026-07-10,375.0,377.5499877929688,373.7000122070313,5455400,2056740407.2753904,377.010009765625
2026-07-13,372.7699890136719,372.8900146484375,365.7699890136719,7161700,2629274955.9692383,367.1300048828125
2026-07-14,374.5299987792969,376.2799987792969,370.9200134277344,6303400,2345810271.5271,372.1499938964844
2026-07-15,372.1099853515625,374.489990234375,369.5,7683700,2861025741.897583,372.3500061035156
2026-07-16,367.4500122070313,368.4299926757813,364.0499877929688,9048000,3302158002.685547,364.9599914550781
2026-07-17,364.1099853515625,369.2099914550781,363.6000061035156,6456600,2378676029.6447754,368.4100036621094
2026-07-20,367.7900085449219,368.7900085449219,366.7999877929688,3922500,1441911023.94104,367.6000061035156
2026-07-21,371.7000122070313,375.010009765625,371.0700073242188,6070600,2275321571.179199,374.80999755859375
2026-07-22,379.0700073242188,382.2200012207031,378.8299865722656,7115100,2697476677.258301,379.1199951171875
2026-07-23,372.3599853515625,373.0899963378906,370.5299987792969,9820600,3648549204.107666,371.5199890136719
2026-07-24,371.260009765625,374.489990234375,371.0299987792969,3852400,1432707536.4868164,371.8999938964844
2026-07-27,373.8900146484375,375.5299987792969,372.9100036621094,3700000,1386131018.0664062,374.6300048828125
2026-07-28,369.6099853515625,371.2300109863281,367.9800109863281,4819300,1780104817.4682617,369.3699951171875
2026-07-29,368.2900085449219,377.6199951171875,366.5299987792969,11839900,4393549933.016968,371.0799865722656
2026-07-30,374.1600036621094,377.8599853515625,373.760009765625,5968400,2251041765.8569336,377.1600036621094
2026-07-31,370.8399963378906,372.010009765625,368.8200073242188,6825900,2536094944.326782,371.5400085449219
2026-08-03,370.1000061035156,372.0400085449219,368.6400146484375,4968900,1846989776.5411377,371.7099914550781
2026-08-04,374.1400146484375,376.6900024414063,373.7099914550781,5723100,2141355116.9586184,374.1600036621094
2026-08-05,384.9599914550781,391.510009765625,384.3200073242188,14758700,5750580084.191895,389.6400146484375
2026-08-06,389.5,392.1199951171875,387.2699890136719,10954300,4268562228.091431,389.6700134277344
2026-08-07,399.6000061035156,400.6600036621094,396.9500122070313,13324500,5309413531.265259,398.4700012207031
2026-08-10,397.7099914550781,403.239990234375,395.9299926757813,11057000,4450884874.481201,402.5400085449219
2026-08-11,403.4400024414063,404.0299987792969,399.8900146484375,7439100,2982781472.433472,400.9599914550781
2026-08-12,405.30999755859375,407.3599853515625,403.2200012207031,10383100,4204324991.421509,404.9200134277344
2026-08-13,402.1700134277344,402.5799865722656,398.2799987792969,8695200,3469036917.700196,398.9599914550781
2026-08-14,402.1799926757813,403.3299865722656,400.9400024414063,6749800,2709909778.1555176,401.4800109863281
2026-08-17,402.3399963378906,406.2300109863281,402.1799926757813,9604100,3894366415.209961,405.489990234375
2026-08-18,402.5499877929688,404.3200073242188,397.8699951171875,10660900,4248901564.862061,398.5499877929688
2026-08-19,408.80999755859375,414.0,407.4700012207031,17480700,7234212823.983765,413.8399963378906
2026-08-20,410.0799865722656,416.4500122070313,409.8200073242188,13900900,5772487869.750977,415.260009765625
2026-08-21,420.5299987792969,424.8900146484375,419.4200134277344,14529000,6150997227.172852,423.3599853515625
2026-08-24,428.5499877929688,429.4200134277344,424.2000122070313,18943000,8082788716.247559,426.6900024414063
2026-08-25,422.7799987792969,428.1400146484375,422.3299865722656,12450600,5329728433.190918,428.0700073242188
2026-08-26,423.0,424.9500122070313,420.30999755859375,9816500,4135887851.898194,421.3200073242188
2026-08-27,420.8200073242188,423.3500061035156,418.4299926757813,7089000,2995811443.2678223,422.6000061035156
2026-08-28,422.239990234375,424.7900085449219,407.6199951171875,25044400,10240405082.861328,408.8900146484375
2026-08-31,407.760009765625,408.7999877929688,404.8999938964844,9490000,3875905927.429199,408.4200134277344
2026-09-01,398.2900085449219,401.25,396.4500122070313,13143000,5214485250.0,396.75
2026-09-02,399.7099914550781,403.3299865722656,399.5799865722656,13714100,5523765181.259155,402.7799987792969
2026-09-03,410.7099914550781,413.5400085449219,408.5400085449219,12509500,5131647105.270386,410.2200012207031
2026-09-04,404.6600036621094,408.0,403.9599914550781,9813200,3991715256.188965,406.7699890136719
2026-09-08,403.55999755859375,404.2799987792969,399.4800109863281,8992200,3594362194.976806,399.7200012207031
2026-09-09,406.1099853515625,406.55999755859375,401.1799926757813,8165400,3293514139.8376465,403.3500061035156
