date,open,high,low,volume,amount,close
2015-01-02,42.2599983215332,42.400001525878906,41.79999923706055,9921100,418075147.9446411,42.13999938964844
2015-01-05,42.68999862670898,42.970001220703125,42.08000183105469,26292600,1107970147.9522705,42.13999938964844
2015-01-06,42.40999984741211,42.93999862670898,42.2400016784668,16897500,717467834.5298767,42.459999084472656
2015-01-07,42.79999923706055,43.11000061035156,42.58000183105469,13412300,576594799.5121002,42.9900016784668
2015-01-08,43.18000030517578,43.56999969482422,43.09999847412109,21743600,946063999.5040894,43.5099983215332
2015-01-09,43.470001220703125,43.560001373291016,42.95000076293945,12733500,547922489.4561768,43.02999877929688
2015-01-12,43.06999969482422,43.20000076293945,42.459999084472656,11415800,486769705.03234863,42.63999938964844
2015-01-13,42.83000183105469,43.2400016784668,42.45000076293945,12529500,534132598.3829498,42.630001068115234
2015-01-14,42.08000183105469,42.59999847412109,42.06999969482422,13447600,572329874.4674683,42.560001373291016
2015-01-15,42.83000183105469,42.86000061035156,42.16999816894531,11193100,474363589.95552063,42.380001068115234
2015-01-16,42.36000061035156,42.59000015258789,42.2400016784668,15114900,642836678.5491943,42.52999877929688
2015-01-20,42.70000076293945,43.33000183105469,42.61000061035156,17047300,735761465.3987885,43.15999984741211
2015-01-21,42.88999938964844,43.43000030517578,42.7599983215332,10720600,464845222.54333496,43.36000061035156
2015-01-22,43.369998931884766,43.83000183105469,43.06999969482422,14709100,643964380.0445557,43.77999877929688
2015-01-23,43.59999847412109,43.75,43.18000030517578,12357700,535212003.9707184,43.310001373291016
2015-01-26,43.18000030517578,43.22999954223633,42.83000183105469,11151900,479531700.0,43.0
2015-01-27,42.540000915527344,42.63999938964844,42.150001525878906,15274000,647464850.6774902,42.38999938964844
2015-01-28,42.59000015258789,42.79999923706055,41.900001525878906,14278500,598554693.8552856,41.91999816894531
2015-01-29,41.77000045776367,42.150001525878906,41.470001220703125,13657900,574997569.1596985,42.09999847412109
2015-01-30,41.83000183105469,41.93000030517578,41.11000061035156,19193700,790204593.8552856,41.16999816894531
2015-02-02,41.209999084472656,41.630001068115234,40.900001525878906,15197500,632064027.3189545,41.59000015258789
2015-02-03,41.75,41.84999847412109,41.369998931884766,13193100,549228767.0917511,41.630001068115234
2015-02-04,41.77000045776367,42.09000015258789,41.619998931884766,16400000,683552005.0048828,41.68000030517578
2015-02-05,41.79999923706055,41.81999969482422,41.5099983215332,11078500,462970525.1426697,41.790000915527344
2015-02-06,41.630001068115234,41.7599983215332,41.31999969482422,12366400,512587289.43481445,41.45000076293945
2015-02-09,41.380001068115234,41.45000076293945,41.040000915527344,13371100,551290446.8791962,41.22999954223633
2015-02-10,42.90999984741211,43.02999877929688,42.20000076293945,32184200,1364610129.109192,42.400001525878906
2015-02-11,42.09999847412109,42.4900016784668,41.70000076293945,20496300,868428209.1075897,42.369998931884766
2015-02-12,42.400001525878906,42.65999984741211,42.06999969482422,13818200,582713468.6981201,42.16999816894531
2015-02-13,42.02000045776367,42.22999954223633,41.7599983215332,10792100,453160297.1141815,41.9900016784668
2015-02-17,41.810001373291016,41.880001068115234,41.63999938964844,12804200,535343619.5838928,41.810001373291016
2015-02-18,41.75,41.79999923706055,41.470001220703125,9789800,408528349.5185852,41.72999954223633
2015-02-19,41.68000030517578,42.2400016784668,41.52999877929688,16578300,698112223.1185913,42.11000061035156
2015-02-20,42.040000915527344,42.11000061035156,41.63999938964844,15982400,670781347.5097656,41.970001220703125
2015-02-23,41.709999084472656,42.16999816894531,41.68999862670898,11830300,495098036.9483948,41.84999847412109
2015-02-24,41.84999847412109,42.33000183105469,41.77000045776367,12782700,538535164.6533966,42.130001068115234
2015-02-25,42.16999816894531,42.2400016784668,41.7400016784668,10323300,434094757.1239472,42.04999923706055
2015-02-26,42.040000915527344,42.54999923706055,41.970001220703125,14346500,609152376.865387,42.459999084472656
2015-02-27,42.52000045776367,43.65999984741211,42.470001220703125,28312800,1225944218.399048,43.29999923706055
2015-03-02,43.29999923706055,43.29999923706055,43.08000183105469,13514600,583830730.3108215,43.20000076293945
2015-03-03,43.11000061035156,43.15999984741211,42.84000015258789,10036300,431059092.6570892,42.95000076293945
2015-03-04,42.91999816894531,42.97999954223633,42.470001220703125,16263000,691177500.0,42.5
2015-03-05,42.560001373291016,42.61000061035156,42.25,9223000,391055214.0731812,42.400001525878906
2015-03-06,42.119998931884766,42.20000076293945,41.33000183105469,18180500,754854368.3223724,41.52000045776367
2015-03-09,41.52999877929688,41.54999923706055,41.31999969482422,10123300,419003380.821228,41.38999938964844
2015-03-10,41.09999847412109,41.150001525878906,40.68000030517578,14599100,594037358.9511871,40.68999862670898
2015-03-11,40.72999954223633,40.72999954223633,40.08000183105469,18549700,743842941.695404,40.09999847412109
2015-03-12,40.09999847412109,40.56999969482422,40.02000045776367,17728700,719253353.5896301,40.56999969482422
2015-03-13,40.43999862670898,40.56999969482422,39.61000061035156,17438400,695966541.3391113,39.90999984741211
2015-03-16,40.0,40.34999847412109,39.9900016784668,15238800,613971265.9515381,40.290000915527344
2015-03-17,40.66999816894531,40.72999954223633,40.31999969482422,21661800,877519481.6413879,40.5099983215332
2015-03-18,40.47999954223633,40.790000915527344,39.79999923706055,26247500,1065648459.9494934,40.59999847412109
2015-03-19,40.47999954223633,40.52000045776367,39.959999084472656,16057600,642625159.3505859,40.02000045776367
2015-03-20,40.06999969482422,40.65999984741211,40.0099983215332,31608500,1284885573.2307434,40.650001525878906
2015-03-23,40.63999938964844,40.93999862670898,40.5,17060500,692997491.77742,40.619998931884766
2015-03-24,40.90999984741211,40.9900016784668,40.470001220703125,13485700,545766295.4620361,40.470001220703125
2015-03-25,40.59000015258789,40.70000076293945,40.2400016784668,22811300,922717102.4036407,40.45000076293945
2015-03-26,40.34000015258789,40.560001373291016,40.22999954223633,17359600,700459833.5113525,40.34999847412109
2015-03-27,40.47999954223633,40.47999954223633,39.970001220703125,14384400,576526778.338623,40.08000183105469
2015-03-30,40.11000061035156,40.61000061035156,39.93999862670898,12561400,508862292.9161072,40.5099983215332
2015-03-31,40.5099983215332,40.900001525878906,40.34999847412109,16604800,673324627.331543,40.54999923706055
2015-04-01,40.790000915527344,40.810001373291016,40.22999954223633,14300700,581752480.3642273,40.68000030517578
2015-04-02,40.72999954223633,40.869998931884766,40.47999954223633,14343100,583477312.3771667,40.68000030517578
2015-04-06,40.77000045776367,41.61000061035156,40.59000015258789,19843400,816952741.6656494,41.16999816894531
2015-04-07,41.04999923706055,41.369998931884766,40.970001220703125,9773400,400807117.5956726,41.0099983215332
2015-04-08,40.97999954223633,41.09000015258789,40.7400016784668,8954700,366157677.53448486,40.88999938964844
2015-04-09,40.79999923706055,41.08000183105469,40.630001068115234,12710900,521782435.3023529,41.04999923706055
2015-04-10,41.09000015258789,41.15999984741211,40.84999847412109,8720000,356473609.31396484,40.880001068115234
2015-04-13,40.970001220703125,40.970001220703125,40.70000076293945,9616300,391383417.33665466,40.70000076293945
2015-04-14,40.59000015258789,40.650001525878906,40.31999969482422,11209700,454104928.1848908,40.5099983215332
2015-04-15,40.59000015258789,40.810001373291016,40.31999969482422,11189100,452039657.07321167,40.400001525878906
2015-04-16,40.40999984741211,40.86000061035156,40.29999923706055,13121000,532712579.9789429,40.59999847412109
2015-04-17,40.470001220703125,40.65999984741211,40.09999847412109,15330300,617811078.3039093,40.29999923706055
2015-04-20,40.41999816894531,40.900001525878906,40.40999984741211,13023700,529543640.0127411,40.65999984741211
2015-04-21,40.66999816894531,40.9900016784668,40.540000915527344,19673100,802268993.9849854,40.77999877929688
2015-04-22,41.560001373291016,41.56999969482422,41.06999969482422,26887200,1110710268.9239502,41.310001373291016
2015-04-23,41.22999954223633,41.40999984741211,40.91999816894531,17408800,712890373.2818604,40.95000076293945
2015-04-24,41.040000915527344,41.119998931884766,40.810001373291016,11623300,475276729.9057007,40.88999938964844
2015-04-27,41.0,41.150001525878906,40.77999877929688,10044600,410121036.3922119,40.83000183105469
2015-04-28,40.95000076293945,40.970001220703125,40.59999847412109,12174800,496366601.5731812,40.77000045776367
2015-04-29,40.65999984741211,40.75,40.400001525878906,11371400,460428005.0865173,40.4900016784668
2015-04-30,40.400001525878906,40.58000183105469,40.27999877929688,12700800,515144465.4418945,40.560001373291016
2015-05-01,40.58000183105469,40.93000030517578,40.5,10848300,443803951.3446808,40.90999984741211
2015-05-04,40.880001068115234,41.09999847412109,40.77000045776367,10204800,417988598.65722656,40.959999084472656
2015-05-05,41.13999938964844,41.13999938964844,40.68000030517578,11721300,477642975.0,40.75
2015-05-06,41.040000915527344,41.09000015258789,40.38999938964844,11906900,484134552.1831513,40.65999984741211
2015-05-07,40.52999877929688,40.90999984741211,40.5099983215332,13834700,563072300.5550385,40.70000076293945
2015-05-08,41.0,41.16999816894531,40.84999847412109,11144400,456697506.89849854,40.97999954223633
2015-05-11,40.97999954223633,41.38999938964844,40.880001068115234,10113500,414046676.1112213,40.93999862670898
2015-05-12,40.77000045776367,40.959999084472656,40.52000045776367,12384500,503925287.9924774,40.68999862670898
2015-05-13,40.75,41.36000061035156,40.720001220703125,13183700,541190874.9416351,41.04999923706055
2015-05-14,41.29999923706055,41.59999847412109,41.2599983215332,9961000,413381500.0,41.5
2015-05-15,41.45000076293945,41.68999862670898,41.43000030517578,8479000,352048083.8813782,41.52000045776367
2015-05-18,41.4900016784668,41.4900016784668,41.25,11511700,475663440.486908,41.31999969482422
2015-05-19,41.22999954223633,41.38999938964844,41.130001068115234,9072000,374764332.4584961,41.310001373291016
2015-05-20,41.369998931884766,41.59000015258789,41.310001373291016,10965200,453411003.2684326,41.34999847412109
2015-05-21,41.2599983215332,41.31999969482422,41.06999969482422,9270900,382239202.7561188,41.22999954223633
2015-05-22,41.119998931884766,41.2400016784668,41.040000915527344,11909500,490790484.0965271,41.209999084472656
2015-05-26,41.119998931884766,41.18000030517578,40.7400016784668,15194300,622814382.503128,40.9900016784668
2015-05-27,40.93999862670898,41.20000076293945,40.83000183105469,9863100,405570661.46507263,41.119998931884766
2015-05-28,41.20000076293945,41.29999923706055,40.880001068115234,9395200,386518522.265625,41.13999938964844
2015-05-29,41.18000030517578,41.18000030517578,40.77000045776367,19628600,803987438.02948,40.959999084472656
2015-06-01,41.36000061035156,41.40999984741211,40.880001068115234,12684100,519287036.5810394,40.93999862670898
2015-06-02,40.84000015258789,41.15999984741211,40.68000030517578,11878600,486903833.9378357,40.9900016784668
2015-06-03,41.09999847412109,41.209999084472656,40.77999877929688,8153800,333245797.290802,40.869998931884766
2015-06-04,40.709999084472656,40.97999954223633,40.52999877929688,10145800,411818023.5481262,40.59000015258789
2015-06-05,40.47999954223633,40.52000045776367,40.08000183105469,15975600,640621535.623169,40.09999847412109
2015-06-08,40.09999847412109,40.2599983215332,40.02000045776367,14339300,575866285.8119965,40.15999984741211
2015-06-09,40.16999816894531,40.41999816894531,40.11000061035156,10772700,433062548.21891785,40.20000076293945
2015-06-10,40.31999969482422,40.540000915527344,40.27999877929688,11979900,483149388.93585205,40.33000183105469
2015-06-11,40.11000061035156,40.25,40.02999877929688,11944900,478990471.77352905,40.09999847412109
2015-06-12,40.040000915527344,40.119998931884766,39.84000015258789,15568600,622121241.746521,39.959999084472656
2015-06-15,39.83000183105469,39.86000061035156,39.56999969482422,11364800,449932433.73413086,39.59000015258789
2015-06-16,39.630001068115234,40.15999984741211,39.59999847412109,12517400,501697414.920044,40.08000183105469
2015-06-17,40.08000183105469,40.31999969482422,40.0099983215332,13898400,559688574.3621826,40.27000045776367
2015-06-18,40.15999984741211,40.7400016784668,40.15999984741211,16314600,663188514.894104,40.650001525878906
2015-06-19,40.59000015258789,40.650001525878906,40.400001525878906,23550600,951444275.9353638,40.400001525878906
2015-06-22,40.5099983215332,40.810001373291016,40.459999084472656,8775900,355248427.9827118,40.47999954223633
2015-06-23,40.43000030517578,40.52000045776367,40.310001373291016,11094900,448012073.8506317,40.380001068115234
2015-06-24,40.369998931884766,40.45000076293945,40.18999862670898,10385100,417377154.7382355,40.18999862670898
2015-06-25,40.27999877929688,40.34000015258789,40.02000045776367,10607600,424516156.8557739,40.02000045776367
2015-06-26,40.09999847412109,40.34999847412109,40.0,16215600,648624000.0,40.0
2015-06-29,39.79999923706055,39.97999954223633,39.400001525878906,15500800,610731543.6523438,39.400001525878906
2015-06-30,39.61000061035156,39.61000061035156,39.119998931884766,14621300,573593592.3069,39.22999954223633
2015-07-01,39.380001068115234,39.59999847412109,39.27999877929688,11177400,441507300.0,39.5
2015-07-02,39.630001068115234,39.810001373291016,39.34999847412109,8975900,354458306.0657501,39.4900016784668
2015-07-06,39.31999969482422,39.59999847412109,39.220001220703125,10252600,404157473.2269287,39.41999816894531
2015-07-07,39.4900016784668,40.380001068115234,39.400001525878906,20335000,818483750.0,40.25
2015-07-08,39.9900016784668,40.22999954223633,39.84000015258789,11383700,453754288.9480591,39.86000061035156
2015-07-09,40.459999084472656,40.58000183105469,39.900001525878906,13392000,534608615.4785156,39.91999816894531
2015-07-10,40.27000045776367,40.52000045776367,40.15999984741211,13360400,539626547.845459,40.38999938964844
2015-07-13,40.560001373291016,40.77000045776367,40.4900016784668,9854200,400671770.4963684,40.65999984741211
2015-07-14,40.900001525878906,41.2599983215332,40.84000015258789,19531000,804091234.2376709,41.16999816894531
2015-07-15,41.150001525878906,41.36000061035156,41.09999847412109,11252100,462798885.0185394,41.130001068115234
2015-07-16,41.41999816894531,41.59999847412109,41.34999847412109,10483700,434863871.200943,41.47999954223633
2015-07-17,41.310001373291016,41.31999969482422,41.04999923706055,9608300,396342375.0,41.25
2015-07-20,41.34999847412109,41.540000915527344,41.220001220703125,10024200,414801406.70700073,41.380001068115234
2015-07-21,41.380001068115234,41.52000045776367,41.09999847412109,13653800,562400003.2493591,41.18999862670898
2015-07-22,40.810001373291016,41.59000015258789,40.59000015258789,15528600,635119763.6947632,40.900001525878906
2015-07-23,40.9900016784668,41.02000045776367,40.47999954223633,13522200,552246650.063324,40.84000015258789
2015-07-24,40.7599983215332,40.83000183105469,40.40999984741211,10912500,441301485.0139618,40.43999862670898
2015-07-27,40.27999877929688,40.58000183105469,40.15999984741211,10945700,443738688.0210877,40.540000915527344
2015-07-28,40.650001525878906,40.72999954223633,40.43999862670898,11021800,446933981.59103394,40.54999923706055
2015-07-29,40.52999877929688,40.709999084472656,40.4900016784668,8479900,344199142.29393005,40.59000015258789
2015-07-30,40.54999923706055,40.75,40.38999938964844,9095500,368913492.4907684,40.560001373291016
2015-07-31,40.880001068115234,41.220001220703125,40.77000045776367,15309500,628914288.0325317,41.08000183105469
2015-08-03,40.84999847412109,41.54999923706055,40.84000015258789,14672600,609499817.4331665,41.540000915527344
2015-08-04,41.5099983215332,41.869998931884766,41.34000015258789,17559900,734881788.205719,41.84999847412109
2015-08-05,41.91999816894531,42.220001220703125,41.81999969482422,15329200,645665887.626648,42.119998931884766
2015-08-06,42.0,42.25,41.86000061035156,11378900,477003467.1646118,41.91999816894531
2015-08-07,41.810001373291016,41.970001220703125,41.52999877929688,10886700,454737463.98353577,41.77000045776367
2015-08-10,41.88999938964844,41.9900016784668,41.58000183105469,9501900,396039194.89974976,41.68000030517578
2015-08-11,41.400001525878906,41.56999969482422,41.16999816894531,11254900,466853246.8479157,41.47999954223633
2015-08-12,41.130001068115234,41.2599983215332,40.84999847412109,9602200,396186755.8830261,41.2599983215332
2015-08-13,41.27999877929688,41.380001068115234,41.0099983215332,10270900,422133974.3278504,41.09999847412109
2015-08-14,41.0099983215332,41.25,40.959999084472656,9904800,408573000.0,41.25
2015-08-17,41.02999877929688,41.45000076293945,40.970001220703125,8272800,342080267.376709,41.34999847412109
2015-08-18,41.27999877929688,41.52999877929688,41.18999862670898,11199400,462535211.4555359,41.29999923706055
2015-08-19,41.13999938964844,41.2400016784668,40.77999877929688,15796500,644181250.7171631,40.77999877929688
2015-08-20,40.52000045776367,40.81999969482422,40.41999816894531,14218000,576539889.1525269,40.54999923706055
2015-08-21,40.15999984741211,40.470001220703125,39.5099983215332,28036200,1108270951.776123,39.52999877929688
2015-08-24,37.9900016784668,38.93999862670898,36.560001373291016,44065300,1691226261.0668182,38.380001068115234
2015-08-25,39.130001068115234,39.27999877929688,37.93000030517578,31363700,1191507015.642929,37.9900016784668
2015-08-26,38.75,38.83000183105469,37.88999938964844,23523300,911057398.2318878,38.72999954223633
2015-08-27,39.060001373291016,39.380001068115234,38.59999847412109,18871600,741087740.6387329,39.27000045776367
2015-08-28,39.11000061035156,39.470001220703125,39.04999923706055,14503900,572178866.0655975,39.45000076293945
2015-08-31,39.150001525878906,39.45000076293945,39.060001373291016,12673300,498314152.1324158,39.31999969482422
2015-09-01,38.66999816894531,39.02999877929688,38.540000915527344,23703200,918499000.0,38.75
2015-09-02,39.02999877929688,39.06999969482422,38.560001373291016,14054800,546731741.4459229,38.900001525878906
2015-09-03,38.900001525878906,39.34000015258789,38.84000015258789,13311600,521282253.96881104,39.15999984741211
2015-09-04,38.68000030517578,38.790000915527344,38.380001068115234,15450500,595153267.0726776,38.52000045776367
2015-09-08,38.869998931884766,39.02999877929688,38.59999847412109,15273900,594154733.3061218,38.900001525878906
2015-09-09,39.119998931884766,39.209999084472656,38.20000076293945,13764600,527184169.4984436,38.29999923706055
2015-09-10,38.310001373291016,38.650001525878906,38.25,14952500,574475022.6211548,38.41999816894531
2015-09-11,38.0099983215332,38.18999862670898,37.84000015258789,11802300,450021711.6062164,38.130001068115234
2015-09-14,38.220001220703125,38.220001220703125,37.84999847412109,8950000,340994986.3433838,38.09999847412109
2015-09-15,38.06999969482422,38.630001068115234,37.91999816894531,13019800,501262300.0,38.5
2015-09-16,38.66999816894531,39.18999862670898,38.470001220703125,22233400,870437643.9254761,39.150001525878906
2015-09-17,39.150001525878906,39.61000061035156,39.040000915527344,21232500,836135872.6787567,39.380001068115234
2015-09-18,38.86000061035156,39.29999923706055,38.709999084472656,27527300,1073014141.399002,38.97999954223633
2015-09-21,39.04999923706055,39.310001373291016,38.93999862670898,12935800,506953984.2353821,39.18999862670898
2015-09-22,38.68000030517578,38.9900016784668,38.58000183105469,15021300,582676240.7524109,38.790000915527344
2015-09-23,38.790000915527344,38.880001068115234,38.54999923706055,8910800,345382593.04351807,38.7599983215332
2015-09-24,38.52000045776367,39.20000076293945,38.5099983215332,19385700,758950184.5802307,39.150001525878906
2015-09-25,39.43000030517578,40.08000183105469,39.33000183105469,22511300,891897681.9553375,39.619998931884766
2015-09-28,39.52000045776367,39.81999969482422,39.33000183105469,19323100,763842119.4122314,39.52999877929688
2015-09-29,39.52000045776367,39.709999084472656,39.33000183105469,14166900,561859251.8383026,39.65999984741211
2015-09-30,39.880001068115234,40.22999954223633,39.79999923706055,19752600,792474290.901947,40.119998931884766
2015-10-01,40.220001220703125,40.470001220703125,39.59999847412109,19606600,780342665.0413513,39.79999923706055
2015-10-02,39.560001373291016,40.38999938964844,39.36000061035156,15537300,627551537.5167847,40.38999938964844
2015-10-05,40.45000076293945,41.04999923706055,40.43000030517578,15664000,642380613.7084961,41.0099983215332
2015-10-06,41.040000915527344,41.34000015258789,40.93000030517578,14579400,597172210.6521606,40.959999084472656
2015-10-07,41.13999938964844,41.61000061035156,41.09999847412109,14329700,594969150.5596161,41.52000045776367
2015-10-08,41.2599983215332,41.9900016784668,41.2599983215332,11960200,502089190.5250549,41.97999954223633
2015-10-09,41.81999969482422,42.119998931884766,41.77999877929688,13931200,585389030.3771973,42.02000045776367
2015-10-12,41.83000183105469,42.290000915527344,41.810001373291016,12299100,516562200.0,42.0
2015-10-13,41.79999923706055,41.90999984741211,41.540000915527344,12903600,537434959.689331,41.650001525878906
2015-10-14,41.560001373291016,41.959999084472656,41.560001373291016,14180000,591022404.3273926,41.68000030517578
2015-10-15,41.869998931884766,42.02999877929688,41.59999847412109,11801600,494723050.390625,41.91999816894531
2015-10-16,42.15999984741211,42.209999084472656,41.880001068115234,20384200,856544093.3311462,42.02000045776367
2015-10-19,41.900001525878906,42.060001373291016,41.79999923706055,15553800,653104088.1065369,41.9900016784668
2015-10-20,42.0,42.400001525878906,42.0,16199300,685068411.8309021,42.290000915527344
2015-10-21,41.93999862670898,42.52000045776367,41.709999084472656,19254900,812364204.5574188,42.18999862670898
2015-10-22,42.43999862670898,43.84999847412109,42.40999984741211,35920200,1553189508.290863,43.2400016784668
2015-10-23,43.310001373291016,43.310001373291016,42.75,18796100,804285136.2083435,42.790000915527344
2015-10-26,42.7599983215332,42.88999938964844,42.459999084472656,14788600,629846476.2565613,42.59000015258789
2015-10-27,42.5,42.77000045776367,42.47999954223633,30166600,1285398844.4122314,42.61000061035156
2015-10-28,42.75,42.84000015258789,42.209999084472656,13667300,584003722.7436066,42.72999954223633
2015-10-29,42.65999984741211,42.900001525878906,42.34000015258789,9427400,403398454.6310425,42.790000915527344
2015-10-30,42.79999923706055,42.86000061035156,42.34999847412109,15356200,650335046.5682983,42.34999847412109
2015-11-02,42.31999969482422,42.36000061035156,41.900001525878906,16252200,686492955.2787781,42.2400016784668
2015-11-03,42.18000030517578,42.31999969482422,41.810001373291016,9693100,408661094.5209503,42.15999984741211
2015-11-04,42.27000045776367,42.38999938964844,41.88999938964844,10488500,440202357.8033447,41.970001220703125
2015-11-05,42.0,42.34999847412109,41.97999954223633,9625100,407430500.6240845,42.33000183105469
2015-11-06,41.970001220703125,42.220001220703125,41.61000061035156,11926700,500444321.08078,41.959999084472656
2015-11-09,41.70000076293945,41.790000915527344,41.34000015258789,10842700,450405767.92678833,41.540000915527344
2015-11-10,41.43999862670898,41.810001373291016,41.43000030517578,8283100,345985090.7917023,41.77000045776367
2015-11-11,41.93999862670898,42.20000076293945,41.91999816894531,9101200,382614456.3323975,42.040000915527344
2015-11-12,42.0099983215332,42.04999923706055,41.56999969482422,10725000,445945519.6380615,41.58000183105469
2015-11-13,41.459999084472656,41.77999877929688,41.36000061035156,11619500,480814922.41096497,41.380001068115234
2015-11-16,41.43000030517578,42.0,41.38999938964844,11244900,471835993.7049866,41.959999084472656
2015-11-17,41.84999847412109,42.150001525878906,41.5099983215332,12739400,530850774.6734619,41.66999816894531
2015-11-18,41.77000045776367,42.34999847412109,41.68000030517578,12966300,548215148.1719971,42.27999877929688
2015-11-19,42.31999969482422,43.29999923706055,42.31999969482422,24090700,1038550091.7037964,43.11000061035156
2015-11-20,43.310001373291016,43.58000183105469,42.400001525878906,19780800,839299350.0366211,42.43000030517578
2015-11-23,42.54999923706055,43.18000030517578,42.52999877929688,13338100,573004763.7886047,42.959999084472656
2015-11-24,42.70000076293945,43.59999847412109,42.65999984741211,15767200,683665801.6235352,43.36000061035156
2015-11-25,43.31999969482422,43.5,43.2400016784668,10344900,448554870.3140259,43.36000061035156
2015-11-27,43.040000915527344,43.2400016784668,42.79999923706055,7236700,312263616.0423279,43.150001525878906
2015-11-30,43.119998931884766,43.150001525878906,42.61000061035156,16063000,684605042.842865,42.619998931884766
2015-12-01,42.72999954223633,43.09999847412109,42.72999954223633,11153000,478352163.192749,42.88999938964844
2015-12-02,42.83000183105469,42.93000030517578,42.59000015258789,12598500,538837850.7671356,42.77000045776367
2015-12-03,42.72999954223633,42.88999938964844,42.31999969482422,15004400,637086810.2630615,42.459999084472656
2015-12-04,42.58000183105469,43.47999954223633,42.58000183105469,16488000,713765535.0952148,43.290000915527344
2015-12-07,43.310001373291016,43.43999862670898,43.0,12030700,519726249.1786957,43.20000076293945
2015-12-08,43.04999923706055,43.25,42.79999923706055,10736200,461763943.9796448,43.0099983215332
2015-12-09,42.77999877929688,43.27000045776367,42.5,12945500,552255028.0246735,42.65999984741211
2015-12-10,42.72999954223633,43.06999969482422,42.52999877929688,15483300,662065882.011795,42.7599983215332
2015-12-11,42.630001068115234,42.83000183105469,42.13999938964844,17313400,731837425.9254456,42.27000045776367
2015-12-14,42.310001373291016,42.7599983215332,41.970001220703125,20092900,852943620.3296661,42.45000076293945
2015-12-15,42.84000015258789,43.2400016784668,42.7599983215332,17916400,771659342.5323486,43.06999969482422
2015-12-16,43.25,43.90999984741211,43.25,21868600,958719427.3368835,43.84000015258789
2015-12-17,43.810001373291016,43.88999938964844,43.41999816894531,14697000,639172554.6684265,43.4900016784668
2015-12-18,43.36000061035156,43.41999816894531,42.5,24583700,1044807250.0,42.5
2015-12-21,42.81999969482422,42.93999862670898,42.459999084472656,10444400,446811419.2504883,42.77999877929688
2015-12-22,42.86000061035156,43.38999938964844,42.709999084472656,12280800,531635843.2434082,43.290000915527344
2015-12-23,43.38999938964844,43.72999954223633,43.34999847412109,9092300,397060724.3515015,43.66999816894531
2015-12-24,43.4900016784668,43.720001220703125,43.41999816894531,3036600,132213566.78009032,43.540000915527344
2015-12-28,43.43999862670898,43.52000045776367,43.310001373291016,6326100,275122099.6181488,43.4900016784668
2015-12-29,43.540000915527344,43.77999877929688,43.5,7739800,338306650.91400146,43.709999084472656
2015-12-30,43.75,43.77000045776367,43.45000076293945,5112500,222751623.4397888,43.56999969482422
2015-12-31,43.29999923706055,43.34000015258789,42.869998931884766,9727900,417910575.0938416,42.959999084472656
2016-01-04,42.34000015258789,42.5,41.970001220703125,16084100,681965864.5423889,42.400001525878906
2016-01-05,42.310001373291016,42.630001068115234,42.16999816894531,15781900,671519832.9593658,42.54999923706055
2016-01-06,42.20000076293945,42.5099983215332,42.040000915527344,16245100,687492627.0423889,42.31999969482422
2016-01-07,41.650001525878906,42.11000061035156,41.45000076293945,20563600,855857010.0357056,41.619998931884766
2016-01-08,41.650001525878906,42.119998931884766,41.40999984741211,14645900,607951284.4173431,41.5099983215332
2016-01-11,41.58000183105469,41.86000061035156,41.290000915527344,15815200,657596044.9584961,41.58000183105469
2016-01-12,42.29999923706055,42.45000076293945,41.869998931884766,21814800,918839352.6992798,42.119998931884766
2016-01-13,42.16999816894531,42.56999969482422,41.790000915527344,16854300,705352429.2823792,41.84999847412109
2016-01-14,41.9900016784668,42.16999816894531,41.63999938964844,16028000,671252657.119751,41.880001068115234
2016-01-15,40.95000076293945,41.59000015258789,40.93000030517578,21153600,877874400.0,41.5
2016-01-19,41.77000045776367,42.119998931884766,41.650001525878906,15462200,648175395.6878662,41.91999816894531
2016-01-20,41.45000076293945,41.619998931884766,40.75,19923500,824434451.2805939,41.380001068115234
2016-01-21,41.45000076293945,41.5099983215332,41.09000015258789,15568900,644396761.4974976,41.38999938964844
2016-01-22,41.63999938964844,42.2400016784668,41.45000076293945,15209200,639698972.8866577,42.060001373291016
2016-01-25,42.2400016784668,42.5,41.93000030517578,12505200,527219230.0918579,42.15999984741211
2016-01-26,42.15999984741211,42.5,41.93000030517578,13018500,547818503.8375854,42.08000183105469
2016-01-27,42.18000030517578,42.459999084472656,41.810001373291016,14167000,596289032.1617126,42.09000015258789
2016-01-28,42.18000030517578,42.720001220703125,42.060001373291016,16622800,707632590.927124,42.56999969482422
2016-01-29,42.86000061035156,43.2599983215332,42.650001525878906,20457000,878014402.5421143,42.91999816894531
2016-02-01,42.59999847412109,43.150001525878906,42.56999969482422,17097800,735205400.0,43.0
2016-02-02,42.70000076293945,42.790000915527344,42.40999984741211,12332900,523408259.0633392,42.43999862670898
2016-02-03,42.79999923706055,42.93999862670898,42.27999877929688,15958300,681738595.4803467,42.720001220703125
2016-02-04,42.52000045776367,42.88999938964844,42.400001525878906,14413700,613014643.4051514,42.52999877929688
2016-02-05,42.93000030517578,42.9900016784668,42.2599983215332,17315700,734878284.2205048,42.43999862670898
2016-02-08,42.16999816894531,42.70000076293945,41.900001525878906,17254400,735900186.328125,42.650001525878906
2016-02-09,42.2599983215332,43.4900016784668,42.2599983215332,24853800,1076169521.0380554,43.29999923706055
2016-02-10,43.34000015258789,43.38999938964844,42.5099983215332,16729600,711844467.2363281,42.54999923706055
2016-02-11,42.02999877929688,42.61000061035156,41.97999954223633,16825300,713560970.432663,42.40999984741211
2016-02-12,42.720001220703125,43.13999938964844,42.560001373291016,15222400,656237673.2910156,43.11000061035156
2016-02-16,43.31999969482422,43.459999084472656,43.02000045776367,12675900,549627031.7367554,43.36000061035156
2016-02-17,43.41999816894531,43.619998931884766,43.27999877929688,12332500,536340445.6996918,43.4900016784668
2016-02-18,43.630001068115234,43.72999954223633,43.29999923706055,11170300,487136789.81781006,43.61000061035156
2016-02-19,43.58000183105469,43.77000045776367,43.27999877929688,12850000,562444505.8822632,43.77000045776367
2016-02-22,43.77000045776367,44.15999984741211,43.630001068115234,20716100,910265405.550766,43.93999862670898
2016-02-23,43.7400016784668,44.04999923706055,43.65999984741211,11166400,487860000.6652832,43.68999862670898
2016-02-24,43.560001373291016,43.93999862670898,43.369998931884766,10844200,476168820.3453064,43.90999984741211
2016-02-25,43.959999084472656,44.18000030517578,43.869998931884766,10903300,481489726.33628845,44.15999984741211
2016-02-26,44.040000915527344,44.060001373291016,43.11000061035156,18421000,794681928.7567139,43.13999938964844
2016-02-29,43.16999816894531,43.61000061035156,42.91999816894531,15049800,649097890.0749207,43.130001068115234
2016-03-01,43.380001068115234,43.68999862670898,43.16999816894531,12358300,539934110.0284576,43.68999862670898
2016-03-02,43.470001220703125,43.77000045776367,43.41999816894531,12856300,562720256.8851471,43.77000045776367
2016-03-03,43.61000061035156,43.97999954223633,43.540000915527344,13134800,577405795.9747314,43.959999084472656
2016-03-04,43.77999877929688,44.150001525878906,43.68000030517578,13691500,603932073.3566284,44.11000061035156
2016-03-07,43.90999984741211,44.13999938964844,43.86000061035156,10695300,470700135.04829407,44.0099983215332
2016-03-08,43.91999816894531,44.470001220703125,43.810001373291016,18900200,837656858.2321167,44.31999969482422
2016-03-09,44.38999938964844,44.83000183105469,44.290000915527344,18466600,827488371.3600159,44.810001373291016
2016-03-10,44.84000015258789,45.2599983215332,44.68000030517578,28908600,1307535964.766693,45.22999954223633
2016-03-11,45.0,45.25,44.93000030517578,16129300,729044372.3056793,45.20000076293945
2016-03-14,45.040000915527344,45.41999816894531,45.040000915527344,13206700,598131455.091095,45.290000915527344
2016-03-15,45.08000183105469,45.560001373291016,45.06999969482422,13686300,619168234.9720001,45.2400016784668
2016-03-16,45.04999923706055,45.16999816894531,44.54999923706055,15386100,693143793.2613373,45.04999923706055
2016-03-17,45.04999923706055,45.90999984741211,44.970001220703125,24080000,1102141611.0229492,45.77000045776367
2016-03-18,45.84000015258789,45.869998931884766,45.38999938964844,23853400,1087715003.6026,45.59999847412109
2016-03-21,45.41999816894531,45.869998931884766,45.36000061035156,9740400,444844050.1647949,45.66999816894531
2016-03-22,45.54999923706055,45.72999954223633,45.38999938964844,13788300,627367650.0,45.5
2016-03-23,45.400001525878906,45.709999084472656,45.34999847412109,9292100,422418857.4928284,45.459999084472656
2016-03-24,45.45000076293945,45.59999847412109,45.18999862670898,10890200,496375335.94055176,45.58000183105469
2016-03-28,45.560001373291016,45.93000030517578,45.5099983215332,13306600,609442269.8478699,45.79999923706055
2016-03-29,45.86000061035156,46.5099983215332,45.810001373291016,25010400,1162483380.5511477,46.47999954223633
2016-03-30,46.630001068115234,46.72999954223633,46.33000183105469,14312200,666662302.2064209,46.58000183105469
2016-03-31,46.54999923706055,46.880001068115234,46.31999969482422,15544500,721109345.5123901,46.38999938964844
2016-04-01,46.13999938964844,46.869998931884766,46.11000061035156,14922900,698839434.324646,46.83000183105469
2016-04-04,46.84000015258789,46.93000030517578,46.5,10629800,498431315.51208496,46.88999938964844
2016-04-05,46.619998931884766,46.810001373291016,46.43999862670898,10696700,497717437.9425049,46.52999877929688
2016-04-06,46.56999969482422,46.72999954223633,46.380001068115234,9122700,426121308.6479187,46.709999084472656
2016-04-07,46.5,46.58000183105469,46.15999984741211,9292000,430777125.6713867,46.36000061035156
2016-04-08,46.43999862670898,46.97999954223633,46.43999862670898,11959300,560532378.2260895,46.869998931884766
2016-04-11,46.900001525878906,47.130001068115234,46.40999984741211,11880100,551711827.6851654,46.43999862670898
2016-04-12,46.40999984741211,46.7599983215332,46.34999847412109,11219100,523371032.118988,46.650001525878906
2016-04-13,46.77000045776367,46.77999877929688,45.81999969482422,13234100,609297976.1161804,46.040000915527344
2016-04-14,46.060001373291016,46.220001220703125,45.75,12982200,594974249.7711182,45.83000183105469
2016-04-15,45.81999969482422,46.15999984741211,45.68000030517578,13647800,629163559.1751099,46.09999847412109
2016-04-18,46.09999847412109,46.27999877929688,45.81999969482422,11538100,533290996.0845947,46.220001220703125
2016-04-19,46.310001373291016,46.619998931884766,46.150001525878906,14418300,671892757.9994202,46.59999847412109
2016-04-20,45.34000015258789,45.380001068115234,44.060001373291016,40360300,1790786467.8905487,44.369998931884766
2016-04-21,44.2599983215332,44.27999877929688,42.869998931884766,37206900,1624453248.3226776,43.65999984741211
2016-04-22,43.790000915527344,44.65999984741211,43.790000915527344,25134200,1119477291.0110474,44.540000915527344
2016-04-25,44.5,44.720001220703125,44.380001068115234,11173800,499580587.77008057,44.709999084472656
2016-04-26,44.91999816894531,44.959999084472656,44.43000030517578,13935500,620547797.9888916,44.52999877929688
2016-04-27,44.63999938964844,44.86000061035156,44.25,11335500,506470143.45932007,44.68000030517578
2016-04-28,44.5,44.900001525878906,44.459999084472656,10932500,487917486.6771698,44.630001068115234
2016-04-29,44.52999877929688,44.86000061035156,44.5,11716000,524876791.06140137,44.79999923706055
2016-05-02,44.56999969482422,45.18999862670898,44.56999969482422,12577500,565735944.2424774,44.97999954223633
2016-05-03,44.869998931884766,45.06999969482422,44.650001525878906,10420500,467255221.5900421,44.84000015258789
2016-05-04,44.720001220703125,45.11000061035156,44.5099983215332,9350500,420585485.7196808,44.97999954223633
2016-05-05,44.93000030517578,45.4900016784668,44.869998931884766,8801100,396577578.0864716,45.060001373291016
2016-05-06,45.060001373291016,45.40999984741211,44.91999816894531,8564000,388120477.3864746,45.31999969482422
2016-05-09,45.31999969482422,45.5,45.16999816894531,8110600,366923557.6133728,45.2400016784668
2016-05-10,45.43999862670898,45.84000015258789,45.41999816894531,8933500,408707625.0,45.75
2016-05-11,45.72999954223633,45.880001068115234,45.45000076293945,8833100,401552717.9130554,45.459999084472656
2016-05-12,45.54999923706055,45.900001525878906,45.4900016784668,10463400,479537641.1590576,45.83000183105469
2016-05-13,45.75,45.83000183105469,45.22999954223633,10341200,468973404.22058105,45.34999847412109
2016-05-16,45.15999984741211,45.72999954223633,45.13999938964844,9413600,429448421.9451904,45.619998931884766
2016-05-17,45.45000076293945,45.560001373291016,44.709999084472656,17457000,781200750.0,44.75
2016-05-18,44.560001373291016,44.83000183105469,44.22999954223633,12524300,557080858.2668304,44.47999954223633
2016-05-19,44.25,44.38999938964844,44.040000915527344,10659500,472429036.7469788,44.31999969482422
2016-05-20,44.5099983215332,44.540000915527344,43.93999862670898,12914100,567574704.8526764,43.95000076293945
2016-05-23,44.06999969482422,44.15999984741211,43.93999862670898,13554700,596000175.5462646,43.970001220703125
2016-05-24,44.09999847412109,44.41999816894531,44.0,12634200,560579440.5052185,44.369998931884766
2016-05-25,44.5099983215332,44.630001068115234,44.25,9218100,409099287.845993,44.380001068115234
2016-05-26,44.52999877929688,44.77000045776367,44.43999862670898,8695800,388615290.058136,44.68999862670898
2016-05-27,44.709999084472656,44.959999084472656,44.650001525878906,7893900,353488832.3638916,44.77999877929688
2016-05-31,44.97999954223633,44.97999954223633,44.2599983215332,18935200,844509891.1071777,44.59999847412109
2016-06-01,44.59999847412109,44.77999877929688,44.4900016784668,8916000,398545206.80236816,44.70000076293945
2016-06-02,44.70000076293945,44.720001220703125,44.5,6693900,299351216.17126465,44.720001220703125
2016-06-03,44.75,45.04999923706055,44.68000030517578,13434900,605107908.3000183,45.040000915527344
2016-06-06,45.09000015258789,45.47999954223633,45.08000183105469,10310600,467791910.9870911,45.369998931884766
2016-06-07,45.34999847412109,45.47999954223633,45.20000076293945,9812600,444707029.0054321,45.31999969482422
2016-06-08,45.2400016784668,45.65999984741211,45.18999862670898,7915400,360546463.96102905,45.54999923706055
2016-06-09,45.33000183105469,45.79999923706055,45.310001373291016,8042900,368043090.5002594,45.7599983215332
2016-06-10,45.619998931884766,46.0099983215332,45.560001373291016,12357000,568298450.7408142,45.9900016784668
2016-06-13,45.47999954223633,45.66999816894531,45.09000015258789,10613500,478881108.66355896,45.119998931884766
2016-06-14,44.84999847412109,45.130001068115234,44.43999862670898,11298200,508870938.34381104,45.040000915527344
2016-06-15,45.119998931884766,45.34000015258789,44.880001068115234,8360400,376301589.9673462,45.0099983215332
2016-06-16,44.869998931884766,45.34000015258789,44.720001220703125,11305400,512247689.52560425,45.310001373291016
2016-06-17,45.16999816894531,45.220001220703125,44.380001068115234,20805400,931873885.0479126,44.790000915527344
2016-06-20,45.09000015258789,45.310001373291016,44.959999084472656,10712400,481843747.0962525,44.97999954223633
2016-06-21,45.15999984741211,45.27999877929688,45.0,7919400,357402530.4588318,45.130001068115234
2016-06-22,45.25,45.33000183105469,44.810001373291016,10738900,481747060.5545044,44.86000061035156
2016-06-23,45.02999877929688,45.16999816894531,44.84000015258789,9655300,435260941.6793823,45.08000183105469
2016-06-24,44.20000076293945,44.560001373291016,43.81999969482422,26003700,1142342548.9356997,43.93000030517578
2016-06-27,43.66999816894531,43.88999938964844,43.31999969482422,15779500,690826490.737915,43.77999877929688
2016-06-28,44.060001373291016,44.18999862670898,43.66999816894531,16509800,729402969.0383911,44.18000030517578
2016-06-29,44.38999938964844,44.709999084472656,44.2400016784668,12250900,544429979.1759491,44.43999862670898
2016-06-30,44.52000045776367,45.33000183105469,44.4900016784668,16056500,727841174.4003296,45.33000183105469
2016-07-01,45.33000183105469,45.40999984741211,45.06999969482422,11799700,532402451.3965607,45.119998931884766
2016-07-05,45.15999984741211,45.66999816894531,45.150001525878906,12339100,560565316.7655945,45.43000030517578
2016-07-06,45.5,45.54999923706055,44.91999816894531,10902600,493560706.9908142,45.27000045776367
2016-07-07,45.41999816894531,45.52000045776367,44.970001220703125,9741100,439226200.4863739,45.09000015258789
2016-07-08,45.29999923706055,45.52000045776367,45.06999969482422,11127100,504947809.885025,45.380001068115234
2016-07-11,45.34999847412109,45.77000045776367,45.11000061035156,10937800,498435542.66204834,45.56999969482422
2016-07-12,45.63999938964844,45.709999084472656,45.18000030517578,9739000,443903637.8326416,45.58000183105469
2016-07-13,45.61000061035156,45.7599983215332,45.43000030517578,8028400,367219029.4754028,45.7400016784668
2016-07-14,45.72999954223633,45.93999862670898,45.58000183105469,7621200,348212617.5338745,45.68999862670898
2016-07-15,45.880001068115234,45.900001525878906,45.43999862670898,10621000,484636241.3444519,45.630001068115234
2016-07-18,45.68999862670898,45.70000076293945,45.47999954223633,7958300,363137237.5003815,45.630001068115234
2016-07-19,45.459999084472656,45.709999084472656,45.43000030517578,7761100,354139001.28974915,45.630001068115234
2016-07-20,45.75,45.77000045776367,45.38999938964844,8478200,385842867.7696228,45.5099983215332
2016-07-21,45.34000015258789,45.5099983215332,45.2599983215332,8045100,365649801.1379242,45.45000076293945
2016-07-22,45.5,45.84000015258789,45.459999084472656,8836100,404958479.1793823,45.83000183105469
2016-07-25,45.810001373291016,45.83000183105469,45.470001220703125,9134300,416250048.21243286,45.56999969482422
2016-07-26,45.52999877929688,45.650001525878906,44.83000183105469,15819900,709997128.8974762,44.880001068115234
2016-07-27,43.900001525878906,44.060001373291016,43.09999847412109,37461100,1625811797.1611023,43.400001525878906
2016-07-28,43.27000045776367,43.68999862670898,43.220001220703125,13077800,570845989.9551392,43.650001525878906
2016-07-29,43.720001220703125,43.75,43.47999954223633,16530500,721225732.6564789,43.630001068115234
2016-08-01,43.68999862670898,43.83000183105469,43.43000030517578,12349700,536594474.42207336,43.45000076293945
2016-08-02,43.34999847412109,43.58000183105469,43.310001373291016,12825200,558280940.3442383,43.52999877929688
2016-08-03,43.65999984741211,43.70000076293945,43.369998931884766,12119100,528877516.6030884,43.63999938964844
2016-08-04,43.560001373291016,43.79999923706055,43.400001525878906,11244100,489230772.1271515,43.5099983215332
2016-08-05,43.650001525878906,43.75,43.40999984741211,10398200,452113731.2400818,43.47999954223633
2016-08-08,43.43000030517578,43.52000045776367,43.220001220703125,8680300,377072220.079422,43.43999862670898
2016-08-09,43.5,43.63999938964844,43.380001068115234,7281300,316518119.88830566,43.470001220703125
2016-08-10,43.63999938964844,43.68999862670898,43.5,8412100,366851686.1343384,43.61000061035156
2016-08-11,43.720001220703125,43.869998931884766,43.619998931884766,11303300,494519375.0,43.75
2016-08-12,43.90999984741211,44.18999862670898,43.790000915527344,10928900,481199453.6590576,44.02999877929688
2016-08-15,44.09999847412109,44.33000183105469,44.0099983215332,10390600,459680161.4402771,44.2400016784668
2016-08-16,44.25,44.25,43.83000183105469,9706100,425418380.7723999,43.83000183105469
2016-08-17,44.0099983215332,44.06999969482422,43.77999877929688,11208500,493846525.3925324,44.060001373291016
2016-08-18,44.0099983215332,44.2599983215332,44.0,9144300,403263616.0469055,44.09999847412109
2016-08-19,44.04999923706055,44.060001373291016,43.7400016784668,9385900,412228710.8139038,43.91999816894531
2016-08-22,43.93999862670898,43.95000076293945,43.72999954223633,8687500,379991264.5816803,43.7400016784668
2016-08-23,43.84999847412109,43.97999954223633,43.7400016784668,8421100,369265222.15042114,43.84999847412109
2016-08-24,43.81999969482422,43.93999862670898,43.65999984741211,11508900,504665247.43881226,43.84999847412109
2016-08-25,43.84999847412109,43.93999862670898,43.630001068115234,9815700,428651601.0269165,43.66999816894531
2016-08-26,43.720001220703125,43.91999816894531,43.310001373291016,11824900,512254664.3913269,43.31999969482422
2016-08-29,43.34000015258789,43.61000061035156,43.33000183105469,9544600,415571892.7383423,43.540000915527344
2016-08-30,43.459999084472656,43.52999877929688,43.119998931884766,9720100,420297140.3148651,43.2400016784668
2016-08-31,43.43000030517578,43.459999084472656,43.08000183105469,10217900,443763400.1182556,43.43000030517578
2016-09-01,43.209999084472656,43.40999984741211,43.20000076293945,8457800,366645617.0944214,43.34999847412109
2016-09-02,43.52000045776367,43.83000183105469,43.470001220703125,9026000,394075158.6227417,43.65999984741211
2016-09-06,43.7400016784668,43.79999923706055,43.400001525878906,8600400,376611523.87390137,43.790000915527344
2016-09-07,43.720001220703125,43.79999923706055,43.52999877929688,8656600,377774018.71643066,43.63999938964844
2016-09-08,43.66999816894531,43.72999954223633,43.45000076293945,10020400,437190062.7029419,43.630001068115234
2016-09-09,43.43000030517578,43.43000030517578,42.27000045776367,23624200,998594944.8143004,42.27000045776367
2016-09-12,42.36000061035156,43.22999954223633,42.34000015258789,15932300,688116015.1203156,43.18999862670898
2016-09-13,42.77000045776367,42.77000045776367,42.209999084472656,12962700,548062940.1763916,42.27999877929688
2016-09-14,42.27000045776367,42.40999984741211,41.9900016784668,9823900,413684434.9960327,42.11000061035156
2016-09-15,42.0099983215332,42.38999938964844,41.880001068115234,10158500,430314066.2002564,42.36000061035156
2016-09-16,42.16999816894531,42.2599983215332,41.970001220703125,16354000,689157550.0183105,42.13999938964844
2016-09-19,42.15999984741211,42.369998931884766,42.08000183105469,7659900,322481778.31192017,42.09999847412109
2016-09-20,42.310001373291016,42.52999877929688,42.2400016784668,8407200,355960849.2828369,42.34000015258789
2016-09-21,42.27999877929688,42.61000061035156,42.09999847412109,13654700,580734374.331665,42.52999877929688
2016-09-22,42.709999084472656,43.0099983215332,42.68999862670898,9288300,399025359.4963074,42.959999084472656
2016-09-23,42.810001373291016,42.93999862670898,42.650001525878906,8852700,378364412.858963,42.7400016784668
2016-09-26,42.709999084472656,42.720001220703125,42.0099983215332,15036000,632263788.5284424,42.04999923706055
2016-09-27,42.18999862670898,42.630001068115234,42.0,11920400,507689837.8189087,42.59000015258789
2016-09-28,42.630001068115234,42.7599983215332,42.02999877929688,15523800,654328193.687439,42.150001525878906
2016-09-29,42.02000045776367,42.38999938964844,41.84999847412109,12671700,532591535.5316162,42.02999877929688
2016-09-30,42.209999084472656,42.5,42.060001373291016,14375700,608379619.6128845,42.31999969482422
2016-10-03,42.310001373291016,42.310001373291016,41.88999938964844,11152800,468752170.3857422,42.02999877929688
2016-10-04,42.34000015258789,42.34000015258789,41.77999877929688,13682700,572484170.0878143,41.84000015258789
2016-10-05,41.93000030517578,42.06999969482422,41.66999816894531,9607300,401681226.1936188,41.810001373291016
2016-10-06,41.68000030517578,41.93999862670898,41.58000183105469,9722900,405542150.0984192,41.709999084472656
2016-10-07,41.83000183105469,41.93999862670898,41.56999969482422,8122800,338964440.28167725,41.72999954223633
2016-10-10,41.91999816894531,41.9900016784668,41.59999847412109,8983600,374885623.8876343,41.72999954223633
2016-10-11,41.65999984741211,41.70000076293945,41.400001525878906,12249100,508827625.214386,41.540000915527344
2016-10-12,41.630001068115234,41.84000015258789,41.5,12216300,510396999.0875244,41.77999877929688
2016-10-13,41.650001525878906,41.88999938964844,41.5099983215332,17655600,737297826.3656616,41.7599983215332
2016-10-14,41.84999847412109,41.90999984741211,41.619998931884766,9893800,412274627.88391113,41.66999816894531
2016-10-17,41.72999954223633,41.86000061035156,41.56999969482422,10792500,448967983.5319519,41.59999847412109
2016-10-18,41.810001373291016,42.0,41.72999954223633,11297300,474147694.7906494,41.970001220703125
2016-10-19,41.93000030517578,42.119998931884766,41.810001373291016,16367400,688249157.5126648,42.04999923706055
2016-10-20,41.970001220703125,42.11000061035156,41.88999938964844,10620500,445317568.2411194,41.93000030517578
2016-10-21,41.84999847412109,42.16999816894531,41.68000030517578,14401500,606735210.3824615,42.130001068115234
2016-10-24,42.31999969482422,42.77000045776367,42.25,13439200,571972370.4559326,42.560001373291016
2016-10-25,42.63999938964844,42.880001068115234,42.43000030517578,16484700,701259153.0921936,42.540000915527344
2016-10-26,43.0,43.02999877929688,42.40999984741211,16886200,716650304.8103333,42.43999862670898
2016-10-27,42.630001068115234,42.650001525878906,41.900001525878906,14537000,612298424.4728088,42.119998931884766
2016-10-28,42.2599983215332,42.470001220703125,42.09999847412109,13398400,565814425.8666992,42.22999954223633
2016-10-31,42.119998931884766,42.40999984741211,42.119998931884766,13327500,565086020.3361511,42.400001525878906
2016-11-01,42.400001525878906,42.43000030517578,41.90999984741211,12223400,514849594.9440002,42.119998931884766
2016-11-02,42.09999847412109,42.34000015258789,42.0099983215332,12034300,506042305.81855774,42.04999923706055
2016-11-03,42.220001220703125,42.220001220703125,41.959999084472656,11258000,473173726.2573242,42.02999877929688
2016-11-04,41.84999847412109,42.040000915527344,41.68999862670898,14464200,603012478.1364441,41.68999862670898
2016-11-07,42.040000915527344,42.5,42.040000915527344,14038500,596074697.1473694,42.459999084472656
2016-11-08,42.369998931884766,42.97999954223633,42.369998931884766,12036600,516129420.85647583,42.880001068115234
2016-11-09,41.7599983215332,42.31999969482422,41.70000076293945,21351000,902506779.7737122,42.27000045776367
2016-11-10,41.86000061035156,42.2599983215332,40.84999847412109,33245500,1361070724.3442535,40.93999862670898
2016-11-11,40.95000076293945,41.130001068115234,40.630001068115234,13421000,550663613.6169434,41.02999877929688
2016-11-14,41.130001068115234,41.41999816894531,40.84999847412109,19514200,803399578.2684326,41.16999816894531
2016-11-15,41.18000030517578,41.52000045776367,41.16999816894531,16554000,685997737.2665405,41.43999862670898
2016-11-16,41.400001525878906,41.650001525878906,41.15999984741211,12681400,523234542.7146912,41.2599983215332
2016-11-17,41.27999877929688,41.29999923706055,41.0,12398800,509838642.7566528,41.119998931884766
2016-11-18,41.02999877929688,41.20000076293945,40.900001525878906,16345300,668686220.5059052,40.90999984741211
2016-11-21,40.90999984741211,41.36000061035156,40.72999954223633,12307000,509017527.5115967,41.36000061035156
2016-11-22,41.45000076293945,41.70000076293945,41.2400016784668,12743500,527198581.3884735,41.369998931884766
2016-11-23,41.220001220703125,41.310001373291016,41.02999877929688,9281300,381647046.0865021,41.119998931884766
2016-11-25,41.38999938964844,41.58000183105469,41.2400016784668,7402300,307417509.96398926,41.52999877929688
2016-11-28,41.5099983215332,41.790000915527344,41.27000045776367,19424400,810968700.0,41.75
2016-11-29,41.52000045776367,41.52000045776367,41.13999938964844,11421900,470011202.4284363,41.150001525878906
2016-11-30,41.0,41.20000076293945,40.34999847412109,22410400,904259605.8044434,40.34999847412109
2016-12-01,40.310001373291016,40.38999938964844,39.880001068115234,20409900,819865645.6283569,40.16999816894531
2016-12-02,40.29999923706055,40.4900016784668,40.18999862670898,11176300,451075474.82147217,40.36000061035156
2016-12-05,40.34000015258789,40.68999862670898,40.310001373291016,15977800,649018218.9338684,40.619998931884766
2016-12-06,40.75,40.77000045776367,40.41999816894531,11303500,458582991.5504456,40.56999969482422
2016-12-07,40.540000915527344,41.290000915527344,40.5099983215332,13726500,566767197.5669861,41.290000915527344
2016-12-08,41.06999969482422,41.209999084472656,40.84999847412109,13077100,535899552.0137787,40.97999954223633
2016-12-09,41.5,42.220001220703125,41.290000915527344,28125800,1181283600.0,42.0
2016-12-12,42.0,42.0099983215332,41.720001220703125,17561900,735843636.7973328,41.900001525878906
2016-12-13,41.720001220703125,41.959999084472656,41.540000915527344,18986000,792855328.1326294,41.7599983215332
2016-12-14,41.88999938964844,41.9900016784668,41.060001373291016,17937900,739220842.5773621,41.209999084472656
2016-12-15,41.09999847412109,41.810001373291016,41.09999847412109,14265300,592723204.1164398,41.54999923706055
2016-12-16,41.61000061035156,41.7599983215332,41.47999954223633,19675200,821242881.0241699,41.7400016784668
2016-12-19,41.68999862670898,41.79999923706055,41.58000183105469,8687300,361999775.0930786,41.66999816894531
2016-12-20,41.70000076293945,41.720001220703125,41.43999862670898,10603500,441741808.3820343,41.65999984741211
2016-12-21,41.59999847412109,41.83000183105469,41.52000045776367,9693600,402962949.0417481,41.56999969482422
2016-12-22,41.56999969482422,41.619998931884766,41.08000183105469,11894100,494199845.92552185,41.54999923706055
2016-12-23,41.619998931884766,41.68999862670898,41.34999847412109,6436600,267762550.17852783,41.59999847412109
2016-12-27,41.560001373291016,41.7599983215332,41.540000915527344,6999200,291236716.27197266,41.61000061035156
2016-12-28,41.4900016784668,41.66999816894531,41.38999938964844,8988000,372013314.51416016,41.38999938964844
2016-12-29,41.380001068115234,41.68999862670898,41.380001068115234,6875300,286012469.5091248,41.59999847412109
2016-12-30,41.68999862670898,41.84000015258789,41.34999847412109,11470200,475554481.4987183,41.459999084472656
2017-01-03,41.5,41.810001373291016,41.27999877929688,14711000,614919788.7763977,41.79999923706055
2017-01-04,41.880001068115234,41.970001220703125,41.59000015258789,9959400,414809025.1968384,41.650001525878906
2017-01-05,41.65999984741211,41.86000061035156,41.52999877929688,8968300,374426525.0,41.75
2017-01-06,41.70000076293945,41.810001373291016,41.540000915527344,10246600,427693101.1985779,41.7400016784668
2017-01-09,41.22999954223633,41.58000183105469,41.209999084472656,14822500,612465695.476532,41.31999969482422
2017-01-10,41.43999862670898,41.43999862670898,40.86000061035156,19706800,808767090.0421143,41.040000915527344
2017-01-11,40.84999847412109,41.119998931884766,40.83000183105469,9266200,380377502.9304504,41.04999923706055
2017-01-12,41.0099983215332,41.040000915527344,40.79999923706055,8541200,349762146.51641846,40.95000076293945
2017-01-13,41.0,41.040000915527344,40.68999862670898,8123500,332088688.6768341,40.880001068115234
2017-01-17,40.84000015258789,41.29999923706055,40.79999923706055,12469400,513988683.2214356,41.220001220703125
2017-01-18,41.25,41.380001068115234,41.13999938964844,10390500,429023754.51278687,41.290000915527344
2017-01-19,41.13999938964844,41.290000915527344,41.02999877929688,10987100,452009287.2940064,41.13999938964844
2017-01-20,41.27000045776367,41.43999862670898,41.130001068115234,14695400,607213923.5153198,41.31999969482422
2017-01-23,41.310001373291016,41.5,41.209999084472656,11628900,481785330.5488586,41.43000030517578
2017-01-24,41.470001220703125,41.970001220703125,41.470001220703125,17040100,713980216.0011292,41.900001525878906
2017-01-25,41.93999862670898,42.25,41.900001525878906,12538200,528108970.6077576,42.119998931884766
2017-01-26,42.02999877929688,42.11000061035156,41.790000915527344,8976800,375320020.3277588,41.810001373291016
2017-01-27,41.90999984741211,41.95000076293945,41.41999816894531,12967400,537498739.8933411,41.45000076293945
2017-01-30,41.29999923706055,41.47999954223633,41.209999084472656,11626200,481092168.4181213,41.380001068115234
2017-01-31,41.38999938964844,41.68999862670898,41.36000061035156,12678000,527024456.1309815,41.56999969482422
2017-02-01,41.52000045776367,41.65999984741211,41.25,11136100,459475467.3084259,41.2599983215332
2017-02-02,41.40999984741211,41.4900016784668,41.25,9459700,391631594.4343567,41.400001525878906
2017-02-03,41.58000183105469,41.790000915527344,41.459999084472656,11882400,493594906.8786621,41.540000915527344
2017-02-06,41.52999877929688,41.66999816894531,41.400001525878906,15742800,654270789.6194458,41.560001373291016
2017-02-07,41.70000076293945,41.97999954223633,41.66999816894531,13315200,557906900.3173828,41.900001525878906
2017-02-08,41.90999984741211,42.150001525878906,41.84000015258789,14219700,597511800.5092621,42.02000045776367
2017-02-09,42.02000045776367,42.02000045776367,40.720001220703125,27240300,1123662375.0,41.25
2017-02-10,41.02000045776367,41.20000076293945,40.54999923706055,28847300,1170623486.820984,40.58000183105469
2017-02-13,40.77000045776367,40.83000183105469,40.5,23617100,959326576.7742156,40.619998931884766
2017-02-14,40.380001068115234,40.59999847412109,40.220001220703125,32177800,1304166194.720459,40.52999877929688
2017-02-15,40.41999816894531,40.630001068115234,40.400001525878906,26600800,1075736315.4693604,40.43999862670898
2017-02-16,40.54999923706055,41.27999877929688,40.5,22214800,915249776.9485474,41.20000076293945
2017-02-17,41.130001068115234,41.36000061035156,41.04999923706055,15065100,621134066.1037445,41.22999954223633
2017-02-21,41.20000076293945,41.5,41.20000076293945,17072600,707829980.3695679,41.459999084472656
2017-02-22,41.5099983215332,41.68000030517578,41.400001525878906,11186800,465370862.93029785,41.59999847412109
2017-02-23,41.66999816894531,42.0,41.619998931884766,12856800,535614286.038208,41.65999984741211
2017-02-24,41.70000076293945,41.90999984741211,41.59999847412109,13215300,552135217.868042,41.77999877929688
2017-02-27,41.75,41.75,41.59000015258789,12186400,507807265.6860352,41.66999816894531
2017-02-28,41.68000030517578,42.06999969482422,41.63999938964844,15946800,669127713.4002686,41.959999084472656
2017-03-01,42.0099983215332,42.34999847412109,41.880001068115234,14662000,618149917.7627563,42.15999984741211
2017-03-02,42.08000183105469,42.560001373291016,42.06999969482422,15507600,658607790.9301758,42.470001220703125
2017-03-03,42.470001220703125,42.4900016784668,42.25,11740000,498715194.6258545,42.47999954223633
2017-03-06,42.34000015258789,42.43000030517578,42.119998931884766,16307800,687863008.9767456,42.18000030517578
2017-03-07,42.0,42.2400016784668,41.95000076293945,11273700,473382681.9225311,41.9900016784668
2017-03-08,42.0,42.02999877929688,41.7400016784668,14636000,614565664.56604,41.9900016784668
2017-03-09,42.09000015258789,42.11000061035156,41.91999816894531,14496400,609283674.3041992,42.02999877929688
2017-03-10,42.22999954223633,42.400001525878906,42.150001525878906,16369700,692274627.986908,42.290000915527344
2017-03-13,41.91999816894531,42.119998931884766,41.84000015258789,12831500,539307929.3365479,42.02999877929688
2017-03-14,41.97999954223633,42.09999847412109,41.83000183105469,9844500,413173677.0172119,41.970001220703125
2017-03-15,41.97999954223633,42.27999877929688,41.970001220703125,22757800,958558511.6920472,42.119998931884766
2017-03-16,42.02999877929688,42.38999938964844,41.900001525878906,16004200,676177450.0,42.25
2017-03-17,42.27999877929688,42.34999847412109,42.0099983215332,37526500,1577238749.1912842,42.02999877929688
2017-03-20,42.09999847412109,42.34000015258789,42.06999969482422,11484200,484403559.5046997,42.18000030517578
2017-03-21,42.310001373291016,42.630001068115234,42.209999084472656,17187300,730460250.0,42.5
2017-03-22,42.560001373291016,42.70000076293945,42.25,11605500,491841102.39601135,42.380001068115234
2017-03-23,42.209999084472656,42.38999938964844,42.060001373291016,11503300,485094139.9368286,42.16999816894531
2017-03-24,42.22999954223633,42.25,41.90999984741211,13804400,581441313.25531,42.119998931884766
2017-03-27,42.11000061035156,42.34000015258789,42.04999923706055,12387400,524234764.2196655,42.31999969482422
2017-03-28,42.2400016784668,42.560001373291016,42.2400016784668,14123800,599272838.3102417,42.43000030517578
2017-03-29,42.5099983215332,42.52999877929688,42.290000915527344,9580100,406387824.458313,42.41999816894531
2017-03-30,42.34999847412109,42.619998931884766,42.2599983215332,11999900,511195721.6896057,42.59999847412109
2017-03-31,42.54999923706055,42.650001525878906,42.43000030517578,11551800,490258376.1360169,42.43999862670898
2017-04-03,42.58000183105469,42.630001068115234,42.27000045776367,11240000,476688398.2849121,42.40999984741211
2017-04-04,42.5099983215332,42.68999862670898,42.369998931884766,10946200,467183819.3405152,42.68000030517578
2017-04-05,42.650001525878906,42.86000061035156,42.52999877929688,10142800,431778992.9046631,42.56999969482422
2017-04-06,42.58000183105469,42.7599983215332,42.470001220703125,14597800,622888099.2706299,42.66999816894531
2017-04-07,42.63999938964844,42.7400016784668,42.5099983215332,11028800,469937174.7314453,42.61000061035156
2017-04-10,42.72999954223633,42.79999923706055,42.560001373291016,9426900,402434348.0541229,42.68999862670898
2017-04-11,42.68000030517578,42.75,42.52000045776367,8909400,380075002.6405335,42.65999984741211
2017-04-12,42.540000915527344,42.9900016784668,42.5099983215332,13417200,576134549.5742798,42.93999862670898
2017-04-13,42.869998931884766,43.08000183105469,42.77999877929688,9891900,423274410.0563049,42.790000915527344
2017-04-17,42.790000915527344,43.06999969482422,42.77999877929688,11318100,487470563.54599,43.06999969482422
2017-04-18,43.11000061035156,43.59000015258789,43.09000015258789,13181600,573135961.9659424,43.47999954223633
2017-04-19,43.7400016784668,43.790000915527344,43.18999862670898,13893100,600598706.6402435,43.22999954223633
2017-04-20,43.20000076293945,43.29999923706055,43.04999923706055,10838300,467022348.6537933,43.09000015258789
2017-04-21,42.97999954223633,43.09999847412109,42.88999938964844,13833800,595821761.7782593,43.06999969482422
2017-04-24,43.2400016784668,43.43000030517578,43.150001525878906,16703800,722940443.6096191,43.27999877929688
2017-04-25,42.84999847412109,43.43000030517578,42.81999969482422,18745100,808101272.4411011,43.11000061035156
2017-04-26,43.060001373291016,43.43000030517578,42.97999954223633,13626600,589214206.8717957,43.2400016784668
2017-04-27,43.16999816894531,43.27999877929688,42.91999816894531,10386200,446710444.56710815,43.0099983215332
2017-04-28,42.959999084472656,43.20000076293945,42.84999847412109,10337800,446076085.77423096,43.150001525878906
2017-05-01,43.150001525878906,43.5,43.09999847412109,13208200,570858420.123291,43.220001220703125
2017-05-02,43.220001220703125,43.43999862670898,43.15999984741211,11823900,513039013.78326416,43.38999938964844
2017-05-03,43.33000183105469,43.4900016784668,43.150001525878906,10389000,450051476.8295288,43.31999969482422
2017-05-04,43.41999816894531,43.810001373291016,43.400001525878906,10193100,445030744.4446564,43.65999984741211
2017-05-05,43.790000915527344,43.84000015258789,43.560001373291016,8133000,355330758.83102417,43.68999862670898
2017-05-08,43.59000015258789,43.90999984741211,43.540000915527344,14284300,626937918.2815552,43.88999938964844
2017-05-09,43.88999938964844,43.88999938964844,43.380001068115234,8694400,378293329.4067383,43.5099983215332
2017-05-10,43.47999954223633,43.619998931884766,43.36000061035156,7597700,331031786.681366,43.56999969482422
2017-05-11,43.4900016784668,43.68000030517578,43.43000030517578,6860100,299580554.43878174,43.66999816894531
2017-05-12,43.63999938964844,43.68000030517578,43.459999084472656,7275800,317152123.110199,43.59000015258789
2017-05-15,43.459999084472656,43.7599983215332,43.459999084472656,8493000,371398886.11221313,43.72999954223633
2017-05-16,43.869998931884766,44.11000061035156,43.77000045776367,10454100,458412269.0483093,43.84999847412109
2017-05-17,43.84999847412109,44.16999816894531,43.709999084472656,14538800,638689488.4368896,43.93000030517578
2017-05-18,43.869998931884766,43.959999084472656,43.63999938964844,13832200,605850349.4468689,43.79999923706055
2017-05-19,43.84999847412109,44.0,43.7599983215332,11796800,517879538.0004883,43.900001525878906
2017-05-22,43.88999938964844,44.220001220703125,43.810001373291016,12857900,568062025.9239197,44.18000030517578
2017-05-23,44.25,44.59999847412109,44.209999084472656,11996100,532506871.6781616,44.38999938964844
2017-05-24,44.5099983215332,45.09000015258789,44.5099983215332,12738300,573605633.4503174,45.02999877929688
2017-05-25,45.0,45.47999954223633,44.970001220703125,16704200,758537719.4511414,45.40999984741211
2017-05-26,45.34999847412109,45.560001373291016,45.33000183105469,11341400,514786139.0777588,45.38999938964844
2017-05-30,45.15999984741211,45.459999084472656,45.11000061035156,13093500,594837708.9958191,45.43000030517578
2017-05-31,45.43000030517578,45.70000076293945,45.369998931884766,14148000,643309577.2705078,45.470001220703125
2017-06-01,45.45000076293945,45.790000915527344,45.22999954223633,11049300,505947457.1159363,45.790000915527344
2017-06-02,45.83000183105469,45.88999938964844,45.61000061035156,9923700,455398586.9430542,45.88999938964844
2017-06-05,45.77999877929688,45.9900016784668,45.68999862670898,10015200,460599064.8101807,45.9900016784668
2017-06-06,45.900001525878906,46.060001373291016,45.77999877929688,9836700,452291461.4971161,45.97999954223633
2017-06-07,45.5,45.70000076293945,45.34999847412109,12776300,581449391.5554047,45.5099983215332
2017-06-08,45.5099983215332,45.5099983215332,45.02999877929688,12879000,581229283.7562561,45.130001068115234
2017-06-09,45.060001373291016,45.34999847412109,44.970001220703125,9358800,424140813.1439209,45.31999969482422
2017-06-12,45.31999969482422,45.47999954223633,45.20000076293945,11228500,508987925.5599976,45.33000183105469
2017-06-13,45.0,45.11000061035156,44.79999923706055,10023400,451353689.7644043,45.02999877929688
2017-06-14,45.18000030517578,45.470001220703125,45.15999984741211,11497500,520836741.2281037,45.29999923706055
2017-06-15,45.18000030517578,45.34000015258789,45.040000915527344,9908700,448368675.0,45.25
2017-06-16,45.310001373291016,45.34999847412109,45.0099983215332,27025300,1224516380.1136017,45.310001373291016
2017-06-19,45.34999847412109,45.380001068115234,45.09999847412109,7624700,346008894.1440582,45.380001068115234
2017-06-20,45.34999847412109,45.869998931884766,45.31999969482422,14920900,680542258.1069946,45.61000061035156
2017-06-21,45.619998931884766,45.68000030517578,45.16999816894531,9515800,430304487.6159668,45.220001220703125
2017-06-22,45.16999816894531,45.27999877929688,45.02999877929688,7446300,335604738.7275696,45.06999969482422
2017-06-23,45.04999923706055,45.380001068115234,45.02999877929688,9544800,431902200.0,45.25
2017-06-26,45.31999969482422,45.5099983215332,45.29999923706055,7747100,351950755.3642273,45.43000030517578
2017-06-27,45.34000015258789,45.400001525878906,45.0,11432200,515020601.2779236,45.04999923706055
2017-06-28,45.25,45.5,45.22999954223633,9218800,417796013.1866455,45.31999969482422
2017-06-29,45.130001068115234,45.2400016784668,44.650001525878906,9283500,416179321.9985962,44.83000183105469
2017-06-30,44.88999938964844,45.119998931884766,44.84999847412109,9352800,419473065.72875977,44.84999847412109
2017-07-03,45.11000061035156,45.27000045776367,44.7599983215332,6434500,288008209.1999054,44.7599983215332
2017-07-05,44.790000915527344,44.9900016784668,44.72999954223633,6853600,307178349.90844727,44.81999969482422
2017-07-06,44.720001220703125,44.84999847412109,44.290000915527344,13113000,582217220.0088501,44.400001525878906
2017-07-07,44.470001220703125,44.52000045776367,44.2400016784668,9566000,424634734.16137695,44.38999938964844
2017-07-10,44.45000076293945,44.58000183105469,44.22999954223633,9672000,429243370.33081055,44.380001068115234
2017-07-11,44.31999969482422,44.47999954223633,44.150001525878906,10300700,456630049.861145,44.33000183105469
2017-07-12,44.59000015258789,44.77000045776367,44.43999862670898,7737400,344391661.013031,44.5099983215332
2017-07-13,44.4900016784668,44.52999877929688,44.369998931884766,6371900,283103518.9445496,44.43000030517578
2017-07-14,44.52000045776367,44.720001220703125,44.5,8558700,382402718.611908,44.68000030517578
2017-07-17,44.65999984741211,44.790000915527344,44.61000061035156,7189200,321572912.7090454,44.72999954223633
2017-07-18,44.77999877929688,44.84999847412109,44.619998931884766,9037200,403691707.4523926,44.66999816894531
2017-07-19,44.66999816894531,44.84000015258789,44.54999923706055,6986900,313222739.793396,44.83000183105469
2017-07-20,44.900001525878906,44.97999954223633,44.75,7430300,333026043.7324524,44.81999969482422
2017-07-21,44.77999877929688,45.06999969482422,44.66999816894531,8545600,384808357.5683594,45.02999877929688
2017-07-24,45.040000915527344,45.04999923706055,44.83000183105469,9103600,408205425.3890991,44.84000015258789
2017-07-25,45.02000045776367,45.290000915527344,44.93999862670898,14096300,637716635.6601715,45.2400016784668
2017-07-26,44.54999923706055,45.790000915527344,44.310001373291016,13608900,622471108.8420868,45.7400016784668
2017-07-27,45.79999923706055,46.43000030517578,45.70000076293945,15195200,700802607.7697754,46.119998931884766
2017-07-28,46.0,46.119998931884766,45.72999954223633,11945300,549603232.9502106,46.0099983215332
2017-07-31,46.0,46.08000183105469,45.790000915527344,13622900,624473738.0786896,45.84000015258789
2017-08-01,45.970001220703125,46.060001373291016,45.650001525878906,10306800,471020767.8634644,45.70000076293945
2017-08-02,45.59999847412109,46.0,45.380001068115234,10187900,464466362.5545502,45.59000015258789
2017-08-03,45.650001525878906,45.95000076293945,45.630001068115234,14261400,651318111.8865967,45.66999816894531
2017-08-04,45.66999816894531,45.7599983215332,45.470001220703125,9523600,433323800.0,45.5
2017-08-07,45.52000045776367,45.7599983215332,45.5,6226300,284168328.19976807,45.63999938964844
2017-08-08,45.63999938964844,45.81999969482422,45.54999923706055,5747900,262104231.22940063,45.59999847412109
2017-08-09,45.560001373291016,45.65999984741211,45.33000183105469,9635300,439273328.4702301,45.59000015258789
2017-08-10,45.560001373291016,45.84000015258789,45.459999084472656,8901600,407159198.94104,45.7400016784668
2017-08-11,45.86000061035156,45.900001525878906,45.56999969482422,8357600,381022985.27526855,45.59000015258789
2017-08-14,45.66999816894531,45.93999862670898,45.619998931884766,8421200,385690953.5751343,45.79999923706055
2017-08-15,45.79999923706055,46.25,45.79999923706055,9638100,445183825.7640839,46.18999862670898
2017-08-16,46.150001525878906,46.34000015258789,46.119998931884766,8087300,373633266.1701202,46.20000076293945
2017-08-17,46.119998931884766,46.33000183105469,45.84999847412109,8477000,388755225.1739502,45.86000061035156
2017-08-18,45.79999923706055,45.900001525878906,45.630001068115234,10879800,496880446.0784912,45.66999816894531
2017-08-21,45.66999816894531,45.79999923706055,45.560001373291016,9429700,430748698.87771606,45.68000030517578
2017-08-22,45.70000076293945,45.75,45.540000915527344,10536700,480473503.9222717,45.59999847412109
2017-08-23,45.630001068115234,45.65999984741211,45.43999862670898,6528400,297303341.9769287,45.540000915527344
2017-08-24,45.540000915527344,45.61000061035156,45.310001373291016,7534400,342137102.8503418,45.40999984741211
2017-08-25,45.59999847412109,45.7599983215332,45.560001373291016,8807100,401339544.3122864,45.56999969482422
2017-08-28,45.630001068115234,45.68999862670898,45.380001068115234,8024000,364450065.3076172,45.41999816894531
2017-08-29,45.400001525878906,45.56999969482422,45.25,7762200,352791995.9220886,45.45000076293945
2017-08-30,45.36000061035156,45.540000915527344,45.290000915527344,7134900,323853106.64520264,45.38999938964844
2017-08-31,45.400001525878906,45.650001525878906,45.34000015258789,14264600,649752519.1169739,45.54999923706055
2017-09-01,45.63999938964844,45.79999923706055,45.540000915527344,7391200,338369126.97753906,45.77999877929688
2017-09-05,45.75,45.93000030517578,45.650001525878906,9916700,455374845.84198,45.91999816894531
2017-09-06,45.97999954223633,46.040000915527344,45.790000915527344,9238900,424619835.5415344,45.959999084472656
2017-09-07,46.0099983215332,46.31999969482422,45.959999084472656,9418400,435883540.5029297,46.27999877929688
2017-09-08,46.18999862670898,46.369998931884766,46.02000045776367,10534900,487765861.9625092,46.29999923706055
2017-09-11,46.34999847412109,46.59000015258789,46.220001220703125,10430300,485217560.7746124,46.52000045776367
2017-09-12,46.5,46.75,46.45000076293945,8567600,400278282.4584961,46.720001220703125
2017-09-13,46.68000030517578,46.97999954223633,46.650001525878906,10218000,478917649.08599854,46.869998931884766
2017-09-14,46.400001525878906,46.470001220703125,45.93999862670898,13768800,634879376.4038086,46.11000061035156
2017-09-15,46.29999923706055,46.36000061035156,46.0,16141400,745409856.9259644,46.18000030517578
2017-09-18,46.150001525878906,46.2400016784668,45.90999984741211,8535300,393562688.2095337,46.11000061035156
2017-09-19,46.13999938964844,46.18999862670898,45.88999938964844,7297900,335557438.6592865,45.97999954223633
2017-09-20,45.7599983215332,46.150001525878906,45.54999923706055,11026600,504797734.5397949,45.77999877929688
2017-09-21,45.709999084472656,45.790000915527344,45.36000061035156,7555300,343010631.5284729,45.400001525878906
2017-09-22,45.45000076293945,45.630001068115234,45.369998931884766,8024800,365048165.4693604,45.4900016784668
2017-09-25,45.5,45.7599983215332,45.34999847412109,9215300,421047044.3447113,45.68999862670898
2017-09-26,45.68999862670898,45.869998931884766,45.560001373291016,6480100,295298155.0224304,45.56999969482422
2017-09-27,45.470001220703125,45.5,44.380001068115234,14816200,661395158.9569092,44.63999938964844
2017-09-28,44.66999816894531,45.0,44.650001525878906,8789500,394736443.6588288,44.90999984741211
2017-09-29,44.86000061035156,45.11000061035156,44.790000915527344,10082200,453799805.07736206,45.0099983215332
2017-10-02,45.04999923706055,45.27000045776367,44.75,10707800,479709431.8305969,44.79999923706055
2017-10-03,44.86000061035156,45.2599983215332,44.7599983215332,12038100,544001722.4681854,45.18999862670898
2017-10-04,45.11000061035156,45.560001373291016,44.93999862670898,14060300,639743650.0,45.5
2017-10-05,45.5099983215332,45.75,45.5,10215300,465000460.6761933,45.52000045776367
2017-10-06,45.38999938964844,45.52000045776367,45.27999877929688,5437900,247370080.1273346,45.4900016784668
2017-10-09,45.54999923706055,45.650001525878906,45.34000015258789,5268300,239233502.1961212,45.40999984741211
2017-10-10,45.59999847412109,45.900001525878906,45.52999877929688,6310400,289458041.2597656,45.869998931884766
2017-10-11,45.880001068115234,46.09999847412109,45.869998931884766,6638200,306021009.87091064,46.09999847412109
2017-10-12,45.97999954223633,46.13999938964844,45.93999862670898,7710200,355517326.7059326,46.11000061035156
2017-10-13,46.25,46.380001068115234,46.150001525878906,7126000,329078682.1746826,46.18000030517578
2017-10-16,46.119998931884766,46.75,46.09999847412109,12708600,592474918.4257507,46.619998931884766
2017-10-17,46.52999877929688,46.630001068115234,46.310001373291016,7699400,358176091.5245056,46.52000045776367
2017-10-18,46.40999984741211,46.540000915527344,46.2400016784668,6272200,291030089.5706177,46.400001525878906
2017-10-19,46.369998931884766,46.790000915527344,46.31999969482422,7515500,350147146.1467743,46.59000015258789
2017-10-20,46.58000183105469,46.59000015258789,46.27999877929688,9646800,447418594.3038941,46.380001068115234
2017-10-23,46.380001068115234,46.650001525878906,46.22999954223633,7153600,331354749.81689453,46.31999969482422
2017-10-24,46.2599983215332,46.290000915527344,45.95000076293945,9539500,440534112.9112244,46.18000030517578
2017-10-25,46.369998931884766,46.7599983215332,45.93000030517578,11994200,552332900.8491516,46.04999923706055
2017-10-26,46.31999969482422,46.75,46.220001220703125,10569100,488609488.16185,46.22999954223633
2017-10-27,46.130001068115234,46.33000183105469,45.90999984741211,9988000,460147156.9519043,46.06999969482422
2017-10-30,46.0,46.06999969482422,45.81999969482422,7201900,330279138.3956909,45.86000061035156
2017-10-31,45.91999816894531,46.16999816894531,45.84000015258789,6560500,301651786.99684143,45.97999954223633
2017-11-01,45.75,46.09000015258789,45.630001068115234,7067600,323696074.6078491,45.79999923706055
2017-11-02,45.810001373291016,45.95000076293945,45.75,8317800,381620672.8843689,45.880001068115234
2017-11-03,45.970001220703125,46.15999984741211,45.91999816894531,4730400,217456493.7744141,45.970001220703125
2017-11-06,45.90999984741211,45.91999816894531,45.41999816894531,7451300,338810620.0958252,45.470001220703125
2017-11-07,45.40999984741211,45.95000076293945,45.310001373291016,9868000,453335906.44836426,45.93999862670898
2017-11-08,45.97999954223633,46.18999862670898,45.869998931884766,7586900,350363044.31533813,46.18000030517578
2017-11-09,46.119998931884766,46.38999938964844,46.02000045776367,6532400,301992849.0097046,46.22999954223633
2017-11-10,46.20000076293945,46.63999938964844,46.13999938964844,8022900,373385773.3451843,46.540000915527344
2017-11-13,46.59999847412109,46.81999969482422,46.540000915527344,7653600,357576201.34277344,46.720001220703125
2017-11-14,46.709999084472656,47.47999954223633,46.619998931884766,17200700,815829206.2492371,47.43000030517578
2017-11-15,47.31999969482422,47.459999084472656,46.77999877929688,12419100,581338088.0550385,46.810001373291016
2017-11-16,46.95000076293945,46.97999954223633,46.5099983215332,12506400,582172910.458374,46.54999923706055
2017-11-17,46.34000015258789,46.380001068115234,45.25,19720700,901433178.94516,45.709999084472656
2017-11-20,45.650001525878906,45.880001068115234,45.41999816894531,19160900,871054496.4576721,45.459999084472656
2017-11-21,45.560001373291016,45.95000076293945,45.540000915527344,10280800,470655011.4501953,45.77999877929688
2017-11-22,45.88999938964844,45.93000030517578,45.540000915527344,8434400,386632897.2869873,45.84000015258789
2017-11-24,45.88999938964844,46.04999923706055,45.86000061035156,2996300,137470247.20039368,45.880001068115234
2017-11-27,45.880001068115234,45.9900016784668,45.810001373291016,5649200,259298288.61999512,45.900001525878906
2017-11-28,45.9900016784668,46.150001525878906,45.77999877929688,8432800,386475239.440918,45.83000183105469
2017-11-29,45.77000045776367,45.81999969482422,45.209999084472656,16502100,750845550.0,45.5
2017-11-30,45.13999938964844,45.84000015258789,45.02999877929688,17147600,784845659.8495483,45.77000045776367
2017-12-01,45.79999923706055,46.02000045776367,45.209999084472656,12468800,573190751.2207031,45.970001220703125
2017-12-04,45.9900016784668,46.380001068115234,45.77000045776367,17523600,810116019.9783325,46.22999954223633
2017-12-05,46.25,46.43999862670898,46.060001373291016,13670800,632411185.0540161,46.2599983215332
2017-12-06,46.36000061035156,46.47999954223633,46.2599983215332,8154000,378753306.2210083,46.45000076293945
2017-12-07,46.290000915527344,46.31999969482422,45.720001220703125,9106500,416895558.883667,45.77999877929688
2017-12-08,45.70000076293945,45.72999954223633,45.04999923706055,13238600,599840984.1804504,45.310001373291016
2017-12-11,45.310001373291016,45.40999984741211,44.91999816894531,9698700,439642088.7588501,45.33000183105469
2017-12-12,45.25,45.52000045776367,45.060001373291016,13999300,634028309.816742,45.290000915527344
2017-12-13,45.45000076293945,46.04999923706055,45.400001525878906,12418700,570018348.9494324,45.900001525878906
2017-12-14,45.810001373291016,46.16999816894531,45.79999923706055,9029000,415604858.9782715,46.02999877929688
2017-12-15,46.290000915527344,46.41999816894531,46.040000915527344,21181600,978378074.911499,46.18999862670898
2017-12-18,46.20000076293945,46.380001068115234,45.90999984741211,10156800,466501827.0996094,45.93000030517578
2017-12-19,46.040000915527344,46.380001068115234,45.90999984741211,8253200,380720124.8153687,46.130001068115234
2017-12-20,46.209999084472656,46.29999923706055,45.959999084472656,7311000,336890893.3868408,46.08000183105469
2017-12-21,46.13999938964844,46.220001220703125,45.560001373291016,9657100,440363745.2644348,45.59999847412109
2017-12-22,45.68999862670898,45.72999954223633,45.54999923706055,5406300,246473217.8249359,45.59000015258789
2017-12-26,45.70000076293945,45.86000061035156,45.61000061035156,6100400,279459332.3776245,45.810001373291016
2017-12-27,45.900001525878906,45.93999862670898,45.720001220703125,5660600,259991359.72747803,45.93000030517578
2017-12-28,45.90999984741211,45.9900016784668,45.63999938964844,6538900,298958515.98205566,45.720001220703125
2017-12-29,45.70000076293945,46.18000030517578,45.68999862670898,8371500,384084428.9417267,45.880001068115234
2018-01-02,45.90999984741211,45.93999862670898,45.5099983215332,10872200,495119997.9537964,45.540000915527344
2018-01-03,45.4900016784668,45.68999862670898,45.34000015258789,12635600,574161646.647644,45.43999862670898
2018-01-04,45.560001373291016,46.220001220703125,45.45000076293945,12709400,585649175.2716064,46.08000183105469
2018-01-05,46.02000045776367,46.20000076293945,45.790000915527344,13113100,604120512.9981995,46.06999969482422
2018-01-08,45.95000076293945,46.09999847412109,45.880001068115234,7068600,325155600.0,46.0
2018-01-09,46.0,46.36000061035156,45.93999862670898,9962400,460561747.4395752,46.22999954223633
2018-01-10,46.22999954223633,46.2599983215332,45.93000030517578,10700700,492981245.7344055,46.06999969482422
2018-01-11,46.22999954223633,46.22999954223633,45.86000061035156,7583200,349130534.9426269,46.040000915527344
2018-01-12,46.27999877929688,46.38999938964844,46.02999877929688,14570100,672410137.2322083,46.150001525878906
2018-01-16,46.150001525878906,46.619998931884766,46.13999938964844,16459300,765851208.908081,46.52999877929688
2018-01-17,46.58000183105469,47.0,46.54999923706055,12143100,568539938.29422,46.81999969482422
2018-01-18,46.75,47.06999969482422,46.61000061035156,11952900,560351964.7670746,46.880001068115234
2018-01-19,46.9900016784668,47.25,46.869998931884766,16187400,763397781.5299988,47.15999984741211
2018-01-22,47.13999938964844,47.5,47.09000015258789,9577400,453777222.2297669,47.380001068115234
2018-01-23,47.209999084472656,47.70000076293945,47.130001068115234,11463700,543952573.746109,47.45000076293945
2018-01-24,47.52999877929688,47.95000076293945,47.47999954223633,15964500,763582064.2318726,47.83000183105469
2018-01-25,47.70000076293945,48.0,47.70000076293945,11755000,562359201.7936707,47.84000015258789
2018-01-26,47.77999877929688,48.619998931884766,47.7400016784668,16671200,809053315.6494141,48.52999877929688
2018-01-29,48.209999084472656,48.459999084472656,47.58000183105469,11662600,556306028.8978577,47.70000076293945
2018-01-30,47.72999954223633,48.15999984741211,47.400001525878906,12404800,588111566.1071777,47.40999984741211
2018-01-31,47.45000076293945,47.900001525878906,47.369998931884766,10960100,521591160.67237854,47.59000015258789
2018-02-01,47.40999984741211,47.72999954223633,47.11000061035156,10279400,487757537.8425598,47.45000076293945
2018-02-02,47.34999847412109,47.40999984741211,46.630001068115234,12912300,603391773.0892181,46.72999954223633
2018-02-05,46.650001525878906,46.91999816894531,44.40999984741211,23261500,1044208720.8023072,44.88999938964844
2018-02-06,43.869998931884766,44.7400016784668,43.43999862670898,25184300,1124982634.8861694,44.66999816894531
2018-02-07,44.58000183105469,45.5,44.27999877929688,18041600,803933720.7763672,44.560001373291016
2018-02-08,44.619998931884766,44.619998931884766,43.06999969482422,23295300,1004027394.4541932,43.09999847412109
2018-02-09,43.36000061035156,43.459999084472656,42.18999862670898,22853100,985654227.4097444,43.130001068115234
2018-02-12,43.560001373291016,44.22999954223633,43.369998931884766,14689000,645875347.9309082,43.970001220703125
2018-02-13,43.91999816894531,44.40999984741211,43.68999862670898,13163200,581681789.9230957,44.18999862670898
2018-02-14,44.02000045776367,44.18999862670898,43.630001068115234,13457900,593493369.4648743,44.09999847412109
2018-02-15,44.25,44.83000183105469,44.119998931884766,13467300,603065677.5604248,44.77999877929688
2018-02-16,45.56999969482422,45.63999938964844,44.720001220703125,17202300,773759446.125412,44.97999954223633
2018-02-20,44.75,44.83000183105469,43.93999862670898,14137300,621899850.7289886,43.9900016784668
2018-02-21,44.11000061035156,44.2599983215332,43.33000183105469,12792900,554444287.9520416,43.34000015258789
2018-02-22,43.43000030517578,43.81999969482422,43.220001220703125,12377800,538681861.6661072,43.52000045776367
2018-02-23,43.58000183105469,44.060001373291016,43.41999816894531,8277200,364527895.5780029,44.040000915527344
2018-02-26,44.22999954223633,44.38999938964844,43.810001373291016,12713300,559766583.480835,44.02999877929688
2018-02-27,44.150001525878906,44.310001373291016,43.619998931884766,12774400,557219314.3554688,43.619998931884766
2018-02-28,43.83000183105469,43.90999984741211,43.220001220703125,11929400,515588682.5622559,43.220001220703125
2018-03-01,43.09999847412109,43.63999938964844,42.81999969482422,17746800,770743529.4158936,43.43000030517578
2018-03-02,43.25,43.79999923706055,43.2400016784668,14050100,614270389.151001,43.720001220703125
2018-03-05,43.56999969482422,43.93999862670898,43.5,11992700,526359595.6802368,43.88999938964844
2018-03-06,43.95000076293945,44.04999923706055,43.59000015258789,10010500,439761268.05496216,43.93000030517578
2018-03-07,43.59000015258789,43.91999816894531,43.470001220703125,10881700,476836090.6791687,43.81999969482422
2018-03-08,43.900001525878906,44.459999084472656,43.79999923706055,12361100,549450904.4307709,44.45000076293945
2018-03-09,44.56999969482422,44.81999969482422,44.38999938964844,9778600,438276849.0158081,44.81999969482422
2018-03-12,44.95000076293945,45.09000015258789,44.33000183105469,11857700,528023366.52526855,44.52999877929688
2018-03-13,44.66999816894531,44.83000183105469,44.400001525878906,11342100,505517393.5386658,44.56999969482422
2018-03-14,44.380001068115234,44.43000030517578,43.72999954223633,15321200,670762117.2973633,43.77999877929688
2018-03-15,43.880001068115234,44.0,43.54999923706055,12456700,543984066.1911011,43.66999816894531
2018-03-16,43.70000076293945,44.02000045776367,43.45000076293945,26603300,1156179393.6439514,43.459999084472656
2018-03-19,43.459999084472656,43.709999084472656,43.18000030517578,12380300,535571757.2200775,43.2599983215332
2018-03-20,43.31999969482422,43.47999954223633,43.0099983215332,13559800,585240965.9309387,43.15999984741211
2018-03-21,43.130001068115234,43.45000076293945,42.790000915527344,13054000,561322000.0,43.0
2018-03-22,42.880001068115234,43.369998931884766,42.70000076293945,12274100,524840495.3983307,42.7599983215332
2018-03-23,42.81999969482422,43.15999984741211,42.290000915527344,13475200,570405240.6738281,42.33000183105469
2018-03-26,42.61000061035156,42.810001373291016,42.25,11276100,481376693.5146332,42.68999862670898
2018-03-27,42.70000076293945,43.310001373291016,42.52999877929688,11627000,498682022.9034424,42.88999938964844
2018-03-28,43.0,43.70000076293945,43.0,16277400,705136963.0325317,43.31999969482422
2018-03-29,43.540000915527344,43.91999816894531,43.290000915527344,10450500,453865218.1892395,43.43000030517578
2018-04-02,43.43999862670898,43.5,42.470001220703125,14207900,606251066.9845581,42.66999816894531
2018-04-03,42.97999954223633,43.540000915527344,42.84000015258789,15484600,671721964.5393372,43.380001068115234
2018-04-04,43.13999938964844,44.400001525878906,43.11000061035156,13563300,600040414.7655487,44.2400016784668
2018-04-05,44.27999877929688,44.61000061035156,43.93999862670898,11707800,519826337.86468506,44.400001525878906
2018-04-06,44.27999877929688,44.52000045776367,43.709999084472656,11495100,504864770.95184326,43.91999816894531
2018-04-09,44.02999877929688,44.310001373291016,43.77999877929688,11913400,522164343.8140869,43.83000183105469
2018-04-10,44.06999969482422,44.18000030517578,43.720001220703125,10379500,456594222.4216461,43.9900016784668
2018-04-11,43.810001373291016,44.13999938964844,43.7599983215332,8424300,370584971.13990784,43.9900016784668
2018-04-12,44.08000183105469,44.40999984741211,43.95000076293945,8476400,373215881.652832,44.02999877929688
2018-04-13,44.18999862670898,44.68999862670898,44.13999938964844,10774200,479559623.91586304,44.5099983215332
2018-04-16,44.650001525878906,44.88999938964844,44.400001525878906,8962100,400426630.7350159,44.68000030517578
2018-04-17,44.95000076293945,45.02999877929688,44.650001525878906,8406400,377279240.9790039,44.880001068115234
2018-04-18,44.900001525878906,44.970001220703125,44.33000183105469,7429000,330664777.53067017,44.5099983215332
2018-04-19,44.34000015258789,44.470001220703125,44.02000045776367,10370400,459512438.2415772,44.310001373291016
2018-04-20,44.310001373291016,44.40999984741211,43.58000183105469,14690700,642571242.6578522,43.7400016784668
2018-04-23,43.7400016784668,43.9900016784668,43.560001373291016,11878500,522416424.5624542,43.97999954223633
2018-04-24,43.97999954223633,44.09999847412109,42.72999954223633,18523900,797824367.3469543,43.06999969482422
2018-04-25,42.7400016784668,42.88999938964844,41.90999984741211,20774700,881470527.3399353,42.43000030517578
2018-04-26,42.400001525878906,43.09999847412109,42.2599983215332,13561000,579732750.0,42.75
2018-04-27,42.72999954223633,43.34000015258789,42.709999084472656,9777900,423480862.4279022,43.310001373291016
2018-04-30,43.5,43.68999862670898,42.970001220703125,16037700,692989002.3170471,43.209999084472656
2018-05-01,42.959999084472656,42.9900016784668,42.18000030517578,11514200,490389779.7569275,42.59000015258789
2018-05-02,42.400001525878906,42.59000015258789,41.93999862670898,13736400,577753002.8640747,42.060001373291016
2018-05-03,42.220001220703125,42.400001525878906,41.52000045776367,18352200,768773646.798706,41.88999938964844
2018-05-04,41.790000915527344,42.5,41.77000045776367,10946200,463681038.6810303,42.36000061035156
2018-05-07,42.34000015258789,42.4900016784668,41.959999084472656,9336000,393419034.3017578,42.13999938964844
2018-05-08,41.970001220703125,42.09000015258789,41.68999862670898,15062200,629750602.6847839,41.810001373291016
2018-05-09,41.970001220703125,42.22999954223633,41.66999816894531,9295200,388353444.6533203,41.77999877929688
2018-05-10,41.9900016784668,42.36000061035156,41.93999862670898,7924200,334242758.4182739,42.18000030517578
2018-05-11,42.2400016784668,42.470001220703125,42.040000915527344,6331900,266826262.1353149,42.13999938964844
2018-05-14,42.25,42.31999969482422,41.900001525878906,10715500,450479629.81033325,42.040000915527344
2018-05-15,41.77999877929688,41.91999816894531,41.45000076293945,16449700,686281504.0802002,41.720001220703125
2018-05-16,41.7400016784668,41.93999862670898,41.540000915527344,11590500,481585266.1571503,41.54999923706055
2018-05-17,42.0099983215332,42.34999847412109,41.869998931884766,14857400,628468008.6647034,42.29999923706055
2018-05-18,42.29999923706055,42.380001068115234,42.08000183105469,11950200,504059439.6469116,42.18000030517578
2018-05-21,42.310001373291016,42.52000045776367,42.27000045776367,9110200,386363580.6098938,42.40999984741211
2018-05-22,42.5,42.59999847412109,42.209999084472656,8222900,347417525.0,42.25
2018-05-23,42.25,42.45000076293945,41.93000030517578,8971400,380387373.68927,42.400001525878906
2018-05-24,42.400001525878906,42.470001220703125,42.18999862670898,9269600,392289469.1711426,42.31999969482422
2018-05-25,42.34000015258789,42.58000183105469,42.20000076293945,8806500,373395613.4376526,42.400001525878906
2018-05-29,42.119998931884766,42.84999847412109,42.09999847412109,14826900,632812096.5248108,42.68000030517578
2018-05-30,42.77000045776367,43.27999877929688,42.70000076293945,10114200,436225456.8031311,43.130001068115234
2018-05-31,43.20000076293945,43.209999084472656,42.68000030517578,15571300,669565900.0,43.0
2018-06-01,43.09999847412109,43.31999969482422,43.040000915527344,10664700,459861852.60887146,43.119998931884766
2018-06-04,43.36000061035156,43.59000015258789,43.290000915527344,11727600,510033343.6843872,43.4900016784668
2018-06-05,43.5,43.540000915527344,43.09999847412109,9975900,430061055.08880615,43.11000061035156
2018-06-06,43.060001373291016,43.459999084472656,43.040000915527344,9202900,399958025.5744934,43.459999084472656
2018-06-07,43.33000183105469,43.72999954223633,43.33000183105469,11948100,519025447.5917816,43.43999862670898
2018-06-08,43.56999969482422,44.0,43.560001373291016,12078800,530863269.21539307,43.95000076293945
2018-06-11,43.95000076293945,44.25,43.88999938964844,7526100,332126801.03874207,44.130001068115234
2018-06-12,44.130001068115234,44.41999816894531,44.08000183105469,8243300,366084951.7421722,44.40999984741211
2018-06-13,44.34999847412109,44.52000045776367,44.150001525878906,16745000,739794105.1101685,44.18000030517578
2018-06-14,43.75,43.84999847412109,43.52000045776367,12696200,553300419.2474365,43.58000183105469
2018-06-15,43.560001373291016,44.150001525878906,43.45000076293945,21562500,951337476.9687653,44.119998931884766
2018-06-18,43.880001068115234,43.959999084472656,43.400001525878906,12161900,529650735.72120667,43.54999923706055
2018-06-19,43.29999923706055,43.75,43.20000076293945,12936400,564027020.2606201,43.59999847412109
2018-06-20,43.619998931884766,43.77999877929688,43.22999954223633,10893700,471261443.7152863,43.2599983215332
2018-06-21,43.27000045776367,43.29999923706055,42.959999084472656,10465200,450945469.5968628,43.09000015258789
2018-06-22,43.150001525878906,43.40999984741211,43.08000183105469,14924400,645480300.0,43.25
2018-06-25,43.15999984741211,43.75,43.15999984741211,12092400,526986814.1418457,43.58000183105469
2018-06-26,43.560001373291016,43.84000015258789,43.27999877929688,13974700,605523776.58844,43.33000183105469
2018-06-27,43.33000183105469,43.61000061035156,42.9900016784668,15332600,660375077.3208618,43.06999969482422
2018-06-28,43.2400016784668,43.68000030517578,43.16999816894531,12668900,550717098.4649658,43.470001220703125
2018-06-29,43.56999969482422,44.09999847412109,43.310001373291016,11485600,503758423.0102539,43.86000061035156
2018-07-02,43.77999877929688,44.15999984741211,43.58000183105469,9232500,403921875.0,43.75
2018-07-03,44.060001373291016,44.33000183105469,43.9900016784668,8214300,361347070.7874298,43.9900016784668
2018-07-05,44.15999984741211,44.66999816894531,44.130001068115234,11653000,520422978.2218933,44.65999984741211
2018-07-06,44.66999816894531,44.93999862670898,44.58000183105469,8733900,389881290.6692505,44.63999938964844
2018-07-09,44.540000915527344,44.72999954223633,44.34000015258789,7373100,327365651.25045776,44.400001525878906
2018-07-10,44.5099983215332,45.0,44.5,10606100,476956329.9468994,44.970001220703125
2018-07-11,44.9900016784668,45.0,44.63999938964844,7715600,345581731.0638428,44.790000915527344
2018-07-12,44.83000183105469,44.959999084472656,44.4900016784668,6331600,282832560.40649414,44.66999816894531
2018-07-13,44.70000076293945,44.77999877929688,44.470001220703125,5585900,249913175.37574768,44.7400016784668
2018-07-16,44.72999954223633,44.79999923706055,44.52999877929688,5831400,260838519.3305969,44.72999954223633
2018-07-17,44.75,45.38999938964844,44.68000030517578,11592200,524547050.0,45.25
2018-07-18,45.18999862670898,45.290000915527344,44.84000015258789,7351600,331704184.14764404,45.119998931884766
2018-07-19,44.9900016784668,45.43000030517578,44.91999816894531,10097500,455498231.1630249,45.11000061035156
2018-07-20,45.02000045776367,45.27999877929688,44.900001525878906,8588400,388882741.5161133,45.27999877929688
2018-07-23,45.27999877929688,45.36000061035156,44.77000045776367,9055700,407053721.9089508,44.95000076293945
2018-07-24,44.77999877929688,45.27000045776367,44.61000061035156,13786100,623958862.8604889,45.2599983215332
2018-07-25,46.0,46.58000183105469,45.75,21330600,983127357.2547911,46.09000015258789
2018-07-26,46.36000061035156,46.59000015258789,46.20000076293945,12673100,586004165.2713776,46.2400016784668
2018-07-27,46.31999969482422,46.5,46.060001373291016,10516900,485985939.3714905,46.209999084472656
2018-07-30,46.09999847412109,46.43999862670898,46.04999923706055,8967900,414586012.8948212,46.22999954223633
2018-07-31,46.400001525878906,46.66999816894531,46.310001373291016,12438800,580021257.2860718,46.630001068115234
2018-08-01,46.45000076293945,46.4900016784668,46.16999816894531,9904100,459451192.9550171,46.38999938964844
2018-08-02,46.47999954223633,46.630001068115234,46.18000030517578,12009700,554607949.6650696,46.18000030517578
2018-08-03,46.22999954223633,46.7599983215332,46.13999938964844,11462800,534395723.7564087,46.619998931884766
2018-08-06,46.59999847412109,46.869998931884766,46.54999923706055,10056100,469117080.34439087,46.650001525878906
2018-08-07,46.52000045776367,46.61000061035156,46.130001068115234,8632900,401429850.0,46.5
2018-08-08,46.4900016784668,46.560001373291016,46.119998931884766,6810000,314281510.3912353,46.150001525878906
2018-08-09,46.25,46.41999816894531,46.08000183105469,8924100,413632021.38290405,46.34999847412109
2018-08-10,46.209999084472656,46.41999816894531,45.970001220703125,7535400,347231245.7977295,46.08000183105469
2018-08-13,46.04999923706055,46.130001068115234,45.70000076293945,8143400,373212036.91101074,45.83000183105469
2018-08-14,45.90999984741211,46.09999847412109,45.869998931884766,6846100,314167524.82147217,45.88999938964844
2018-08-15,45.77000045776367,46.150001525878906,45.650001525878906,9686400,446349329.7363281,46.08000183105469
2018-08-16,46.11000061035156,46.380001068115234,45.970001220703125,10600700,489964366.9403076,46.220001220703125
2018-08-17,46.290000915527344,46.72999954223633,46.2400016784668,8885700,414073606.4414978,46.59999847412109
2018-08-20,46.68000030517578,46.869998931884766,46.59000015258789,6392000,298698157.0739746,46.72999954223633
2018-08-21,46.72999954223633,46.75,46.209999084472656,13986300,646446803.0731201,46.220001220703125
2018-08-22,46.34000015258789,46.380001068115234,45.91999816894531,7159100,328817465.18478394,45.93000030517578
2018-08-23,45.88999938964844,46.08000183105469,45.68999862670898,13144900,600721940.0287628,45.70000076293945
2018-08-24,45.650001525878906,45.79999923706055,45.58000183105469,10952900,499780838.69895935,45.630001068115234
2018-08-27,46.04999923706055,46.04999923706055,45.560001373291016,9581200,437765014.8422241,45.68999862670898
2018-08-28,45.650001525878906,45.72999954223633,45.27999877929688,8476800,384592406.9458008,45.369998931884766
2018-08-29,45.25,45.41999816894531,45.220001220703125,12410900,562586119.7250366,45.33000183105469
2018-08-30,45.27999877929688,45.31999969482422,44.88999938964844,9716500,436756682.4131012,44.95000076293945
2018-08-31,45.0,45.06999969482422,44.38999938964844,19834100,884005830.947113,44.56999969482422
2018-09-04,44.59999847412109,44.900001525878906,44.5099983215332,11138500,498559241.3043976,44.7599983215332
2018-09-05,44.65999984741211,45.41999816894531,44.65999984741211,10554900,478981373.2738495,45.380001068115234
2018-09-06,45.400001525878906,46.0,45.29999923706055,11439400,523581343.23654175,45.77000045776367
2018-09-07,45.59999847412109,45.81999969482422,45.27999877929688,10208100,466714344.4610596,45.720001220703125
2018-09-10,45.90999984741211,46.310001373291016,45.79999923706055,8568900,394683545.7675934,46.060001373291016
2018-09-11,46.09999847412109,46.150001525878906,45.880001068115234,9278300,426987370.2472687,46.02000045776367
2018-09-12,46.15999984741211,46.29999923706055,46.02000045776367,13216400,611126358.1832886,46.2400016784668
2018-09-13,46.0099983215332,46.119998931884766,45.709999084472656,8294800,380150699.1882324,45.83000183105469
2018-09-14,45.91999816894531,46.02999877929688,45.61000061035156,7612900,350117283.7779999,45.9900016784668
2018-09-17,46.0,46.33000183105469,45.90999984741211,8527300,394984533.39767456,46.31999969482422
2018-09-18,46.38999938964844,46.52999877929688,45.93000030517578,9847400,452291085.005188,45.93000030517578
2018-09-19,46.0,46.11000061035156,45.869998931884766,7119000,327189233.48236084,45.959999084472656
2018-09-20,46.220001220703125,46.68000030517578,46.150001525878906,9736700,454119682.05718994,46.63999938964844
2018-09-21,46.63999938964844,46.68999862670898,46.380001068115234,19240300,896213209.2300415,46.58000183105469
2018-09-24,46.4900016784668,46.52999877929688,45.84000015258789,10778900,496583919.7105408,46.06999969482422
2018-09-25,46.060001373291016,46.18000030517578,45.61000061035156,7919100,361744490.4167175,45.68000030517578
2018-09-26,45.77000045776367,46.06999969482422,45.56999969482422,10162600,465955194.493103,45.84999847412109
2018-09-27,45.72999954223633,46.18000030517578,45.68000030517578,10826900,498145650.82740784,46.0099983215332
2018-09-28,46.0,46.18999862670898,45.970001220703125,9071900,419031048.5416413,46.18999862670898
2018-10-01,46.16999816894531,46.34999847412109,46.04999923706055,9364700,432930076.7131805,46.22999954223633
2018-10-02,46.27999877929688,46.560001373291016,46.060001373291016,7462700,347090164.47410583,46.5099983215332
2018-10-03,46.459999084472656,46.54999923706055,45.79999923706055,10542300,483575289.7396088,45.869998931884766
2018-10-04,45.65999984741211,45.900001525878906,45.43000030517578,9582300,439348440.37857056,45.84999847412109
2018-10-05,45.93999862670898,46.15999984741211,45.68999862670898,8734100,400720517.32902527,45.880001068115234
2018-10-08,45.9900016784668,46.58000183105469,45.970001220703125,9808100,455880483.5102081,46.47999954223633
2018-10-09,46.380001068115234,46.54999923706055,46.220001220703125,10824500,502148548.3932495,46.38999938964844
2018-10-10,46.29999923706055,46.70000076293945,45.66999816894531,13917000,635728564.2471313,45.68000030517578
2018-10-11,45.79999923706055,45.970001220703125,44.5,17677900,789141445.2102661,44.63999938964844
2018-10-12,44.47999954223633,44.880001068115234,44.25,12420100,554930071.7903137,44.68000030517578
2018-10-15,44.63999938964844,45.27000045776367,44.59000015258789,11608500,521337733.2286835,44.90999984741211
2018-10-16,45.02000045776367,45.59999847412109,44.86000061035156,10442500,475029342.5273895,45.4900016784668
2018-10-17,45.40999984741211,45.9900016784668,45.36000061035156,11055800,507018994.7479248,45.86000061035156
2018-10-18,45.900001525878906,46.08000183105469,45.459999084472656,12716900,580017816.7617798,45.61000061035156
2018-10-19,45.83000183105469,46.4900016784668,45.83000183105469,13989200,648119661.6149902,46.33000183105469
2018-10-22,46.369998931884766,46.459999084472656,45.810001373291016,14283600,656617109.4360352,45.970001220703125
2018-10-23,45.619998931884766,46.459999084472656,45.45000076293945,17483900,810553614.6713257,46.36000061035156
2018-10-24,46.33000183105469,47.38999938964844,46.2400016784668,21626000,1010582970.1004028,46.72999954223633
2018-10-25,46.650001525878906,46.7400016784668,46.119998931884766,14220200,661381478.1318665,46.5099983215332
2018-10-26,46.369998931884766,46.47999954223633,45.43000030517578,21458000,985351320.7092284,45.91999816894531
2018-10-29,46.150001525878906,46.560001373291016,46.04999923706055,20932200,972509992.8359984,46.459999084472656
2018-10-30,46.619998931884766,47.7400016784668,46.040000915527344,20895400,995247924.3186952,47.630001068115234
2018-10-31,47.5,48.08000183105469,47.220001220703125,25309400,1211814099.0333557,47.880001068115234
2018-11-01,47.810001373291016,48.150001525878906,47.29999923706055,16494500,787447457.6854706,47.7400016784668
2018-11-02,47.81999969482422,48.0,47.43999862670898,17584900,844075200.0,48.0
2018-11-05,48.0,48.77999877929688,47.91999816894531,16543500,805502992.2809601,48.68999862670898
2018-11-06,48.650001525878906,49.130001068115234,48.59999847412109,14373400,705877682.7728271,49.11000061035156
2018-11-07,49.38999938964844,49.54999923706055,49.02999877929688,12239700,604273975.92659,49.369998931884766
2018-11-08,49.119998931884766,49.369998931884766,49.09999847412109,9762800,481598941.8762207,49.33000183105469
2018-11-09,49.38999938964844,49.88999938964844,49.36000061035156,12398100,615937611.7835999,49.68000030517578
2018-11-12,49.61000061035156,50.2400016784668,49.540000915527344,13918300,694105606.1336517,49.869998931884766
2018-11-13,49.810001373291016,50.0,49.58000183105469,13872900,691702802.4673462,49.86000061035156
2018-11-14,49.84999847412109,49.93999862670898,49.59000015258789,12106800,602434347.6791382,49.7599983215332
2018-11-15,49.65999984741211,49.75,49.27000045776367,12080100,600864194.2760468,49.7400016784668
2018-11-16,49.65999984741211,50.25,49.630001068115234,13405800,672568961.4532471,50.16999816894531
2018-11-19,50.310001373291016,50.7599983215332,50.25,13575800,685713635.2134705,50.5099983215332
2018-11-20,50.81999969482422,50.84000015258789,49.209999084472656,16255300,802686731.3625336,49.380001068115234
2018-11-21,49.22999954223633,49.43999862670898,48.59000015258789,13559200,660739809.7930908,48.72999954223633
2018-11-23,48.75,49.22999954223633,48.54999923706055,4792500,234928352.1938324,49.02000045776367
2018-11-26,49.0099983215332,49.22999954223633,48.66999816894531,9341900,456538643.0217743,48.869998931884766
2018-11-27,48.880001068115234,49.40999984741211,48.72999954223633,9180700,453251149.19395447,49.369998931884766
2018-11-28,49.209999084472656,49.720001220703125,49.209999084472656,11368700,565138066.5916443,49.709999084472656
2018-11-29,49.27999877929688,49.43000030517578,48.970001220703125,11564300,566419408.7062836,48.97999954223633
2018-11-30,49.0,50.4900016784668,48.9900016784668,25538200,1287125318.9682007,50.400001525878906
2018-12-03,49.869998931884766,49.959999084472656,48.88999938964844,14877200,739248047.5692749,49.68999862670898
2018-12-04,49.970001220703125,50.5099983215332,49.5,19059900,944989876.8997192,49.58000183105469
2018-12-06,49.5099983215332,49.630001068115234,48.65999984741211,17674900,872786580.87883,49.380001068115234
2018-12-07,49.56999969482422,49.68000030517578,48.880001068115234,15565700,764120215.3751373,49.09000015258789
2018-12-10,49.45000076293945,49.45000076293945,48.470001220703125,12331100,607183384.6973419,49.2400016784668
2018-12-11,49.59000015258789,50.0099983215332,49.18000030517578,18083600,895861560.5560303,49.540000915527344
2018-12-12,49.95000076293945,50.02000045776367,49.18999862670898,12316900,606237833.0352783,49.220001220703125
2018-12-13,48.720001220703125,49.61000061035156,48.56999969482422,13766200,681013930.8044434,49.470001220703125
2018-12-14,49.22999954223633,49.52000045776367,49.02000045776367,13835900,682663308.1111908,49.34000015258789
2018-12-17,49.34000015258789,49.52999877929688,48.02000045776367,18482700,893268924.8428345,48.33000183105469
2018-12-18,48.61000061035156,48.83000183105469,47.84999847412109,14765700,713478619.493866,48.31999969482422
2018-12-19,48.2400016784668,48.7599983215332,47.619998931884766,17903800,857592047.3190308,47.900001525878906
2018-12-20,47.810001373291016,48.130001068115234,47.09999847412109,21130000,1004520219.3450928,47.540000915527344
2018-12-21,47.2599983215332,48.75,47.22999954223633,32477700,1544964179.0885923,47.56999969482422
2018-12-24,47.619998931884766,47.869998931884766,45.83000183105469,10733700,493320842.17300415,45.959999084472656
2018-12-26,45.880001068115234,46.959999084472656,45.65999984741211,14342600,673241624.3034363,46.93999862670898
2018-12-27,46.7400016784668,47.54999923706055,46.02999877929688,16966500,806417724.2889404,47.52999877929688
2018-12-28,47.88999938964844,48.0099983215332,47.02999877929688,13218200,623899050.0846863,47.20000076293945
2018-12-31,47.4900016784668,47.540000915527344,46.959999084472656,10576300,500787788.8618469,47.34999847412109
2019-01-02,46.93999862670898,47.220001220703125,46.560001373291016,11603700,544561644.5411682,46.93000030517578
2019-01-03,46.81999969482422,47.369998931884766,46.52999877929688,14714400,686279607.019043,46.63999938964844
2019-01-04,46.75,47.56999969482422,46.63999938964844,13013700,619061705.0285339,47.56999969482422
2019-01-07,47.56999969482422,47.75,46.900001525878906,13135500,616711735.0215912,46.95000076293945
2019-01-08,47.25,47.56999969482422,47.040000915527344,15420700,732174828.9409637,47.47999954223633
2019-01-09,47.08000183105469,47.27999877929688,46.43000030517578,18032500,839773519.4969177,46.56999969482422
2019-01-10,46.65999984741211,47.09000015258789,46.34000015258789,15976600,752018557.1243286,47.06999969482422
2019-01-11,47.290000915527344,47.36000061035156,46.970001220703125,11088600,524934325.6919861,47.34000015258789
2019-01-14,47.25,47.400001525878906,46.9900016784668,11514300,542899262.5694275,47.150001525878906
2019-01-15,46.88999938964844,47.59999847412109,46.810001373291016,11342900,539581749.5384216,47.56999969482422
2019-01-16,47.400001525878906,47.470001220703125,46.86000061035156,16907800,793313945.0408936,46.91999816894531
2019-01-17,46.91999816894531,47.13999938964844,46.880001068115234,12044600,566818892.540741,47.060001373291016
2019-01-18,47.25,47.68999862670898,47.119998931884766,12760700,607536934.7885132,47.61000061035156
2019-01-22,47.70000076293945,47.790000915527344,47.209999084472656,11700400,558343102.2827148,47.720001220703125
2019-01-23,47.81999969482422,48.290000915527344,47.650001525878906,12058300,582054146.5198517,48.27000045776367
2019-01-24,48.11000061035156,48.11000061035156,47.380001068115234,10272000,489871665.8935547,47.68999862670898
2019-01-25,47.880001068115234,48.02999877929688,47.2400016784668,12066500,571590092.1115875,47.369998931884766
2019-01-28,47.220001220703125,47.29999923706055,46.93999862670898,9966900,470138654.750061,47.16999816894531
2019-01-29,47.20000076293945,47.630001068115234,47.130001068115234,11998600,568733658.3084106,47.400001525878906
2019-01-30,47.25,47.88999938964844,47.18999862670898,12952500,619906657.9055786,47.86000061035156
2019-01-31,47.84999847412109,48.77999877929688,47.470001220703125,32181500,1548895629.3735504,48.130001068115234
2019-02-01,48.47999954223633,48.77999877929688,48.400001525878906,19130100,931635884.595108,48.70000076293945
2019-02-04,48.70000076293945,49.45000076293945,48.540000915527344,15105700,743955725.0,49.25
2019-02-05,49.33000183105469,49.470001220703125,49.09999847412109,12651900,623232572.7642059,49.2599983215332
2019-02-06,49.209999084472656,49.36000061035156,49.02000045776367,8689100,428025051.41563416,49.2599983215332
2019-02-07,49.16999816894531,49.459999084472656,49.0,10047800,496562257.6019287,49.41999816894531
2019-02-08,49.369998931884766,49.5,49.11000061035156,9813300,485758350.0,49.5
2019-02-11,49.56999969482422,49.880001068115234,49.47999954223633,9369300,464810978.7185669,49.61000061035156
2019-02-12,49.68999862670898,49.79999923706055,49.459999084472656,10983300,545430676.3240814,49.65999984741211
2019-02-13,49.61000061035156,49.93999862670898,49.560001373291016,12748800,634762763.671875,49.790000915527344
2019-02-14,46.70000076293945,46.959999084472656,45.5,58905400,2685497194.9882507,45.59000015258789
2019-02-15,45.900001525878906,46.2599983215332,45.20000076293945,35701600,1615140443.9239502,45.2400016784668
2019-02-19,45.31999969482422,45.59000015258789,44.77000045776367,25511300,1143671625.7125854,44.83000183105469
2019-02-20,44.90999984741211,45.2400016784668,44.79999923706055,27464000,1238626358.0932617,45.09999847412109
2019-02-21,45.0,45.90999984741211,44.959999084472656,23121200,1060338246.1120604,45.86000061035156
2019-02-22,45.7599983215332,45.95000076293945,45.20000076293945,24728400,1119701921.8139648,45.27999877929688
2019-02-25,45.43999862670898,45.56999969482422,44.84000015258789,23774400,1068421503.35083,44.93999862670898
2019-02-26,45.09999847412109,45.13999938964844,44.65999984741211,20463200,914500379.8980712,44.68999862670898
2019-02-27,44.59999847412109,45.02000045776367,44.41999816894531,17827500,801167825.5176544,44.93999862670898
2019-02-28,45.119998931884766,45.61000061035156,45.11000061035156,22533900,1021687029.4384004,45.34000015258789
2019-03-01,45.470001220703125,45.63999938964844,45.20000076293945,16291600,739312825.4013062,45.380001068115234
2019-03-04,45.52999877929688,45.66999816894531,45.29999923706055,15973800,729203994.3740845,45.650001525878906
2019-03-05,45.650001525878906,45.70000076293945,45.400001525878906,13062300,595640860.068512,45.59999847412109
2019-03-06,45.66999816894531,45.790000915527344,45.43999862670898,14232100,646848955.8582306,45.45000076293945
2019-03-07,45.4900016784668,45.52999877929688,45.130001068115234,12084000,547163505.2490234,45.27999877929688
2019-03-08,45.150001525878906,45.25,44.61000061035156,15579100,698566846.377182,44.84000015258789
2019-03-11,45.13999938964844,46.2400016784668,45.09999847412109,22126900,1021820248.752594,46.18000030517578
2019-03-12,45.95000076293945,46.25,45.900001525878906,19348500,890998410.238266,46.04999923706055
2019-03-13,46.130001068115234,46.34000015258789,45.90999984741211,16222500,749803969.8028564,46.220001220703125
2019-03-14,45.84000015258789,46.11000061035156,45.630001068115234,18504100,845637384.1175079,45.70000076293945
2019-03-15,45.720001220703125,45.900001525878906,45.13999938964844,47254500,2140628813.9476776,45.29999923706055
2019-03-18,45.43000030517578,45.68000030517578,45.36000061035156,24006400,1090130620.336914,45.40999984741211
2019-03-19,45.54999923706055,45.68999862670898,45.34000015258789,14987000,682807740.5815125,45.560001373291016
2019-03-20,45.400001525878906,45.900001525878906,45.18000030517578,13376100,609013816.6717529,45.52999877929688
2019-03-21,45.52999877929688,45.7599983215332,45.43999862670898,20043000,912156896.35849,45.5099983215332
2019-03-22,45.459999084472656,46.11000061035156,45.459999084472656,19055900,875237492.8153992,45.93000030517578
2019-03-25,45.86000061035156,46.20000076293945,45.790000915527344,11668200,537087231.7565918,46.02999877929688
2019-03-26,46.16999816894531,46.790000915527344,46.16999816894531,11434900,533323729.0206909,46.63999938964844
2019-03-27,46.650001525878906,46.90999984741211,46.33000183105469,11543600,538047203.0456543,46.61000061035156
2019-03-28,46.68000030517578,46.91999816894531,46.47999954223633,11121100,518020858.3633423,46.58000183105469
2019-03-29,46.66999816894531,46.90999984741211,46.47999954223633,16045600,751896825.793457,46.86000061035156
2019-04-01,46.9900016784668,47.16999816894531,46.59000015258789,11522700,538340558.0657959,46.720001220703125
2019-04-02,46.75,46.93000030517578,46.56999969482422,8495000,395612147.4075317,46.56999969482422
2019-04-03,46.41999816894531,46.59000015258789,46.040000915527344,12854500,593620813.9228821,46.18000030517578
2019-04-04,46.34000015258789,46.540000915527344,46.11000061035156,7814900,363236548.4226227,46.47999954223633
2019-04-05,46.4900016784668,46.58000183105469,46.20000076293945,7677600,356778081.3720703,46.470001220703125
2019-04-08,46.540000915527344,46.56999969482422,46.27000045776367,9421300,438561507.8121185,46.54999923706055
2019-04-09,46.45000076293945,46.720001220703125,46.27000045776367,8641800,403312790.1763916,46.66999816894531
2019-04-10,46.84000015258789,47.0,46.560001373291016,8059900,375913731.0806274,46.63999938964844
2019-04-11,46.720001220703125,46.75,46.540000915527344,7352400,343430597.2686768,46.709999084472656
2019-04-12,46.66999816894531,46.93000030517578,46.56999969482422,10690000,499650617.94281006,46.7400016784668
2019-04-15,46.880001068115234,47.040000915527344,46.70000076293945,10261300,482281100.0,47.0
2019-04-16,47.04999923706055,47.09999847412109,46.70000076293945,10804600,507275978.2432556,46.95000076293945
2019-04-17,47.20000076293945,47.54999923706055,47.150001525878906,11849300,560234889.5355225,47.27999877929688
2019-04-18,47.33000183105469,47.58000183105469,47.27000045776367,12167000,577689154.4303894,47.47999954223633
2019-04-22,47.400001525878906,47.61000061035156,47.02000045776367,9834700,466164795.0065613,47.400001525878906
2019-04-23,48.09000015258789,48.720001220703125,47.54999923706055,25327800,1221053214.8117063,48.209999084472656
2019-04-24,48.02999877929688,48.22999954223633,47.91999816894531,15997300,767550446.6770172,47.97999954223633
2019-04-25,47.7400016784668,47.88999938964844,47.470001220703125,11444400,547500097.7462769,47.84000015258789
2019-04-26,47.9900016784668,48.45000076293945,47.97999954223633,10154300,490046500.9563446,48.2599983215332
2019-04-29,48.16999816894531,48.45000076293945,48.11000061035156,9731500,471199212.1810913,48.41999816894531
2019-04-30,48.52999877929688,49.18000030517578,48.38999938964844,17912900,878806898.5996246,49.060001373291016
2019-05-01,48.95000076293945,49.08000183105469,48.54999923706055,10551200,512682809.60998535,48.59000015258789
2019-05-02,48.52999877929688,48.77000045776367,48.27000045776367,8724600,422183388.6749268,48.38999938964844
2019-05-03,48.59999847412109,48.959999084472656,48.52000045776367,7076900,344786576.63879395,48.720001220703125
2019-05-06,48.33000183105469,48.61000061035156,48.2599983215332,8657800,419643576.5686035,48.470001220703125
2019-05-07,48.22999954223633,48.290000915527344,47.77000045776367,12487500,599400000.0,48.0
2019-05-08,48.04999923706055,48.22999954223633,47.81999969482422,9281400,444114975.8377075,47.84999847412109
2019-05-09,47.79999923706055,47.97999954223633,47.06999969482422,11450500,542753717.4720764,47.400001525878906
2019-05-10,47.40999984741211,48.29999923706055,47.400001525878906,9653800,465216608.7425232,48.18999862670898
2019-05-13,47.90999984741211,48.130001068115234,47.72999954223633,11911500,572347565.9122467,48.04999923706055
2019-05-14,48.52999877929688,49.31999969482422,48.34999847412109,16844200,820144074.8680115,48.68999862670898
2019-05-15,48.66999816894531,49.380001068115234,48.59999847412109,11422500,561758553.4858704,49.18000030517578
2019-05-16,49.27000045776367,49.65999984741211,49.209999084472656,17771300,881101086.5402222,49.58000183105469
2019-05-17,49.27000045776367,49.54999923706055,49.16999816894531,11257000,553844408.5884094,49.20000076293945
2019-05-20,49.040000915527344,49.13999938964844,48.7599983215332,13850500,676596903.8658142,48.84999847412109
2019-05-21,49.0,49.02999877929688,48.45000076293945,10587400,514547623.84490967,48.59999847412109
2019-05-22,48.77999877929688,49.709999084472656,48.720001220703125,16050400,796902384.4909668,49.650001525878906
2019-05-23,49.5,49.900001525878906,49.459999084472656,12199400,608140071.3851929,49.84999847412109
2019-05-24,49.81999969482422,49.88999938964844,49.52999877929688,6887600,341693840.2038574,49.61000061035156
2019-05-28,49.59999847412109,49.66999816894531,49.02999877929688,18614000,913947371.59729,49.09999847412109
2019-05-29,48.7400016784668,49.02999877929688,48.40999984741211,12534600,609306913.6505127,48.61000061035156
2019-05-30,48.720001220703125,49.310001373291016,48.66999816894531,9087200,447544600.0,49.25
2019-05-31,49.0,49.310001373291016,48.77999877929688,11368600,558539330.1429749,49.130001068115234
2019-06-03,49.15999984741211,49.97999954223633,49.02000045776367,14167200,708076649.5147705,49.97999954223633
2019-06-04,50.0,50.27999877929688,49.619998931884766,12010600,600530000.0,50.0
2019-06-05,50.0099983215332,51.13999938964844,49.68999862670898,15837600,804233308.6669922,50.77999877929688
2019-06-06,50.90999984741211,51.540000915527344,50.59000015258789,15190400,780786583.1787109,51.400001525878906
2019-06-07,51.470001220703125,52.18999862670898,51.45000076293945,15293600,787467489.6697998,51.4900016784668
2019-06-10,51.540000915527344,51.540000915527344,51.09000015258789,9737400,500307622.4006653,51.380001068115234
2019-06-11,51.45000076293945,51.59000015258789,51.18000030517578,9915600,508967766.15600586,51.33000183105469
2019-06-12,51.5,52.13999938964844,51.470001220703125,11088100,572589477.2323608,51.63999938964844
2019-06-13,51.459999084472656,51.70000076293945,50.77999877929688,10353600,529379579.0588379,51.130001068115234
2019-06-14,51.04999923706055,51.52999877929688,51.04999923706055,8694300,446104544.9398041,51.310001373291016
2019-06-17,51.25,51.47999954223633,50.61000061035156,12322400,626840474.8382568,50.869998931884766
2019-06-18,51.25,51.29999923706055,50.52999877929688,9221100,466956498.3718872,50.63999938964844
2019-06-19,50.540000915527344,51.2400016784668,50.470001220703125,9414100,481248781.9446564,51.119998931884766
2019-06-20,51.5,51.790000915527344,51.34999847412109,10656600,550519954.3739319,51.65999984741211
2019-06-21,51.52999877929688,51.88999938964844,51.40999984741211,21264400,1096179803.7765503,51.54999923706055
2019-06-24,51.7400016784668,52.20000076293945,51.70000076293945,10780000,559697580.2612305,51.91999816894531
2019-06-25,52.0,52.09999847412109,51.63999938964844,11519900,596270004.6642303,51.7599983215332
2019-06-26,51.52000045776367,51.63999938964844,51.09000015258789,12405100,634148698.7499237,51.119998931884766
2019-06-27,51.290000915527344,51.400001525878906,50.970001220703125,12374900,632109914.6591187,51.08000183105469
2019-06-28,51.27000045776367,51.400001525878906,50.52000045776367,16339900,832027678.0807495,50.91999816894531
2019-07-01,51.06999969482422,51.630001068115234,50.77999877929688,14976400,772782217.1478271,51.59999847412109
2019-07-02,51.77999877929688,52.04999923706055,51.54999923706055,8569200,445427012.07733154,51.97999954223633
2019-07-03,52.0,52.33000183105469,52.0,7253700,377917758.9317322,52.09999847412109
2019-07-05,51.88999938964844,52.119998931884766,51.47999954223633,8916300,464628398.4420776,52.11000061035156
2019-07-08,52.20000076293945,52.33000183105469,51.88999938964844,9495100,493745200.0,52.0
2019-07-09,51.720001220703125,51.970001220703125,51.43000030517578,10584900,546074992.6151276,51.59000015258789
2019-07-10,51.79999923706055,51.970001220703125,51.65999984741211,7620900,394915035.6742859,51.81999969482422
2019-07-11,51.9900016784668,52.060001373291016,51.65999984741211,10376500,539993069.4999695,52.040000915527344
2019-07-12,52.25,52.290000915527344,51.90999984741211,7347400,382946480.1521301,52.119998931884766
2019-07-15,52.27999877929688,52.290000915527344,51.869998931884766,5876100,306321099.2763519,52.130001068115234
2019-07-16,51.959999084472656,52.470001220703125,51.810001373291016,7132500,371888545.6466675,52.13999938964844
2019-07-17,52.220001220703125,52.2599983215332,52.0099983215332,8264200,431225958.5220337,52.18000030517578
2019-07-18,52.040000915527344,52.16999816894531,51.66999816894531,11911800,619770939.4592285,52.02999877929688
2019-07-19,52.13999938964844,52.150001525878906,51.369998931884766,10355500,532169138.6795044,51.38999938964844
2019-07-22,51.52000045776367,51.52000045776367,51.130001068115234,12090700,619285668.7591553,51.220001220703125
2019-07-23,53.25,54.63999938964844,52.7599983215332,33417900,1815594568.1900024,54.33000183105469
2019-07-24,54.119998931884766,54.81999969482422,53.619998931884766,15633400,840764232.9162598,53.77999877929688
2019-07-25,53.630001068115234,53.79999923706055,52.720001220703125,19135000,1015494444.1604614,53.06999969482422
2019-07-26,53.34000015258789,54.310001373291016,53.18999862670898,11451900,620349402.0309448,54.16999816894531
2019-07-29,54.16999816894531,54.29999923706055,53.900001525878906,12283900,663207781.6181183,53.9900016784668
2019-07-30,53.959999084472656,54.29999923706055,53.56999969482422,8127100,436587821.9207764,53.720001220703125
2019-07-31,53.5099983215332,53.5099983215332,52.040000915527344,16865500,887631283.0142975,52.630001068115234
2019-08-01,52.77999877929688,53.20000076293945,52.0099983215332,19527200,1016000192.163086,52.02999877929688
2019-08-02,51.90999984741211,52.72999954223633,51.90999984741211,13102300,685643382.9910278,52.33000183105469
2019-08-05,52.38999938964844,52.65999984741211,51.400001525878906,19986500,1032302755.4969788,51.650001525878906
2019-08-06,51.869998931884766,52.7599983215332,51.61000061035156,19903100,1040335046.110916,52.27000045776367
2019-08-07,52.27000045776367,53.38999938964844,51.77000045776367,17937000,953889665.473938,53.18000030517578
2019-08-08,53.209999084472656,53.77999877929688,52.84999847412109,10799000,579798295.1698303,53.68999862670898
2019-08-09,53.790000915527344,53.900001525878906,53.08000183105469,9260900,494717261.0427856,53.41999816894531
2019-08-12,53.27999877929688,53.43999862670898,52.9900016784668,6588600,350513525.0267029,53.20000076293945
2019-08-13,52.900001525878906,53.61000061035156,52.869998931884766,8581200,459094200.0,53.5
2019-08-14,53.34000015258789,53.970001220703125,52.970001220703125,17088900,905540839.6831512,52.9900016784668
2019-08-15,53.43000030517578,54.0,53.22999954223633,12393200,667621670.7626343,53.869998931884766
2019-08-16,53.97999954223633,54.4900016784668,53.95000076293945,14288700,777448164.8197174,54.40999984741211
2019-08-19,54.43999862670898,54.77999877929688,54.310001373291016,10936200,598100762.9814148,54.68999862670898
2019-08-20,54.619998931884766,54.68000030517578,53.84000015258789,8176700,440560604.7336578,53.880001068115234
2019-08-21,54.25,54.40999984741211,53.84999847412109,10886500,588959633.3885193,54.09999847412109
2019-08-22,54.119998931884766,54.63999938964844,54.09999847412109,7467900,406925883.5346222,54.4900016784668
2019-08-23,54.41999816894531,54.709999084472656,53.38999938964844,14160400,760979919.7677612,53.7400016784668
2019-08-26,54.0,54.540000915527344,53.72999954223633,9226900,503235134.4474793,54.540000915527344
2019-08-27,54.70000076293945,54.95000076293945,54.40999984741211,13537000,740744656.5246582,54.720001220703125
2019-08-28,54.65999984741211,55.150001525878906,54.41999816894531,10046400,553657110.1318359,55.11000061035156
2019-08-29,55.2599983215332,55.34000015258789,54.59999847412109,9262800,509917132.9330444,55.04999923706055
2019-08-30,55.15999984741211,55.220001220703125,54.810001373291016,8746700,481418376.007843,55.040000915527344
2019-09-03,54.97999954223633,55.33000183105469,54.869998931884766,12991400,718424410.0883484,55.29999923706055
2019-09-04,55.34999847412109,55.91999816894531,55.29999923706055,10718100,597748441.9063568,55.77000045776367
2019-09-05,55.75,55.77000045776367,55.02999877929688,13677000,753876225.3913879,55.119998931884766
2019-09-06,55.43999862670898,55.43999862670898,54.7599983215332,9093500,502234000.8373261,55.22999954223633
2019-09-09,55.02999877929688,55.08000183105469,54.36000061035156,10814900,589628352.9506683,54.52000045776367
2019-09-10,54.22999954223633,54.43999862670898,53.84999847412109,12038200,654878098.3688354,54.400001525878906
2019-09-11,54.290000915527344,54.79999923706055,53.970001220703125,9740400,533481712.45880127,54.77000045776367
2019-09-12,55.09999847412109,55.310001373291016,54.97999954223633,12357900,681043876.5426636,55.11000061035156
2019-09-13,54.47999954223633,54.790000915527344,54.06999969482422,11486100,623235766.7209625,54.2599983215332
2019-09-16,54.09999847412109,54.34000015258789,53.630001068115234,11172000,602841109.7717285,53.959999084472656
2019-09-17,54.09999847412109,54.70000076293945,53.959999084472656,11347400,615482995.0462341,54.2400016784668
2019-09-18,54.20000076293945,54.290000915527344,53.81999969482422,9700400,526052687.5595093,54.22999954223633
2019-09-19,54.22999954223633,54.59999847412109,54.130001068115234,7560300,412187559.4608307,54.52000045776367
2019-09-20,54.68999862670898,54.68999862670898,53.900001525878906,19211500,1035691962.0685576,53.90999984741211
2019-09-23,53.90999984741211,54.36000061035156,53.880001068115234,6485300,351114138.041687,54.13999938964844
2019-09-24,54.25,54.61000061035156,54.040000915527344,10093000,548049892.2996521,54.29999923706055
2019-09-25,54.43999862670898,54.47999954223633,54.0,10248400,555155809.2346191,54.16999816894531
2019-09-26,54.470001220703125,54.58000183105469,54.130001068115234,10031200,545596961.8774414,54.38999938964844
2019-09-27,54.560001373291016,54.63999938964844,54.0,7939900,431215979.9037933,54.310001373291016
2019-09-30,54.150001525878906,54.68000030517578,54.150001525878906,9808700,533985614.5298004,54.43999862670898
2019-10-01,54.52999877929688,54.77999877929688,54.0099983215332,14261500,779390996.761322,54.650001525878906
2019-10-02,54.209999084472656,54.43999862670898,52.900001525878906,14343600,761358314.263916,53.08000183105469
2019-10-03,53.5,53.97999954223633,52.81999969482422,13817500,743934202.1083832,53.84000015258789
2019-10-04,54.0,54.540000915527344,53.88999938964844,9295400,506971124.5101929,54.540000915527344
2019-10-07,54.33000183105469,54.36000061035156,53.77000045776367,5964900,321329156.62879944,53.869998931884766
2019-10-08,53.880001068115234,54.06999969482422,53.45000076293945,13301900,712715826.3565063,53.58000183105469
2019-10-09,54.060001373291016,54.06999969482422,53.540000915527344,7135000,384077063.0645752,53.83000183105469
2019-10-10,53.54999923706055,53.880001068115234,53.36000061035156,8942900,479876012.63542175,53.65999984741211
2019-10-11,53.650001525878906,53.70000076293945,53.20000076293945,8981700,478724603.1475067,53.29999923706055
2019-10-14,53.4900016784668,53.68000030517578,53.220001220703125,7306300,389425784.4257355,53.29999923706055
2019-10-15,53.43000030517578,53.68000030517578,53.27000045776367,9564300,511785676.94664,53.5099983215332
2019-10-16,53.459999084472656,53.56999969482422,53.130001068115234,10454800,559227269.5480347,53.4900016784668
2019-10-17,53.68999862670898,54.119998931884766,53.58000183105469,13190300,709506249.0760803,53.790000915527344
2019-10-18,55.0,55.38999938964844,54.45000076293945,18122400,992745049.8779296,54.77999877929688
2019-10-21,54.45000076293945,54.560001373291016,53.68000030517578,12778900,692999741.1502838,54.22999954223633
2019-10-22,54.22999954223633,54.41999816894531,53.7400016784668,9533400,513373575.4531861,53.84999847412109
2019-10-23,54.060001373291016,54.65999984741211,54.0099983215332,8556600,467532618.7774658,54.63999938964844
2019-10-24,54.56999969482422,54.81999969482422,54.4900016784668,11051400,603516960.7452393,54.61000061035156
2019-10-25,54.54999923706055,54.560001373291016,53.66999816894531,9782400,525804000.0,53.75
2019-10-28,53.7400016784668,53.95000076293945,53.369998931884766,8866100,474956974.294281,53.56999969482422
2019-10-29,53.38999938964844,53.65999984741211,53.2599983215332,7999700,427263975.77934265,53.40999984741211
2019-10-30,53.52000045776367,54.04999923706055,53.15999984741211,8620900,465011334.1609955,53.93999862670898
2019-10-31,53.959999084472656,54.470001220703125,53.84999847412109,13982000,761040264.2669678,54.43000030517578
2019-11-01,54.630001068115234,54.7400016784668,53.84999847412109,9889500,533044065.0901794,53.900001525878906
2019-11-04,53.959999084472656,54.0,52.970001220703125,17515100,930752403.3096312,53.13999938964844
2019-11-05,52.88999938964844,52.88999938964844,52.119998931884766,19284000,1010867244.6899414,52.41999816894531
2019-11-06,52.52999877929688,52.79999923706055,52.40999984741211,13288900,701653909.8613739,52.79999923706055
2019-11-07,52.880001068115234,53.0,51.959999084472656,11725500,613126405.7350159,52.290000915527344
2019-11-08,52.459999084472656,52.59999847412109,52.09000015258789,7141800,372873371.4614868,52.209999084472656
2019-11-11,52.33000183105469,52.369998931884766,51.77999877929688,8198300,424999873.2509613,51.84000015258789
2019-11-12,51.90999984741211,51.90999984741211,51.58000183105469,12656900,654488287.412262,51.709999084472656
2019-11-13,52.18000030517578,52.45000076293945,51.959999084472656,12257900,642436537.1295929,52.40999984741211
2019-11-14,52.52999877929688,52.66999816894531,52.34999847412109,8660300,455791598.2501984,52.630001068115234
2019-11-15,52.63999938964844,52.68000030517578,52.380001068115234,8982400,473102991.5527344,52.66999816894531
2019-11-18,52.68000030517578,53.43999862670898,52.66999816894531,13782000,730859443.1762695,53.02999877929688
2019-11-19,53.150001525878906,53.310001373291016,52.869998931884766,12679500,673027883.2168579,53.08000183105469
2019-11-20,53.09999847412109,53.400001525878906,53.0099983215332,11970300,637059380.6121826,53.220001220703125
2019-11-21,53.11000061035156,53.34000015258789,52.77999877929688,7856100,416059048.8075256,52.959999084472656
2019-11-22,52.959999084472656,53.18999862670898,52.75,9113300,483278287.8753662,53.02999877929688
2019-11-25,53.27999877929688,53.38999938964844,52.77000045776367,10963500,583477483.3831787,53.220001220703125
2019-11-26,53.310001373291016,53.93999862670898,53.220001220703125,13219800,712547240.171814,53.900001525878906
2019-11-27,53.93000030517578,54.09999847412109,53.59999847412109,9595200,517661047.32055664,53.95000076293945
2019-11-29,53.70000076293945,53.72999954223633,53.220001220703125,7222300,385670831.0203552,53.400001525878906
2019-12-02,53.31999969482422,53.75,52.84999847412109,13173800,708091750.0,53.75
2019-12-03,53.709999084472656,53.84000015258789,53.400001525878906,14498300,780008528.9386749,53.79999923706055
2019-12-04,53.79999923706055,54.310001373291016,53.720001220703125,13624000,739646972.4731445,54.290000915527344
2019-12-05,54.209999084472656,54.290000915527344,53.83000183105469,14068100,762350319.6804047,54.18999862670898
2019-12-06,54.310001373291016,54.5,54.16999816894531,7843500,426843255.63812256,54.41999816894531
2019-12-09,54.29999923706055,54.5099983215332,54.02000045776367,13887200,750880899.7619629,54.06999969482422
2019-12-10,54.040000915527344,54.06999969482422,53.72999954223633,8993900,483602007.1170807,53.77000045776367
2019-12-11,53.93999862670898,54.150001525878906,53.65999984741211,8879100,479027451.7742157,53.95000076293945
2019-12-12,54.0099983215332,54.45000076293945,53.93999862670898,11233300,608170855.1437378,54.13999938964844
2019-12-13,53.93999862670898,54.54999923706055,53.84000015258789,13072200,711389100.0640869,54.41999816894531
2019-12-16,54.68999862670898,54.83000183105469,54.369998931884766,9538100,519063384.5352173,54.41999816894531
2019-12-17,54.400001525878906,54.58000183105469,54.290000915527344,9230000,502296583.0993652,54.41999816894531
2019-12-18,54.52999877929688,54.75,53.88999938964844,15132100,815771508.6910248,53.90999984741211
2019-12-19,54.040000915527344,54.34000015258789,53.91999816894531,13385900,727122083.9149475,54.31999969482422
2019-12-20,54.93999862670898,55.20000076293945,54.470001220703125,23832800,1310089045.0927734,54.970001220703125
2019-12-23,55.0,55.2400016784668,54.84000015258789,9300800,510706926.58081055,54.90999984741211
2019-12-24,54.79999923706055,55.0,54.63999938964844,3359300,183787299.924469,54.709999084472656
2019-12-26,54.91999816894531,55.02000045776367,54.790000915527344,6228500,342692072.85118103,55.02000045776367
2019-12-27,55.0099983215332,55.45000076293945,55.0,6895500,381665914.478302,55.34999847412109
2019-12-30,55.18000030517578,55.38999938964844,55.060001373291016,6431700,355480061.9441986,55.27000045776367
2019-12-31,55.20000076293945,55.380001068115234,54.97999954223633,7982600,441836897.81951904,55.34999847412109
2020-01-02,55.31999969482422,55.43000030517578,54.7599983215332,11867700,652604842.9195404,54.9900016784668
2020-01-03,54.31999969482422,54.9900016784668,54.09000015258789,11354500,620977589.4069672,54.68999862670898
2020-01-06,54.650001525878906,54.90999984741211,54.52000045776367,14698300,803556034.0866089,54.66999816894531
2020-01-07,54.45000076293945,54.59999847412109,54.150001525878906,9973900,541084075.0,54.25
2020-01-08,54.27000045776367,54.63999938964844,54.150001525878906,10676000,580240583.7097168,54.34999847412109
2020-01-09,55.0,55.400001525878906,54.84000015258789,15398000,852125322.3495483,55.34000015258789
2020-01-10,55.47999954223633,55.93000030517578,55.45000076293945,13040100,724116737.0819092,55.52999877929688
2020-01-13,55.52999877929688,56.22999954223633,55.41999816894531,14302900,802821792.2771454,56.130001068115234
2020-01-14,56.2400016784668,56.290000915527344,55.83000183105469,16345300,915336800.0,56.0
2020-01-15,56.0,56.97999954223633,56.0,17735400,1005597193.5310364,56.70000076293945
2020-01-16,56.84999847412109,56.95000076293945,56.61000061035156,10234100,581501558.8768005,56.81999969482422
2020-01-17,56.869998931884766,57.150001525878906,56.79999923706055,14264300,812209222.410965,56.93999862670898
2020-01-21,56.84999847412109,57.25,56.56999969482422,11968900,684261991.0842896,57.16999816894531
2020-01-22,57.25,57.63999938964844,57.18000030517578,12869600,741417663.8549805,57.61000061035156
2020-01-23,57.380001068115234,57.84999847412109,57.2400016784668,12858900,743630210.5453491,57.83000183105469
2020-01-24,57.84999847412109,57.869998931884766,57.459999084472656,8594300,495719226.6227722,57.68000030517578
2020-01-27,57.209999084472656,57.84999847412109,57.130001068115234,14359900,825407045.4265594,57.47999954223633
2020-01-28,57.45000076293945,57.75,56.970001220703125,15240200,868843776.4198303,57.0099983215332
2020-01-29,57.0,57.2599983215332,56.65999984741211,13163600,750456813.9053345,57.0099983215332
2020-01-30,57.93000030517578,58.97999954223633,57.7599983215332,20225600,1190478828.3447266,58.86000061035156
2020-01-31,58.970001220703125,59.08000183105469,58.150001525878906,17685200,1032815706.9854736,58.400001525878906
2020-02-03,58.75,58.970001220703125,58.52000045776367,12333600,722502310.5834961,58.58000183105469
2020-02-04,58.75,59.45000076293945,58.619998931884766,15417900,907189238.3525848,58.84000015258789
2020-02-05,58.900001525878906,59.08000183105469,58.540000915527344,11414900,671766847.5822449,58.84999847412109
2020-02-06,58.97999954223633,59.34000015258789,58.84000015258789,9347000,551379545.6886292,58.9900016784668
2020-02-07,58.880001068115234,59.31999969482422,58.84999847412109,8757800,518374169.972992,59.18999862670898
2020-02-10,59.31999969482422,59.84000015258789,59.290000915527344,7984900,477097775.0,59.75
2020-02-11,59.720001220703125,59.79999923706055,59.31999969482422,7431200,442825209.13391113,59.59000015258789
2020-02-12,59.47999954223633,59.77000045776367,59.31999969482422,9179100,545330329.5993805,59.40999984741211
2020-02-13,59.380001068115234,59.84000015258789,59.209999084472656,8173200,487204456.9885254,59.61000061035156
2020-02-14,59.630001068115234,60.06999969482422,59.619998931884766,9965500,597431732.6030731,59.95000076293945
2020-02-18,59.810001373291016,59.93000030517578,59.45000076293945,10075700,599806408.7005615,59.52999877929688
2020-02-19,59.5099983215332,60.0,59.470001220703125,6265700,374500891.8682098,59.77000045776367
2020-02-20,59.68000030517578,59.86000061035156,59.11000061035156,7597200,453704793.2739258,59.720001220703125
2020-02-21,59.5099983215332,60.130001068115234,59.43000030517578,10842400,651953523.5809326,60.130001068115234
2020-02-24,59.11000061035156,59.79999923706055,58.56999969482422,14415500,845469096.9963074,58.650001525878906
2020-02-25,58.70000076293945,59.20000076293945,57.619998931884766,15915100,920211077.1430968,57.81999969482422
2020-02-26,57.97999954223633,58.470001220703125,57.47999954223633,15837800,912257255.833435,57.59999847412109
2020-02-27,57.150001525878906,57.88999938964844,54.880001068115234,23754000,1304807227.2491455,54.93000030517578
2020-02-28,53.83000183105469,53.88999938964844,51.58000183105469,40890600,2187238262.6335144,53.4900016784668
2020-03-02,53.93000030517578,55.959999084472656,53.70000076293945,25698600,1437065664.944458,55.91999816894531
2020-03-03,56.7599983215332,57.4900016784668,55.63999938964844,27099200,1519181189.215088,56.060001373291016
2020-03-04,56.40999984741211,59.0,56.40999984741211,20526100,1209397774.4155884,58.91999816894531
2020-03-05,57.79999923706055,58.16999816894531,56.18999862670898,17948500,1018397920.1259612,56.7400016784668
2020-03-06,54.93999862670898,55.90999984741211,53.97999954223633,22353900,1235276476.479721,55.2599983215332
2020-03-09,52.04999923706055,53.58000183105469,51.47999954223633,27898300,1446805855.027771,51.86000061035156
2020-03-10,53.220001220703125,53.79999923706055,51.16999816894531,27457400,1473364079.8103333,53.65999984741211
2020-03-11,52.34999847412109,52.650001525878906,51.13999938964844,22653900,1182760098.259735,52.209999084472656
2020-03-12,48.540000915527344,49.93000030517578,46.68999862670898,31913100,1505021791.1304474,47.15999984741211
2020-03-13,49.5099983215332,49.560001373291016,46.61000061035156,33697200,1633303325.134277,48.470001220703125
2020-03-16,42.2400016784668,47.880001068115234,41.16999816894531,28682300,1298160849.8577118,45.2599983215332
2020-03-17,45.880001068115234,47.5,45.369998931884766,32106700,1514794115.7981873,47.18000030517578
2020-03-18,44.7400016784668,45.150001525878906,41.59000015258789,35408300,1588062200.971222,44.84999847412109
2020-03-19,44.36000061035156,44.65999984741211,41.040000915527344,41956900,1755057203.8253784,41.83000183105469
2020-03-20,41.95000076293945,42.06999969482422,37.5099983215332,51513500,1972967010.6983185,38.29999923706055
2020-03-23,38.7599983215332,38.88999938964844,36.27000045776367,44978500,1689392521.76857,37.560001373291016
2020-03-24,41.220001220703125,41.400001525878906,38.83000183105469,49096200,1936845127.457428,39.45000076293945
2020-03-25,40.630001068115234,43.45000076293945,39.90999984741211,42511700,1768911862.9470823,41.61000061035156
2020-03-26,42.84000015258789,45.27000045776367,42.45000076293945,37821700,1675123127.6268003,44.290000915527344
2020-03-27,43.65999984741211,44.02999877929688,42.400001525878906,23297900,997383130.9947968,42.810001373291016
2020-03-30,43.040000915527344,45.560001373291016,43.040000915527344,23446000,1055070000.0,45.0
2020-03-31,45.06999969482422,45.5099983215332,44.060001373291016,25373900,1122795075.0,44.25
2020-04-01,42.47999954223633,43.650001525878906,41.79999923706055,21936400,923961144.569397,42.119998931884766
2020-04-02,42.220001220703125,44.18999862670898,41.86000061035156,17621900,774482518.4444427,43.95000076293945
2020-04-03,43.58000183105469,44.34000015258789,43.310001373291016,14207100,622697219.013977,43.83000183105469
2020-04-06,45.38999938964844,47.0099983215332,44.68999862670898,22850000,1066409458.1604004,46.66999816894531
2020-04-07,48.5,48.59999847412109,46.47999954223633,21279600,989714160.282898,46.5099983215332
2020-04-08,46.63999938964844,48.09000015258789,46.33000183105469,18937100,905572116.2208556,47.81999969482422
2020-04-09,48.43999862670898,49.72999954223633,48.34999847412109,19165300,939099700.0,49.0
2020-04-13,48.34999847412109,48.63999938964844,46.5,19586000,919170985.9771729,46.93000030517578
2020-04-14,47.93999862670898,49.25,46.93000030517578,21801900,1066548908.0795288,48.91999816894531
2020-04-15,47.709999084472656,48.400001525878906,47.40999984741211,12893200,613845259.8693848,47.61000061035156
2020-04-16,47.400001525878906,47.84999847412109,46.7599983215332,17606800,829280253.1341553,47.09999847412109
2020-04-17,48.29999923706055,48.29999923706055,47.369998931884766,19844600,953731503.2524108,48.060001373291016
2020-04-20,47.790000915527344,48.0,46.310001373291016,18957900,882111063.8580322,46.52999877929688
2020-04-21,45.880001068115234,46.900001525878906,44.2599983215332,26863700,1219074734.6935272,45.380001068115234
2020-04-22,46.04999923706055,46.150001525878906,45.5,15811600,722273892.8253174,45.68000030517578
2020-04-23,45.95000076293945,46.09999847412109,44.970001220703125,17668200,796305768.6080933,45.06999969482422
2020-04-24,45.5,45.75,45.119998931884766,15175000,689400254.6310425,45.43000030517578
2020-04-27,46.0,46.97999954223633,45.709999084472656,19175500,897029866.5924072,46.77999877929688
2020-04-28,47.900001525878906,48.0,46.56999969482422,17246700,806110786.9480133,46.7400016784668
2020-04-29,47.27000045776367,47.86000061035156,46.880001068115234,15780000,743553583.1451416,47.119998931884766
2020-04-30,47.0,47.0,45.70000076293945,20801100,954562466.304016,45.88999938964844
2020-05-01,45.619998931884766,46.38999938964844,45.209999084472656,14290400,651642218.1945801,45.59999847412109
2020-05-04,45.31999969482422,45.47999954223633,44.59999847412109,22544200,1017645174.2401124,45.13999938964844
2020-05-05,45.36000061035156,46.09999847412109,45.150001525878906,13370500,607020720.4017639,45.400001525878906
2020-05-06,45.400001525878906,45.630001068115234,44.720001220703125,11892900,532207275.0,44.75
2020-05-07,45.150001525878906,45.2400016784668,44.5,16466000,734383574.8748779,44.59999847412109
2020-05-08,45.08000183105469,46.220001220703125,44.880001068115234,13985100,644852969.5358276,46.11000061035156
2020-05-11,45.68999862670898,46.11000061035156,45.52000045776367,10874600,495229293.95599365,45.540000915527344
2020-05-12,45.59999847412109,45.84999847412109,44.79999923706055,13424400,601681603.9031982,44.81999969482422
2020-05-13,44.709999084472656,44.77999877929688,43.52000045776367,15854800,696659890.2267456,43.93999862670898
2020-05-14,43.380001068115234,44.060001373291016,43.22999954223633,18000800,786634973.7335205,43.70000076293945
2020-05-15,43.959999084472656,44.68999862670898,43.20000076293945,31579400,1366124790.9950256,43.2599983215332
2020-05-18,44.81999969482422,45.38999938964844,44.130001068115234,26118500,1174548976.8829346,44.970001220703125
2020-05-19,45.0099983215332,45.33000183105469,44.25,17839900,794589162.3329163,44.540000915527344
2020-05-20,45.20000076293945,46.16999816894531,45.02000045776367,22295900,1023158837.3916626,45.88999938964844
2020-05-21,46.08000183105469,46.09000015258789,45.02999877929688,13193500,595950370.84198,45.16999816894531
2020-05-22,45.220001220703125,45.310001373291016,44.650001525878906,13008400,585768236.1206055,45.02999877929688
2020-05-26,46.91999816894531,46.93000030517578,45.93000030517578,22223100,1024262682.390976,46.09000015258789
2020-05-27,47.0,47.09000015258789,46.16999816894531,18447600,862056339.5553589,46.72999954223633
2020-05-28,47.29999923706055,47.459999084472656,46.81999969482422,16230600,764298956.476593,47.09000015258789
2020-05-29,46.68000030517578,47.18999862670898,46.13999938964844,51125000,2386515015.602112,46.68000030517578
2020-06-01,46.65999984741211,47.22999954223633,46.59000015258789,17010700,799332821.5518951,46.9900016784668
2020-06-02,47.15999984741211,47.27999877929688,46.560001373291016,15255100,715464213.2774353,46.900001525878906
2020-06-03,47.27000045776367,48.119998931884766,47.119998931884766,15508300,742847593.6637878,47.900001525878906
2020-06-04,47.93999862670898,48.27000045776367,47.380001068115234,13604700,651937199.0890503,47.91999816894531
2020-06-05,48.540000915527344,49.4900016784668,48.459999084472656,20504800,1006580635.1287842,49.09000015258789
2020-06-08,49.540000915527344,49.970001220703125,49.470001220703125,19896700,991850464.6400452,49.84999847412109
2020-06-09,49.59000015258789,49.59000015258789,48.68000030517578,16713700,818971300.0,49.0
2020-06-10,49.15999984741211,49.27000045776367,48.56999969482422,15716600,764141075.2128601,48.619998931884766
2020-06-11,47.810001373291016,47.91999816894531,45.459999084472656,26070400,1187246039.868164,45.540000915527344
2020-06-12,46.209999084472656,46.25,45.0099983215332,21822700,995115086.7012024,45.59999847412109
2020-06-15,44.56999969482422,46.45000076293945,44.470001220703125,15622300,723312478.081131,46.29999923706055
2020-06-16,47.560001373291016,47.68999862670898,46.18999862670898,18803500,879439703.6075592,46.77000045776367
2020-06-17,46.77999877929688,47.060001373291016,46.43999862670898,12602800,587038447.076416,46.58000183105469
2020-06-18,46.29999923706055,47.040000915527344,46.06999969482422,9380800,440803807.7453613,46.9900016784668
2020-06-19,47.77000045776367,47.790000915527344,46.02000045776367,30464600,1401980905.9455872,46.02000045776367
2020-06-22,46.02999877929688,46.150001525878906,45.380001068115234,20876200,954877423.0400084,45.7400016784668
2020-06-23,46.0,46.290000915527344,45.58000183105469,14675300,669780683.0429077,45.63999938964844
2020-06-24,45.369998931884766,45.43999862670898,44.5,17631800,787259896.9039917,44.650001525878906
2020-06-25,44.470001220703125,44.97999954223633,44.02999877929688,13829700,621368425.2204895,44.93000030517578
2020-06-26,44.91999816894531,45.0099983215332,43.5099983215332,21955100,956583700.2998352,43.56999969482422
2020-06-29,44.0,44.56999969482422,43.54999923706055,17603900,780909014.7445679,44.36000061035156
2020-06-30,44.25,44.83000183105469,44.040000915527344,23679800,1058013471.2265016,44.68000030517578
2020-07-01,44.93000030517578,45.52999877929688,44.709999084472656,14316500,641665525.6309509,44.81999969482422
2020-07-02,45.290000915527344,45.43000030517578,44.79999923706055,15111900,678222088.1412506,44.880001068115234
2020-07-06,45.13999938964844,45.27000045776367,44.61000061035156,15146000,685053573.0667114,45.22999954223633
2020-07-07,45.0,45.5,44.79999923706055,13043600,589701144.0582275,45.209999084472656
2020-07-08,45.13999938964844,45.18000030517578,44.470001220703125,13851200,624273579.7729492,45.06999969482422
2020-07-09,45.04999923706055,45.04999923706055,43.83000183105469,16087100,706384558.5453033,43.90999984741211
2020-07-10,43.880001068115234,45.25,43.86000061035156,15627800,705595193.8461304,45.150001525878906
2020-07-13,45.52999877929688,45.68000030517578,44.959999084472656,16705300,755914825.0,45.25
2020-07-14,44.90999984741211,45.93999862670898,44.66999816894531,17080100,783464168.756485,45.869998931884766
2020-07-15,46.29999923706055,47.18999862670898,46.20000076293945,23738000,1101443236.2213137,46.400001525878906
2020-07-16,46.2599983215332,46.68999862670898,45.93999862670898,13306100,614076535.3034973,46.150001525878906
2020-07-17,46.470001220703125,46.90999984741211,46.130001068115234,13899800,650788631.7581177,46.81999969482422
2020-07-20,46.720001220703125,46.83000183105469,45.84999847412109,16633200,767123166.2338257,46.119998931884766
2020-07-21,47.52000045776367,47.9900016784668,46.93000030517578,25681500,1212166819.5934296,47.20000076293945
2020-07-22,47.93000030517578,48.52000045776367,47.02999877929688,29831200,1446216562.3443604,48.47999954223633
2020-07-23,48.470001220703125,48.56999969482422,48.02999877929688,15935000,769341780.5480957,48.27999877929688
2020-07-24,48.400001525878906,48.79999923706055,48.06999969482422,16196800,785382859.185791,48.4900016784668
2020-07-27,48.18000030517578,48.5099983215332,48.18000030517578,17346500,840958312.0594025,48.47999954223633
2020-07-28,48.34000015258789,49.27999877929688,48.09999847412109,13872700,668386690.2336121,48.18000030517578
2020-07-29,48.13999938964844,48.5,47.81999969482422,13758100,660663968.2979584,48.02000045776367
2020-07-30,47.66999816894531,48.22999954223633,47.20000076293945,17276500,823916261.2743378,47.68999862670898
2020-07-31,47.43999862670898,47.77000045776367,46.72999954223633,14849200,701476232.9238892,47.2400016784668
2020-08-03,47.13999938964844,47.36000061035156,46.22999954223633,14137500,654566239.2139435,46.29999923706055
2020-08-04,46.290000915527344,46.86000061035156,46.220001220703125,11717200,547076051.9088745,46.68999862670898
2020-08-05,46.900001525878906,47.27000045776367,46.810001373291016,10498700,495748626.8157959,47.220001220703125
2020-08-06,46.65999984741211,47.52999877929688,46.59999847412109,10745000,510172595.08132935,47.47999954223633
2020-08-07,47.470001220703125,48.08000183105469,47.209999084472656,11669700,557811651.0967255,47.79999923706055
2020-08-10,48.060001373291016,48.27999877929688,47.65999984741211,11888000,567295374.5117188,47.720001220703125
2020-08-11,48.459999084472656,48.650001525878906,47.70000076293945,16531600,792359593.045044,47.93000030517578
2020-08-12,48.29999923706055,48.68999862670898,48.119998931884766,9562200,463097348.9181519,48.43000030517578
2020-08-13,48.2599983215332,48.72999954223633,48.060001373291016,9882900,478134712.5560761,48.380001068115234
2020-08-14,48.34000015258789,48.68999862670898,48.02999877929688,10075800,488172517.6872253,48.45000076293945
2020-08-17,48.31999969482422,48.75,48.20000076293945,9102400,438826695.6665039,48.209999084472656
2020-08-18,48.20000076293945,48.5,47.959999084472656,9829000,475920162.0025635,48.41999816894531
2020-08-19,48.119998931884766,48.380001068115234,47.220001220703125,17371000,822864251.4457703,47.369998931884766
2020-08-20,47.27000045776367,47.59999847412109,47.09000015258789,11308700,535466927.7442932,47.34999847412109
2020-08-21,47.34000015258789,47.5,46.970001220703125,14734100,696628230.0140381,47.27999877929688
2020-08-24,47.43000030517578,47.97999954223633,47.18000030517578,9257700,444091880.3009033,47.970001220703125
2020-08-25,48.0,48.04999923706055,47.650001525878906,7827800,375029896.8055725,47.90999984741211
2020-08-26,47.7599983215332,48.18000030517578,47.470001220703125,10124200,487581470.4551697,48.15999984741211
2020-08-27,48.25,48.81999969482422,48.20000076293945,10931600,527231062.9959106,48.22999954223633
2020-08-28,48.75,49.84999847412109,48.52999877929688,16420300,818223579.0664673,49.83000183105469
2020-08-31,49.79999923706055,50.06999969482422,49.34999847412109,18510800,916839901.4038086,49.52999877929688
2020-09-01,49.310001373291016,49.34999847412109,48.83000183105469,12588400,618342194.5541382,49.119998931884766
2020-09-02,49.36000061035156,51.36000061035156,49.36000061035156,26332600,1347965757.837677,51.18999862670898
2020-09-03,51.400001525878906,52.13999938964844,50.09999847412109,22289400,1125168901.7967224,50.47999954223633
2020-09-04,50.93999862670898,51.470001220703125,50.27999877929688,21019500,1072835299.243927,51.040000915527344
2020-09-08,50.93000030517578,51.040000915527344,49.36000061035156,17776700,885457451.4125824,49.810001373291016
2020-09-09,49.59999847412109,50.7599983215332,49.54999923706055,15252300,765512916.0541534,50.18999862670898
2020-09-10,50.34999847412109,50.68000030517578,49.95000076293945,15439500,771975000.0,50.0
2020-09-11,50.400001525878906,51.20000076293945,50.09999847412109,18272300,932983663.0931854,51.060001373291016
2020-09-14,50.970001220703125,51.22999954223633,50.56999969482422,10911700,553332297.0100403,50.709999084472656
2020-09-15,51.0,51.380001068115234,50.84000015258789,12838400,655400310.2050781,51.04999923706055
2020-09-16,50.95000076293945,51.45000076293945,50.7400016784668,15353900,779824595.0569153,50.790000915527344
2020-09-17,50.220001220703125,50.630001068115234,49.93999862670898,13287100,671662894.8627472,50.54999923706055
2020-09-18,50.75,51.15999984741211,50.209999084472656,23816600,1201547488.1706238,50.45000076293945
2020-09-21,49.75,50.02000045776367,48.61000061035156,17514800,859801534.6725464,49.09000015258789
2020-09-22,49.11000061035156,50.040000915527344,49.06999969482422,13034600,647298234.0110779,49.65999984741211
2020-09-23,49.72999954223633,49.91999816894531,48.16999816894531,17121200,825413036.3250732,48.209999084472656
2020-09-24,48.209999084472656,49.09999847412109,47.560001373291016,16788100,817580482.8083038,48.70000076293945
2020-09-25,48.20000076293945,48.7599983215332,47.97999954223633,12603400,614037663.3850098,48.720001220703125
2020-09-28,49.310001373291016,49.709999084472656,49.13999938964844,11215700,552709682.30896,49.27999877929688
2020-09-29,49.38999938964844,49.560001373291016,48.90999984741211,12426600,607909249.2462158,48.91999816894531
2020-09-30,49.27000045776367,49.619998931884766,48.88999938964844,15755900,777868766.1708832,49.369998931884766
2020-10-01,49.43999862670898,49.65999984741211,48.59000015258789,17577300,864451619.3641663,49.18000030517578
2020-10-02,48.7599983215332,49.58000183105469,48.54999923706055,13610100,671794544.3069458,49.36000061035156
2020-10-05,49.43000030517578,49.54999923706055,49.119998931884766,10628700,524845217.3526764,49.380001068115234
2020-10-06,49.54999923706055,49.72999954223633,48.83000183105469,10077400,493187942.1607971,48.93999862670898
2020-10-07,49.02000045776367,49.7599983215332,48.95000076293945,10135600,502320349.9191284,49.560001373291016
2020-10-08,49.709999084472656,50.540000915527344,49.540000915527344,12143900,612781182.8819275,50.459999084472656
2020-10-09,50.66999816894531,51.22999954223633,50.59999847412109,11407800,579630333.6662292,50.810001373291016
2020-10-12,50.84000015258789,51.52999877929688,50.83000183105469,11386500,581736286.737442,51.09000015258789
2020-10-13,50.9900016784668,50.9900016784668,49.900001525878906,14365300,721425383.5357666,50.220001220703125
2020-10-14,50.04999923706055,50.4900016784668,49.650001525878906,10582100,530374840.6970978,50.119998931884766
2020-10-15,49.400001525878906,50.130001068115234,49.29999923706055,9961700,497985399.7203827,49.9900016784668
2020-10-16,49.9900016784668,50.34999847412109,49.869998931884766,13569800,678897077.4353027,50.02999877929688
2020-10-19,50.02999877929688,50.47999954223633,49.459999084472656,9930400,492746437.3931885,49.619998931884766
2020-10-20,49.88999938964844,50.619998931884766,49.790000915527344,10970700,551277675.0,50.25
2020-10-21,49.959999084472656,50.43000030517578,49.77000045776367,12517400,625744847.0100403,49.9900016784668
2020-10-22,51.16999816894531,51.20000076293945,50.380001068115234,20189200,1023188662.1612548,50.68000030517578
2020-10-23,51.0,51.18000030517578,50.470001220703125,13491300,681580482.175827,50.52000045776367
2020-10-26,50.34000015258789,50.5099983215332,49.20000076293945,14696400,731880708.7875366,49.79999923706055
2020-10-27,49.810001373291016,50.290000915527344,49.54999923706055,13892100,693215811.1976624,49.900001525878906
2020-10-28,49.0,49.150001525878906,47.77999877929688,19886200,953742133.79364,47.959999084472656
2020-10-29,47.72999954223633,48.47999954223633,47.29999923706055,15369900,738062605.0357819,48.02000045776367
2020-10-30,47.810001373291016,48.119998931884766,47.369998931884766,15804000,759540261.7034912,48.060001373291016
2020-11-02,48.75,48.95000076293945,48.2400016784668,15156100,736889565.8115387,48.619998931884766
2020-11-03,49.220001220703125,49.959999084472656,49.0,15285100,754319661.6767883,49.34999847412109
2020-11-04,49.43000030517578,50.209999084472656,49.08000183105469,12930800,635807412.322998,49.16999816894531
2020-11-05,49.7599983215332,50.209999084472656,49.34000015258789,12452400,615646638.899231,49.43999862670898
2020-11-06,49.650001525878906,49.9900016784668,49.25,9294900,459632812.0914459,49.45000076293945
2020-11-09,52.5,53.2599983215332,52.06999969482422,33442000,1758045929.7943115,52.56999969482422
2020-11-10,52.56999969482422,54.27999877929688,52.45000076293945,29706700,1603567652.401352,53.97999954223633
2020-11-11,53.93000030517578,54.29999923706055,53.33000183105469,17399900,932286673.8601685,53.58000183105469
2020-11-12,53.04999923706055,53.209999084472656,52.61000061035156,15024400,796443418.7820435,53.0099983215332
2020-11-13,53.25,53.5,52.88999938964844,12447900,665340264.496994,53.45000076293945
2020-11-16,54.5,54.619998931884766,53.27999877929688,14908200,802806547.2518921,53.84999847412109
2020-11-17,53.65999984741211,53.75,53.02999877929688,14248400,764854116.3482666,53.68000030517578
2020-11-18,53.75,54.02000045776367,52.560001373291016,15278200,803786111.3250732,52.61000061035156
2020-11-19,52.4900016784668,53.22999954223633,51.95000076293945,17189500,913278153.3603668,53.130001068115234
2020-11-20,53.18999862670898,53.25,52.59000015258789,15645600,824053723.3520508,52.66999816894531
2020-11-23,52.95000076293945,53.16999816894531,52.20000076293945,13191900,694949296.0258484,52.68000030517578
2020-11-24,53.13999938964844,53.59000015258789,53.02000045776367,13827600,735904888.8793945,53.220001220703125
2020-11-25,53.06999969482422,53.27999877929688,52.790000915527344,10194800,539610767.111206,52.93000030517578
2020-11-27,53.11000061035156,53.18999862670898,52.61000061035156,8499300,447913116.4844513,52.70000076293945
2020-11-30,52.09000015258789,52.18999862670898,51.08000183105469,43203600,2229305694.076538,51.59999847412109
2020-12-01,52.13999938964844,52.33000183105469,51.790000915527344,18968800,987136369.3664552,52.040000915527344
2020-12-02,51.900001525878906,52.130001068115234,51.63999938964844,14913100,777121650.1022339,52.11000061035156
2020-12-03,51.900001525878906,52.93999862670898,51.900001525878906,17318900,914091520.8587646,52.77999877929688
2020-12-04,52.77999877929688,53.869998931884766,52.7599983215332,18122400,975891212.347412,53.84999847412109
2020-12-07,53.7599983215332,53.77999877929688,52.70000076293945,16210900,859015618.2094574,52.9900016784668
2020-12-08,52.93999862670898,53.47999954223633,52.790000915527344,12485800,663994847.8103638,53.18000030517578
2020-12-09,53.369998931884766,53.59999847412109,53.0,11508400,613742993.0725098,53.33000183105469
2020-12-10,53.400001525878906,53.5099983215332,52.97999954223633,12097300,641761755.7704926,53.04999923706055
2020-12-11,52.79999923706055,53.540000915527344,52.77999877929688,10638100,567542618.7675476,53.34999847412109
2020-12-14,53.650001525878906,53.84000015258789,53.18000030517578,22292000,1187494850.2044678,53.27000045776367
2020-12-15,53.790000915527344,54.220001220703125,53.59999847412109,16193700,871868810.4709625,53.84000015258789
2020-12-16,53.59999847412109,53.79999923706055,52.93999862670898,15679600,831959597.5326538,53.060001373291016
2020-12-17,53.29999923706055,53.709999084472656,53.150001525878906,12677300,675319776.8032074,53.27000045776367
2020-12-18,53.08000183105469,53.84000015258789,52.619998931884766,35480100,1906700633.5521696,53.7400016784668
2020-12-21,52.68000030517578,53.0,51.97999954223633,14926600,788273766.4985657,52.810001373291016
2020-12-22,52.810001373291016,53.18000030517578,52.38999938964844,9689500,511218003.736496,52.7599983215332
2020-12-23,52.95000076293945,53.38999938964844,52.93999862670898,7040300,373699136.8911743,53.08000183105469
2020-12-24,53.02000045776367,53.54999923706055,53.02000045776367,3265500,174508315.5155182,53.43999862670898
2020-12-28,53.84999847412109,54.43999862670898,53.72999954223633,9020500,488550278.6235809,54.15999984741211
2020-12-29,54.45000076293945,54.4900016784668,54.02000045776367,8320600,450394086.8873596,54.130001068115234
2020-12-30,54.04999923706055,54.630001068115234,54.02999877929688,8142700,443288576.8177033,54.43999862670898
2020-12-31,54.45000076293945,54.93000030517578,54.27000045776367,8495000,465865801.2962341,54.84000015258789
2021-01-04,54.27000045776367,54.630001068115234,52.02999877929688,25611100,1351241593.012619,52.7599983215332
2021-01-05,52.33000183105469,52.619998931884766,52.02999877929688,20323800,1060495890.2023315,52.18000030517578
2021-01-06,51.970001220703125,52.02000045776367,50.18999862670898,38724500,1956361757.7266693,50.52000045776367
2021-01-07,50.09000015258789,50.2599983215332,49.52000045776367,53225700,2659155923.2704163,49.959999084472656
2021-01-08,50.02999877929688,51.130001068115234,49.84000015258789,29674000,1515747974.3347168,51.08000183105469
2021-01-11,50.619998931884766,50.86000061035156,49.95000076293945,19304400,969080894.7280884,50.20000076293945
2021-01-12,50.040000915527344,50.369998931884766,49.7599983215332,18538700,928974268.3151244,50.11000061035156
2021-01-13,49.97999954223633,50.36000061035156,49.95000076293945,18864100,946223253.1215668,50.15999984741211
2021-01-14,50.15999984741211,50.18000030517578,49.220001220703125,34303600,1688766212.297058,49.22999954223633
2021-01-15,49.15999984741211,49.18000030517578,48.52999877929688,24366800,1186663178.590393,48.70000076293945
2021-01-19,48.7400016784668,49.040000915527344,48.2400016784668,29114500,1412344346.1322784,48.5099983215332
2021-01-20,48.540000915527344,48.81999969482422,48.310001373291016,23115800,1125277151.0543823,48.68000030517578
2021-01-21,48.77999877929688,49.09000015258789,48.459999084472656,19702500,964437390.0318146,48.95000076293945
2021-01-22,48.810001373291016,48.93999862670898,48.4900016784668,15400300,746760572.8488922,48.4900016784668
2021-01-25,48.41999816894531,48.84000015258789,48.2400016784668,16604200,809952855.7312012,48.77999877929688
2021-01-26,48.90999984741211,49.400001525878906,48.61000061035156,12922600,636954965.8309937,49.290000915527344
2021-01-27,48.88999938964844,49.31999969482422,48.22999954223633,21242400,1030893646.069336,48.52999877929688
2021-01-28,48.68999862670898,49.5,48.61000061035156,17498900,860070961.7012024,49.150001525878906
2021-01-29,49.02999877929688,49.119998931884766,48.11000061035156,18670300,898974973.488617,48.150001525878906
2021-02-01,48.27000045776367,48.68999862670898,48.18000030517578,12183600,590660922.4227905,48.47999954223633
2021-02-02,48.79999923706055,49.34999847412109,48.630001068115234,13319800,652137395.8053589,48.959999084472656
2021-02-03,48.95000076293945,49.09000015258789,48.66999816894531,12274100,598607862.6186371,48.77000045776367
2021-02-04,48.959999084472656,49.06999969482422,48.650001525878906,20597400,1009478539.427948,49.0099983215332
2021-02-05,49.5,49.77999877929688,49.27000045776367,12742000,632640319.442749,49.650001525878906
2021-02-08,49.959999084472656,50.16999816894531,49.4900016784668,17833200,890233311.3464355,49.91999816894531
2021-02-09,49.84999847412109,50.02000045776367,49.630001068115234,14592900,725267141.1334991,49.70000076293945
2021-02-10,50.40999984741211,50.58000183105469,49.52999877929688,22965400,1139083804.9575806,49.59999847412109
2021-02-11,49.810001373291016,50.59000015258789,49.79999923706055,21928600,1103008563.269806,50.29999923706055
2021-02-12,50.56999969482422,50.84999847412109,50.38999938964844,13137100,665919580.9589386,50.68999862670898
2021-02-16,50.619998931884766,50.720001220703125,50.15999984741211,15093400,758745224.9092102,50.27000045776367
2021-02-17,50.0,50.4900016784668,49.88999938964844,12794300,641378272.6657867,50.130001068115234
2021-02-18,50.15999984741211,50.84999847412109,50.02999877929688,12747100,647170272.8351593,50.77000045776367
2021-02-19,50.790000915527344,50.83000183105469,49.970001220703125,15968800,800196577.746582,50.11000061035156
2021-02-22,49.84999847412109,50.880001068115234,49.66999816894531,14370900,727598682.3497772,50.630001068115234
2021-02-23,51.0,51.5099983215332,50.41999816894531,16222300,819875056.8519592,50.540000915527344
2021-02-24,50.38999938964844,50.900001525878906,50.130001068115234,14442000,732353806.7779541,50.709999084472656
2021-02-25,50.470001220703125,50.75,49.97999954223633,14211100,712970860.9786987,50.16999816894531
2021-02-26,50.20000076293945,50.209999084472656,48.970001220703125,23638400,1158045255.6762695,48.9900016784668
2021-03-01,49.43999862670898,50.43999862670898,49.400001525878906,13901200,693669901.2115479,49.900001525878906
2021-03-02,49.84000015258789,50.560001373291016,49.70000076293945,11755100,588930492.0631409,50.09999847412109
2021-03-03,49.720001220703125,50.560001373291016,49.709999084472656,15410700,770226778.9455414,49.97999954223633
2021-03-04,50.310001373291016,51.09000015258789,49.619998931884766,22036400,1100497785.73761,49.93999862670898
2021-03-05,50.04999923706055,50.95000076293945,49.900001525878906,21310800,1082375551.51062,50.790000915527344
2021-03-08,51.470001220703125,52.4900016784668,51.15999984741211,25084900,1295384220.689392,51.63999938964844
2021-03-09,51.720001220703125,51.880001068115234,50.81999969482422,23082700,1173986136.088562,50.86000061035156
2021-03-10,51.18000030517578,51.630001068115234,50.720001220703125,21331600,1097297474.7055054,51.43999862670898
2021-03-11,51.40999984741211,51.43000030517578,50.810001373291016,17417700,886212594.6041107,50.880001068115234
2021-03-12,50.59000015258789,50.68000030517578,50.20000076293945,17598600,886265506.741333,50.36000061035156
2021-03-15,50.5,51.119998931884766,50.470001220703125,13411900,684409240.6280518,51.02999877929688
2021-03-16,51.20000076293945,51.52000045776367,51.040000915527344,14214200,728051341.3513184,51.220001220703125
2021-03-17,51.25,51.619998931884766,51.150001525878906,17502700,896838377.3777008,51.2400016784668
2021-03-18,51.060001373291016,51.18999862670898,50.4900016784668,18007300,910629155.5046082,50.56999969482422
2021-03-19,50.459999084472656,51.08000183105469,50.16999816894531,67845700,3447240110.1718903,50.810001373291016
2021-03-22,50.31999969482422,51.08000183105469,50.31999969482422,17911400,913481400.0,51.0
2021-03-23,50.9900016784668,51.650001525878906,50.83000183105469,16936700,870377002.6626587,51.38999938964844
2021-03-24,51.16999816894531,51.88999938964844,51.150001525878906,14997400,772666054.8652649,51.52000045776367
2021-03-25,51.70000076293945,52.060001373291016,51.16999816894531,17091900,889120645.8240509,52.02000045776367
2021-03-26,52.13999938964844,53.11000061035156,51.7599983215332,17126700,908400183.6799622,53.040000915527344
2021-03-29,52.72999954223633,53.93999862670898,52.709999084472656,17514100,943134258.2756042,53.84999847412109
2021-03-30,53.75,53.790000915527344,52.93000030517578,14871800,790436192.6925659,53.150001525878906
2021-03-31,53.02999877929688,53.16999816894531,52.5,15826500,834214800.5104065,52.709999084472656
2021-04-01,52.959999084472656,53.150001525878906,52.459999084472656,15834700,831480070.4219818,52.5099983215332
2021-04-05,52.34999847412109,53.220001220703125,52.290000915527344,16368700,864431069.4789886,52.810001373291016
2021-04-06,53.040000915527344,53.650001525878906,52.900001525878906,15614300,830524595.5570221,53.18999862670898
2021-04-07,53.27999877929688,53.5,53.119998931884766,10062700,536140643.71643066,53.27999877929688
2021-04-08,53.16999816894531,53.380001068115234,52.970001220703125,9695600,515030261.64398193,53.119998931884766
2021-04-09,53.16999816894531,53.27999877929688,52.810001373291016,10828200,575843679.3045044,53.18000030517578
2021-04-12,53.33000183105469,53.54999923706055,53.09999847412109,8565300,456958741.9303894,53.34999847412109
2021-04-13,53.040000915527344,53.290000915527344,52.810001373291016,11071700,587796554.6894073,53.09000015258789
2021-04-14,52.97999954223633,53.18999862670898,52.650001525878906,9787600,519525825.92163086,53.08000183105469
2021-04-15,53.130001068115234,53.65999984741211,53.119998931884766,13078100,697455096.9467163,53.33000183105469
2021-04-16,53.7400016784668,53.79999923706055,53.380001068115234,17974100,964849693.48526,53.68000030517578
2021-04-19,54.0,54.36000061035156,53.29999923706055,19352900,1045056600.0,54.0
2021-04-20,53.84000015258789,54.59000015258789,53.810001373291016,14419200,781088037.5976562,54.16999816894531
2021-04-21,54.2400016784668,54.7400016784668,54.2400016784668,13866500,757249573.46344,54.61000061035156
2021-04-22,54.470001220703125,54.869998931884766,54.31999969482422,12558900,683706498.7529755,54.43999862670898
2021-04-23,54.400001525878906,54.59000015258789,54.16999816894531,9020500,491346646.0113525,54.470001220703125
2021-04-26,54.470001220703125,54.5099983215332,53.58000183105469,11684600,626995634.2170715,53.65999984741211
2021-04-27,53.560001373291016,53.70000076293945,53.31999969482422,9852400,527891610.0402832,53.58000183105469
2021-04-28,53.97999954223633,54.04999923706055,53.43999862670898,10868100,582421480.6583405,53.59000015258789
2021-04-29,53.540000915527344,54.36000061035156,53.43000030517578,15391000,835115634.1667175,54.2599983215332
2021-04-30,54.25,54.27000045776367,53.68999862670898,14912600,804982141.1735535,53.97999954223633
2021-05-03,54.27000045776367,54.79999923706055,54.15999984741211,10417900,567567187.2310638,54.47999954223633
2021-05-04,54.56999969482422,54.619998931884766,53.93999862670898,14151000,766135131.362915,54.13999938964844
2021-05-05,54.13999938964844,54.2400016784668,53.709999084472656,9665900,521958600.0,54.0
2021-05-06,54.119998931884766,54.61000061035156,54.04999923706055,11572700,631175068.5951233,54.540000915527344
2021-05-07,54.43999862670898,54.77000045776367,54.15999984741211,10637500,579850107.1453094,54.5099983215332
2021-05-10,54.880001068115234,55.5,54.83000183105469,15545800,853619875.6278992,54.90999984741211
2021-05-11,55.02999877929688,55.13999938964844,54.04999923706055,12986700,705437540.0367737,54.31999969482422
2021-05-12,54.36000061035156,54.560001373291016,53.880001068115234,15836500,855804474.4987488,54.040000915527344
2021-05-13,53.970001220703125,54.77999877929688,53.83000183105469,15475800,843585832.0243835,54.5099983215332
2021-05-14,54.900001525878906,55.09999847412109,54.68999862670898,11725300,641725663.6325836,54.72999954223633
2021-05-17,54.84000015258789,55.02000045776367,54.5,12119800,662225864.6026611,54.63999938964844
2021-05-18,54.38999938964844,54.560001373291016,54.09999847412109,13232500,719054052.0191193,54.34000015258789
2021-05-19,54.119998931884766,54.18000030517578,53.61000061035156,15126100,819380809.3032837,54.16999816894531
2021-05-20,54.119998931884766,54.79999923706055,54.119998931884766,10948400,598330076.7059326,54.650001525878906
2021-05-21,54.79999923706055,55.119998931884766,54.220001220703125,16033200,875733366.8746948,54.619998931884766
2021-05-24,54.630001068115234,54.93000030517578,54.4900016784668,10326100,565870272.1218109,54.79999923706055
2021-05-25,54.81999969482422,54.81999969482422,54.34999847412109,11916500,652905045.9098816,54.790000915527344
2021-05-26,54.97999954223633,55.04999923706055,54.59000015258789,16064300,884018409.3902588,55.02999877929688
2021-05-27,55.209999084472656,55.56999969482422,54.77999877929688,59109600,3279991803.213501,55.4900016784668
2021-05-28,55.34999847412109,55.709999084472656,55.20000076293945,17011600,940571379.574585,55.290000915527344
2021-06-01,55.34000015258789,55.650001525878906,55.09999847412109,13304000,735445103.7597656,55.27999877929688
2021-06-02,55.5,55.560001373291016,55.2599983215332,11328500,628731750.0,55.5
2021-06-03,55.18000030517578,55.7400016784668,55.09999847412109,17364300,966149641.4016724,55.63999938964844
2021-06-04,55.900001525878906,56.47999954223633,55.77999877929688,18935100,1064910055.7819366,56.2400016784668
2021-06-07,56.310001373291016,56.34000015258789,55.810001373291016,14010800,785165244.8272705,56.040000915527344
2021-06-08,56.25,56.25,55.54999923706055,10968300,610385911.7362976,55.650001525878906
2021-06-09,55.75,55.91999816894531,55.47999954223633,9838800,545856619.4961548,55.47999954223633
2021-06-10,55.90999984741211,56.119998931884766,55.7599983215332,12444400,695766402.1011353,55.90999984741211
2021-06-11,55.9900016784668,56.209999084472656,55.65999984741211,11825800,664136926.1955261,56.15999984741211
2021-06-14,55.68999862670898,55.709999084472656,55.20000076293945,9710800,539434932.5912476,55.54999923706055
2021-06-15,55.77999877929688,55.790000915527344,55.18999862670898,11154200,618054220.2980042,55.40999984741211
2021-06-16,55.43999862670898,55.459999084472656,54.63999938964844,15211700,831623611.1465454,54.66999816894531
2021-06-17,54.66999816894531,55.150001525878906,54.650001525878906,10658400,585679088.1317139,54.95000076293945
2021-06-18,54.5099983215332,54.619998931884766,53.720001220703125,31445600,1690829926.394653,53.77000045776367
2021-06-21,54.220001220703125,54.43000030517578,54.0,14404300,783017756.791687,54.36000061035156
2021-06-22,54.34000015258789,54.84999847412109,54.2599983215332,13072800,713251985.9527588,54.560001373291016
2021-06-23,54.560001373291016,54.59999847412109,54.11000061035156,12339200,667797490.8203125,54.119998931884766
2021-06-24,54.2599983215332,54.41999816894531,54.0,11488400,624854068.9880371,54.38999938964844
2021-06-25,54.2400016784668,54.470001220703125,54.0099983215332,18880300,1025577890.2381896,54.31999969482422
2021-06-28,54.25,54.369998931884766,54.0,10556900,572817376.2805939,54.2599983215332
2021-06-29,54.130001068115234,54.34000015258789,53.720001220703125,12300900,662526481.5078735,53.86000061035156
2021-06-30,53.79999923706055,54.18000030517578,53.75,14614200,790774370.9197998,54.11000061035156
2021-07-01,54.34000015258789,54.47999954223633,53.86000061035156,13214700,713065199.9015808,53.959999084472656
2021-07-02,54.0,54.45000076293945,54.0,10604600,574557231.2362671,54.18000030517578
2021-07-06,53.9900016784668,54.09000015258789,53.54999923706055,15278200,823189432.3188782,53.880001068115234
2021-07-07,53.720001220703125,54.380001068115234,53.720001220703125,14377700,780996659.6122742,54.31999969482422
2021-07-08,54.0099983215332,54.16999816894531,53.7400016784668,11943900,646523319.7574615,54.130001068115234
2021-07-09,54.25,54.52000045776367,54.18000030517578,10847000,590727610.0692749,54.459999084472656
2021-07-12,54.31999969482422,54.59999847412109,54.27000045776367,15107600,823062041.0842896,54.47999954223633
2021-07-13,54.95000076293945,55.29999923706055,54.75,15170800,834697422.9446411,55.02000045776367
2021-07-14,55.02000045776367,56.34999847412109,54.959999084472656,22002700,1237871865.0691986,56.2599983215332
2021-07-15,56.2400016784668,56.470001220703125,55.90999984741211,15068200,850449187.3069763,56.43999862670898
2021-07-16,56.459999084472656,56.68000030517578,56.2599983215332,14860500,838132222.6753235,56.400001525878906
2021-07-19,56.08000183105469,56.34999847412109,55.15999984741211,19527000,1088239701.0612488,55.72999954223633
2021-07-20,55.72999954223633,56.33000183105469,55.52000045776367,16257900,907678586.769104,55.83000183105469
2021-07-21,57.33000183105469,57.560001373291016,56.43000030517578,20918200,1182924194.04068,56.54999923706055
2021-07-22,56.619998931884766,56.7400016784668,56.04999923706055,13402700,756850485.3607178,56.470001220703125
2021-07-23,56.59000015258789,57.33000183105469,56.45000076293945,12144000,692329419.6166992,57.0099983215332
2021-07-26,56.88999938964844,57.119998931884766,56.560001373291016,8681100,495343577.92167664,57.060001373291016
2021-07-27,57.11000061035156,57.540000915527344,56.91999816894531,12794400,732607322.5250244,57.2599983215332
2021-07-28,56.9900016784668,57.15999984741211,56.630001068115234,9858000,559342936.5463257,56.7400016784668
2021-07-29,57.06999969482422,57.25,56.86000061035156,9599100,547628647.6764679,57.04999923706055
2021-07-30,57.150001525878906,57.25,56.900001525878906,11727000,668790795.6848145,57.02999877929688
2021-08-02,57.20000076293945,57.2400016784668,56.709999084472656,9778000,556172650.4440308,56.880001068115234
2021-08-03,57.0,57.0,56.75,8825500,502347443.84002686,56.91999816894531
2021-08-04,56.75,56.95000076293945,56.0099983215332,11888400,666939221.8597412,56.09999847412109
2021-08-05,56.43999862670898,56.59000015258789,56.290000915527344,9806800,554084200.0,56.5
2021-08-06,56.59999847412109,56.7400016784668,56.43999862670898,10409300,589582745.6466675,56.63999938964844
2021-08-09,56.79999923706055,56.880001068115234,56.43000030517578,8859900,501913348.5191345,56.650001525878906
2021-08-10,56.84000015258789,57.16999816894531,56.65999984741211,10906900,619511911.6786957,56.79999923706055
2021-08-11,56.88999938964844,57.18000030517578,56.709999084472656,8370700,474869807.1681976,56.72999954223633
2021-08-12,56.72999954223633,56.97999954223633,56.72999954223633,6169200,350657328.9413452,56.84000015258789
2021-08-13,56.810001373291016,57.29999923706055,56.77000045776367,7714200,441483662.4687195,57.22999954223633
2021-08-16,57.20000076293945,57.4900016784668,57.02999877929688,7972000,458230556.350708,57.47999954223633
2021-08-17,57.459999084472656,57.560001373291016,57.0099983215332,10346400,592641779.3701172,57.27999877929688
2021-08-18,57.18999862670898,57.22999954223633,56.41999816894531,13873700,783864050.0,56.5
2021-08-19,56.060001373291016,56.97999954223633,55.95000076293945,9223700,524459587.6296997,56.86000061035156
2021-08-20,56.84000015258789,57.02999877929688,56.58000183105469,10543600,597189497.5646973,56.63999938964844
2021-08-23,56.66999816894531,56.75,56.380001068115234,8912800,503038419.76013184,56.43999862670898
2021-08-24,56.63999938964844,56.63999938964844,55.900001525878906,12067200,675883851.7456055,56.0099983215332
2021-08-25,56.060001373291016,56.16999816894531,55.72999954223633,11270700,631948145.5604553,56.06999969482422
2021-08-26,55.95000076293945,55.97999954223633,55.5099983215332,10331500,573811519.4587708,55.540000915527344
2021-08-27,55.65999984741211,55.790000915527344,55.45000076293945,8844100,492174178.4950256,55.650001525878906
2021-08-30,55.68999862670898,56.20000076293945,55.63999938964844,10034700,563749449.0623474,56.18000030517578
2021-08-31,56.15999984741211,56.52000045776367,56.0,14185700,798796786.4810944,56.310001373291016
2021-09-01,56.380001068115234,56.79999923706055,56.27999877929688,9518900,539626427.9277802,56.68999862670898
2021-09-02,56.77000045776367,57.02999877929688,56.40999984741211,11653200,661552169.3344116,56.77000045776367
2021-09-03,56.459999084472656,56.77000045776367,56.25,13220400,749993285.9481812,56.72999954223633
2021-09-07,56.59999847412109,56.68999862670898,55.5099983215332,20035300,1115365114.31427,55.66999816894531
2021-09-08,55.61000061035156,56.47999954223633,55.61000061035156,12040100,679302419.9539185,56.41999816894531
2021-09-09,56.18000030517578,56.41999816894531,55.79999923706055,12545400,700786051.6571045,55.86000061035156
2021-09-10,56.0099983215332,56.130001068115234,55.52000045776367,10573700,588003463.4536743,55.61000061035156
2021-09-13,55.7400016784668,56.400001525878906,55.7400016784668,20274300,1136779994.812775,56.06999969482422
2021-09-14,55.91999816894531,55.97999954223633,55.54999923706055,13918900,775143521.8852997,55.68999862670898
2021-09-15,55.68000030517578,56.0,55.41999816894531,15746000,879886496.8185425,55.880001068115234
2021-09-16,55.720001220703125,55.9900016784668,54.81999969482422,17430400,964772613.4033204,55.34999847412109
2021-09-17,55.02000045776367,55.18999862670898,54.369998931884766,33370200,1816673642.173004,54.43999862670898
2021-09-20,54.11000061035156,54.400001525878906,53.72999954223633,27542500,1488947587.8238678,54.060001373291016
2021-09-21,54.38999938964844,54.81999969482422,53.93999862670898,16418200,887403697.4739075,54.04999923706055
2021-09-22,54.5099983215332,54.560001373291016,54.060001373291016,12719700,688517374.5861053,54.130001068115234
2021-09-23,54.2599983215332,54.619998931884766,54.0,13836200,747708260.6674194,54.040000915527344
2021-09-24,54.0,54.2400016784668,53.86000061035156,9682200,521773752.0904541,53.88999938964844
2021-09-27,53.84999847412109,54.25,53.56999969482422,12429500,666345502.5863647,53.61000061035156
2021-09-28,53.459999084472656,53.459999084472656,52.43000030517578,19926100,1048909891.8380736,52.63999938964844
2021-09-29,52.63999938964844,53.15999984741211,52.560001373291016,13941500,738341827.2361755,52.959999084472656
2021-09-30,53.16999816894531,53.33000183105469,52.43000030517578,17672000,927249861.5722656,52.470001220703125
2021-10-01,52.77999877929688,53.20000076293945,52.56999969482422,16277400,863027755.4512024,53.02000045776367
2021-10-04,53.060001373291016,53.52999877929688,52.400001525878906,18973400,1005400497.846222,52.9900016784668
2021-10-05,53.02000045776367,53.470001220703125,52.93000030517578,17173100,911548179.4448853,53.08000183105469
2021-10-06,52.77000045776367,53.77000045776367,52.5099983215332,21284500,1143190475.5134585,53.709999084472656
2021-10-07,53.9900016784668,54.27999877929688,53.810001373291016,13774400,742164686.7126465,53.880001068115234
2021-10-08,54.0,54.38999938964844,53.900001525878906,13786800,746141601.2741089,54.119998931884766
2021-10-11,54.209999084472656,54.38999938964844,54.0099983215332,12378500,671286049.3335724,54.22999954223633
2021-10-12,54.41999816894531,54.83000183105469,54.220001220703125,19474400,1056096703.0853271,54.22999954223633
2021-10-13,54.16999816894531,54.43000030517578,53.790000915527344,12143300,658652612.3821259,54.2400016784668
2021-10-14,54.38999938964844,54.810001373291016,54.310001373291016,13704000,748375448.3642578,54.61000061035156
2021-10-15,54.63999938964844,54.880001068115234,54.290000915527344,17867000,973394151.8211364,54.47999954223633
2021-10-18,54.34999847412109,54.38999938964844,53.86000061035156,15861800,855585470.2171326,53.93999862670898
2021-10-19,54.040000915527344,54.20000076293945,53.77000045776367,11068500,599359291.8891907,54.150001525878906
2021-10-20,54.18000030517578,54.7599983215332,54.11000061035156,12474800,681498337.3245239,54.630001068115234
2021-10-21,54.59999847412109,54.66999816894531,54.209999084472656,14388300,782004083.0451965,54.34999847412109
2021-10-22,54.38999938964844,54.52999877929688,54.06999969482422,12828600,698517279.7874451,54.45000076293945
2021-10-25,54.380001068115234,54.470001220703125,54.02000045776367,11855000,642896644.5732117,54.22999954223633
2021-10-26,54.31999969482422,54.58000183105469,54.22999954223633,12086700,658362563.7542725,54.470001220703125
2021-10-27,55.970001220703125,56.08000183105469,55.27000045776367,24019800,1333579306.9953918,55.52000045776367
2021-10-28,55.75,56.11000061035156,55.619998931884766,15928000,892605134.5825195,56.040000915527344
2021-10-29,55.869998931884766,56.470001220703125,55.77999877929688,24463700,1379018742.869949,56.369998931884766
2021-11-01,56.38999938964844,56.400001525878906,55.900001525878906,11651100,654442265.6661987,56.16999816894531
2021-11-02,56.470001220703125,56.5,55.970001220703125,11498900,645088272.454071,56.09999847412109
2021-11-03,56.0,56.33000183105469,55.77999877929688,10788300,607273416.8769836,56.290000915527344
2021-11-04,56.11000061035156,56.630001068115234,56.02999877929688,10820200,612423303.489685,56.59999847412109
2021-11-05,56.84000015258789,57.15999984741211,56.59000015258789,12886700,732480029.9663544,56.84000015258789
2021-11-08,56.75,56.88999938964844,56.130001068115234,12828000,722601263.4887695,56.33000183105469
2021-11-09,56.40999984741211,56.52000045776367,56.09000015258789,10155800,573701159.0461731,56.4900016784668
2021-11-10,56.540000915527344,56.91999816894531,56.290000915527344,8813600,499907402.75878906,56.720001220703125
2021-11-11,56.83000183105469,56.880001068115234,56.56999969482422,7257700,411801910.1818085,56.7400016784668
2021-11-12,56.75,56.9900016784668,56.54999923706055,10162500,575299131.2026978,56.61000061035156
2021-11-15,56.52999877929688,56.68000030517578,56.27000045776367,10289200,582574493.0099487,56.619998931884766
2021-11-16,56.619998931884766,56.93999862670898,56.18999862670898,13756500,773390446.7926025,56.220001220703125
2021-11-17,56.040000915527344,56.04999923706055,55.650001525878906,13288700,742971214.9723053,55.90999984741211
2021-11-18,55.83000183105469,55.93000030517578,55.13999938964844,15380100,852211338.653183,55.40999984741211
2021-11-19,55.43999862670898,55.4900016784668,54.900001525878906,15813700,871809297.8908539,55.130001068115234
2021-11-22,55.09999847412109,56.02000045776367,55.08000183105469,16905600,937753652.6367188,55.470001220703125
2021-11-23,55.65999984741211,56.11000061035156,55.5,13835900,773150106.7783356,55.880001068115234
2021-11-24,55.709999084472656,55.84000015258789,55.02999877929688,12598900,698357030.8448792,55.43000030517578
2021-11-26,54.59000015258789,54.75,53.58000183105469,14754300,792748532.2460175,53.72999954223633
2021-11-29,54.04999923706055,54.72999954223633,53.93000030517578,22712500,1239648291.5878296,54.58000183105469
2021-11-30,53.59999847412109,53.630001068115234,52.43999862670898,30485200,1598948763.2583618,52.45000076293945
2021-12-01,52.97999954223633,53.52000045776367,52.27999877929688,18719600,979035065.7180786,52.29999923706055
2021-12-02,52.59999847412109,53.34000015258789,52.5099983215332,17074200,906127788.7893676,53.06999969482422
2021-12-03,53.33000183105469,53.61000061035156,52.97999954223633,21064400,1127787995.2850342,53.540000915527344
2021-12-06,54.310001373291016,55.25,54.13999938964844,26624100,1461929326.9374847,54.90999984741211
2021-12-07,55.02000045776367,55.41999816894531,54.84999847412109,23832700,1315803345.1805117,55.209999084472656
2021-12-08,55.119998931884766,55.34999847412109,54.36000061035156,18026300,991446500.0,55.0
2021-12-09,54.75,55.130001068115234,54.59000015258789,13846400,759613512.4511719,54.86000061035156
2021-12-10,55.25,56.31999969482422,55.06999969482422,23153600,1303084579.736328,56.27999877929688
2021-12-13,56.97999954223633,57.93000030517578,56.959999084472656,31362800,1811515275.3585813,57.7599983215332
2021-12-14,57.400001525878906,58.16999816894531,57.400001525878906,24806600,1433821461.0740662,57.79999923706055
2021-12-15,57.93000030517578,58.25,57.650001525878906,24923800,1447075862.2276306,58.060001373291016
2021-12-16,57.97999954223633,58.880001068115234,57.900001525878906,24696900,1448473222.6844788,58.650001525878906
2021-12-17,58.4900016784668,58.91999816894531,57.70000076293945,51874400,2994709088.253784,57.72999954223633
2021-12-20,57.20000076293945,57.77999877929688,57.0,20879500,1201406449.1157532,57.540000915527344
2021-12-21,57.61000061035156,57.970001220703125,57.52999877929688,15864900,916515280.2623748,57.77000045776367
2021-12-22,57.709999084472656,58.18999862670898,57.4900016784668,12447400,724189735.798645,58.18000030517578
2021-12-23,58.52000045776367,58.61000061035156,57.93999862670898,11027300,642009419.4610596,58.220001220703125
2021-12-27,58.0,58.68999862670898,58.0,9860000,578289015.045166,58.650001525878906
2021-12-28,58.400001525878906,58.93999862670898,58.29999923706055,8979900,528736521.591568,58.880001068115234
2021-12-29,58.95000076293945,59.09999847412109,58.65999984741211,9996000,589264207.6263428,58.95000076293945
2021-12-30,59.060001373291016,59.22999954223633,58.7599983215332,7703900,452835232.5958252,58.77999877929688
2021-12-31,58.75,59.34999847412109,58.70000076293945,10021300,593361163.8252258,59.209999084472656
2022-01-03,58.81999969482422,59.310001373291016,58.380001068115234,20187300,1197106874.5983124,59.29999923706055
2022-01-04,59.72999954223633,60.540000915527344,59.59000015258789,26141600,1576077087.9333496,60.290000915527344
2022-01-05,60.09000015258789,61.20000076293945,60.04999923706055,22507300,1368218787.6060486,60.790000915527344
2022-01-06,60.470001220703125,61.119998931884766,60.43999862670898,17902300,1082552102.8533936,60.470001220703125
2022-01-07,60.27999877929688,60.720001220703125,60.060001373291016,12307900,742535629.536438,60.33000183105469
2022-01-10,60.54999923706055,60.81999969482422,60.18000030517578,20954300,1266268355.3947449,60.43000030517578
2022-01-11,60.43000030517578,60.4900016784668,59.84000015258789,19369600,1170892334.777832,60.45000076293945
2022-01-12,60.52999877929688,60.68999862670898,60.18999862670898,15753800,953735066.4230348,60.540000915527344
2022-01-13,60.540000915527344,61.040000915527344,60.38999938964844,14318000,871966221.8475342,60.900001525878906
2022-01-14,60.93999862670898,61.45000076293945,60.36000061035156,19729600,1211200131.9580078,61.38999938964844
2022-01-18,61.060001373291016,61.18999862670898,60.45000076293945,21976700,1338381063.533783,60.900001525878906
2022-01-19,60.65999984741211,61.18000030517578,60.560001373291016,18654700,1137936700.0,61.0
2022-01-20,61.0,61.43999862670898,60.720001220703125,23002400,1397395800.0,60.75
2022-01-21,61.08000183105469,61.29999923706055,60.400001525878906,26643200,1610581460.3271484,60.45000076293945
2022-01-24,59.900001525878906,60.34999847412109,58.56999969482422,30185100,1809898568.364716,59.959999084472656
2022-01-25,59.36000061035156,60.04999923706055,58.68999862670898,19027100,1138201116.19339,59.81999969482422
2022-01-26,59.790000915527344,60.34999847412109,59.209999084472656,19190200,1143735890.7180786,59.59999847412109
2022-01-27,59.880001068115234,60.93000030517578,59.5,18893800,1127015198.8296509,59.650001525878906
2022-01-28,59.38999938964844,60.88999938964844,58.93999862670898,19101500,1162135262.9146576,60.84000015258789
2022-01-31,60.29999923706055,61.13999938964844,60.150001525878906,22045300,1344983715.997696,61.0099983215332
2022-02-01,60.90999984741211,61.13999938964844,60.15999984741211,20841700,1262173380.6217194,60.560001373291016
2022-02-02,60.619998931884766,61.27000045776367,60.560001373291016,20225600,1237402214.1723633,61.18000030517578
2022-02-03,60.93999862670898,61.77999877929688,60.59000015258789,19440500,1197729216.8655396,61.61000061035156
2022-02-04,61.4900016784668,61.68000030517578,60.56999969482422,17403700,1060929536.0664368,60.959999084472656
2022-02-07,61.380001068115234,61.720001220703125,60.86000061035156,17846400,1099338212.7685547,61.59999847412109
2022-02-08,61.83000183105469,62.33000183105469,61.7400016784668,18771700,1163845400.0,62.0
2022-02-09,62.16999816894531,62.31999969482422,60.900001525878906,23595600,1440275445.602417,61.040000915527344
2022-02-10,60.36000061035156,62.29999923706055,60.20000076293945,23561500,1446204895.166397,61.380001068115234
2022-02-11,61.77000045776367,61.97999954223633,60.150001525878906,22781400,1373490626.8569946,60.290000915527344
2022-02-14,60.15999984741211,60.790000915527344,59.27999877929688,23641300,1434554091.2147522,60.68000030517578
2022-02-15,60.959999084472656,61.77999877929688,60.630001068115234,13408700,816723914.9539948,60.90999984741211
2022-02-16,60.86000061035156,61.400001525878906,60.560001373291016,15484700,943018253.6277772,60.900001525878906
2022-02-17,60.54999923706055,62.27999877929688,60.40999984741211,21468700,1333635621.0689545,62.119998931884766
2022-02-18,62.119998931884766,62.81999969482422,61.9900016784668,21975000,1374316520.1187134,62.540000915527344
2022-02-22,62.43000030517578,62.63999938964844,61.720001220703125,21731400,1353431565.472412,62.27999877929688
2022-02-23,62.2400016784668,62.33000183105469,61.34000015258789,19248500,1185515117.937088,61.59000015258789
2022-02-24,59.970001220703125,60.619998931884766,59.220001220703125,27207400,1646319728.3332825,60.5099983215332
2022-02-25,60.93999862670898,62.900001525878906,60.91999816894531,21487800,1350508197.2122192,62.84999847412109
2022-02-28,61.650001525878906,62.34000015258789,61.40999984741211,25879100,1610715227.43721,62.2400016784668
2022-03-01,62.13999938964844,62.75,61.5099983215332,15871100,983532086.3739014,61.970001220703125
2022-03-02,62.22999954223633,62.880001068115234,61.77999877929688,17319100,1081231418.28537,62.43000030517578
2022-03-03,62.61000061035156,63.02000045776367,62.290000915527344,21262800,1328287141.9555664,62.470001220703125
2022-03-04,61.459999084472656,62.59000015258789,61.20000076293945,17163000,1073888904.762268,62.56999969482422
2022-03-07,62.0099983215332,62.06999969482422,60.720001220703125,29151400,1780567565.3778076,61.08000183105469
2022-03-08,61.45000076293945,61.540000915527344,58.59000015258789,30242100,1774001581.3854218,58.65999984741211
2022-03-09,59.81999969482422,59.84000015258789,58.65999984741211,23022700,1357418370.9220886,58.959999084472656
2022-03-10,58.47999954223633,58.65999984741211,57.5,20887300,1208956946.310043,57.880001068115234
2022-03-11,57.959999084472656,58.84999847412109,57.86000061035156,19855600,1150036315.6433103,57.91999816894531
2022-03-14,57.970001220703125,59.040000915527344,57.970001220703125,17799400,1041976892.2958374,58.540000915527344
2022-03-15,59.08000183105469,59.88999938964844,58.97999954223633,18607200,1109361244.1253662,59.619998931884766
2022-03-16,59.77999877929688,59.93999862670898,58.61000061035156,17347300,1031470442.1180724,59.459999084472656
2022-03-17,59.459999084472656,60.13999938964844,59.22999954223633,15586200,936574760.3782654,60.09000015258789
2022-03-18,60.29999923706055,60.29999923706055,59.709999084472656,30197800,1814887733.921814,60.09999847412109
2022-03-21,60.5,61.09999847412109,60.25,17440100,1056521289.9337769,60.58000183105469
2022-03-22,60.93000030517578,60.95000076293945,60.060001373291016,17559500,1067617586.6031648,60.79999923706055
2022-03-23,60.75,60.97999954223633,60.0,15529200,937963703.6956788,60.400001525878906
2022-03-24,60.63999938964844,61.02000045776367,60.459999084472656,13151300,801966267.9798126,60.97999954223633
2022-03-25,61.119998931884766,61.61000061035156,61.04999923706055,12259800,754345479.0344238,61.52999877929688
2022-03-28,61.52999877929688,61.93999862670898,61.209999084472656,11485200,711163562.9699707,61.91999816894531
2022-03-29,62.209999084472656,62.52999877929688,61.7400016784668,14720600,915032493.7538148,62.15999984741211
2022-03-30,62.0099983215332,62.209999084472656,61.560001373291016,13641000,848606597.5112915,62.209999084472656
2022-03-31,62.220001220703125,62.63999938964844,62.0,16822900,1043019800.0,62.0
2022-04-01,62.33000183105469,62.95000076293945,62.09000015258789,12644900,794984849.4937897,62.869998931884766
2022-04-04,62.59999847412109,62.790000915527344,61.720001220703125,11505800,719572742.5338745,62.540000915527344
2022-04-05,62.400001525878906,63.2400016784668,62.369998931884766,15721200,982103383.190918,62.470001220703125
2022-04-06,62.77000045776367,63.2599983215332,62.29999923706055,19267400,1215772910.6002808,63.09999847412109
2022-04-07,63.130001068115234,63.66999816894531,62.709999084472656,13960800,885673132.8277588,63.43999862670898
2022-04-08,63.47999954223633,64.04000091552734,63.15999984741211,12703500,810864428.2608032,63.83000183105469
2022-04-11,63.90999984741211,64.30000305175781,63.63999938964844,12720100,811669598.468399,63.810001373291016
2022-04-12,64.37999725341797,64.80999755859375,63.88999938964844,18089900,1167883899.835205,64.55999755859375
2022-04-13,64.44000244140625,64.87000274658203,64.2300033569336,11883000,769186629.8904419,64.7300033569336
2022-04-14,64.95999908447266,65.56999969482422,64.81999969482422,16388400,1065573712.9852296,65.0199966430664
2022-04-18,64.7699966430664,65.18000030517578,64.18000030517578,11679400,752620564.5141602,64.44000244140625
2022-04-19,64.5,65.25,64.44000244140625,11993800,780436562.3397827,65.06999969482422
2022-04-20,65.44000244140625,66.23999786376953,65.4000015258789,14827100,977995502.4253844,65.95999908447266
2022-04-21,65.9800033569336,67.0,65.72000122070312,15120400,1001121670.1568604,66.20999908447266
2022-04-22,66.08000183105469,66.33999633789062,65.18000030517578,14902200,972368550.0,65.25
2022-04-25,67.0,67.19999694824219,64.77999877929688,25082000,1653907141.2353516,65.94000244140625
2022-04-26,65.5199966430664,66.37000274658203,65.04000091552734,21982600,1429968197.0855713,65.05000305175781
2022-04-27,65.0,66.27999877929688,65.0,16971000,1112618718.5668943,65.55999755859375
2022-04-28,64.66000366210938,66.27999877929688,64.5,22010600,1456881667.7368164,66.19000244140625
2022-04-29,65.87000274658203,66.02999877929688,64.48999786376953,20137100,1301058043.2907104,64.61000061035156
2022-05-02,65.27999877929688,65.30999755859375,62.58000183105469,24970300,1584115797.7085114,63.43999862670898
2022-05-03,63.720001220703125,63.93999862670898,62.66999816894531,21686300,1367971843.7088013,63.08000183105469
2022-05-04,63.0,65.12000274658203,62.93999862670898,19780200,1286306381.854248,65.02999877929688
2022-05-05,64.69000244140625,65.02999877929688,64.01000213623047,20155200,1300211995.0561523,64.51000213623047
2022-05-06,64.19999694824219,65.30999755859375,64.06999969482422,18984000,1229024119.4458008,64.73999786376953
2022-05-09,64.47000122070312,65.36000061035156,64.04000091552734,20055300,1295772945.2407837,64.61000061035156
2022-05-10,64.5,65.31999969482422,63.84999847412109,21322200,1364834067.5491333,64.01000213623047
2022-05-11,64.33000183105469,65.19999694824219,63.959999084472656,19648400,1263588556.0302734,64.30999755859375
2022-05-12,64.16000366210938,64.52999877929688,63.209999084472656,22574700,1456293945.224762,64.51000213623047
2022-05-13,64.80999755859375,65.80000305175781,64.12000274658203,16167000,1062495259.7351074,65.72000122070312
2022-05-16,65.44000244140625,66.37999725341797,65.44000244140625,13223200,872202259.8937988,65.95999908447266
2022-05-17,66.0999984741211,66.0999984741211,65.01000213623047,21300600,1401153441.998291,65.77999877929688
2022-05-18,65.41999816894531,65.5199966430664,60.959999084472656,31437300,1923962783.9847565,61.20000076293945
2022-05-19,60.959999084472656,60.959999084472656,59.65999984741211,31493900,1889634000.0,60.0
2022-05-20,60.4900016784668,61.2400016784668,59.65999984741211,29133800,1776579110.6636047,60.97999954223633
2022-05-23,61.650001525878906,63.09999847412109,61.59000015258789,19406900,1219917745.8450315,62.86000061035156
2022-05-24,62.880001068115234,64.19000244140625,62.75,16154200,1034191829.7714232,64.0199966430664
2022-05-25,64.0,64.47000122070312,63.59999847412109,15360500,984147230.3123474,64.06999969482422
2022-05-26,64.06999969482422,65.0999984741211,63.959999084472656,16159800,1039075189.315796,64.30000305175781
2022-05-27,64.26000213623047,64.83000183105469,64.13999938964844,17709000,1145418125.404358,64.68000030517578
2022-05-31,64.08000183105469,64.31999969482422,63.04999923706055,43159000,2735417466.0987854,63.380001068115234
2022-06-01,63.41999816894531,63.68000030517578,62.130001068115234,15408300,971801476.29776,63.06999969482422
2022-06-02,63.18000030517578,63.7400016784668,62.11000061035156,14586000,929565773.3230592,63.72999954223633
2022-06-03,63.56999969482422,63.630001068115234,62.810001373291016,13539900,852607519.5281982,62.970001220703125
2022-06-06,63.33000183105469,63.77000045776367,62.65999984741211,15112800,950141719.857788,62.869998931884766
2022-06-07,62.380001068115234,63.369998931884766,62.220001220703125,17886300,1131308475.0,63.25
2022-06-08,62.9900016784668,63.209999084472656,62.560001373291016,10211500,642201228.767395,62.88999938964844
2022-06-09,62.869998931884766,63.34999847412109,61.77999877929688,13382200,827019949.7901917,61.79999923706055
2022-06-10,61.0099983215332,61.88999938964844,60.459999084472656,14967600,919160313.7161256,61.40999984741211
2022-06-13,60.75,62.290000915527344,60.66999816894531,23064200,1414758031.5193176,61.34000015258789
2022-06-14,60.72999954223633,60.88999938964844,58.65999984741211,24620000,1458242588.7298584,59.22999954223633
2022-06-15,60.0,60.63999938964844,58.970001220703125,19684700,1174586012.9562378,59.66999816894531
2022-06-16,58.63999938964844,59.52000045776367,58.25,15053800,889227961.4059448,59.06999969482422
2022-06-17,59.70000076293945,60.130001068115234,59.130001068115234,34781900,2067088327.6145933,59.43000030517578
2022-06-21,59.4900016784668,60.880001068115234,59.0099983215332,17705000,1074693513.507843,60.70000076293945
2022-06-22,60.59999847412109,61.45000076293945,60.31999969482422,15207100,929914188.2041932,61.150001525878906
2022-06-23,61.29999923706055,61.90999984741211,61.22999954223633,17190900,1063772910.3618622,61.880001068115234
2022-06-24,62.11000061035156,63.060001373291016,62.11000061035156,18147100,1143993200.6141665,63.040000915527344
2022-06-27,62.97999954223633,63.290000915527344,62.630001068115234,12142100,763859509.1472626,62.90999984741211
2022-06-28,63.08000183105469,63.7599983215332,62.11000061035156,13150100,818988211.9476318,62.27999877929688
2022-06-29,62.540000915527344,63.11000061035156,62.43000030517578,11795500,739931709.6004486,62.72999954223633
2022-06-30,62.31999969482422,63.11000061035156,62.15999984741211,15514200,975998319.632721,62.90999984741211
2022-07-01,63.119998931884766,64.44999694824219,62.81999969482422,15143200,974919174.407959,64.37999725341797
2022-07-05,64.18000030517578,64.18000030517578,62.41999816894531,15921200,1007493516.5649414,63.27999877929688
2022-07-06,63.59999847412109,64.08999633789062,63.18999862670898,13450500,852896202.9476166,63.40999984741211
2022-07-07,63.2599983215332,63.58000183105469,62.70000076293945,14828400,932854641.7373656,62.90999984741211
2022-07-08,63.02999877929688,63.41999816894531,62.880001068115234,11311500,714208103.0960083,63.13999938964844
2022-07-11,62.9900016784668,63.459999084472656,62.59000015258789,12702100,799470156.5563202,62.93999862670898
2022-07-12,63.0,63.45000076293945,62.470001220703125,14731100,923198010.0265504,62.66999816894531
2022-07-13,62.33000183105469,63.0,61.97999954223633,13145300,820003828.0406952,62.380001068115234
2022-07-14,61.33000183105469,62.25,61.29999923706055,14433000,897443944.404602,62.18000030517578
2022-07-15,62.75,62.970001220703125,62.06999969482422,21968400,1373025000.0,62.5
2022-07-18,62.52000045776367,62.560001373291016,61.5099983215332,10780800,664636336.4501953,61.650001525878906
2022-07-19,62.09000015258789,62.650001525878906,61.93000030517578,10998200,687717432.5744629,62.52999877929688
2022-07-20,62.400001525878906,62.58000183105469,61.150001525878906,11010500,677145750.0,61.5
2022-07-21,61.2599983215332,61.880001068115234,60.790000915527344,11959600,733841063.2995605,61.36000061035156
2022-07-22,61.380001068115234,61.869998931884766,61.31999969482422,11644700,717197074.7768402,61.59000015258789
2022-07-25,61.54999923706055,62.29999923706055,61.310001373291016,14941700,929224302.4806976,62.18999862670898
2022-07-26,62.75,63.79999923706055,62.52999877929688,20118000,1271658761.581421,63.209999084472656
2022-07-27,62.880001068115234,63.18999862670898,61.790000915527344,12142900,765124108.6185455,63.0099983215332
2022-07-28,62.91999816894531,64.25,62.88999938964844,10837000,694218193.5424805,64.05999755859375
2022-07-29,63.709999084472656,64.29000091552734,63.630001068115234,13734200,881323588.8519287,64.16999816894531
2022-08-01,64.08999633789062,65.04000091552734,64.02999877929688,12831500,827888336.9255066,64.5199966430664
2022-08-02,64.58999633789062,64.5999984741211,63.43000030517578,15241900,969994506.6970824,63.63999938964844
2022-08-03,63.54999923706055,64.0999984741211,63.310001373291016,11317000,723382619.2779541,63.91999816894531
2022-08-04,63.63999938964844,63.72999954223633,62.91999816894531,11795600,751025830.4016113,63.66999816894531
2022-08-05,63.630001068115234,63.630001068115234,62.66999816894531,10445400,662029463.1568909,63.380001068115234
2022-08-08,63.5,63.810001373291016,62.75,9165200,577132655.1879883,62.970001220703125
2022-08-09,63.18000030517578,63.310001373291016,62.84999847412109,7910900,498782238.9644623,63.04999923706055
2022-08-10,63.630001068115234,63.790000915527344,63.09999847412109,8857300,563767158.5151672,63.650001525878906
2022-08-11,63.68999862670898,63.9900016784668,63.08000183105469,8507800,537863126.385498,63.220001220703125
2022-08-12,63.43000030517578,63.7599983215332,63.09000015258789,9489300,604468417.2397614,63.70000076293945
2022-08-15,63.63999938964844,64.69000244140625,63.56999969482422,9863300,636182850.0,64.5
2022-08-16,64.56999969482422,65.2300033569336,64.33000183105469,9569600,622311076.3183594,65.02999877929688
2022-08-17,64.83000183105469,65.22000122070312,64.76000213623047,8144000,528382697.631836,64.87999725341797
2022-08-18,64.95999908447266,65.3499984741211,64.70999908447266,6532000,426017047.9736328,65.22000122070312
2022-08-19,65.20999908447266,65.47000122070312,64.95999908447266,8921100,581388070.664978,65.16999816894531
2022-08-22,64.83999633789062,64.91999816894531,63.9900016784668,9087900,583443152.2659302,64.19999694824219
2022-08-23,63.81999969482422,64.37000274658203,63.68000030517578,8443800,542682997.6547241,64.2699966430664
2022-08-24,64.23999786376953,64.58000183105469,64.05000305175781,6844700,440524896.1776733,64.36000061035156
2022-08-25,64.36000061035156,64.70999908447266,63.900001525878906,7913900,511791898.5092163,64.66999816894531
2022-08-26,64.7300033569336,64.80000305175781,62.97999954223633,10089500,636748351.1581421,63.11000061035156
2022-08-29,62.68999862670898,63.02999877929688,62.40999984741211,9115900,571840402.8270721,62.72999954223633
2022-08-30,62.90999984741211,62.90999984741211,61.9900016784668,8456800,525590132.90405273,62.150001525878906
2022-08-31,62.380001068115234,62.52999877929688,61.70000076293945,14633600,903039442.6025392,61.709999084472656
2022-09-01,61.58000183105469,62.040000915527344,61.290000915527344,14939700,926261400.0,62.0
2022-09-02,62.38999938964844,62.77000045776367,60.900001525878906,11809800,722169288.0203247,61.150001525878906
2022-09-06,61.290000915527344,61.970001220703125,60.9900016784668,12181800,745282527.7175903,61.18000030517578
2022-09-07,61.31999969482422,62.4900016784668,61.31999969482422,13290700,828143535.2519989,62.310001373291016
2022-09-08,62.08000183105469,62.29999923706055,61.34000015258789,17193500,1068060201.6353608,62.119998931884766
2022-09-09,62.16999816894531,62.880001068115234,61.86000061035156,11855900,738859684.3818665,62.31999969482422
2022-09-12,62.43000030517578,62.810001373291016,62.27000045776367,13026900,814181250.0,62.5
2022-09-13,62.20000076293945,62.220001220703125,60.27999877929688,18532800,1120678438.6230469,60.470001220703125
2022-09-14,60.63999938964844,61.08000183105469,60.43999862670898,12881600,783072475.793457,60.790000915527344
2022-09-15,60.400001525878906,60.400001525878906,59.36000061035156,11451900,681731593.0206299,59.52999877929688
2022-09-16,59.65999984741211,59.79999923706055,59.11000061035156,20493500,1220183008.7623596,59.540000915527344
2022-09-19,59.38999938964844,60.09999847412109,59.22999954223633,12596200,755646059.1423035,59.9900016784668
2022-09-20,59.68000030517578,60.02999877929688,59.31999969482422,11984600,717877558.2870483,59.900001525878906
2022-09-21,60.13999938964844,60.70000076293945,59.38999938964844,14165300,841418841.6145325,59.400001525878906
2022-09-22,59.54999923706055,59.72999954223633,59.20000076293945,11657600,690829356.4331055,59.2599983215332
2022-09-23,58.959999084472656,59.09999847412109,58.0,14824000,868686377.3803711,58.59999847412109
2022-09-26,58.4900016784668,58.56999969482422,57.68999862670898,18670100,1080438667.0581818,57.869998931884766
2022-09-27,58.08000183105469,58.369998931884766,56.310001373291016,23829300,1343495959.4524384,56.380001068115234
2022-09-28,56.65999984741211,57.25,55.90999984741211,21480100,1223936088.1671906,56.97999954223633
2022-09-29,57.09000015258789,57.290000915527344,56.0,14570700,824264494.5533752,56.56999969482422
2022-09-30,56.869998931884766,57.130001068115234,56.0,16124600,903300099.381256,56.02000045776367
2022-10-03,56.36000061035156,56.84999847412109,56.060001373291016,16277600,922126064.8376464,56.650001525878906
2022-10-04,56.95000076293945,57.810001373291016,56.459999084472656,18861400,1070950268.97583,56.77999877929688
2022-10-05,56.5,56.650001525878906,55.5099983215332,14324900,805632400.043869,56.2400016784668
2022-10-06,56.0,56.09999847412109,54.869998931884766,17192800,946119763.0126952,55.02999877929688
2022-10-07,54.9900016784668,55.09000015258789,54.25,11479800,625763878.7315369,54.5099983215332
2022-10-10,54.59999847412109,54.959999084472656,54.02000045776367,10239100,556904642.7505493,54.38999938964844
2022-10-11,54.459999084472656,55.220001220703125,54.2400016784668,14303900,779276465.4521942,54.47999954223633
2022-10-12,55.22999954223633,56.040000915527344,55.040000915527344,18377400,1013329824.7833252,55.13999938964844
2022-10-13,54.47999954223633,56.08000183105469,54.2599983215332,16220700,906250491.6744232,55.869998931884766
2022-10-14,56.290000915527344,56.470001220703125,54.93999862670898,15997900,879564534.6767426,54.97999954223633
2022-10-17,55.630001068115234,56.220001220703125,55.56999969482422,13721400,764144747.1565247,55.68999862670898
2022-10-18,56.310001373291016,56.77999877929688,56.09999847412109,11823100,667295747.763443,56.43999862670898
2022-10-19,56.310001373291016,56.540000915527344,55.72999954223633,10182300,569801498.6778259,55.959999084472656
2022-10-20,55.77000045776367,55.91999816894531,54.959999084472656,16905100,931132938.9541626,55.08000183105469
2022-10-21,55.0,56.11000061035156,54.9900016784668,15034100,841308222.2358704,55.959999084472656
2022-10-24,56.63999938964844,57.72999954223633,56.56999969482422,17416700,1002679413.684845,57.56999969482422
2022-10-25,59.040000915527344,59.11000061035156,57.75,28829900,1699522626.995468,58.95000076293945
2022-10-26,59.0099983215332,59.77999877929688,58.86000061035156,15831400,940226836.3372804,59.38999938964844
2022-10-27,59.77000045776367,59.84000015258789,59.380001068115234,16026100,954033713.4368896,59.52999877929688
2022-10-28,59.56999969482422,60.90999984741211,59.470001220703125,12888900,783129542.3664093,60.7599983215332
2022-10-31,60.5099983215332,60.56999969482422,59.66999816894531,14016400,838881518.6126709,59.84999847412109
2022-11-01,60.02999877929688,60.290000915527344,59.369998931884766,10659500,635732573.4939575,59.63999938964844
2022-11-02,59.63999938964844,60.22999954223633,58.77000045776367,14549200,855638471.9802856,58.810001373291016
2022-11-03,58.11000061035156,59.0,58.09999847412109,9194000,540423308.7768555,58.77999877929688
2022-11-04,59.29999923706055,59.59000015258789,58.560001373291016,9725900,576356817.6753998,59.2599983215332
2022-11-07,59.2599983215332,59.77000045776367,59.2400016784668,8849700,526468667.8539276,59.4900016784668
2022-11-08,59.75,59.790000915527344,58.93999862670898,10081600,600863344.6166992,59.59999847412109
2022-11-09,59.59000015258789,59.63999938964844,58.75,10115200,594470308.6303711,58.77000045776367
2022-11-10,60.25,61.040000915527344,59.68000030517578,16804800,1023076241.9494628,60.880001068115234
2022-11-11,61.369998931884766,61.45000076293945,60.209999084472656,18972100,1163369166.2101746,61.31999969482422
2022-11-14,61.31999969482422,61.720001220703125,60.709999084472656,16361000,993603522.5105286,60.72999954223633
2022-11-15,61.130001068115234,61.45000076293945,60.0,13295800,806124368.2014465,60.630001068115234
2022-11-16,60.790000915527344,61.02999877929688,60.290000915527344,14199500,859353746.5000153,60.52000045776367
2022-11-17,60.18999862670898,60.7400016784668,60.130001068115234,11212600,680716935.7345581,60.709999084472656
2022-11-18,60.9900016784668,61.369998931884766,60.79999923706055,10415600,636809777.6428223,61.13999938964844
2022-11-21,61.40999984741211,62.209999084472656,61.20000076293945,15399400,955994780.1971436,62.08000183105469
2022-11-22,62.470001220703125,62.5,62.04999923706055,12319600,768127041.2017822,62.34999847412109
2022-11-23,62.4900016784668,62.790000915527344,62.29999923706055,8990400,563068761.6027832,62.630001068115234
2022-11-25,62.72999954223633,62.810001373291016,62.380001068115234,5165500,323825187.90626526,62.68999862670898
2022-11-28,62.68999862670898,63.09999847412109,62.560001373291016,12267500,769172259.3593597,62.70000076293945
2022-11-29,62.52000045776367,62.56999969482422,61.97999954223633,10969600,685380602.9785156,62.47999954223633
2022-11-30,62.0099983215332,63.68000030517578,61.75,30433900,1935900397.5753784,63.61000061035156
2022-12-01,63.61000061035156,64.11000061035156,63.43000030517578,12001400,765569316.9876099,63.790000915527344
2022-12-02,63.61000061035156,64.5199966430664,63.400001525878906,13643500,877959204.1816711,64.3499984741211
2022-12-05,63.40999984741211,63.79999923706055,63.2599983215332,9185100,582978308.2122803,63.470001220703125
2022-12-06,63.52000045776367,63.880001068115234,63.22999954223633,10099500,640712266.1304474,63.43999862670898
2022-12-07,63.45000076293945,63.720001220703125,63.25,12307600,782024915.2679443,63.540000915527344
2022-12-08,63.59999847412109,63.84999847412109,63.34999847412109,9946200,634667035.6590271,63.810001373291016
2022-12-09,63.61000061035156,63.84000015258789,63.09000015258789,13914900,878586777.507019,63.13999938964844
2022-12-12,63.29999923706055,64.01000213623047,63.0099983215332,11647900,745116177.2186279,63.970001220703125
2022-12-13,64.58999633789062,64.69999694824219,63.79999923706055,17521600,1121207213.4094238,63.9900016784668
2022-12-14,64.19000244140625,64.6500015258789,63.56999969482422,12826700,820780554.5291901,63.9900016784668
2022-12-15,63.59000015258789,63.88999938964844,62.4900016784668,12212300,770718260.4537964,63.11000061035156
2022-12-16,62.75,63.13999938964844,62.33000183105469,33631500,2110376625.0,62.75
2022-12-19,62.83000183105469,63.40999984741211,62.470001220703125,10919700,686193949.666214,62.84000015258789
2022-12-20,62.81999969482422,63.150001525878906,62.75,10286500,645889344.417572,62.790000915527344
2022-12-21,63.06999969482422,64.05000305175781,63.06999969482422,10411300,664240932.0568085,63.79999923706055
2022-12-22,63.41999816894531,63.59000015258789,62.650001525878906,9666700,612288779.4750214,63.34000015258789
2022-12-23,63.5,63.869998931884766,63.20000076293945,6463300,412487804.0275574,63.81999969482422
2022-12-27,63.93000030517578,64.29000091552734,63.709999084472656,7320700,470062140.297699,64.20999908447266
2022-12-28,64.45999908447266,64.6500015258789,63.4900016784668,7159400,455123055.8151245,63.56999969482422
2022-12-29,63.79999923706055,64.1500015258789,63.70000076293945,7169300,458476740.4697418,63.95000076293945
2022-12-30,63.91999816894531,63.91999816894531,63.16999816894531,7650200,486629226.6693115,63.61000061035156
2023-01-03,63.560001373291016,63.560001373291016,62.18000030517578,12180500,766762484.292984,62.95000076293945
2023-01-04,63.150001525878906,63.33000183105469,62.5099983215332,13387900,842366643.486023,62.91999816894531
2023-01-05,62.59999847412109,62.79999923706055,62.08000183105469,9814700,610474347.4880219,62.20000076293945
2023-01-06,62.90999984741211,63.66999816894531,62.58000183105469,9990000,633366015.2435303,63.400001525878906
2023-01-09,63.29999923706055,63.720001220703125,62.58000183105469,9442600,591201191.7633057,62.61000061035156
2023-01-10,62.59999847412109,62.72999954223633,61.91999816894531,10134600,629662708.8249207,62.130001068115234
2023-01-11,62.380001068115234,62.560001373291016,61.40999984741211,10823000,671134211.8339539,62.0099983215332
2023-01-12,62.11000061035156,62.18000030517578,60.970001220703125,13907300,851265820.2674866,61.209999084472656
2023-01-13,60.70000076293945,61.459999084472656,60.59000015258789,13986400,859184556.2683105,61.43000030517578
2023-01-17,61.72999954223633,62.380001068115234,61.560001373291016,18327800,1130458709.5932007,61.68000030517578
2023-01-18,61.5099983215332,61.59000015258789,59.68000030517578,19679400,1177024941.0255432,59.810001373291016
2023-01-19,59.72999954223633,60.63999938964844,59.709999084472656,14894500,889499558.1817627,59.720001220703125
2023-01-20,59.720001220703125,60.09000015258789,59.400001525878906,14237700,855401042.0700073,60.08000183105469
2023-01-23,60.27999877929688,60.56999969482422,60.04999923706055,12613400,759705076.2260437,60.22999954223633
2023-01-24,60.08000183105469,61.84999847412109,59.79999923706055,10103300,611754807.2917938,60.54999923706055
2023-01-25,60.20000076293945,60.93999862670898,59.88999938964844,11265800,686425197.4380493,60.93000030517578
2023-01-26,60.810001373291016,61.09999847412109,60.56999969482422,11884800,722714704.3212891,60.810001373291016
2023-01-27,60.84000015258789,60.959999084472656,60.369998931884766,14087000,852122653.6445618,60.4900016784668
2023-01-30,60.540000915527344,61.16999816894531,60.459999084472656,15632000,947924470.4589844,60.63999938964844
2023-01-31,60.97999954223633,61.34000015258789,60.5099983215332,14344400,879598603.6224365,61.31999969482422
2023-02-01,61.13999938964844,61.58000183105469,60.619998931884766,12535400,768796104.9530029,61.33000183105469
2023-02-02,60.79999923706055,61.02000045776367,59.90999984741211,16947200,1021577195.3125,60.27999877929688
2023-02-03,60.34999847412109,60.41999816894531,59.22999954223633,15404400,921645280.2062988,59.83000183105469
2023-02-06,59.790000915527344,60.34000015258789,59.720001220703125,11330900,681780232.2525024,60.16999816894531
2023-02-07,59.66999816894531,60.2400016784668,59.540000915527344,14922700,896406584.4459534,60.06999969482422
2023-02-08,59.91999816894531,59.91999816894531,59.59000015258789,11012000,657636653.4423828,59.720001220703125
2023-02-09,60.150001525878906,60.31999969482422,59.59999847412109,12515300,746162172.6322174,59.619998931884766
2023-02-10,59.720001220703125,59.900001525878906,58.880001068115234,14420700,859762118.5970306,59.619998931884766
2023-02-13,59.900001525878906,60.7599983215332,59.72999954223633,16191800,981223055.293274,60.59999847412109
2023-02-14,60.209999084472656,60.900001525878906,59.560001373291016,20505700,1221934666.1289215,59.59000015258789
2023-02-15,59.900001525878906,59.93000030517578,59.22999954223633,13171400,784883728.0097961,59.59000015258789
2023-02-16,59.22999954223633,59.81999969482422,58.95000076293945,16538300,979398146.1883544,59.220001220703125
2023-02-17,59.5,60.22999954223633,59.380001068115234,16814700,1010899746.0399628,60.119998931884766
2023-02-21,59.9900016784668,60.22999954223633,59.720001220703125,14278300,853842329.1065216,59.79999923706055
2023-02-22,59.84999847412109,60.36000061035156,59.75,12409600,744327802.3193359,59.97999954223633
2023-02-23,60.0099983215332,60.41999816894531,59.810001373291016,12222800,734468053.8650513,60.09000015258789
2023-02-24,59.68000030517578,59.90999984741211,59.38999938964844,9736200,582614209.4856262,59.84000015258789
2023-02-27,60.18000030517578,60.29999923706055,59.7400016784668,8849800,529395033.2992554,59.81999969482422
2023-02-28,59.70000076293945,59.70000076293945,59.13999938964844,16082200,957051695.0065612,59.5099983215332
2023-03-01,59.130001068115234,59.18000030517578,58.369998931884766,13275800,781413596.1029053,58.86000061035156
2023-03-02,58.84000015258789,59.77999877929688,58.79999923706055,11758300,702205690.3533936,59.720001220703125
2023-03-03,59.54999923706055,59.68000030517578,59.209999084472656,13101800,778770974.0074158,59.43999862670898
2023-03-06,59.2599983215332,60.380001068115234,59.220001220703125,16282700,982823781.9381714,60.36000061035156
2023-03-07,60.4900016784668,60.56999969482422,59.75,13961200,837811588.5665894,60.0099983215332
2023-03-08,60.040000915527344,60.33000183105469,59.72999954223633,10851600,651530073.9349365,60.040000915527344
2023-03-09,60.540000915527344,60.540000915527344,59.27999877929688,13900900,826547501.273346,59.459999084472656
2023-03-10,59.70000076293945,60.13999938964844,58.9900016784668,13745800,813888805.4153442,59.209999084472656
2023-03-13,59.290000915527344,60.869998931884766,59.25,21956000,1313188390.1519775,59.810001373291016
2023-03-14,60.0,60.459999084472656,59.34999847412109,19496900,1170398883.2000732,60.02999877929688
2023-03-15,59.43000030517578,60.47999954223633,59.2400016784668,21089900,1274462663.4361267,60.43000030517578
2023-03-16,60.09000015258789,60.34000015258789,59.70000076293945,15658300,944195478.0536652,60.29999923706055
2023-03-17,60.310001373291016,60.34999847412109,59.63999938964844,27351200,1641619036.5203855,60.02000045776367
2023-03-20,60.15999984741211,60.59999847412109,59.970001220703125,12904100,781988440.309906,60.59999847412109
2023-03-21,60.56999969482422,60.75,59.880001068115234,13716500,827379275.8140564,60.31999969482422
2023-03-22,60.400001525878906,60.869998931884766,60.02999877929688,10494200,630176701.9935608,60.04999923706055
2023-03-23,60.09000015258789,60.38999938964844,59.720001220703125,15479000,927501651.6571044,59.91999816894531
2023-03-24,60.25,61.02000045776367,59.90999984741211,12975600,790214059.7991943,60.900001525878906
2023-03-27,61.13999938964844,61.47999954223633,60.95000076293945,12777400,783893470.5032349,61.34999847412109
2023-03-28,61.38999938964844,61.7400016784668,61.27000045776367,10925700,671056473.9944458,61.41999816894531
2023-03-29,61.720001220703125,61.95000076293945,61.59000015258789,9441000,584020265.7623291,61.86000061035156
2023-03-30,61.880001068115234,62.09000015258789,61.65999984741211,9870700,610502779.9385071,61.84999847412109
2023-03-31,62.060001373291016,62.25,61.869998931884766,14440900,895769009.3719482,62.02999877929688
2023-04-03,62.29999923706055,62.52000045776367,61.86000061035156,12300700,767563698.7693787,62.400001525878906
2023-04-04,62.38999938964844,62.7400016784668,62.08000183105469,11433400,711271803.5324097,62.209999084472656
2023-04-05,62.52999877929688,63.02000045776367,62.5,12789600,803186870.2423096,62.79999923706055
2023-04-06,62.86000061035156,63.040000915527344,62.380001068115234,9644200,606041529.4715881,62.84000015258789
2023-04-10,62.4900016784668,62.68999862670898,62.02000045776367,7952600,498548483.07876587,62.68999862670898
2023-04-11,62.650001525878906,62.709999084472656,62.400001525878906,9913000,620355558.1512451,62.58000183105469
2023-04-12,62.47999954223633,63.02999877929688,62.310001373291016,9593700,601429039.825058,62.68999862670898
2023-04-13,62.7599983215332,63.15999984741211,62.47999954223633,9871400,623378925.062561,63.150001525878906
2023-04-14,63.04999923706055,63.150001525878906,62.77999877929688,8946000,564045293.1747437,63.04999923706055
2023-04-17,63.31999969482422,63.52999877929688,63.13999938964844,9452400,599849295.3460693,63.459999084472656
2023-04-18,63.5099983215332,63.59999847412109,63.18999862670898,9035700,574309104.4086456,63.560001373291016
2023-04-19,63.72999954223633,63.83000183105469,63.43000030517578,9769500,622121762.9814148,63.68000030517578
2023-04-20,63.630001068115234,64.0,63.43999862670898,10706400,684781334.197998,63.959999084472656
2023-04-21,64.0,64.2699966430664,63.79999923706055,12931100,828236994.4625854,64.05000305175781
2023-04-24,64.75,64.98999786376953,63.619998931884766,15532300,993290596.8502043,63.95000076293945
2023-04-25,64.16999816894531,64.16999816894531,63.630001068115234,12818900,818486745.4399109,63.84999847412109
2023-04-26,63.560001373291016,63.77000045776367,63.38999938964844,13179600,837563569.9447632,63.54999923706055
2023-04-27,63.52999877929688,63.7599983215332,63.11000061035156,13795800,878516548.210144,63.68000030517578
2023-04-28,63.61000061035156,64.16000366210938,63.47999954223633,13687600,878059560.8856201,64.1500015258789
2023-05-01,64.1500015258789,64.69000244140625,64.05999755859375,9091500,584583477.7450562,64.30000305175781
2023-05-02,64.13999938964844,64.13999938964844,63.27000045776367,10948400,700807107.3883057,64.01000213623047
2023-05-03,64.0199966430664,64.18000030517578,63.58000183105469,11084600,705534806.9137573,63.650001525878906
2023-05-04,63.7400016784668,63.93000030517578,63.5099983215332,11938300,760708490.5731201,63.720001220703125
2023-05-05,63.63999938964844,64.20999908447266,63.630001068115234,9039000,578676749.6566772,64.0199966430664
2023-05-08,63.810001373291016,64.05999755859375,63.61000061035156,7240700,462825530.7418823,63.91999816894531
2023-05-09,63.63999938964844,63.75,63.27999877929688,9067700,574801497.4655151,63.38999938964844
2023-05-10,63.31999969482422,63.63999938964844,62.9900016784668,10134000,643509000.0,63.5
2023-05-11,63.58000183105469,63.93000030517578,63.0099983215332,9581500,611874595.8480835,63.86000061035156
2023-05-12,63.86000061035156,64.19000244140625,63.70000076293945,8740800,560372693.3349609,64.11000061035156
2023-05-15,64.22000122070312,64.25,63.709999084472656,8150000,521110988.8076782,63.93999862670898
2023-05-16,63.900001525878906,63.900001525878906,63.15999984741211,9129600,577173323.1445312,63.220001220703125
2023-05-17,63.400001525878906,63.41999816894531,62.72999954223633,11583000,731466467.6742554,63.150001525878906
2023-05-18,63.0099983215332,63.040000915527344,62.56999969482422,13595100,853772269.6277618,62.79999923706055
2023-05-19,63.040000915527344,63.09999847412109,62.61000061035156,14251400,895415488.0950928,62.83000183105469
2023-05-22,62.790000915527344,62.869998931884766,61.43999862670898,15055400,926057628.730011,61.5099983215332
2023-05-23,61.5099983215332,61.66999816894531,61.16999816894531,13932700,855467801.259613,61.400001525878906
2023-05-24,61.380001068115234,61.43000030517578,60.720001220703125,11090100,675165299.8455048,60.880001068115234
2023-05-25,60.470001220703125,60.72999954223633,60.150001525878906,14463600,873746073.7930298,60.40999984741211
2023-05-26,60.45000076293945,60.63999938964844,60.11000061035156,12570300,757486256.9011688,60.2599983215332
2023-05-30,60.09000015258789,60.20000076293945,59.52000045776367,15634200,934612456.9152832,59.77999877929688
2023-05-31,59.91999816894531,60.27999877929688,59.369998931884766,59432200,3545725042.931366,59.65999984741211
2023-06-01,59.93999862670898,60.16999816894531,59.77000045776367,13402700,804162000.0,60.0
2023-06-02,60.27000045776367,61.31999969482422,60.08000183105469,15259800,933289365.6715392,61.15999984741211
2023-06-05,61.0,61.43999862670898,60.54999923706055,12915600,784622700.0,60.75
2023-06-06,60.95000076293945,60.9900016784668,60.119998931884766,10943500,660002500.0286102,60.310001373291016
2023-06-07,60.0099983215332,60.36000061035156,59.81999969482422,16817900,1012773958.5296632,60.220001220703125
2023-06-08,60.130001068115234,60.40999984741211,59.97999954223633,15585900,940920766.3524628,60.369998931884766
2023-06-09,60.27000045776367,60.66999816894531,60.16999816894531,12581500,760803320.3582764,60.470001220703125
2023-06-12,60.59000015258789,60.650001525878906,60.02000045776367,14208900,855517855.9913635,60.209999084472656
2023-06-13,60.209999084472656,60.66999816894531,60.040000915527344,13397800,809897020.2217102,60.45000076293945
2023-06-14,60.72999954223633,61.08000183105469,60.59999847412109,14099700,858107750.6057739,60.86000061035156
2023-06-15,60.61000061035156,61.29999923706055,60.34000015258789,15271400,935067815.009308,61.22999954223633
2023-06-16,61.59999847412109,62.16999816894531,61.47999954223633,26738000,1648932411.0412598,61.66999816894531
2023-06-20,61.59000015258789,61.959999084472656,61.2400016784668,13971800,855912444.5487976,61.2599983215332
2023-06-21,61.310001373291016,61.720001220703125,60.97999954223633,13948700,856868645.2568054,61.43000030517578
2023-06-22,61.810001373291016,62.09999847412109,61.59000015258789,15193400,939711766.8167114,61.84999847412109
2023-06-23,61.93999862670898,61.970001220703125,61.18000030517578,25112100,1536860539.1590118,61.20000076293945
2023-06-26,61.209999084472656,61.290000915527344,60.38999938964844,12856100,787050457.6934814,61.220001220703125
2023-06-27,61.220001220703125,61.36000061035156,60.97999954223633,9068500,553994666.3837433,61.09000015258789
2023-06-28,60.880001068115234,61.040000915527344,60.400001525878906,11173200,676202069.114685,60.52000045776367
2023-06-29,60.220001220703125,60.34999847412109,59.77000045776367,17142300,1028880853.8471222,60.02000045776367
2023-06-30,60.0,60.34999847412109,59.869998931884766,19739200,1188694648.0957031,60.220001220703125
2023-07-03,60.20000076293945,60.630001068115234,60.02999877929688,9694500,587292827.7511597,60.58000183105469
2023-07-05,60.27999877929688,61.09999847412109,60.15999984741211,14716600,898154080.0354004,61.02999877929688
2023-07-06,60.72999954223633,61.02000045776367,60.5,12603900,763292201.3088226,60.560001373291016
2023-07-07,60.310001373291016,60.5,59.72999954223633,14574000,870942215.5380249,59.7599983215332
2023-07-10,59.970001220703125,60.150001525878906,59.13999938964844,15480600,918154407.2593688,59.310001373291016
2023-07-11,59.459999084472656,59.560001373291016,58.84000015258789,15967700,950397511.309433,59.52000045776367
2023-07-12,59.75,60.04999923706055,59.45000076293945,14241300,852199394.1730499,59.84000015258789
2023-07-13,60.119998931884766,60.459999084472656,59.97999954223633,11269800,680132412.8036499,60.34999847412109
2023-07-14,60.13999938964844,61.040000915527344,60.09000015258789,11634200,708522797.7523804,60.900001525878906
2023-07-17,60.7599983215332,61.09999847412109,60.4900016784668,10014300,608969596.7525482,60.810001373291016
2023-07-18,60.959999084472656,61.25,60.40999984741211,11152900,675531149.596405,60.56999969482422
2023-07-19,60.77000045776367,61.790000915527344,60.68000030517578,12936000,797375032.1044922,61.63999938964844
2023-07-20,61.68000030517578,62.40999984741211,61.66999816894531,11563000,721415562.9425049,62.38999938964844
2023-07-21,62.459999084472656,62.68000030517578,62.2400016784668,12815100,800174826.4011383,62.43999862670898
2023-07-24,62.41999816894531,62.810001373291016,62.400001525878906,10251100,640283696.6148376,62.459999084472656
2023-07-25,62.29999923706055,62.38999938964844,62.04999923706055,13422700,835563075.0,62.25
2023-07-26,61.86000061035156,63.16999816894531,61.38999938964844,17145500,1081023761.9190216,63.04999923706055
2023-07-27,63.04999923706055,63.27000045776367,62.380001068115234,11517100,719127708.18367,62.43999862670898
2023-07-28,62.59000015258789,62.77000045776367,62.220001220703125,9721800,607418059.5497131,62.47999954223633
2023-07-31,62.45000076293945,62.45000076293945,61.72999954223633,15577900,964739351.7539978,61.93000030517578
2023-08-01,62.09000015258789,62.36000061035156,61.619998931884766,9281600,573324436.2487793,61.77000045776367
2023-08-02,61.560001373291016,62.59000015258789,61.560001373291016,11059400,685240413.8748169,61.959999084472656
2023-08-03,61.869998931884766,62.119998931884766,61.52999877929688,8037400,495425331.0943604,61.63999938964844
2023-08-04,61.68000030517578,61.88999938964844,60.619998931884766,9359300,568203094.4313049,60.709999084472656
2023-08-07,60.790000915527344,61.33000183105469,60.7400016784668,6982600,427265284.41085815,61.18999862670898
2023-08-08,61.18999862670898,61.34999847412109,60.619998931884766,7956100,484685597.4319458,60.91999816894531
2023-08-09,60.90999984741211,61.630001068115234,60.75,7904100,482624356.8546295,61.060001373291016
2023-08-10,61.34999847412109,61.72999954223633,60.790000915527344,7870300,479458661.5890503,60.91999816894531
2023-08-11,60.84000015258789,61.20000076293945,60.68999862670898,8483900,518960147.4655152,61.16999816894531
2023-08-14,61.31999969482422,61.47999954223633,60.75,7176300,436893151.66511536,60.880001068115234
2023-08-15,60.68999862670898,60.900001525878906,60.369998931884766,7187400,434622086.7736816,60.470001220703125
2023-08-16,60.540000915527344,60.81999969482422,60.400001525878906,8372300,506356700.1674652,60.47999954223633
2023-08-17,60.58000183105469,61.02000045776367,60.45000076293945,12873500,780262842.8573608,60.61000061035156
2023-08-18,60.540000915527344,61.09000015258789,60.369998931884766,11083800,675557618.4562683,60.95000076293945
2023-08-21,60.86000061035156,60.93000030517578,60.31999969482422,8648500,522628857.6393128,60.43000030517578
2023-08-22,60.34000015258789,60.58000183105469,59.97999954223633,9411500,565254702.9247284,60.060001373291016
2023-08-23,60.20000076293945,60.43999862670898,60.15999984741211,7749500,467062368.5474396,60.27000045776367
2023-08-24,60.27000045776367,60.880001068115234,60.09000015258789,8955100,538291066.4657593,60.11000061035156
2023-08-25,60.40999984741211,60.56999969482422,60.0099983215332,7629200,460727383.34350586,60.38999938964844
2023-08-28,60.54999923706055,60.72999954223633,60.369998931884766,6254300,378760416.588974,60.560001373291016
2023-08-29,60.560001373291016,60.630001068115234,60.150001525878906,8189600,495470800.0,60.5
2023-08-30,60.63999938964844,60.7400016784668,60.290000915527344,9447900,571314524.533081,60.470001220703125
2023-08-31,60.29999923706055,60.470001220703125,59.810001373291016,14663500,877317231.8496704,59.83000183105469
2023-09-01,60.0,60.130001068115234,59.119998931884766,11262300,667967028.4664154,59.310001373291016
2023-09-05,59.25,59.31999969482422,58.66999816894531,12474600,733755968.1930542,58.81999969482422
2023-09-06,58.619998931884766,58.83000183105469,58.41999816894531,13923500,818423313.00354,58.77999877929688
2023-09-07,58.95000076293945,59.15999984741211,58.29999923706055,17628600,1028276270.2789308,58.33000183105469
2023-09-08,58.29999923706055,58.40999984741211,58.0099983215332,14312300,834836485.206604,58.33000183105469
2023-09-11,58.400001525878906,58.9900016784668,58.22999954223633,14767400,869504527.7732849,58.880001068115234
2023-09-12,58.9900016784668,59.0,58.18999862670898,12292700,716664400.6214142,58.29999923706055
2023-09-13,58.400001525878906,58.68000030517578,58.34000015258789,12641400,738763398.639679,58.43999862670898
2023-09-14,58.2400016784668,58.59000015258789,58.18999862670898,12311600,719736124.7283936,58.459999084472656
2023-09-15,58.40999984741211,58.63999938964844,57.75,55727500,3228851273.469925,57.93999862670898
2023-09-18,57.97999954223633,58.34999847412109,57.630001068115234,13617400,793894409.6107483,58.29999923706055
2023-09-19,58.2599983215332,58.38999938964844,57.91999816894531,11998900,698096005.6617737,58.18000030517578
2023-09-20,58.29999923706055,58.83000183105469,58.08000183105469,14766600,862960083.7211609,58.43999862670898
2023-09-21,58.369998931884766,58.41999816894531,57.41999816894531,15941800,917291186.5951538,57.540000915527344
2023-09-22,57.84999847412109,57.970001220703125,57.5,14644100,843500137.6548767,57.59999847412109
2023-09-25,57.400001525878906,57.4900016784668,56.7400016784668,12358800,704451600.0,57.0
2023-09-26,56.72999954223633,56.900001525878906,56.400001525878906,11194700,632836377.3345947,56.52999877929688
2023-09-27,56.41999816894531,56.52999877929688,55.68000030517578,13766300,770224495.5028534,55.95000076293945
2023-09-28,56.22999954223633,56.31999969482422,55.70000076293945,12484800,696776705.1452637,55.810001373291016
2023-09-29,56.13999938964844,56.27000045776367,55.619998931884766,12271600,686964162.3825073,55.97999954223633
2023-10-02,55.90999984741211,56.0099983215332,55.08000183105469,11792500,654247894.6018219,55.47999954223633
2023-10-03,55.15999984741211,55.43000030517578,54.77999877929688,13604200,746598510.5308533,54.880001068115234
2023-10-04,54.88999938964844,55.27999877929688,54.709999084472656,12100500,666011531.0783386,55.040000915527344
2023-10-05,54.7400016784668,54.95000076293945,52.2400016784668,29878100,1565014909.9132538,52.380001068115234
2023-10-06,52.040000915527344,53.290000915527344,51.54999923706055,30298900,1610083527.507019,53.13999938964844
2023-10-09,52.959999084472656,53.150001525878906,52.11000061035156,15704700,830464552.7744293,52.880001068115234
2023-10-10,54.130001068115234,54.33000183105469,53.560001373291016,20909700,1129751065.475464,54.02999877929688
2023-10-11,54.220001220703125,54.27999877929688,53.02000045776367,21138900,1135370299.646759,53.709999084472656
2023-10-12,53.7599983215332,53.83000183105469,52.43000030517578,19330400,1020838450.5462646,52.810001373291016
2023-10-13,52.7400016784668,53.41999816894531,52.63999938964844,14494600,766619385.1531982,52.88999938964844
2023-10-16,53.02000045776367,53.560001373291016,52.84000015258789,12816800,684801627.911377,53.43000030517578
2023-10-17,53.310001373291016,54.09999847412109,53.209999084472656,16457200,889840798.9776611,54.06999969482422
2023-10-18,54.09999847412109,54.52999877929688,53.91999816894531,12809500,692353465.2271271,54.04999923706055
2023-10-19,54.15999984741211,54.7599983215332,53.86000061035156,16202200,880589545.2774048,54.34999847412109
2023-10-20,54.52999877929688,55.02000045776367,54.43999862670898,15686400,856006843.2128906,54.56999969482422
2023-10-23,54.380001068115234,54.88999938964844,54.04999923706055,21212700,1147182854.8416138,54.08000183105469
2023-10-24,55.650001525878906,56.16999816894531,55.29999923706055,25290800,1407180096.5637207,55.63999938964844
2023-10-25,55.7599983215332,56.220001220703125,55.560001373291016,16701000,937260102.1614076,56.119998931884766
2023-10-26,56.369998931884766,56.630001068115234,55.720001220703125,16228400,905220132.1899414,55.77999877929688
2023-10-27,55.54999923706055,56.13999938964844,55.09999847412109,13626500,752727882.8716278,55.2400016784668
2023-10-30,55.43000030517578,56.27999877929688,55.41999816894531,15014300,843052967.9100037,56.150001525878906
2023-10-31,56.56999969482422,56.720001220703125,56.150001525878906,16639400,939959733.9286804,56.4900016784668
2023-11-01,56.79999923706055,56.880001068115234,56.2599983215332,14110800,796413532.6217651,56.43999862670898
2023-11-02,56.5,57.150001525878906,56.36000061035156,13087200,747148249.9969482,57.09000015258789
2023-11-03,57.400001525878906,57.59000015258789,56.70000076293945,13958700,792016661.4292145,56.7400016784668
2023-11-06,56.77999877929688,57.27999877929688,56.7400016784668,12673200,721992219.4702148,56.970001220703125
2023-11-07,56.91999816894531,57.400001525878906,56.72999954223633,10449300,597490977.1888733,57.18000030517578
2023-11-08,57.31999969482422,57.470001220703125,56.91999816894531,13744000,784644962.097168,57.09000015258789
2023-11-09,57.02999877929688,57.13999938964844,56.369998931884766,12021100,681115524.1657257,56.65999984741211
2023-11-10,56.869998931884766,56.93000030517578,56.060001373291016,11678900,662427222.2564697,56.720001220703125
2023-11-13,56.619998931884766,57.09999847412109,56.59999847412109,12798200,728601529.9057007,56.93000030517578
2023-11-14,57.02000045776367,57.2400016784668,56.810001373291016,12697100,725004390.6257629,57.09999847412109
2023-11-15,57.29999923706055,57.34000015258789,56.75,10201900,583650689.6598816,57.209999084472656
2023-11-16,57.25,57.52999877929688,56.810001373291016,16010400,914994384.4299316,57.150001525878906
2023-11-17,57.18999862670898,57.34000015258789,56.70000076293945,14475800,828884283.7028503,57.2599983215332
2023-11-20,57.04999923706055,57.58000183105469,56.959999084472656,13051000,749127419.9142456,57.400001525878906
2023-11-21,57.459999084472656,58.040000915527344,57.33000183105469,13891600,806129531.0424805,58.02999877929688
2023-11-22,58.2599983215332,58.540000915527344,58.130001068115234,11320600,661349431.2713623,58.41999816894531
2023-11-24,58.459999084472656,58.75,58.34000015258789,4816000,282073118.53027344,58.56999969482422
2023-11-27,58.540000915527344,58.68999862670898,58.27000045776367,16246500,949770375.125885,58.459999084472656
2023-11-28,58.400001525878906,58.83000183105469,58.36000061035156,13739600,804865793.157959,58.58000183105469
2023-11-29,58.58000183105469,58.66999816894531,58.09999847412109,11263600,655879422.8439331,58.22999954223633
2023-11-30,57.959999084472656,58.459999084472656,57.59999847412109,22727500,1328195068.7885284,58.43999862670898
2023-12-01,58.27000045776367,58.68999862670898,58.2400016784668,15371200,901367158.618164,58.63999938964844
2023-12-04,58.59000015258789,58.959999084472656,58.43999862670898,14942200,875164649.4400024,58.56999969482422
2023-12-05,58.54999923706055,58.83000183105469,58.41999816894531,11891500,697555388.1855011,58.65999984741211
2023-12-06,58.560001373291016,58.72999954223633,58.209999084472656,14868500,871294077.3124695,58.59999847412109
2023-12-07,58.66999816894531,58.88999938964844,58.38999938964844,11587900,680673265.4499054,58.7400016784668
2023-12-08,58.7400016784668,58.75,58.369998931884766,11178700,655183613.822937,58.61000061035156
2023-12-11,58.83000183105469,59.09000015258789,58.5,14524800,857544205.2978516,59.040000915527344
2023-12-12,59.20000076293945,59.41999816894531,58.900001525878906,12899000,766458556.3812256,59.41999816894531
2023-12-13,59.45000076293945,60.02000045776367,59.2599983215332,16196800,970674228.9428712,59.93000030517578
2023-12-14,59.970001220703125,60.040000915527344,58.77000045776367,22478300,1327118852.5794983,59.040000915527344
2023-12-15,58.83000183105469,59.16999816894531,57.79999923706055,65177400,3819395540.54718,58.59999847412109
2023-12-18,58.79999923706055,59.4900016784668,58.619998931884766,16717700,986678661.6527556,59.02000045776367
2023-12-19,59.0,59.20000076293945,58.63999938964844,14612200,859635752.7557373,58.83000183105469
2023-12-20,58.5,58.66999816894531,57.56999969482422,17701000,1019754620.803833,57.61000061035156
2023-12-21,57.84999847412109,58.06999969482422,57.470001220703125,11725100,679938568.680191,57.9900016784668
2023-12-22,58.119998931884766,58.459999084472656,58.02000045776367,9029400,526594605.2444458,58.31999969482422
2023-12-26,58.060001373291016,58.709999084472656,58.060001373291016,6422500,376101608.8199616,58.560001373291016
2023-12-27,58.63999938964844,58.77000045776367,58.400001525878906,8560100,502563463.1629944,58.709999084472656
2023-12-28,58.650001525878906,58.869998931884766,58.52999877929688,8400100,493505875.0,58.75
2023-12-29,58.7400016784668,58.97999954223633,58.630001068115234,9244300,544766601.8211365,58.93000030517578
2024-01-02,58.79999923706055,59.880001068115234,58.66999816894531,16322600,976417927.0187378,59.81999969482422
2024-01-03,59.93000030517578,60.20000076293945,59.7599983215332,14830600,889242762.4221802,59.959999084472656
2024-01-04,60.04999923706055,60.2599983215332,59.65999984741211,12912900,771674882.3261261,59.7599983215332
2024-01-05,59.79999923706055,59.95000076293945,59.09000015258789,10412800,621331756.9335938,59.66999816894531
2024-01-08,59.68000030517578,60.18000030517578,59.41999816894531,11554600,694547013.0523682,60.11000061035156
2024-01-09,59.9900016784668,60.13999938964844,59.619998931884766,10493700,629622000.0,60.0
2024-01-10,60.220001220703125,60.40999984741211,59.97999954223633,12258000,737931609.3521118,60.20000076293945
2024-01-11,60.25,60.2599983215332,59.68999862670898,13754200,822638720.8885193,59.810001373291016
2024-01-12,60.08000183105469,60.459999084472656,59.869998931884766,13218000,798235011.932373,60.38999938964844
2024-01-16,60.38999938964844,60.43000030517578,59.84999847412109,11826900,709495750.851059,59.9900016784668
2024-01-17,59.86000061035156,60.209999084472656,59.81999969482422,8982100,538836194.0761566,59.9900016784668
2024-01-18,59.68999862670898,60.22999954223633,59.52999877929688,10397700,625525630.4134369,60.15999984741211
2024-01-19,60.2599983215332,60.27999877929688,59.63999938964844,14392600,861109284.3536377,59.83000183105469
2024-01-22,59.7599983215332,60.06999969482422,59.43999862670898,14314300,852702846.6316223,59.56999969482422
2024-01-23,59.52999877929688,60.0,59.459999084472656,14481600,866723737.902832,59.84999847412109
2024-01-24,59.79999923706055,59.810001373291016,58.88999938964844,16370500,964386152.50206,58.90999984741211
2024-01-25,59.0099983215332,59.16999816894531,58.65999984741211,14899700,881466249.7264862,59.15999984741211
2024-01-26,59.25,59.4900016784668,59.130001068115234,13025100,773300173.0876923,59.369998931884766
2024-01-29,59.34000015258789,59.790000915527344,59.16999816894531,14547100,868898276.3408661,59.72999954223633
2024-01-30,59.84999847412109,60.02000045776367,59.45000076293945,22061500,1321483883.6631775,59.900001525878906
2024-01-31,60.09999847412109,60.45000076293945,59.290000915527344,22837000,1358573168.3311462,59.4900016784668
2024-02-01,59.56999969482422,61.0099983215332,59.36000061035156,15870900,967807474.7348784,60.97999954223633
2024-02-02,60.81999969482422,60.869998931884766,60.22999954223633,17544900,1062168262.0628356,60.540000915527344
2024-02-05,60.380001068115234,60.380001068115234,59.880001068115234,12759600,766086395.6817627,60.040000915527344
2024-02-06,59.959999084472656,60.04999923706055,59.68000030517578,12775200,765745470.4559326,59.93999862670898
2024-02-07,60.06999969482422,60.209999084472656,59.93999862670898,10259900,615491418.2209015,59.9900016784668
2024-02-08,59.88999938964844,59.970001220703125,59.40999984741211,12874800,770299307.5744629,59.83000183105469
2024-02-09,59.470001220703125,59.58000183105469,59.02999877929688,15235300,907414488.9225006,59.560001373291016
2024-02-12,59.65999984741211,59.7599983215332,58.959999084472656,13516800,806952970.3125,59.70000076293945
2024-02-13,59.5,60.65999984741211,58.790000915527344,24195700,1436014758.0802915,59.34999847412109
2024-02-14,59.16999816894531,59.59000015258789,59.040000915527344,15872500,941080539.5317078,59.290000915527344
2024-02-15,59.41999816894531,59.59000015258789,59.130001068115234,13695800,813530540.8981323,59.400001525878906
2024-02-16,59.34999847412109,59.619998931884766,58.959999084472656,13947100,828318260.4873657,59.38999938964844
2024-02-20,59.59999847412109,60.84000015258789,59.5099983215332,18339300,1113195523.9917755,60.70000076293945
2024-02-21,60.9900016784668,61.27999877929688,60.83000183105469,14373000,880202544.1246033,61.2400016784668
2024-02-22,60.9900016784668,61.25,60.5,12982800,793898239.8101807,61.150001525878906
2024-02-23,61.09000015258789,61.619998931884766,61.0,13612900,833109490.3858185,61.20000076293945
2024-02-26,61.2400016784668,61.27000045776367,60.65999984741211,10336100,627504621.5370178,60.709999084472656
2024-02-27,60.540000915527344,60.77999877929688,60.119998931884766,9931100,599242575.5153656,60.34000015258789
2024-02-28,60.369998931884766,60.4900016784668,60.060001373291016,8076500,487820612.323761,60.400001525878906
2024-02-29,60.34999847412109,60.63999938964844,59.900001525878906,18152700,1089525062.3096466,60.02000045776367
2024-03-01,59.900001525878906,59.900001525878906,59.34000015258789,10927600,650520014.6606445,59.52999877929688
2024-03-04,59.22999954223633,59.95000076293945,59.220001220703125,10150200,607083475.9391785,59.810001373291016
2024-03-05,59.90999984741211,60.11000061035156,59.41999816894531,12310000,732691205.6350708,59.52000045776367
2024-03-06,59.52000045776367,60.0,59.380001068115234,12378800,737157530.5557251,59.54999923706055
2024-03-07,59.68999862670898,59.77000045776367,59.2400016784668,13686900,813549317.2039032,59.43999862670898
2024-03-08,59.29999923706055,59.790000915527344,58.970001220703125,13239000,787985286.0603333,59.52000045776367
2024-03-11,59.77999877929688,60.290000915527344,59.58000183105469,14114300,850245455.6903839,60.2400016784668
2024-03-12,60.31999969482422,60.75,60.209999084472656,12684600,767418300.0,60.5
2024-03-13,60.880001068115234,61.209999084472656,60.79999923706055,13909500,850148625.1430511,61.119998931884766
2024-03-14,60.58000183105469,60.79999923706055,60.400001525878906,13996600,846794300.0,60.5
2024-03-15,60.02000045776367,60.45000076293945,59.63999938964844,36849900,2206572051.35994,59.880001068115234
2024-03-18,59.88999938964844,60.400001525878906,59.79999923706055,15856700,953463387.9367828,60.130001068115234
2024-03-19,60.2400016784668,60.34999847412109,60.060001373291016,15030600,905293031.1195374,60.22999954223633
2024-03-20,60.18000030517578,60.810001373291016,60.15999984741211,15258800,926972100.0,60.75
2024-03-21,60.560001373291016,60.9900016784668,60.31999969482422,13067100,790167552.9510498,60.470001220703125
2024-03-22,60.52000045776367,60.790000915527344,60.43000030517578,11502800,695804391.3070679,60.4900016784668
2024-03-25,60.47999954223633,60.709999084472656,60.119998931884766,13144700,793939900.0572205,60.400001525878906
2024-03-26,60.5,60.709999084472656,60.380001068115234,13277400,803813808.1558228,60.540000915527344
2024-03-27,60.790000915527344,61.43000030517578,60.70000076293945,12551200,765999720.6787109,61.02999877929688
2024-03-28,61.13999938964844,61.2599983215332,61.0,13683500,837156534.1758728,61.18000030517578
2024-04-01,61.18000030517578,61.29999923706055,60.630001068115234,11668700,708056719.5610046,60.68000030517578
2024-04-02,60.45000076293945,60.72999954223633,60.11000061035156,13017300,782990614.8628235,60.150001525878906
2024-04-03,60.04999923706055,60.38999938964844,59.77999877929688,13672900,818049632.0358276,59.83000183105469
2024-04-04,60.09000015258789,60.150001525878906,59.16999816894531,14320700,849217499.074173,59.29999923706055
2024-04-05,59.25,59.68000030517578,58.90999984741211,10157800,604490660.95047,59.5099983215332
2024-04-08,59.400001525878906,59.470001220703125,59.06999969482422,10284500,609562319.7078705,59.27000045776367
2024-04-09,59.47999954223633,59.7400016784668,59.130001068115234,10779100,643727865.158081,59.720001220703125
2024-04-10,59.31999969482422,59.38999938964844,58.68999862670898,11861900,698903126.2802124,58.91999816894531
2024-04-11,59.150001525878906,59.369998931884766,58.790000915527344,11109000,655986441.5245056,59.04999923706055
2024-04-12,58.95000076293945,59.0099983215332,58.130001068115234,12250900,713982437.0452881,58.27999877929688
2024-04-15,58.61000061035156,58.810001373291016,58.040000915527344,12425000,722389492.4163818,58.13999938964844
2024-04-16,58.25,58.380001068115234,57.93000030517578,11236800,652408623.4313965,58.060001373291016
2024-04-17,58.27999877929688,58.560001373291016,58.09999847412109,13805100,807736377.828598,58.5099983215332
2024-04-18,58.619998931884766,58.97999954223633,58.540000915527344,11125900,655426767.3023224,58.90999984741211
2024-04-19,59.09999847412109,60.36000061035156,59.0,21207900,1276079304.1671753,60.16999816894531
2024-04-22,60.13999938964844,60.630001068115234,59.720001220703125,15624500,946063463.0794524,60.54999923706055
2024-04-23,60.52999877929688,60.68000030517578,60.130001068115234,13689100,830107015.6448364,60.63999938964844
2024-04-24,60.31999969482422,61.650001525878906,59.84000015258789,19548300,1203197850.0858307,61.54999923706055
2024-04-25,61.869998931884766,62.59000015258789,61.369998931884766,19048500,1176054421.9722748,61.7400016784668
2024-04-26,61.54999923706055,61.93000030517578,61.34999847412109,10994300,678788100.4535675,61.7400016784668
2024-04-29,61.91999816894531,62.04999923706055,61.52999877929688,13409300,831912984.2765808,62.040000915527344
2024-04-30,62.13999938964844,62.83000183105469,61.470001220703125,19349200,1195200092.8573608,61.77000045776367
2024-05-01,61.79999923706055,62.56999969482422,61.209999084472656,16729800,1036076519.1055298,61.93000030517578
2024-05-02,62.18000030517578,62.400001525878906,61.720001220703125,10991300,681350705.4485321,61.9900016784668
2024-05-03,61.9900016784668,62.33000183105469,61.63999938964844,11628700,722956257.7072144,62.16999816894531
2024-05-06,62.29999923706055,62.380001068115234,61.900001525878906,9310700,580522130.7929993,62.34999847412109
2024-05-07,62.7599983215332,62.81999969482422,62.25,9807000,614114329.5249939,62.619998931884766
2024-05-08,62.84999847412109,62.970001220703125,62.47999954223633,10484400,658944524.0020752,62.84999847412109
2024-05-09,62.810001373291016,63.150001525878906,62.75,9113700,573069465.7344818,62.880001068115234
2024-05-10,62.91999816894531,63.36000061035156,62.790000915527344,8371700,529593727.9483795,63.2599983215332
2024-05-13,63.2400016784668,63.619998931884766,63.18000030517578,10137600,644548626.5625,63.58000183105469
2024-05-14,63.58000183105469,63.7599983215332,62.79999923706055,10852200,684773803.4408569,63.09999847412109
2024-05-15,63.060001373291016,63.38999938964844,63.0,9838900,621129767.509079,63.130001068115234
2024-05-16,63.2400016784668,63.72999954223633,63.06999969482422,10228000,647636956.8786621,63.31999969482422
2024-05-17,63.34000015258789,63.369998931884766,62.93999862670898,11539000,727303155.9143066,63.02999877929688
2024-05-20,62.93000030517578,63.0099983215332,62.459999084472656,11000900,688326309.6427917,62.56999969482422
2024-05-21,62.81999969482422,62.97999954223633,62.43999862670898,9796200,616278940.5052185,62.90999984741211
2024-05-22,62.709999084472656,63.02000045776367,62.65999984741211,7419400,467422200.0,63.0
2024-05-23,62.4900016784668,62.880001068115234,62.04999923706055,9834300,610611688.5005951,62.09000015258789
2024-05-24,62.220001220703125,62.41999816894531,61.970001220703125,8203100,508592200.0,62.0
2024-05-28,61.790000915527344,62.130001068115234,61.400001525878906,12347000,763291536.2319946,61.81999969482422
2024-05-29,61.470001220703125,61.880001068115234,61.06999969482422,11861800,731873069.0498352,61.70000076293945
2024-05-30,61.84999847412109,62.08000183105469,61.59999847412109,9433800,584612597.5158691,61.970001220703125
2024-05-31,61.9900016784668,63.02999877929688,61.68999862670898,19816600,1247058644.0475464,62.93000030517578
2024-06-03,62.709999084472656,63.09000015258789,62.45000076293945,9369000,589591172.8591919,62.93000030517578
2024-06-04,63.20000076293945,63.970001220703125,62.93999862670898,11895600,760604647.6638794,63.93999862670898
2024-06-05,63.9900016784668,64.06999969482422,63.34999847412109,9632500,615709382.3623657,63.91999816894531
2024-06-06,63.91999816894531,64.36000061035156,63.84000015258789,8658500,555442788.2118225,64.1500015258789
2024-06-07,64.08999633789062,64.22000122070312,63.810001373291016,9523100,608621319.5468903,63.90999984741211
2024-06-10,63.93999862670898,63.9900016784668,63.369998931884766,15685300,997428229.3933868,63.59000015258789
2024-06-11,63.59000015258789,63.650001525878906,63.06999969482422,8396000,533565793.5943604,63.54999923706055
2024-06-12,63.68999862670898,63.68999862670898,62.68999862670898,9569600,601736458.2214355,62.880001068115234
2024-06-13,62.86000061035156,63.040000915527344,62.45000076293945,9668900,609044027.2289276,62.9900016784668
2024-06-14,62.380001068115234,62.68999862670898,62.09000015258789,8179200,511608953.7597656,62.54999923706055
2024-06-17,62.369998931884766,62.900001525878906,62.18000030517578,10532700,659557662.7498627,62.619998931884766
2024-06-18,62.52999877929688,62.81999969482422,62.43999862670898,10651700,667115982.377243,62.630001068115234
2024-06-20,62.400001525878906,62.7400016784668,61.95000076293945,13306300,827385738.0607605,62.18000030517578
2024-06-21,62.18000030517578,63.09999847412109,62.18000030517578,28278100,1775016349.944687,62.77000045776367
2024-06-24,62.9900016784668,64.05999755859375,62.90999984741211,13212500,845203641.12854,63.970001220703125
2024-06-25,63.93999862670898,64.06999969482422,63.5099983215332,10235300,653421553.5617828,63.84000015258789
2024-06-26,63.400001525878906,64.11000061035156,63.22999954223633,9402500,602230153.6941528,64.05000305175781
2024-06-27,64.05000305175781,64.2699966430664,63.619998931884766,8494100,542857929.7039032,63.90999984741211
2024-06-28,63.900001525878906,64.05999755859375,63.52000045776367,17358800,1104887646.4874268,63.650001525878906
2024-07-01,64.02999877929688,64.30000305175781,63.119998931884766,10033400,634913539.7521973,63.27999877929688
2024-07-02,63.2599983215332,63.380001068115234,62.86000061035156,8878200,560658343.5470581,63.150001525878906
2024-07-03,63.18999862670898,63.66999816894531,62.93000030517578,9154200,579735502.7618408,63.33000183105469
2024-07-05,63.33000183105469,63.790000915527344,63.0,11735500,748255460.3023529,63.7599983215332
2024-07-08,63.59000015258789,63.59000015258789,62.84000015258789,11235100,707361885.7139587,62.959999084472656
2024-07-09,63.060001373291016,63.22999954223633,62.59000015258789,11657500,730808658.99086,62.68999862670898
2024-07-10,62.720001220703125,62.86000061035156,62.290000915527344,11930400,749587053.8452148,62.83000183105469
2024-07-11,62.63999938964844,63.459999084472656,62.400001525878906,11431600,721333942.5567627,63.09999847412109
2024-07-12,63.459999084472656,64.11000061035156,63.38999938964844,9201500,586135557.0201874,63.70000076293945
2024-07-15,63.790000915527344,63.93999862670898,63.34999847412109,8207500,520437573.7476349,63.40999984741211
2024-07-16,63.43000030517578,64.30999755859375,63.38999938964844,9025100,580043146.7033386,64.2699966430664
2024-07-17,64.47000122070312,65.38999938964844,64.41000366210938,12508200,815659710.5484009,65.20999908447266
2024-07-18,64.80000305175781,65.80999755859375,64.72000122070312,11128200,725447385.168457,65.19000244140625
2024-07-19,65.63999938964844,65.63999938964844,64.81999969482422,13775700,899415465.61203,65.29000091552734
2024-07-22,65.25,65.29000091552734,64.31999969482422,11794200,763910294.4076538,64.7699966430664
2024-07-23,65.43000030517578,66.04000091552734,64.8499984741211,11810300,767197077.1873474,64.95999908447266
2024-07-24,65.08999633789062,65.97000122070312,64.83000183105469,13244600,871627093.6645508,65.80999755859375
2024-07-25,66.04000091552734,66.88999938964844,65.86000061035156,16328600,1078830597.0169067,66.06999969482422
2024-07-26,66.06999969482422,67.11000061035156,66.01000213623047,13530100,907193246.2905884,67.05000305175781
2024-07-29,66.87999725341797,67.02999877929688,66.38999938964844,12140200,811329588.2293701,66.83000183105469
2024-07-30,66.4800033569336,67.83000183105469,66.36000061035156,13258000,897301444.0460205,67.68000030517578
2024-07-31,67.5,67.61000061035156,66.61000061035156,15576800,1039595598.7243652,66.73999786376953
2024-08-01,67.0,68.11000061035156,66.69999694824219,16495900,1121061348.8975525,67.95999908447266
2024-08-02,68.52999877929688,69.66999816894531,67.69000244140625,22514800,1560951125.22583,69.33000183105469
2024-08-05,68.98999786376953,69.55000305175781,67.7300033569336,25484300,1735480791.1140442,68.0999984741211
2024-08-06,68.1500015258789,68.83999633789062,67.7699966430664,12969100,882547294.5785522,68.05000305175781
2024-08-07,68.05000305175781,69.18000030517578,67.83000183105469,13365300,914988425.7637024,68.45999908447266
2024-08-08,68.0,68.86000061035156,67.8499984741211,15240900,1047507108.1626892,68.7300033569336
2024-08-09,68.69999694824219,68.79000091552734,68.25,12080400,829681875.6866455,68.68000030517578
2024-08-12,68.44999694824219,68.54000091552734,67.83000183105469,11012300,750708470.8358765,68.16999816894531
2024-08-13,68.08000183105469,68.61000061035156,68.01000213623047,9877600,676220486.9567871,68.45999908447266
2024-08-14,68.2300033569336,68.88999938964844,68.12999725341797,14328000,982614266.2353516,68.58000183105469
2024-08-15,68.62000274658203,68.91999816894531,68.5,11285100,774722132.219696,68.6500015258789
2024-08-16,68.83999633789062,69.30000305175781,68.63999938964844,12651200,875210019.8608398,69.18000030517578
2024-08-19,69.3499984741211,69.41999816894531,68.8499984741211,9843900,679032255.0453186,68.9800033569336
2024-08-20,68.98999786376953,69.38999938964844,68.7699966430664,11957400,829604379.15802,69.37999725341797
2024-08-21,69.4800033569336,70.12999725341797,69.33000183105469,8792400,611687265.3167725,69.56999969482422
2024-08-22,69.91999816894531,69.91999816894531,68.79000091552734,12509200,867262858.9050293,69.33000183105469
2024-08-23,69.4000015258789,69.8499984741211,68.94000244140625,11834700,825943723.8349915,69.79000091552734
2024-08-26,69.83000183105469,70.91999816894531,69.7300033569336,12912200,914700200.7141112,70.83999633789062
2024-08-27,71.31999969482422,71.52999877929688,71.05000305175781,16988400,1214670600.0,71.5
2024-08-28,71.61000061035156,71.80999755859375,71.30000305175781,13272600,952309050.0,71.75
2024-08-29,71.9000015258789,72.22000122070312,71.2300033569336,17201700,1239382537.4954224,72.05000305175781
2024-08-30,72.19999694824219,72.56999969482422,71.77999877929688,18624200,1349695796.7346191,72.47000122070312
2024-09-03,72.44000244140625,73.29000091552734,72.25,14755800,1077320989.5217896,73.01000213623047
2024-09-04,73.30000305175781,73.52999877929688,71.91000366210938,18140800,1316296403.7109375,72.55999755859375
2024-09-05,72.62000274658203,72.68000030517578,70.9800033569336,23866100,1698550293.2998655,71.16999816894531
2024-09-06,70.98999786376953,71.66999816894531,70.88999938964844,17485700,1243932687.3275757,71.13999938964844
2024-09-09,71.2300033569336,72.30999755859375,70.9800033569336,12939300,929688685.2561952,71.8499984741211
2024-09-10,71.97000122070312,72.41999816894531,71.5199966430664,10277600,735362311.3647461,71.55000305175781
2024-09-11,71.36000061035156,71.37000274658203,70.56999969482422,11418200,811605676.9073486,71.08000183105469
2024-09-12,71.0,71.37999725341797,70.66000366210938,12337800,878821535.4171753,71.2300033569336
2024-09-13,70.83999633789062,71.47000122070312,70.4800033569336,11073800,790780098.5534668,71.41000366210938
2024-09-16,71.7699966430664,72.23999786376953,71.62000274658203,10786500,777706633.5411072,72.0999984741211
2024-09-17,71.9000015258789,72.3499984741211,71.72000122070312,12974400,931561959.5947266,71.80000305175781
2024-09-18,71.88999938964844,72.37999725341797,71.2699966430664,10719700,769138475.0,71.75
2024-09-19,71.55999755859375,71.94000244140625,70.5999984741211,13635600,962946109.451294,70.62000274658203
2024-09-20,70.41000366210938,71.80000305175781,70.37999725341797,48578500,3480163710.3500366,71.63999938964844
2024-09-23,71.55000305175781,72.19999694824219,71.18000030517578,11613000,833000528.9840698,71.7300033569336
2024-09-24,71.22000122070312,71.81999969482422,70.5999984741211,13330600,950871722.4090576,71.33000183105469
2024-09-25,71.70999908447266,71.91999816894531,71.30999755859375,12329100,880914157.3745728,71.44999694824219
2024-09-26,70.86000061035156,71.61000061035156,70.83999633789062,10815200,772205296.5026855,71.4000015258789
2024-09-27,71.54000091552734,72.19999694824219,71.45999908447266,11175700,802303513.2316589,71.79000091552734
2024-09-30,72.0,72.19999694824219,71.69000244140625,18015300,1294579468.9956665,71.86000061035156
2024-10-01,72.0999984741211,72.75,71.62999725341797,13294500,953348582.8285216,71.70999908447266
2024-10-02,71.38999938964844,71.43000030517578,70.41000366210938,11155500,792152078.830719,71.01000213623047
2024-10-03,70.86000061035156,70.98999786376953,70.19999694824219,9374800,661110864.529419,70.5199966430664
2024-10-04,69.95999908447266,70.27999877929688,69.72000122070312,12684800,890092392.7734375,70.16999816894531
2024-10-07,70.05000305175781,70.0999984741211,68.87000274658203,14512000,1001473151.0009766,69.01000213623047
2024-10-08,69.04000091552734,69.44000244140625,68.86000061035156,13549700,937368250.1350404,69.18000030517578
2024-10-09,69.19000244140625,69.73999786376953,69.06999969482422,9037700,628752786.2419128,69.56999969482422
2024-10-10,69.83000183105469,69.91000366210938,68.98999786376953,8635200,597987600.0,69.25
2024-10-11,69.45999908447266,69.58999633789062,69.0,8786300,611262888.318634,69.56999969482422
2024-10-14,69.56999969482422,70.47000122070312,69.47000122070312,7659300,538755133.9508057,70.33999633789062
2024-10-15,70.45999908447266,71.20999908447266,70.16000366210938,10358700,728630920.0653076,70.33999633789062
2024-10-16,70.08999633789062,70.69999694824219,69.97000122070312,7937300,560135258.5777283,70.56999969482422
2024-10-17,70.62999725341797,70.69000244140625,69.58000183105469,14674600,1025754562.3916626,69.9000015258789
2024-10-18,69.87000274658203,70.55000305175781,69.61000061035156,15087500,1062763536.8347168,70.44000244140625
2024-10-21,70.0,70.33000183105469,69.30999755859375,11981200,832094303.4362793,69.44999694824219
2024-10-22,69.0,69.75,68.68000030517578,18603300,1291999128.227234,69.44999694824219
2024-10-23,66.98999786376953,68.69999694824219,66.58000183105469,24655200,1676800204.6691897,68.01000213623047
2024-10-24,67.6500015258789,68.04000091552734,66.94999694824219,17568800,1182380293.615723,67.30000305175781
2024-10-25,67.06999969482422,67.69999694824219,66.79000091552734,11138100,745361631.6055298,66.91999816894531
2024-10-28,66.95999908447266,67.4000015258789,66.5999984741211,10761400,717462518.2952881,66.66999816894531
2024-10-29,66.29000091552734,66.33999633789062,65.5199966430664,16525900,1083437963.6535645,65.55999755859375
2024-10-30,65.51000213623047,66.54000091552734,65.31999969482422,14177800,934600550.0396729,65.91999816894531
2024-10-31,65.80999755859375,65.98999786376953,65.26000213623047,13383700,874089414.3249512,65.30999755859375
2024-11-01,65.47000122070312,65.66000366210938,64.88999938964844,12163100,790723156.9831848,65.01000213623047
2024-11-04,65.08000183105469,65.41999816894531,64.6500015258789,10984500,715200801.7044067,65.11000061035156
2024-11-05,64.63999938964844,65.47000122070312,64.63999938964844,8780200,573961698.1155396,65.37000274658203
2024-11-06,64.41999816894531,64.86000061035156,63.18000030517578,22899300,1458685427.4707794,63.70000076293945
2024-11-07,64.29000091552734,64.38999938964844,63.59999847412109,14856100,945739323.733139,63.65999984741211
2024-11-08,63.90999984741211,64.23999786376953,63.7400016784668,14719300,940857629.0481569,63.91999816894531
2024-11-11,63.9900016784668,64.12000274658203,63.25,13980900,885829832.5332642,63.36000061035156
2024-11-12,63.68000030517578,63.75,63.119998931884766,15021000,949327211.4601136,63.20000076293945
2024-11-13,63.04999923706055,63.2599983215332,62.4900016784668,13177600,830188800.0,63.0
2024-11-14,63.11000061035156,63.11000061035156,62.43000030517578,15910800,995220527.861023,62.54999923706055
2024-11-15,62.4900016784668,62.630001068115234,61.38999938964844,26284300,1622792726.1173248,61.7400016784668
2024-11-18,61.84999847412109,62.13999938964844,61.560001373291016,16062100,993601515.8035278,61.86000061035156
2024-11-19,61.900001525878906,62.619998931884766,61.630001068115234,16254800,1017387934.4802856,62.59000015258789
2024-11-20,62.70000076293945,63.0099983215332,62.02000045776367,18904900,1190819682.731247,62.9900016784668
2024-11-21,63.150001525878906,63.810001373291016,62.95000076293945,17292300,1102557018.9754486,63.7599983215332
2024-11-22,64.23999786376953,64.4800033569336,63.650001525878906,19562200,1250415788.180542,63.91999816894531
2024-11-25,64.31999969482422,64.70999908447266,63.84000015258789,36805300,2369525112.9112244,64.37999725341797
2024-11-26,64.30999755859375,64.63999938964844,64.05999755859375,14473300,934251559.1690063,64.55000305175781
2024-11-27,64.95999908447266,65.0999984741211,64.25,13263400,854560866.0476685,64.43000030517578
2024-11-29,64.0199966430664,64.25,63.77000045776367,10648400,682349491.4978027,64.08000183105469
2024-12-02,64.05000305175781,64.19000244140625,63.34999847412109,16500100,1050231390.1771544,63.650001525878906
2024-12-03,63.720001220703125,64.08000183105469,63.02999877929688,24874500,1580028251.3866425,63.52000045776367
2024-12-04,63.27999877929688,63.34999847412109,61.900001525878906,28137700,1750446291.2391665,62.209999084472656
2024-12-05,62.470001220703125,63.119998931884766,62.09999847412109,21040400,1323861929.473877,62.91999816894531
2024-12-06,62.83000183105469,63.36000061035156,62.5099983215332,15581100,974286163.9801024,62.52999877929688
2024-12-09,62.68999862670898,62.93000030517578,61.900001525878906,22348300,1399003545.8992004,62.59999847412109
2024-12-10,62.70000076293945,63.040000915527344,61.790000915527344,14949400,940466751.7189026,62.90999984741211
2024-12-11,63.0,63.630001068115234,62.400001525878906,32819000,2055782139.968872,62.63999938964844
2024-12-12,63.54999923706055,63.91999816894531,63.220001220703125,17542100,1119887666.676712,63.84000015258789
2024-12-13,63.56999969482422,63.84000015258789,63.11000061035156,13429000,847638465.6562805,63.119998931884766
2024-12-16,63.22999954223633,63.86000061035156,62.34999847412109,24559700,1536209216.262436,62.54999923706055
2024-12-17,62.45000076293945,63.54999923706055,62.31999969482422,21902400,1388612193.4204102,63.400001525878906
2024-12-18,62.810001373291016,63.63999938964844,62.790000915527344,20946100,1316462353.0387878,62.84999847412109
2024-12-19,62.70000076293945,63.16999816894531,62.400001525878906,21300600,1330222486.251068,62.45000076293945
2024-12-20,62.470001220703125,63.060001373291016,62.27999877929688,42458100,2655754122.6070404,62.54999923706055
2024-12-23,62.5,62.7599983215332,61.52999877929688,13010800,811613717.8970337,62.380001068115234
2024-12-24,62.20000076293945,62.84000015258789,62.0099983215332,5019100,315400244.7658539,62.84000015258789
2024-12-26,62.619998931884766,62.7400016784668,62.400001525878906,7943800,497043563.5757446,62.56999969482422
2024-12-27,62.45000076293945,62.95000076293945,62.209999084472656,8542800,533497866.5176392,62.45000076293945
2024-12-30,62.34000015258789,62.34000015258789,61.68000030517578,8972200,556545555.0476074,62.02999877929688
2024-12-31,62.02000045776367,62.43000030517578,61.79999923706055,9256700,576322126.4629364,62.2599983215332
2025-01-02,62.34999847412109,62.75,61.619998931884766,12991000,803363441.9822693,61.84000015258789
2025-01-03,61.900001525878906,62.08000183105469,61.619998931884766,10403200,642397600.0,61.75
2025-01-06,61.5,61.56999969482422,60.65999984741211,17924200,1089970626.6151428,60.810001373291016
2025-01-07,61.11000061035156,61.720001220703125,60.619998931884766,17799600,1082927666.7160034,60.84000015258789
2025-01-08,60.9900016784668,61.77000045776367,60.93000030517578,14412400,889389190.8050537,61.709999084472656
2025-01-10,61.58000183105469,61.650001525878906,60.72999954223633,22425000,1369494743.156433,61.06999969482422
2025-01-13,61.130001068115234,61.84999847412109,60.709999084472656,18016200,1110698757.4905396,61.650001525878906
2025-01-14,61.65999984741211,62.06999969482422,61.29999923706055,16658300,1033480947.2511292,62.040000915527344
2025-01-15,62.33000183105469,62.619998931884766,61.68000030517578,16187200,999883351.409912,61.77000045776367
2025-01-16,61.41999816894531,62.29999923706055,61.31999969482422,12585500,783447375.0,62.25
2025-01-17,62.310001373291016,62.77000045776367,62.16999816894531,17948900,1125575502.5672913,62.709999084472656
2025-01-21,62.900001525878906,63.22999954223633,62.29999923706055,19817100,1236983345.7138062,62.41999816894531
2025-01-22,62.119998931884766,62.290000915527344,61.65999984741211,18191900,1123895559.7930908,61.77999877929688
2025-01-23,61.79999923706055,61.97999954223633,61.369998931884766,16528400,1016992431.8237303,61.52999877929688
2025-01-24,61.720001220703125,62.0099983215332,61.43999862670898,19244600,1191625596.762085,61.91999816894531
2025-01-27,62.869998931884766,64.18000030517578,62.470001220703125,20742900,1324849000.8441925,63.869998931884766
2025-01-28,63.5099983215332,64.04000091552734,62.27999877929688,14956000,932656169.128418,62.36000061035156
2025-01-29,62.560001373291016,63.36000061035156,62.54999923706055,11325600,711587468.737793,62.83000183105469
2025-01-30,63.84999847412109,64.29000091552734,63.22999954223633,13201000,845524090.2862549,64.05000305175781
2025-01-31,63.70000076293945,63.93000030517578,63.38999938964844,12096800,767904858.4625244,63.47999954223633
2025-02-03,63.18000030517578,63.630001068115234,62.43000030517578,12067900,764501446.585846,63.34999847412109
2025-02-04,63.61000061035156,63.630001068115234,62.34999847412109,15678000,982540231.2927246,62.66999816894531
2025-02-05,62.720001220703125,63.290000915527344,62.59000015258789,10686800,674550804.5852661,63.119998931884766
2025-02-06,63.619998931884766,63.7400016784668,62.90999984741211,13423400,850506632.1929932,63.36000061035156
2025-02-07,63.43000030517578,63.91999816894531,63.27000045776367,13184700,841711250.0118256,63.84000015258789
2025-02-10,64.0999984741211,64.6500015258789,63.65999984741211,16154300,1042760114.2990112,64.55000305175781
2025-02-11,67.5,67.66999816894531,66.41000366210938,30589100,2067823113.3247373,67.5999984741211
2025-02-12,66.87000274658203,68.81999969482422,66.87000274658203,26033800,1788782374.1653442,68.70999908447266
2025-02-13,69.0,69.61000061035156,68.76000213623047,24393100,1695320450.0,69.5
2025-02-14,69.36000061035156,70.02999877929688,68.76000213623047,20779100,1431056674.0715027,68.87000274658203
2025-02-18,68.55000305175781,69.37000274658203,68.41999816894531,15569100,1075046402.5131226,69.05000305175781
2025-02-19,69.20999908447266,70.12999725341797,69.16999816894531,16032300,1123383256.1073303,70.06999969482422
2025-02-20,69.70999908447266,70.06999969482422,69.41999816894531,13398000,938395932.2662354,70.04000091552734
2025-02-21,70.31999969482422,71.5999984741211,70.12999725341797,21662300,1545605071.9459534,71.3499984741211
2025-02-24,70.83999633789062,71.7300033569336,70.33000183105469,21418400,1511924777.5634766,70.58999633789062
2025-02-25,70.86000061035156,71.7699966430664,70.7300033569336,21555600,1541009797.9522705,71.48999786376953
2025-02-26,71.2699966430664,71.27999877929688,70.52999877929688,14531200,1028809004.3457032,70.80000305175781
2025-02-27,70.72000122070312,71.54000091552734,70.41999816894531,16789500,1189871911.113739,70.87000274658203
2025-02-28,71.44999694824219,71.56999969482422,70.55999755859375,22167400,1578540533.7051392,71.20999908447266
2025-03-03,70.23999786376953,72.36000061035156,69.7300033569336,21717600,1570616825.3723145,72.31999969482422
2025-03-04,72.06999969482422,72.6500015258789,69.87999725341797,25411900,1783661323.0407715,70.19000244140625
2025-03-05,69.9000015258789,70.73999786376953,69.83999633789062,23933600,1677266731.8237305,70.08000183105469
2025-03-06,70.41000366210938,70.52999877929688,69.44999694824219,21694000,1528559220.1385498,70.45999908447266
2025-03-07,69.6500015258789,71.81999969482422,69.6500015258789,28393300,2028133427.6649475,71.43000030517578
2025-03-10,71.95999908447266,73.22000122070312,71.31999969482422,25251200,1804198162.939453,71.44999694824219
2025-03-11,71.87999725341797,72.04000091552734,70.61000061035156,28076400,1994547481.704712,71.04000091552734
2025-03-12,70.37000274658203,70.7300033569336,69.73999786376953,18923300,1323495648.199463,69.94000244140625
2025-03-13,70.25,70.25,69.27999877929688,15746600,1096278335.2493286,69.62000274658203
2025-03-14,68.51000213623047,69.26000213623047,68.37999725341797,14205100,982424768.02063,69.16000366210938
2025-03-17,69.23999786376953,70.16999816894531,69.08000183105469,15634800,1096312218.9422607,70.12000274658203
2025-03-18,70.11000061035156,70.19000244140625,69.30000305175781,12657600,878184253.2348633,69.37999725341797
2025-03-19,68.55000305175781,69.37999725341797,68.54000091552734,14780000,1023958381.9580078,69.27999877929688
2025-03-20,69.30999755859375,69.80999755859375,69.08999633789062,16295300,1135945348.0812073,69.70999908447266
2025-03-21,69.70999908447266,69.97000122070312,68.18000030517578,47479500,3260417178.062439,68.66999816894531
2025-03-24,68.80000305175781,69.08000183105469,68.33000183105469,12575400,867073791.6229248,68.94999694824219
2025-03-25,68.94999694824219,69.08000183105469,68.5999984741211,12513900,861081428.4484863,68.80999755859375
2025-03-26,68.91999816894531,70.3499984741211,68.9000015258789,14478200,1013763515.397644,70.0199966430664
2025-03-27,70.18000030517578,70.98999786376953,70.06999969482422,11663400,825068891.0842896,70.73999786376953
2025-03-28,70.80999755859375,71.31999969482422,69.52999877929688,17412900,1225345820.8259585,70.37000274658203
2025-03-31,70.7300033569336,71.94000244140625,70.48999786376953,24016900,1720090443.964386,71.62000274658203
2025-04-01,71.68000030517578,71.91000366210938,71.19000244140625,15309100,1100265059.047699,71.87000274658203
2025-04-02,71.95999908447266,72.36000061035156,71.05000305175781,14606500,1041881671.7453004,71.33000183105469
2025-04-03,72.4800033569336,73.94999694824219,72.31999969482422,24959600,1826543535.6170652,73.18000030517578
2025-04-04,72.41999816894531,73.01000213623047,69.79000091552734,26517300,1854354797.0924375,69.93000030517578
2025-04-07,66.2300033569336,69.37999725341797,66.05000305175781,34258400,2342246902.093506,68.37000274658203
2025-04-08,68.95999908447266,69.9800033569336,67.76000213623047,22774400,1558224406.298828,68.41999816894531
2025-04-09,67.91999816894531,70.47000122070312,67.27999877929688,27918700,1952912979.7988887,69.94999694824219
2025-04-10,70.19000244140625,71.20999908447266,68.9800033569336,22450200,1588576199.9588013,70.76000213623047
2025-04-11,70.91000366210938,71.8499984741211,70.54000091552734,19988200,1427757132.0999146,71.43000030517578
2025-04-14,71.30000305175781,72.66000366210938,70.93000030517578,13930200,1009242947.4884032,72.44999694824219
2025-04-15,72.62000274658203,72.62999725341797,71.72000122070312,14965500,1075420839.1342163,71.86000061035156
2025-04-16,72.36000061035156,72.66999816894531,71.38999938964844,15276200,1094998020.6619265,71.68000030517578
2025-04-17,71.9000015258789,73.43000030517578,71.72000122070312,20754500,1515078500.0,73.0
2025-04-21,73.37999725341797,73.47000122070312,71.81999969482422,16037200,1167026990.1641846,72.7699966430664
2025-04-22,73.0,74.37999725341797,72.91999816894531,15613500,1153837673.8243103,73.9000015258789
2025-04-23,73.29000091552734,73.94999694824219,72.37999725341797,16353900,1198740919.908142,73.30000305175781
2025-04-24,73.0199966430664,73.43000030517578,72.30000305175781,16893900,1225145571.2882996,72.5199966430664
2025-04-25,72.6500015258789,72.91999816894531,71.12999725341797,16316000,1173283619.7509766,71.91000366210938
2025-04-28,72.08000183105469,72.26000213623047,71.30999755859375,15997500,1148460539.6461487,71.79000091552734
2025-04-29,71.19000244140625,72.70999908447266,70.27999877929688,16244100,1175260610.2134705,72.3499984741211
2025-04-30,73.3499984741211,73.4800033569336,71.69000244140625,21074700,1528969549.3148804,72.55000305175781
2025-05-01,72.0,72.04000091552734,71.2300033569336,18034200,1285658134.5108032,71.29000091552734
2025-05-02,71.5,71.81999969482422,71.0999984741211,12629600,904910859.2712402,71.6500015258789
2025-05-05,71.66999816894531,71.80000305175781,71.01000213623047,11932700,855574553.5842896,71.69999694824219
2025-05-06,71.68000030517578,71.9000015258789,71.16000366210938,12705500,911238475.5096436,71.72000122070312
2025-05-07,71.72000122070312,72.69000244140625,71.66999816894531,15018200,1087317702.9159546,72.4000015258789
2025-05-08,72.19999694824219,72.47000122070312,71.12999725341797,14371100,1022791160.68573,71.16999816894531
2025-05-09,70.98999786376953,71.1500015258789,70.45999908447266,11228900,791861990.3053284,70.5199966430664
2025-05-12,70.1500015258789,70.33000183105469,68.69999694824219,21539000,1497606643.7072754,69.52999877929688
2025-05-13,69.58999633789062,69.69000244140625,68.87000274658203,14389100,992272322.8263856,68.95999908447266
2025-05-14,68.87999725341797,69.33999633789062,68.58000183105469,16286800,1126395147.644043,69.16000366210938
2025-05-15,69.69999694824219,71.7300033569336,69.5999984741211,19817100,1419102543.095398,71.61000061035156
2025-05-16,71.86000061035156,72.26000213623047,71.43000030517578,18441200,1327766400.0,72.0
2025-05-19,72.02999877929688,72.16999816894531,71.63999938964844,13282800,955431808.0535887,71.93000030517578
2025-05-20,71.80000305175781,72.12999725341797,71.43000030517578,12137800,870158911.6333008,71.69000244140625
2025-05-21,71.69000244140625,72.08000183105469,71.58000183105469,12094400,868982621.5454102,71.8499984741211
2025-05-22,71.83999633789062,71.98999786376953,70.95999908447266,11101800,789782045.223999,71.13999938964844
2025-05-23,71.54000091552734,71.9800033569336,70.69000244140625,12822100,920242073.9570618,71.7699966430664
2025-05-27,71.73999786376953,72.22000122070312,71.55999755859375,10666100,765612644.9798584,71.77999877929688
2025-05-28,71.69999694824219,71.9000015258789,71.05000305175781,8710900,619780548.2917786,71.1500015258789
2025-05-29,71.0,71.66000366210938,70.45999908447266,10291100,735710717.0158386,71.48999786376953
2025-05-30,71.61000061035156,72.47000122070312,71.61000061035156,28019500,2020205907.245636,72.0999984741211
2025-06-02,72.02999877929688,72.04000091552734,71.36000061035156,10202700,734594400.0,72.0
2025-06-03,71.70999908447266,71.77999877929688,70.47000122070312,20139800,1433148241.7541504,71.16000366210938
2025-06-04,71.26000213623047,71.8499984741211,70.68000030517578,13565900,968198320.2598572,71.37000274658203
2025-06-05,71.37999725341797,71.45999908447266,70.83000183105469,13531400,959511623.5534668,70.91000366210938
2025-06-06,71.08000183105469,71.4800033569336,70.94000244140625,9524000,679537385.4675293,71.3499984741211
2025-06-09,71.3499984741211,71.83000183105469,71.08999633789062,12281300,881428859.7724915,71.7699966430664
2025-06-10,71.9000015258789,72.69000244140625,71.76000213623047,12265000,887372731.2850952,72.3499984741211
2025-06-11,72.2699966430664,72.36000061035156,71.76000213623047,12718500,916622291.1186218,72.06999969482422
2025-06-12,72.25,72.4000015258789,71.5999984741211,12806900,925170428.64151,72.23999786376953
2025-06-13,71.7699966430664,71.87999725341797,70.7300033569336,17467200,1240520485.3637695,71.0199966430664
2025-06-16,71.19999694824219,71.62000274658203,70.23999786376953,15045900,1061036817.4919128,70.5199966430664
2025-06-17,70.37999725341797,70.45999908447266,69.58000183105469,15437000,1074723982.3989868,69.62000274658203
2025-06-18,70.0,70.0,69.08999633789062,16227600,1123112181.1431885,69.20999908447266
2025-06-20,69.08999633789062,69.55999755859375,68.77999877929688,40859400,2812760946.368408,68.83999633789062
2025-06-23,69.13999938964844,69.80999755859375,68.97000122070312,21822800,1521922025.3814695,69.73999786376953
2025-06-24,69.94000244140625,70.3499984741211,69.69000244140625,15216100,1068322367.0692444,70.20999908447266
2025-06-25,69.93000030517578,70.0199966430664,69.43000030517578,12540400,873188017.5567627,69.62999725341797
2025-06-26,69.69999694824219,69.91999816894531,69.1500015258789,14454100,1004126344.644165,69.47000122070312
2025-06-27,69.58999633789062,70.55999755859375,69.47000122070312,23470700,1650694373.9761353,70.33000183105469
2025-06-30,70.12999725341797,70.79000091552734,70.08999633789062,15429000,1091601750.0,70.75
2025-07-01,70.98999786376953,72.44999694824219,70.9000015258789,21729300,1557338891.2124634,71.66999816894531
2025-07-02,71.69000244140625,71.83000183105469,70.73999786376953,13050200,925389729.7912598,70.91000366210938
2025-07-03,71.04000091552734,71.4000015258789,70.44999694824219,9440500,673579660.5949402,71.3499984741211
2025-07-07,71.37000274658203,71.37000274658203,70.80000305175781,16984700,1206083583.2832336,71.01000213623047
2025-07-08,70.68000030517578,70.68000030517578,69.87999725341797,17115500,1202192683.4373474,70.23999786376953
2025-07-09,70.16000366210938,70.25,68.97000122070312,33704100,2341760981.142425,69.4800033569336
2025-07-10,69.29000091552734,69.8499984741211,69.16000366210938,14608400,1019228018.9605712,69.7699966430664
2025-07-11,69.56999969482422,70.16000366210938,69.25,12916700,902489864.476776,69.87000274658203
2025-07-14,69.80000305175781,70.08000183105469,69.2699966430664,13983200,971412921.069336,69.47000122070312
2025-07-15,69.51000213623047,69.55000305175781,69.1500015258789,12639800,876696535.7147217,69.36000061035156
2025-07-16,69.3499984741211,69.5,68.79000091552734,13178300,912860796.761322,69.2699966430664
2025-07-17,69.80999755859375,70.69000244140625,69.51000213623047,20464700,1444603098.0560305,70.58999633789062
2025-07-18,70.44000244140625,70.69999694824219,69.83000183105469,14928000,1042720777.2216796,69.8499984741211
2025-07-21,70.19000244140625,70.62000274658203,69.93000030517578,17811700,1248065813.5643003,70.06999969482422
2025-07-22,69.44999694824219,70.26000213623047,68.69000244140625,22339900,1556197515.8111572,69.66000366210938
2025-07-23,69.66000366210938,69.73999786376953,68.5999984741211,21030000,1454434877.0141602,69.16000366210938
2025-07-24,69.26000213623047,69.55000305175781,68.98999786376953,12511400,864537720.9091187,69.0999984741211
2025-07-25,69.12999725341797,69.2300033569336,68.75,12574800,869798892.9748535,69.16999816894531
2025-07-28,68.73999786376953,68.9000015258789,68.05999755859375,13668800,930708541.9433594,68.08999633789062
2025-07-29,68.33999633789062,69.41999816894531,68.1500015258789,16223400,1125579447.441101,69.37999725341797
2025-07-30,69.11000061035156,69.33000183105469,68.52999877929688,10448200,718313750.0,68.75
2025-07-31,68.1500015258789,68.6500015258789,67.73999786376953,17193400,1167259915.5059814,67.88999938964844
2025-08-01,68.5999984741211,69.04000091552734,68.2699966430664,16107500,1109162459.8312378,68.86000061035156
2025-08-04,68.72000122070312,69.08000183105469,68.30999755859375,10701500,737975430.2024841,68.95999908447266
2025-08-05,68.9000015258789,69.48999786376953,68.75,11993400,828144306.6009521,69.05000305175781
2025-08-06,69.12000274658203,69.80000305175781,68.62999725341797,10783000,749526353.0349731,69.51000213623047
2025-08-07,69.45999908447266,70.72000122070312,69.33000183105469,15790800,1112146048.8189695,70.43000030517578
2025-08-08,70.36000061035156,70.87000274658203,70.08000183105469,9232700,649428084.1888428,70.33999633789062
2025-08-11,70.30000305175781,70.86000061035156,69.95999908447266,10909400,771840050.0,70.75
2025-08-12,70.81999969482422,71.05999755859375,70.22000122070312,11061100,782130370.8732605,70.70999908447266
2025-08-13,70.69000244140625,70.7699966430664,70.2300033569336,10356500,729718980.5183411,70.45999908447266
2025-08-14,70.37999725341797,70.45999908447266,69.38999938964844,10722400,745742952.722168,69.55000305175781
2025-08-15,69.73999786376953,70.38999938964844,69.56999969482422,12381100,865686489.3295288,69.91999816894531
2025-08-18,69.9800033569336,70.05000305175781,69.05000305175781,14094900,974380398.2872008,69.12999725341797
2025-08-19,69.30000305175781,70.22000122070312,69.23999786376953,13862200,972156047.9263306,70.12999725341797
2025-08-20,70.73999786376953,71.70999908447266,70.41000366210938,17530800,1239427506.500244,70.69999694824219
2025-08-21,70.5999984741211,70.91000366210938,70.33000183105469,8840400,624662696.3745117,70.66000366210938
2025-08-22,70.95999908447266,71.0199966430664,69.91999816894531,12999600,911661912.2955322,70.12999725341797
2025-08-25,70.11000061035156,70.2300033569336,68.72000122070312,13634600,939832982.1609496,68.93000030517578
2025-08-26,69.04000091552734,69.08000183105469,68.58000183105469,17964200,1234679526.3046265,68.7300033569336
2025-08-27,68.81999969482422,68.87000274658203,68.47000122070312,11562700,795860662.171936,68.83000183105469
2025-08-28,68.87999725341797,68.9000015258789,68.27999877929688,16209900,1108108773.8937378,68.36000061035156
2025-08-29,68.66999816894531,69.13999938964844,68.43000030517578,14601100,1007329857.8086852,68.98999786376953
2025-09-02,68.95999908447266,69.33999633789062,68.26000213623047,24770100,1710623045.526123,69.05999755859375
2025-09-03,68.66000366210938,69.0999984741211,67.37000274658203,33581500,2316787613.2621765,68.98999786376953
2025-09-04,69.11000061035156,69.45999908447266,68.11000061035156,16736000,1142232000.0,68.25
2025-09-05,68.01000213623047,68.58000183105469,67.87000274658203,23978000,1629544858.0474854,67.95999908447266
2025-09-08,67.86000061035156,67.87999725341797,67.16000366210938,21671700,1461322737.613678,67.43000030517578
2025-09-09,67.27999877929688,68.11000061035156,67.27999877929688,14120600,958223924.6185304,67.86000061035156
2025-09-10,67.79000091552734,68.08999633789062,67.20999908447266,16041900,1087961653.1044006,67.81999969482422
2025-09-11,67.91999816894531,68.16999816894531,67.58000183105469,15128700,1023002735.5522156,67.62000274658203
2025-09-12,67.5999984741211,67.72000122070312,66.94000244140625,18712400,1253917963.973999,67.01000213623047
2025-09-15,66.68000030517578,66.77999877929688,66.0999984741211,15986100,1058439666.3642884,66.20999908447266
2025-09-16,66.3499984741211,66.51000213623047,66.05999755859375,18555900,1229142776.360321,66.23999786376953
2025-09-17,66.41000366210938,67.12999725341797,66.41000366210938,17372300,1164639007.9048157,67.04000091552734
2025-09-18,66.80000305175781,67.04000091552734,66.3499984741211,17722900,1177863917.7742004,66.45999908447266
2025-09-19,66.48999786376953,66.7300033569336,66.05000305175781,31192900,2072144356.5193176,66.43000030517578
2025-09-22,66.16000366210938,66.58999633789062,66.08000183105469,13298700,880506914.8246765,66.20999908447266
2025-09-23,66.3499984741211,66.76000213623047,65.9000015258789,15072800,1005506474.2004396,66.70999908447266
2025-09-24,66.41000366210938,66.77999877929688,65.95999908447266,14759300,980755439.9581908,66.44999694824219
2025-09-25,66.75,66.91999816894531,65.94999694824219,14395000,949782148.3230592,65.9800033569336
2025-09-26,66.06999969482422,66.33000183105469,65.5,17821600,1170344439.3676758,65.66999816894531
2025-09-29,65.66999816894531,66.0999984741211,65.3499984741211,14818500,978613753.566742,66.04000091552734
2025-09-30,66.06999969482422,66.63999938964844,65.95999908447266,13815000,916210795.7839966,66.31999969482422
2025-10-01,66.51000213623047,66.83000183105469,66.29000091552734,14877500,993519431.8389893,66.77999877929688
2025-10-02,66.52999877929688,66.6500015258789,65.86000061035156,14350700,948581248.1025696,66.0999984741211
2025-10-03,66.0999984741211,66.98999786376953,66.04000091552734,12249200,816409198.6907959,66.6500015258789
2025-10-06,66.48999786376953,66.5,65.83999633789062,14333300,947431108.12912,66.0999984741211
2025-10-07,66.22000122070312,67.26000213623047,65.87000274658203,13328300,890197169.2024231,66.79000091552734
2025-10-08,66.66999816894531,66.87000274658203,66.05999755859375,12606700,833555038.6253357,66.12000274658203
2025-10-09,66.29000091552734,66.80000305175781,66.12000274658203,12705200,843244158.895874,66.37000274658203
2025-10-10,66.5199966430664,67.4000015258789,66.37999725341797,17991700,1206163584.4718933,67.04000091552734
2025-10-13,66.2300033569336,66.80000305175781,66.0,13690000,914492041.7785645,66.80000305175781
2025-10-14,66.87000274658203,67.56999969482422,66.75,14245600,961720486.4318848,67.51000213623047
2025-10-15,67.2699966430664,67.72000122070312,66.91999816894531,11193700,750873416.4962769,67.08000183105469
2025-10-16,67.18000030517578,68.11000061035156,67.16000366210938,15707200,1061649590.4785156,67.58999633789062
2025-10-17,68.0,68.5,67.80000305175781,15541800,1063680829.9438477,68.44000244140625
2025-10-20,68.43000030517578,68.63999938964844,67.91999816894531,17786800,1217328635.4248047,68.44000244140625
2025-10-21,70.56999969482422,71.38999938964844,70.2300033569336,33651300,2396645627.078247,71.22000122070312
2025-10-22,71.36000061035156,71.62000274658203,70.51000213623047,18293000,1295327285.3393557,70.80999755859375
2025-10-23,70.80999755859375,70.93000030517578,69.72000122070312,13989400,978418670.1538086,69.94000244140625
2025-10-24,69.91000366210938,70.05000305175781,69.6500015258789,15688200,1093624407.637024,69.70999908447266
2025-10-27,69.77999877929688,70.12000274658203,69.25,13800000,966827966.3085938,70.05999755859375
2025-10-28,70.05000305175781,70.9000015258789,69.94999694824219,12730500,893171926.6204834,70.16000366210938
2025-10-29,69.91999816894531,70.02999877929688,68.16000366210938,19789600,1352619129.8034668,68.3499984741211
2025-10-30,68.44999694824219,69.29000091552734,68.38999938964844,14751700,1017572315.5204772,68.9800033569336
2025-10-31,68.55000305175781,69.06999969482422,67.9000015258789,16742700,1153572055.5473328,68.9000015258789
2025-11-03,68.80000305175781,68.88999938964844,67.66000366210938,15660400,1064437407.1166992,67.97000122070312
2025-11-04,68.47000122070312,68.7300033569336,68.16000366210938,12743800,874989354.6691895,68.66000366210938
2025-11-05,68.66000366210938,68.83000183105469,68.18000030517578,12850100,880360378.4507751,68.51000213623047
2025-11-06,68.30000305175781,69.13999938964844,67.91999816894531,15906700,1098516663.1652832,69.05999755859375
2025-11-07,69.80999755859375,70.87000274658203,69.41000366210938,25108300,1771390641.6244507,70.55000305175781
2025-11-10,70.01000213623047,70.66000366210938,69.44000244140625,15318000,1080225308.5784912,70.5199966430664
2025-11-11,70.9800033569336,71.75,70.66000366210938,16160200,1157231931.863403,71.61000061035156
2025-11-12,71.48999786376953,71.88999938964844,71.33999633789062,13612600,973437055.0796508,71.51000213623047
2025-11-13,71.41999816894531,71.66999816894531,71.0,14002800,995178991.7266846,71.06999969482422
2025-11-14,71.41000366210938,71.63999938964844,70.5999984741211,13172000,937319568.2373048,71.16000366210938
2025-11-17,71.19999694824219,71.52999877929688,70.62000274658203,14772300,1044106168.5081482,70.68000030517578
2025-11-18,70.98999786376953,71.33999633789062,70.56999969482422,12838900,914386473.6724854,71.22000122070312
2025-11-19,71.19999694824219,71.44999694824219,70.80999755859375,12401500,881870672.5692749,71.11000061035156
2025-11-20,70.94999694824219,71.4800033569336,70.61000061035156,15396500,1096384750.9040833,71.20999908447266
2025-11-21,71.68000030517578,73.19000244140625,71.48999786376953,26492500,1932627794.1513064,72.94999694824219
2025-11-24,73.16000366210938,73.16000366210938,71.56999969482422,39818600,2890432028.179932,72.58999633789062
2025-11-25,72.80000305175781,72.93000030517578,72.13999938964844,17451200,1267131642.6513672,72.61000061035156
2025-11-26,72.5999984741211,73.08999633789062,72.38999938964844,11795100,859626855.6037903,72.87999725341797
2025-11-28,73.0,73.2300033569336,72.76000213623047,7423000,542769780.3878784,73.12000274658203
2025-12-01,72.5999984741211,72.91000366210938,71.93000030517578,14388100,1035223751.0910034,71.94999694824219
2025-12-02,71.80000305175781,71.80000305175781,70.43000030517578,19871300,1404304734.614563,70.66999816894531
2025-12-03,70.87999725341797,71.4000015258789,70.61000061035156,17001700,1203890335.4919434,70.80999755859375
2025-12-04,70.83000183105469,71.33999633789062,70.37000274658203,17710000,1247669445.9533691,70.44999694824219
2025-12-05,70.31999969482422,70.70999908447266,69.87000274658203,13978200,978474000.0,70.0
2025-12-08,69.83999633789062,70.37999725341797,69.48999786376953,17775100,1248700775.0,70.25
2025-12-09,70.37000274658203,70.62999725341797,69.83000183105469,13010600,911912906.3537598,70.08999633789062
2025-12-10,70.38999938964844,70.52999877929688,69.77999877929688,29789400,2091513746.7269895,70.20999908447266
2025-12-11,70.55000305175781,70.69000244140625,68.79000091552734,23124200,1598113476.1138916,69.11000061035156
2025-12-12,69.11000061035156,70.62000274658203,69.04000091552734,18444500,1300706078.0830383,70.5199966430664
2025-12-15,70.43000030517578,71.31999969482422,70.31999969482422,18660100,1324307319.7784424,70.97000122070312
2025-12-16,71.30000305175781,71.30000305175781,70.31999969482422,17370000,1222326947.70813,70.37000274658203
2025-12-17,70.56999969482422,70.91999816894531,70.30999755859375,13672700,966249683.9645386,70.66999816894531
2025-12-18,70.2699966430664,70.80000305175781,70.16999816894531,15524800,1092324937.475586,70.36000061035156
2025-12-19,70.05999755859375,70.7699966430664,70.02999877929688,36911100,2585991575.88501,70.05999755859375
2025-12-22,69.93000030517578,70.22000122070312,69.66000366210938,12828500,900688973.2551575,70.20999908447266
2025-12-23,70.19999694824219,70.26000213623047,69.69000244140625,9471000,661738796.0128784,69.87000274658203
2025-12-24,69.9000015258789,70.16000366210938,69.75,4515300,316567685.7559204,70.11000061035156
2025-12-26,69.94999694824219,70.16000366210938,69.7300033569336,5711400,399055533.6868286,69.87000274658203
2025-12-29,70.0,70.41999816894531,69.8499984741211,9686900,679632939.4744873,70.16000366210938
2025-12-30,70.0,70.23999786376953,69.80000305175781,8610900,603365760.3721619,70.06999969482422
2025-12-31,70.06999969482422,70.16000366210938,69.87999725341797,8127800,568214527.7648926,69.91000366210938
2026-01-02,69.8499984741211,69.87000274658203,68.9800033569336,12151300,839897889.3745422,69.12000274658203
2026-01-05,68.91999816894531,68.91999816894531,67.91999816894531,21186600,1439417655.7250977,67.94000244140625
2026-01-06,68.01000213623047,68.25,67.58999633789062,21019900,1425989939.0228271,67.83999633789062
2026-01-07,67.98999786376953,68.06999969482422,67.2699966430664,20223400,1365888454.5150757,67.54000091552734
2026-01-08,67.54000091552734,69.45999908447266,67.44999694824219,19237000,1334470742.8359983,69.37000274658203
2026-01-09,69.43000030517578,70.66000366210938,69.12000274658203,19638600,1384717727.9525757,70.51000213623047
2026-01-12,70.9000015258789,70.97000122070312,70.23999786376953,20582500,1451066250.0,70.5
2026-01-13,70.41999816894531,71.23999786376953,70.2699966430664,18324800,1305458712.854004,71.23999786376953
2026-01-14,71.16999816894531,71.70999908447266,70.80999755859375,16739100,1195841344.8669434,71.44000244140625
2026-01-15,71.58999633789062,71.5999984741211,70.37000274658203,15464100,1089909819.9119568,70.4800033569336
2026-01-16,70.29000091552734,70.73999786376953,70.04000091552734,20027500,1410737148.8952637,70.44000244140625
2026-01-20,70.0,71.77999877929688,69.79000091552734,22152200,1589420350.0,71.75
2026-01-21,71.9800033569336,72.23999786376953,70.83000183105469,21660600,1559779852.2720337,72.01000213623047
2026-01-22,71.83000183105469,72.04000091552734,71.44000244140625,13962800,1003506474.3499756,71.87000274658203
2026-01-23,72.0199966430664,73.05999755859375,71.77999877929688,18307100,1334221397.718048,72.87999725341797
2026-01-26,72.86000061035156,73.30000305175781,72.54000091552734,14017400,1017102509.777832,72.55999755859375
2026-01-27,72.44000244140625,73.55999755859375,72.2699966430664,13239200,973743200.402832,73.55000305175781
2026-01-28,73.20999908447266,73.62000274658203,72.56999969482422,14633700,1069138086.2731934,73.05999755859375
2026-01-29,73.18000030517578,74.08999633789062,73.13999938964844,20862100,1531904009.3666077,73.43000030517578
2026-01-30,73.70999908447266,74.9000015258789,73.54000091552734,26420500,1976517540.4968264,74.80999755859375
2026-02-02,75.01000213623047,75.69999694824219,74.4000015258789,19301500,1453982030.342102,75.33000183105469
2026-02-03,75.2699966430664,77.5,75.12999725341797,27007100,2076575902.5161743,76.88999938964844
2026-02-04,77.2699966430664,78.11000061035156,77.08000183105469,28607300,2212774611.3487244,77.3499984741211
2026-02-05,77.81999969482422,78.86000061035156,77.58999633789062,21633500,1698446131.2141418,78.51000213623047
2026-02-06,78.5,79.19999694824219,78.26000213623047,18512400,1463034949.4018557,79.02999877929688
2026-02-09,78.66999816894531,79.11000061035156,77.54000091552734,23415600,1825714360.583496,77.97000122070312
2026-02-10,76.62999725341797,77.51000213623047,76.01000213623047,28848200,2215830171.569824,76.80999755859375
2026-02-11,76.87999725341797,79.05000305175781,76.58000183105469,22649700,1780266385.4393003,78.5999984741211
2026-02-12,78.9800033569336,80.41000366210938,78.79000091552734,26043500,2057436500.0,79.0
2026-02-13,78.44999694824219,79.4000015258789,78.12999725341797,16711900,1314892297.1000671,78.68000030517578
2026-02-17,78.98999786376953,79.63999938964844,78.73999786376953,16260200,1293661472.302246,79.55999755859375
2026-02-18,79.5,79.83999633789062,78.91999816894531,16304900,1296076466.1689758,79.48999786376953
2026-02-19,79.45999908447266,79.66999816894531,78.58999633789062,14924700,1177708131.6558838,78.91000366210938
2026-02-20,79.33000183105469,79.83999633789062,78.88999938964844,17175100,1371259921.1029053,79.83999633789062
2026-02-23,79.5199966430664,80.8499984741211,79.5,17157700,1382224270.111084,80.55999755859375
2026-02-24,80.54000091552734,81.08999633789062,79.8499984741211,16448500,1327722940.0787354,80.72000122070312
2026-02-25,80.4000015258789,80.69000244140625,79.55999755859375,18086900,1455452865.0787354,80.47000122070312
2026-02-26,80.75,80.88999938964844,80.0199966430664,12843200,1033877600.0,80.5
2026-02-27,80.94000244140625,82.0,80.81999969482422,28483500,2323114190.460205,81.55999755859375
2026-03-02,81.25,81.4000015258789,80.1500015258789,18137200,1454966206.1401367,80.22000122070312
2026-03-03,79.86000061035156,80.08000183105469,78.55999755859375,20549300,1630381386.7462158,79.33999633789062
2026-03-04,79.29000091552734,79.47000122070312,77.75,21011800,1641021547.9385376,78.0999984741211
2026-03-05,77.68000030517578,77.72000122070312,76.5,23165700,1784453842.7215576,77.02999877929688
2026-03-06,76.80000305175781,77.19000244140625,76.3499984741211,15516000,1195352654.2053225,77.04000091552734
2026-03-09,76.62000274658203,78.06999969482422,76.52999877929688,18554100,1443509036.6226196,77.80000305175781
2026-03-10,77.4800033569336,78.41000366210938,77.0999984741211,17243900,1342954884.638214,77.87999725341797
2026-03-11,77.70999908447266,77.70999908447266,76.5999984741211,11546800,896378052.2857666,77.62999725341797
2026-03-12,77.41999816894531,78.16000366210938,76.9000015258789,16842200,1307123152.279663,77.61000061035156
2026-03-13,77.47000122070312,78.05000305175781,77.19000244140625,11974500,926107786.1480712,77.33999633789062
2026-03-16,78.0,78.43000030517578,77.73999786376953,11761200,915256580.4107666,77.81999969482422
2026-03-17,78.0,78.30000305175781,77.44999694824219,14900100,1155949785.282898,77.58000183105469
2026-03-18,77.08000183105469,77.12999725341797,75.8499984741211,13134600,997835578.0334471,75.97000122070312
2026-03-19,76.0,76.44999694824219,75.52999877929688,13023300,983910354.7439576,75.55000305175781
2026-03-20,75.56999969482422,76.05000305175781,74.38999938964844,33298700,2489077825.0,74.75
2026-03-23,75.33999633789062,75.44999694824219,74.55000305175781,15054900,1130773548.1887815,75.11000061035156
2026-03-24,74.86000061035156,75.69000244140625,74.62999725341797,15653700,1168861750.3372192,74.66999816894531
2026-03-25,74.58999633789062,75.6500015258789,74.06999969482422,14787900,1112789475.0,75.25
2026-03-26,75.19000244140625,75.75,74.6500015258789,11202100,836684876.348877,74.69000244140625
2026-03-27,74.81999969482422,76.05000305175781,74.69999694824219,17461000,1321972294.013977,75.70999908447266
2026-03-30,75.93000030517578,77.0,75.72000122070312,18502800,1411208493.887329,76.2699966430664
2026-03-31,76.52999877929688,77.0199966430664,75.51000213623047,18301800,1391851945.8526611,76.05000305175781
2026-04-01,76.1500015258789,76.36000061035156,75.26000213623047,15834300,1204673572.9934692,76.08000183105469
2026-04-02,76.58000183105469,76.95999908447266,76.12000274658203,14573400,1118071265.789795,76.72000122070312
2026-04-06,76.63999938964844,77.27999877929688,76.22000122070312,8259900,637829488.0828857,77.22000122070312
2026-04-07,77.19999694824219,77.5999984741211,75.62999725341797,12769200,969310018.762207,75.91000366210938
2026-04-08,75.80999755859375,77.37000274658203,75.31999969482422,12331300,953086188.2896425,77.29000091552734
2026-04-09,76.6500015258789,78.29000091552734,76.37000274658203,14311000,1118833984.3673706,78.18000030517578
2026-04-10,77.9800033569336,78.16999816894531,77.30999755859375,11081400,858476071.5270996,77.47000122070312
2026-04-13,77.31999969482422,77.44999694824219,75.83000183105469,12696200,970116688.494873,76.41000366210938
2026-04-14,75.97000122070312,76.62000274658203,75.80000305175781,12397600,940977858.9172364,75.9000015258789
2026-04-15,75.73999786376953,75.73999786376953,74.72000122070312,16212100,1220933211.4196775,75.30999755859375
2026-04-16,75.02999877929688,75.83999633789062,74.9000015258789,11501900,864712845.5101013,75.18000030517578
2026-04-17,74.94999694824219,76.05999755859375,74.80000305175781,15033900,1138667553.8841248,75.73999786376953
2026-04-20,75.81999969482422,76.22000122070312,75.36000061035156,10141800,765503098.0453491,75.4800033569336
2026-04-21,75.4800033569336,75.52999877929688,74.62000274658203,11806900,881975393.9682007,74.69999694824219
2026-04-22,74.9000015258789,75.37999725341797,74.55000305175781,9352300,697962123.3131409,74.62999725341797
2026-04-23,75.44000244140625,76.66000366210938,75.16000366210938,12060300,919959669.277954,76.27999877929688
2026-04-24,76.70999908447266,77.01000213623047,76.16999816894531,12008700,920226648.0171204,76.62999725341797
2026-04-27,76.70999908447266,76.70999908447266,75.4000015258789,15812200,1192872406.604004,75.44000244140625
2026-04-28,79.5199966430664,80.31999969482422,78.08000183105469,30710700,2406183298.1391907,78.3499984741211
2026-04-29,78.37000274658203,79.27999877929688,78.19000244140625,18294700,1442903039.2478943,78.87000274658203
2026-04-30,78.80000305175781,79.12000274658203,78.33000183105469,15142200,1192599704.347229,78.76000213623047
2026-05-01,79.29000091552734,79.63999938964844,78.04000091552734,12610400,990925255.090332,78.58000183105469
2026-05-04,78.05999755859375,78.7699966430664,77.7300033569336,12672400,990854986.9384766,78.19000244140625
2026-05-05,78.19000244140625,78.77999877929688,77.73999786376953,11637500,913311039.0663148,78.4800033569336
2026-05-06,78.77999877929688,79.33000183105469,78.56999969482422,14060300,1113997616.1994934,79.2300033569336
2026-05-07,78.79000091552734,79.1500015258789,78.0999984741211,16531400,1296557707.044983,78.43000030517578
2026-05-08,78.56999969482422,79.19999694824219,78.12000274658203,12447200,976109401.208496,78.41999816894531
2026-05-11,78.16000366210938,78.7300033569336,77.83999633789062,10967900,862735054.1656494,78.66000366210938
2026-05-12,79.0,80.31999969482422,78.27999877929688,19883100,1591244468.7286377,80.02999877929688
2026-05-13,79.87000274658203,81.02999877929688,79.83999633789062,12357000,991772846.3974,80.26000213623047
2026-05-14,80.7300033569336,80.91999816894531,79.91000366210938,10642000,856148867.5231934,80.44999694824219
2026-05-15,81.36000061035156,81.36000061035156,80.44999694824219,17527200,1416548298.651123,80.81999969482422
2026-05-18,80.87000274658203,81.38999938964844,80.38999938964844,12375500,1004890562.2329712,81.19999694824219
2026-05-19,81.41000366210938,82.66000366210938,81.26000213623047,16595200,1359478753.6132812,81.91999816894531
2026-05-20,82.16999816894531,82.4000015258789,81.5199966430664,16999700,1386325586.8789673,81.55000305175781
2026-05-21,81.79000091552734,81.80000305175781,80.72000122070312,15708400,1275050799.2370603,81.16999816894531
2026-05-22,81.18000030517578,81.68000030517578,80.91999816894531,8240200,671411523.6618042,81.4800033569336
2026-05-26,80.83999633789062,81.5999984741211,80.23999786376953,13004200,1046317920.0942992,80.45999908447266
2026-05-27,81.0999984741211,82.51000213623047,80.80000305175781,13209600,1078167588.28125,81.62000274658203
2026-05-28,81.31999969482422,81.76000213623047,80.33999633789062,14691400,1181335527.8015137,80.41000366210938
2026-05-29,80.04000091552734,80.33000183105469,78.91000366210938,32477000,2566007839.378357,79.01000213623047
2026-06-01,78.58000183105469,79.19999694824219,78.43000030517578,12776300,1004728224.2019652,78.63999938964844
2026-06-02,78.87999725341797,79.19999694824219,78.25,12533200,982728257.8979492,78.41000366210938
2026-06-03,78.29000091552734,79.02999877929688,78.11000061035156,14964300,1178588299.9671936,78.76000213623047
2026-06-04,79.77999877929688,80.04000091552734,76.80999755859375,19361600,1487358106.0913086,76.81999969482422
2026-06-05,77.51000213623047,80.73999786376953,77.4800033569336,25708100,2043279874.3003843,79.4800033569336
2026-06-08,79.30999755859375,79.93000030517578,79.0999984741211,12828900,1020410717.7452089,79.54000091552734
2026-06-09,79.55000305175781,81.76000213623047,79.37999725341797,20591600,1674920668.5913086,81.33999633789062
2026-06-10,82.68000030517578,83.8499984741211,82.12000274658203,20880500,1745400918.5333252,83.58999633789062
2026-06-11,83.91999816894531,84.04000091552734,82.48999786376953,14264500,1177249167.5872805,82.52999877929688
2026-06-12,82.70999908447266,82.88999938964844,81.87000274658203,11757700,971421206.2934875,82.62000274658203
2026-06-15,81.08000183105469,81.19999694824219,80.25,20055200,1622666305.444336,80.91000366210938
2026-06-16,81.1500015258789,81.38999938964844,79.83999633789062,17565100,1410126206.5582275,80.27999877929688
2026-06-17,79.94999694824219,80.33000183105469,78.98999786376953,17055400,1363238127.204895,79.93000030517578
2026-06-18,79.87000274658203,80.01000213623047,78.73999786376953,46857900,3720048652.400208,79.38999938964844
2026-06-22,79.25,80.05999755859375,79.05999755859375,21205900,1686505201.1138916,79.52999877929688
2026-06-23,81.33000183105469,81.33000183105469,79.83000183105469,16854000,1353544698.852539,80.30999755859375
2026-06-24,80.88999938964844,81.58000183105469,80.55999755859375,20632600,1662987528.5171509,80.5999984741211
2026-06-25,80.52999877929688,81.37999725341797,79.97000122070312,16021400,1288440958.6639404,80.41999816894531
2026-06-26,80.95999908447266,82.80999755859375,80.69999694824219,53357500,4408930078.449249,82.62999725341797
2026-06-29,82.83000183105469,83.62000274658203,82.20999908447266,15015800,1241055892.9122925,82.6500015258789
2026-06-30,82.5,82.54000091552734,81.01000213623047,16422100,1334624011.8721008,81.2699966430664
2026-07-01,81.69999694824219,81.9800033569336,80.95999908447266,21734800,1766821911.8988037,81.29000091552734
2026-07-02,81.62999725341797,84.13999938964844,81.4000015258789,18308400,1540468764.8254397,84.13999938964844
2026-07-06,84.0999984741211,84.55999755859375,82.31999969482422,18992600,1575626078.6117554,82.95999908447266
2026-07-07,84.5999984741211,85.68000030517578,83.63999938964844,17835200,1499048614.428711,84.05000305175781
2026-07-08,84.16999816894531,84.83000183105469,83.2699966430664,14160000,1180944021.6064453,83.4000015258789
2026-07-09,82.08999633789062,82.81999969482422,81.70999908447266,15782500,1304107931.652069,82.62999725341797
2026-07-10,82.7300033569336,83.73999786376953,82.41000366210938,10694600,892892131.1538696,83.48999786376953
2026-07-13,83.9000015258789,84.68000030517578,83.66999816894531,12085800,1018228650.0,84.25
2026-07-14,84.16999816894531,84.62999725341797,83.08000183105469,13775400,1144460257.2235107,83.08000183105469
2026-07-15,82.93000030517578,83.23999786376953,82.2300033569336,18383800,1515744253.8970947,82.44999694824219
2026-07-16,83.5,84.94999694824219,83.27999877929688,17889900,1519210275.2426147,84.91999816894531
2026-07-17,85.37000274658203,85.55999755859375,80.83000183105469,32903000,2683568599.67041,81.55999755859375
2026-07-20,81.55000305175781,82.37000274658203,81.30000305175781,14967200,1229106505.1086426,82.12000274658203
2026-07-21,81.97000122070312,82.4000015258789,81.31999969482422,12949400,1061462333.807373,81.97000122070312
2026-07-22,82.8499984741211,82.91999816894531,81.95999908447266,11701300,961846824.2904664,82.19999694824219
2026-07-23,81.66999816894531,81.87000274658203,80.87999725341797,13755600,1116542026.812744,81.16999816894531
2026-07-24,81.56999969482422,82.33000183105469,80.9000015258789,11980400,985387900.0,82.25
2026-07-27,83.08000183105469,84.13999938964844,82.5,19937600,1676154025.915527,84.06999969482422
2026-07-28,88.30000305175781,90.22000122070312,86.25,34982900,3087940465.564728,88.2699966430664
2026-07-29,88.6500015258789,90.91999816894533,88.63999938964844,21711700,1934078275.75531,89.08000183105469
2026-07-30,87.62999725341797,88.63999938964844,87.20999908447266,17616100,1558848651.3679504,88.48999786376953
2026-07-31,87.66000366210938,88.0,86.81999969482422,14725900,1289841527.0721436,87.58999633789062
2026-08-03,88.4800033569336,88.4800033569336,86.62999725341797,23197100,2014900120.1583865,86.86000061035156
2026-08-04,85.79000091552734,86.68000030517578,85.16000366210938,17085700,1478938150.2868652,86.55999755859375
2026-08-05,87.05000305175781,87.1500015258789,86.19000244140625,15868600,1377870567.0562744,86.83000183105469
2026-08-06,87.86000061035156,87.97000122070312,86.41999816894531,13568500,1178424204.296112,86.8499984741211
2026-08-07,86.51000213623047,87.16999816894531,86.19000244140625,11221700,976849019.2459106,87.05000305175781
2026-08-10,87.11000061035156,87.52999877929688,86.43000030517578,13710800,1191057233.657837,86.87000274658203
2026-08-11,86.62000274658203,87.05000305175781,86.11000061035156,16018000,1385236693.7713623,86.4800033569336
2026-08-12,85.77999877929688,87.29000091552734,85.66000366210938,12651900,1097046237.4168396,86.70999908447266
2026-08-13,87.13999938964844,87.75,86.91000366210938,10140600,886491233.4320068,87.41999816894531
2026-08-14,87.30000305175781,87.97000122070312,87.19999694824219,9166400,803984935.6079102,87.70999908447266
2026-08-17,87.30000305175781,88.0199966430664,86.8499984741211,12056400,1048665712.4725342,86.9800033569336
2026-08-18,88.4000015258789,88.95999908447266,87.87999725341797,12524500,1112426086.177826,88.81999969482422
2026-08-19,88.58999633789062,90.76000213623048,88.58999633789062,15993900,1445048840.5952454,90.3499984741211
2026-08-20,90.18000030517578,91.87000274658205,89.7300033569336,14928000,1350984000.0,90.5
2026-08-21,90.8499984741211,91.1999969482422,90.31999969482422,15534900,1415229366.2956238,91.0999984741211
