timestamps,open,high,low,close,volume,amount
2015-01-02,42.2599983215332,42.400001525878906,41.79999923706055,42.13999938964844,9921100,418075147.9446411
2015-01-05,42.689998626708984,42.970001220703125,42.08000183105469,42.13999938964844,26292600,1107970147.9522705
2015-01-06,42.40999984741211,42.939998626708984,42.2400016784668,42.459999084472656,16897500,717467834.5298767
2015-01-07,42.79999923706055,43.11000061035156,42.58000183105469,42.9900016784668,13412300,576594799.5121002
2015-01-08,43.18000030517578,43.56999969482422,43.099998474121094,43.5099983215332,21743600,946063999.5040894
2015-01-09,43.470001220703125,43.560001373291016,42.95000076293945,43.029998779296875,12733500,547922489.4561768
2015-01-12,43.06999969482422,43.20000076293945,42.459999084472656,42.63999938964844,11415800,486769705.03234863
2015-01-13,42.83000183105469,43.2400016784668,42.45000076293945,42.630001068115234,12529500,534132598.3829498
2015-01-14,42.08000183105469,42.599998474121094,42.06999969482422,42.560001373291016,13447600,572329874.4674683
2015-01-15,42.83000183105469,42.86000061035156,42.16999816894531,42.380001068115234,11193100,474363589.95552063
2015-01-16,42.36000061035156,42.59000015258789,42.2400016784668,42.529998779296875,15114900,642836678.5491943
2015-01-20,42.70000076293945,43.33000183105469,42.61000061035156,43.15999984741211,17047300,735761465.3987885
2015-01-21,42.88999938964844,43.43000030517578,42.7599983215332,43.36000061035156,10720600,464845222.54333496
2015-01-22,43.369998931884766,43.83000183105469,43.06999969482422,43.779998779296875,14709100,643964380.0445557
2015-01-23,43.599998474121094,43.75,43.18000030517578,43.310001373291016,12357700,535212003.9707184
2015-01-26,43.18000030517578,43.22999954223633,42.83000183105469,43.0,11151900,479531700.0
2015-01-27,42.540000915527344,42.63999938964844,42.150001525878906,42.38999938964844,15274000,647464850.6774902
2015-01-28,42.59000015258789,42.79999923706055,41.900001525878906,41.91999816894531,14278500,598554693.8552856
2015-01-29,41.77000045776367,42.150001525878906,41.470001220703125,42.099998474121094,13657900,574997569.1596985
2015-01-30,41.83000183105469,41.93000030517578,41.11000061035156,41.16999816894531,19193700,790204593.8552856
2015-02-02,41.209999084472656,41.630001068115234,40.900001525878906,41.59000015258789,15197500,632064027.3189545
2015-02-03,41.75,41.849998474121094,41.369998931884766,41.630001068115234,13193100,549228767.0917511
2015-02-04,41.77000045776367,42.09000015258789,41.619998931884766,41.68000030517578,16400000,683552005.0048828
2015-02-05,41.79999923706055,41.81999969482422,41.5099983215332,41.790000915527344,11078500,462970525.1426697
2015-02-06,41.630001068115234,41.7599983215332,41.31999969482422,41.45000076293945,12366400,512587289.43481445
2015-02-09,41.380001068115234,41.45000076293945,41.040000915527344,41.22999954223633,13371100,551290446.8791962
2015-02-10,42.90999984741211,43.029998779296875,42.20000076293945,42.400001525878906,32184200,1364610129.109192
2015-02-11,42.099998474121094,42.4900016784668,41.70000076293945,42.369998931884766,20496300,868428209.1075897
2015-02-12,42.400001525878906,42.65999984741211,42.06999969482422,42.16999816894531,13818200,582713468.6981201
2015-02-13,42.02000045776367,42.22999954223633,41.7599983215332,41.9900016784668,10792100,453160297.1141815
2015-02-17,41.810001373291016,41.880001068115234,41.63999938964844,41.810001373291016,12804200,535343619.5838928
2015-02-18,41.75,41.79999923706055,41.470001220703125,41.72999954223633,9789800,408528349.5185852
2015-02-19,41.68000030517578,42.2400016784668,41.529998779296875,42.11000061035156,16578300,698112223.1185913
2015-02-20,42.040000915527344,42.11000061035156,41.63999938964844,41.970001220703125,15982400,670781347.5097656
2015-02-23,41.709999084472656,42.16999816894531,41.689998626708984,41.849998474121094,11830300,495098036.9483948
2015-02-24,41.849998474121094,42.33000183105469,41.77000045776367,42.130001068115234,12782700,538535164.6533966
2015-02-25,42.16999816894531,42.2400016784668,41.7400016784668,42.04999923706055,10323300,434094757.12394714
2015-02-26,42.040000915527344,42.54999923706055,41.970001220703125,42.459999084472656,14346500,609152376.865387
2015-02-27,42.52000045776367,43.65999984741211,42.470001220703125,43.29999923706055,28312800,1225944218.3990479
2015-03-02,43.29999923706055,43.29999923706055,43.08000183105469,43.20000076293945,13514600,583830730.3108215
2015-03-03,43.11000061035156,43.15999984741211,42.84000015258789,42.95000076293945,10036300,431059092.65708923
2015-03-04,42.91999816894531,42.97999954223633,42.470001220703125,42.5,16263000,691177500.0
2015-03-05,42.560001373291016,42.61000061035156,42.25,42.400001525878906,9223000,391055214.07318115
2015-03-06,42.119998931884766,42.20000076293945,41.33000183105469,41.52000045776367,18180500,754854368.3223724
2015-03-09,41.529998779296875,41.54999923706055,41.31999969482422,41.38999938964844,10123300,419003380.821228
2015-03-10,41.099998474121094,41.150001525878906,40.68000030517578,40.689998626708984,14599100,594037358.9511871
2015-03-11,40.72999954223633,40.72999954223633,40.08000183105469,40.099998474121094,18549700,743842941.695404
2015-03-12,40.099998474121094,40.56999969482422,40.02000045776367,40.56999969482422,17728700,719253353.5896301
2015-03-13,40.439998626708984,40.56999969482422,39.61000061035156,39.90999984741211,17438400,695966541.3391113
2015-03-16,40.0,40.349998474121094,39.9900016784668,40.290000915527344,15238800,613971265.9515381
2015-03-17,40.66999816894531,40.72999954223633,40.31999969482422,40.5099983215332,21661800,877519481.6413879
2015-03-18,40.47999954223633,40.790000915527344,39.79999923706055,40.599998474121094,26247500,1065648459.9494934
2015-03-19,40.47999954223633,40.52000045776367,39.959999084472656,40.02000045776367,16057600,642625159.3505859
2015-03-20,40.06999969482422,40.65999984741211,40.0099983215332,40.650001525878906,31608500,1284885573.2307434
2015-03-23,40.63999938964844,40.939998626708984,40.5,40.619998931884766,17060500,692997491.77742
2015-03-24,40.90999984741211,40.9900016784668,40.470001220703125,40.470001220703125,13485700,545766295.4620361
2015-03-25,40.59000015258789,40.70000076293945,40.2400016784668,40.45000076293945,22811300,922717102.4036407
2015-03-26,40.34000015258789,40.560001373291016,40.22999954223633,40.349998474121094,17359600,700459833.5113525
2015-03-27,40.47999954223633,40.47999954223633,39.970001220703125,40.08000183105469,14384400,576526778.338623
2015-03-30,40.11000061035156,40.61000061035156,39.939998626708984,40.5099983215332,12561400,508862292.9161072
2015-03-31,40.5099983215332,40.900001525878906,40.349998474121094,40.54999923706055,16604800,673324627.331543
2015-04-01,40.790000915527344,40.810001373291016,40.22999954223633,40.68000030517578,14300700,581752480.3642273
2015-04-02,40.72999954223633,40.869998931884766,40.47999954223633,40.68000030517578,14343100,583477312.3771667
2015-04-06,40.77000045776367,41.61000061035156,40.59000015258789,41.16999816894531,19843400,816952741.6656494
2015-04-07,41.04999923706055,41.369998931884766,40.970001220703125,41.0099983215332,9773400,400807117.5956726
2015-04-08,40.97999954223633,41.09000015258789,40.7400016784668,40.88999938964844,8954700,366157677.53448486
2015-04-09,40.79999923706055,41.08000183105469,40.630001068115234,41.04999923706055,12710900,521782435.3023529
2015-04-10,41.09000015258789,41.15999984741211,40.849998474121094,40.880001068115234,8720000,356473609.31396484
2015-04-13,40.970001220703125,40.970001220703125,40.70000076293945,40.70000076293945,9616300,391383417.33665466
2015-04-14,40.59000015258789,40.650001525878906,40.31999969482422,40.5099983215332,11209700,454104928.18489075
2015-04-15,40.59000015258789,40.810001373291016,40.31999969482422,40.400001525878906,11189100,452039657.07321167
2015-04-16,40.40999984741211,40.86000061035156,40.29999923706055,40.599998474121094,13121000,532712579.9789429
2015-04-17,40.470001220703125,40.65999984741211,40.099998474121094,40.29999923706055,15330300,617811078.3039093
2015-04-20,40.41999816894531,40.900001525878906,40.40999984741211,40.65999984741211,13023700,529543640.0127411
2015-04-21,40.66999816894531,40.9900016784668,40.540000915527344,40.779998779296875,19673100,802268993.9849854
2015-04-22,41.560001373291016,41.56999969482422,41.06999969482422,41.310001373291016,26887200,1110710268.9239502
2015-04-23,41.22999954223633,41.40999984741211,40.91999816894531,40.95000076293945,17408800,712890373.2818604
2015-04-24,41.040000915527344,41.119998931884766,40.810001373291016,40.88999938964844,11623300,475276729.9057007
2015-04-27,41.0,41.150001525878906,40.779998779296875,40.83000183105469,10044600,410121036.3922119
2015-04-28,40.95000076293945,40.970001220703125,40.599998474121094,40.77000045776367,12174800,496366601.57318115
2015-04-29,40.65999984741211,40.75,40.400001525878906,40.4900016784668,11371400,460428005.08651733
2015-04-30,40.400001525878906,40.58000183105469,40.279998779296875,40.560001373291016,12700800,515144465.44189453
2015-05-01,40.58000183105469,40.93000030517578,40.5,40.90999984741211,10848300,443803951.3446808
2015-05-04,40.880001068115234,41.099998474121094,40.77000045776367,40.959999084472656,10204800,417988598.65722656
2015-05-05,41.13999938964844,41.13999938964844,40.68000030517578,40.75,11721300,477642975.0
2015-05-06,41.040000915527344,41.09000015258789,40.38999938964844,40.65999984741211,11906900,484134552.18315125
2015-05-07,40.529998779296875,40.90999984741211,40.5099983215332,40.70000076293945,13834700,563072300.5550385
2015-05-08,41.0,41.16999816894531,40.849998474121094,40.97999954223633,11144400,456697506.89849854
2015-05-11,40.97999954223633,41.38999938964844,40.880001068115234,40.939998626708984,10113500,414046676.1112213
2015-05-12,40.77000045776367,40.959999084472656,40.52000045776367,40.689998626708984,12384500,503925287.9924774
2015-05-13,40.75,41.36000061035156,40.720001220703125,41.04999923706055,13183700,541190874.9416351
2015-05-14,41.29999923706055,41.599998474121094,41.2599983215332,41.5,9961000,413381500.0
2015-05-15,41.45000076293945,41.689998626708984,41.43000030517578,41.52000045776367,8479000,352048083.8813782
2015-05-18,41.4900016784668,41.4900016784668,41.25,41.31999969482422,11511700,475663440.48690796
2015-05-19,41.22999954223633,41.38999938964844,41.130001068115234,41.310001373291016,9072000,374764332.4584961
2015-05-20,41.369998931884766,41.59000015258789,41.310001373291016,41.349998474121094,10965200,453411003.2684326
2015-05-21,41.2599983215332,41.31999969482422,41.06999969482422,41.22999954223633,9270900,382239202.7561188
2015-05-22,41.119998931884766,41.2400016784668,41.040000915527344,41.209999084472656,11909500,490790484.0965271
2015-05-26,41.119998931884766,41.18000030517578,40.7400016784668,40.9900016784668,15194300,622814382.503128
2015-05-27,40.939998626708984,41.20000076293945,40.83000183105469,41.119998931884766,9863100,405570661.46507263
2015-05-28,41.20000076293945,41.29999923706055,40.880001068115234,41.13999938964844,9395200,386518522.265625
2015-05-29,41.18000030517578,41.18000030517578,40.77000045776367,40.959999084472656,19628600,803987438.02948
2015-06-01,41.36000061035156,41.40999984741211,40.880001068115234,40.939998626708984,12684100,519287036.5810394
2015-06-02,40.84000015258789,41.15999984741211,40.68000030517578,40.9900016784668,11878600,486903833.9378357
2015-06-03,41.099998474121094,41.209999084472656,40.779998779296875,40.869998931884766,8153800,333245797.290802
2015-06-04,40.709999084472656,40.97999954223633,40.529998779296875,40.59000015258789,10145800,411818023.5481262
2015-06-05,40.47999954223633,40.52000045776367,40.08000183105469,40.099998474121094,15975600,640621535.623169
2015-06-08,40.099998474121094,40.2599983215332,40.02000045776367,40.15999984741211,14339300,575866285.8119965
2015-06-09,40.16999816894531,40.41999816894531,40.11000061035156,40.20000076293945,10772700,433062548.21891785
2015-06-10,40.31999969482422,40.540000915527344,40.279998779296875,40.33000183105469,11979900,483149388.93585205
2015-06-11,40.11000061035156,40.25,40.029998779296875,40.099998474121094,11944900,478990471.77352905
2015-06-12,40.040000915527344,40.119998931884766,39.84000015258789,39.959999084472656,15568600,622121241.746521
2015-06-15,39.83000183105469,39.86000061035156,39.56999969482422,39.59000015258789,11364800,449932433.73413086
2015-06-16,39.630001068115234,40.15999984741211,39.599998474121094,40.08000183105469,12517400,501697414.92004395
2015-06-17,40.08000183105469,40.31999969482422,40.0099983215332,40.27000045776367,13898400,559688574.3621826
2015-06-18,40.15999984741211,40.7400016784668,40.15999984741211,40.650001525878906,16314600,663188514.894104
2015-06-19,40.59000015258789,40.650001525878906,40.400001525878906,40.400001525878906,23550600,951444275.9353638
2015-06-22,40.5099983215332,40.810001373291016,40.459999084472656,40.47999954223633,8775900,355248427.9827118
2015-06-23,40.43000030517578,40.52000045776367,40.310001373291016,40.380001068115234,11094900,448012073.8506317
2015-06-24,40.369998931884766,40.45000076293945,40.189998626708984,40.189998626708984,10385100,417377154.7382355
2015-06-25,40.279998779296875,40.34000015258789,40.02000045776367,40.02000045776367,10607600,424516156.8557739
2015-06-26,40.099998474121094,40.349998474121094,40.0,40.0,16215600,648624000.0
2015-06-29,39.79999923706055,39.97999954223633,39.400001525878906,39.400001525878906,15500800,610731543.6523438
2015-06-30,39.61000061035156,39.61000061035156,39.119998931884766,39.22999954223633,14621300,573593592.3069
2015-07-01,39.380001068115234,39.599998474121094,39.279998779296875,39.5,11177400,441507300.0
2015-07-02,39.630001068115234,39.810001373291016,39.349998474121094,39.4900016784668,8975900,354458306.0657501
2015-07-06,39.31999969482422,39.599998474121094,39.220001220703125,39.41999816894531,10252600,404157473.2269287
2015-07-07,39.4900016784668,40.380001068115234,39.400001525878906,40.25,20335000,818483750.0
2015-07-08,39.9900016784668,40.22999954223633,39.84000015258789,39.86000061035156,11383700,453754288.9480591
2015-07-09,40.459999084472656,40.58000183105469,39.900001525878906,39.91999816894531,13392000,534608615.4785156
2015-07-10,40.27000045776367,40.52000045776367,40.15999984741211,40.38999938964844,13360400,539626547.845459
2015-07-13,40.560001373291016,40.77000045776367,40.4900016784668,40.65999984741211,9854200,400671770.4963684
2015-07-14,40.900001525878906,41.2599983215332,40.84000015258789,41.16999816894531,19531000,804091234.2376709
2015-07-15,41.150001525878906,41.36000061035156,41.099998474121094,41.130001068115234,11252100,462798885.0185394
2015-07-16,41.41999816894531,41.599998474121094,41.349998474121094,41.47999954223633,10483700,434863871.200943
2015-07-17,41.310001373291016,41.31999969482422,41.04999923706055,41.25,9608300,396342375.0
2015-07-20,41.349998474121094,41.540000915527344,41.220001220703125,41.380001068115234,10024200,414801406.70700073
2015-07-21,41.380001068115234,41.52000045776367,41.099998474121094,41.189998626708984,13653800,562400003.2493591
2015-07-22,40.810001373291016,41.59000015258789,40.59000015258789,40.900001525878906,15528600,635119763.6947632
2015-07-23,40.9900016784668,41.02000045776367,40.47999954223633,40.84000015258789,13522200,552246650.063324
2015-07-24,40.7599983215332,40.83000183105469,40.40999984741211,40.439998626708984,10912500,441301485.0139618
2015-07-27,40.279998779296875,40.58000183105469,40.15999984741211,40.540000915527344,10945700,443738688.02108765
2015-07-28,40.650001525878906,40.72999954223633,40.439998626708984,40.54999923706055,11021800,446933981.59103394
2015-07-29,40.529998779296875,40.709999084472656,40.4900016784668,40.59000015258789,8479900,344199142.29393005
2015-07-30,40.54999923706055,40.75,40.38999938964844,40.560001373291016,9095500,368913492.49076843
2015-07-31,40.880001068115234,41.220001220703125,40.77000045776367,41.08000183105469,15309500,628914288.0325317
2015-08-03,40.849998474121094,41.54999923706055,40.84000015258789,41.540000915527344,14672600,609499817.4331665
2015-08-04,41.5099983215332,41.869998931884766,41.34000015258789,41.849998474121094,17559900,734881788.205719
2015-08-05,41.91999816894531,42.220001220703125,41.81999969482422,42.119998931884766,15329200,645665887.626648
2015-08-06,42.0,42.25,41.86000061035156,41.91999816894531,11378900,477003467.1646118
2015-08-07,41.810001373291016,41.970001220703125,41.529998779296875,41.77000045776367,10886700,454737463.98353577
2015-08-10,41.88999938964844,41.9900016784668,41.58000183105469,41.68000030517578,9501900,396039194.89974976
2015-08-11,41.400001525878906,41.56999969482422,41.16999816894531,41.47999954223633,11254900,466853246.84791565
2015-08-12,41.130001068115234,41.2599983215332,40.849998474121094,41.2599983215332,9602200,396186755.8830261
2015-08-13,41.279998779296875,41.380001068115234,41.0099983215332,41.099998474121094,10270900,422133974.32785034
2015-08-14,41.0099983215332,41.25,40.959999084472656,41.25,9904800,408573000.0
2015-08-17,41.029998779296875,41.45000076293945,40.970001220703125,41.349998474121094,8272800,342080267.376709
2015-08-18,41.279998779296875,41.529998779296875,41.189998626708984,41.29999923706055,11199400,462535211.4555359
2015-08-19,41.13999938964844,41.2400016784668,40.779998779296875,40.779998779296875,15796500,644181250.7171631
2015-08-20,40.52000045776367,40.81999969482422,40.41999816894531,40.54999923706055,14218000,576539889.1525269
2015-08-21,40.15999984741211,40.470001220703125,39.5099983215332,39.529998779296875,28036200,1108270951.776123
2015-08-24,37.9900016784668,38.939998626708984,36.560001373291016,38.380001068115234,44065300,1691226261.0668182
2015-08-25,39.130001068115234,39.279998779296875,37.93000030517578,37.9900016784668,31363700,1191507015.642929
2015-08-26,38.75,38.83000183105469,37.88999938964844,38.72999954223633,23523300,911057398.2318878
2015-08-27,39.060001373291016,39.380001068115234,38.599998474121094,39.27000045776367,18871600,741087740.6387329
2015-08-28,39.11000061035156,39.470001220703125,39.04999923706055,39.45000076293945,14503900,572178866.0655975
2015-08-31,39.150001525878906,39.45000076293945,39.060001373291016,39.31999969482422,12673300,498314152.1324158
2015-09-01,38.66999816894531,39.029998779296875,38.540000915527344,38.75,23703200,918499000.0
2015-09-02,39.029998779296875,39.06999969482422,38.560001373291016,38.900001525878906,14054800,546731741.4459229
2015-09-03,38.900001525878906,39.34000015258789,38.84000015258789,39.15999984741211,13311600,521282253.96881104
2015-09-04,38.68000030517578,38.790000915527344,38.380001068115234,38.52000045776367,15450500,595153267.0726776
2015-09-08,38.869998931884766,39.029998779296875,38.599998474121094,38.900001525878906,15273900,594154733.3061218
2015-09-09,39.119998931884766,39.209999084472656,38.20000076293945,38.29999923706055,13764600,527184169.4984436
2015-09-10,38.310001373291016,38.650001525878906,38.25,38.41999816894531,14952500,574475022.6211548
2015-09-11,38.0099983215332,38.189998626708984,37.84000015258789,38.130001068115234,11802300,450021711.60621643
2015-09-14,38.220001220703125,38.220001220703125,37.849998474121094,38.099998474121094,8950000,340994986.3433838
2015-09-15,38.06999969482422,38.630001068115234,37.91999816894531,38.5,13019800,501262300.0
2015-09-16,38.66999816894531,39.189998626708984,38.470001220703125,39.150001525878906,22233400,870437643.9254761
2015-09-17,39.150001525878906,39.61000061035156,39.040000915527344,39.380001068115234,21232500,836135872.6787567
2015-09-18,38.86000061035156,39.29999923706055,38.709999084472656,38.97999954223633,27527300,1073014141.3990021
2015-09-21,39.04999923706055,39.310001373291016,38.939998626708984,39.189998626708984,12935800,506953984.2353821
2015-09-22,38.68000030517578,38.9900016784668,38.58000183105469,38.790000915527344,15021300,582676240.7524109
2015-09-23,38.790000915527344,38.880001068115234,38.54999923706055,38.7599983215332,8910800,345382593.04351807
2015-09-24,38.52000045776367,39.20000076293945,38.5099983215332,39.150001525878906,19385700,758950184.5802307
2015-09-25,39.43000030517578,40.08000183105469,39.33000183105469,39.619998931884766,22511300,891897681.9553375
2015-09-28,39.52000045776367,39.81999969482422,39.33000183105469,39.529998779296875,19323100,763842119.4122314
2015-09-29,39.52000045776367,39.709999084472656,39.33000183105469,39.65999984741211,14166900,561859251.8383026
2015-09-30,39.880001068115234,40.22999954223633,39.79999923706055,40.119998931884766,19752600,792474290.901947
2015-10-01,40.220001220703125,40.470001220703125,39.599998474121094,39.79999923706055,19606600,780342665.0413513
2015-10-02,39.560001373291016,40.38999938964844,39.36000061035156,40.38999938964844,15537300,627551537.5167847
2015-10-05,40.45000076293945,41.04999923706055,40.43000030517578,41.0099983215332,15664000,642380613.7084961
2015-10-06,41.040000915527344,41.34000015258789,40.93000030517578,40.959999084472656,14579400,597172210.6521606
2015-10-07,41.13999938964844,41.61000061035156,41.099998474121094,41.52000045776367,14329700,594969150.5596161
2015-10-08,41.2599983215332,41.9900016784668,41.2599983215332,41.97999954223633,11960200,502089190.52505493
2015-10-09,41.81999969482422,42.119998931884766,41.779998779296875,42.02000045776367,13931200,585389030.3771973
2015-10-12,41.83000183105469,42.290000915527344,41.810001373291016,42.0,12299100,516562200.0
2015-10-13,41.79999923706055,41.90999984741211,41.540000915527344,41.650001525878906,12903600,537434959.689331
2015-10-14,41.560001373291016,41.959999084472656,41.560001373291016,41.68000030517578,14180000,591022404.3273926
2015-10-15,41.869998931884766,42.029998779296875,41.599998474121094,41.91999816894531,11801600,494723050.390625
2015-10-16,42.15999984741211,42.209999084472656,41.880001068115234,42.02000045776367,20384200,856544093.3311462
2015-10-19,41.900001525878906,42.060001373291016,41.79999923706055,41.9900016784668,15553800,653104088.1065369
2015-10-20,42.0,42.400001525878906,42.0,42.290000915527344,16199300,685068411.8309021
2015-10-21,41.939998626708984,42.52000045776367,41.709999084472656,42.189998626708984,19254900,812364204.5574188
2015-10-22,42.439998626708984,43.849998474121094,42.40999984741211,43.2400016784668,35920200,1553189508.290863
2015-10-23,43.310001373291016,43.310001373291016,42.75,42.790000915527344,18796100,804285136.2083435
2015-10-26,42.7599983215332,42.88999938964844,42.459999084472656,42.59000015258789,14788600,629846476.2565613
2015-10-27,42.5,42.77000045776367,42.47999954223633,42.61000061035156,30166600,1285398844.4122314
2015-10-28,42.75,42.84000015258789,42.209999084472656,42.72999954223633,13667300,584003722.7436066
2015-10-29,42.65999984741211,42.900001525878906,42.34000015258789,42.790000915527344,9427400,403398454.6310425
2015-10-30,42.79999923706055,42.86000061035156,42.349998474121094,42.349998474121094,15356200,650335046.5682983
2015-11-02,42.31999969482422,42.36000061035156,41.900001525878906,42.2400016784668,16252200,686492955.2787781
2015-11-03,42.18000030517578,42.31999969482422,41.810001373291016,42.15999984741211,9693100,408661094.5209503
2015-11-04,42.27000045776367,42.38999938964844,41.88999938964844,41.970001220703125,10488500,440202357.8033447
2015-11-05,42.0,42.349998474121094,41.97999954223633,42.33000183105469,9625100,407430500.6240845
2015-11-06,41.970001220703125,42.220001220703125,41.61000061035156,41.959999084472656,11926700,500444321.08078
2015-11-09,41.70000076293945,41.790000915527344,41.34000015258789,41.540000915527344,10842700,450405767.92678833
2015-11-10,41.439998626708984,41.810001373291016,41.43000030517578,41.77000045776367,8283100,345985090.7917023
2015-11-11,41.939998626708984,42.20000076293945,41.91999816894531,42.040000915527344,9101200,382614456.33239746
2015-11-12,42.0099983215332,42.04999923706055,41.56999969482422,41.58000183105469,10725000,445945519.6380615
2015-11-13,41.459999084472656,41.779998779296875,41.36000061035156,41.380001068115234,11619500,480814922.41096497
2015-11-16,41.43000030517578,42.0,41.38999938964844,41.959999084472656,11244900,471835993.7049866
2015-11-17,41.849998474121094,42.150001525878906,41.5099983215332,41.66999816894531,12739400,530850774.6734619
2015-11-18,41.77000045776367,42.349998474121094,41.68000030517578,42.279998779296875,12966300,548215148.1719971
2015-11-19,42.31999969482422,43.29999923706055,42.31999969482422,43.11000061035156,24090700,1038550091.7037964
2015-11-20,43.310001373291016,43.58000183105469,42.400001525878906,42.43000030517578,19780800,839299350.0366211
2015-11-23,42.54999923706055,43.18000030517578,42.529998779296875,42.959999084472656,13338100,573004763.7886047
2015-11-24,42.70000076293945,43.599998474121094,42.65999984741211,43.36000061035156,15767200,683665801.6235352
2015-11-25,43.31999969482422,43.5,43.2400016784668,43.36000061035156,10344900,448554870.3140259
2015-11-27,43.040000915527344,43.2400016784668,42.79999923706055,43.150001525878906,7236700,312263616.0423279
2015-11-30,43.119998931884766,43.150001525878906,42.61000061035156,42.619998931884766,16063000,684605042.842865
2015-12-01,42.72999954223633,43.099998474121094,42.72999954223633,42.88999938964844,11153000,478352163.192749
2015-12-02,42.83000183105469,42.93000030517578,42.59000015258789,42.77000045776367,12598500,538837850.7671356
2015-12-03,42.72999954223633,42.88999938964844,42.31999969482422,42.459999084472656,15004400,637086810.2630615
2015-12-04,42.58000183105469,43.47999954223633,42.58000183105469,43.290000915527344,16488000,713765535.0952148
2015-12-07,43.310001373291016,43.439998626708984,43.0,43.20000076293945,12030700,519726249.1786957
2015-12-08,43.04999923706055,43.25,42.79999923706055,43.0099983215332,10736200,461763943.9796448
2015-12-09,42.779998779296875,43.27000045776367,42.5,42.65999984741211,12945500,552255028.0246735
2015-12-10,42.72999954223633,43.06999969482422,42.529998779296875,42.7599983215332,15483300,662065882.011795
2015-12-11,42.630001068115234,42.83000183105469,42.13999938964844,42.27000045776367,17313400,731837425.9254456
2015-12-14,42.310001373291016,42.7599983215332,41.970001220703125,42.45000076293945,20092900,852943620.3296661
2015-12-15,42.84000015258789,43.2400016784668,42.7599983215332,43.06999969482422,17916400,771659342.5323486
2015-12-16,43.25,43.90999984741211,43.25,43.84000015258789,21868600,958719427.3368835
2015-12-17,43.810001373291016,43.88999938964844,43.41999816894531,43.4900016784668,14697000,639172554.6684265
2015-12-18,43.36000061035156,43.41999816894531,42.5,42.5,24583700,1044807250.0
2015-12-21,42.81999969482422,42.939998626708984,42.459999084472656,42.779998779296875,10444400,446811419.2504883
2015-12-22,42.86000061035156,43.38999938964844,42.709999084472656,43.290000915527344,12280800,531635843.2434082
2015-12-23,43.38999938964844,43.72999954223633,43.349998474121094,43.66999816894531,9092300,397060724.35150146
2015-12-24,43.4900016784668,43.720001220703125,43.41999816894531,43.540000915527344,3036600,132213566.78009033
2015-12-28,43.439998626708984,43.52000045776367,43.310001373291016,43.4900016784668,6326100,275122099.6181488
2015-12-29,43.540000915527344,43.779998779296875,43.5,43.709999084472656,7739800,338306650.91400146
2015-12-30,43.75,43.77000045776367,43.45000076293945,43.56999969482422,5112500,222751623.43978882
2015-12-31,43.29999923706055,43.34000015258789,42.869998931884766,42.959999084472656,9727900,417910575.09384155
2016-01-04,42.34000015258789,42.5,41.970001220703125,42.400001525878906,16084100,681965864.5423889
2016-01-05,42.310001373291016,42.630001068115234,42.16999816894531,42.54999923706055,15781900,671519832.9593658
2016-01-06,42.20000076293945,42.5099983215332,42.040000915527344,42.31999969482422,16245100,687492627.0423889
2016-01-07,41.650001525878906,42.11000061035156,41.45000076293945,41.619998931884766,20563600,855857010.0357056
2016-01-08,41.650001525878906,42.119998931884766,41.40999984741211,41.5099983215332,14645900,607951284.4173431
2016-01-11,41.58000183105469,41.86000061035156,41.290000915527344,41.58000183105469,15815200,657596044.9584961
2016-01-12,42.29999923706055,42.45000076293945,41.869998931884766,42.119998931884766,21814800,918839352.6992798
2016-01-13,42.16999816894531,42.56999969482422,41.790000915527344,41.849998474121094,16854300,705352429.2823792
2016-01-14,41.9900016784668,42.16999816894531,41.63999938964844,41.880001068115234,16028000,671252657.119751
2016-01-15,40.95000076293945,41.59000015258789,40.93000030517578,41.5,21153600,877874400.0
2016-01-19,41.77000045776367,42.119998931884766,41.650001525878906,41.91999816894531,15462200,648175395.6878662
2016-01-20,41.45000076293945,41.619998931884766,40.75,41.380001068115234,19923500,824434451.2805939
2016-01-21,41.45000076293945,41.5099983215332,41.09000015258789,41.38999938964844,15568900,644396761.4974976
2016-01-22,41.63999938964844,42.2400016784668,41.45000076293945,42.060001373291016,15209200,639698972.8866577
2016-01-25,42.2400016784668,42.5,41.93000030517578,42.15999984741211,12505200,527219230.0918579
2016-01-26,42.15999984741211,42.5,41.93000030517578,42.08000183105469,13018500,547818503.8375854
2016-01-27,42.18000030517578,42.459999084472656,41.810001373291016,42.09000015258789,14167000,596289032.1617126
2016-01-28,42.18000030517578,42.720001220703125,42.060001373291016,42.56999969482422,16622800,707632590.927124
2016-01-29,42.86000061035156,43.2599983215332,42.650001525878906,42.91999816894531,20457000,878014402.5421143
2016-02-01,42.599998474121094,43.150001525878906,42.56999969482422,43.0,17097800,735205400.0
2016-02-02,42.70000076293945,42.790000915527344,42.40999984741211,42.439998626708984,12332900,523408259.06333923
2016-02-03,42.79999923706055,42.939998626708984,42.279998779296875,42.720001220703125,15958300,681738595.4803467
2016-02-04,42.52000045776367,42.88999938964844,42.400001525878906,42.529998779296875,14413700,613014643.4051514
2016-02-05,42.93000030517578,42.9900016784668,42.2599983215332,42.439998626708984,17315700,734878284.2205048
2016-02-08,42.16999816894531,42.70000076293945,41.900001525878906,42.650001525878906,17254400,735900186.328125
2016-02-09,42.2599983215332,43.4900016784668,42.2599983215332,43.29999923706055,24853800,1076169521.0380554
2016-02-10,43.34000015258789,43.38999938964844,42.5099983215332,42.54999923706055,16729600,711844467.2363281
2016-02-11,42.029998779296875,42.61000061035156,41.97999954223633,42.40999984741211,16825300,713560970.432663
2016-02-12,42.720001220703125,43.13999938964844,42.560001373291016,43.11000061035156,15222400,656237673.2910156
2016-02-16,43.31999969482422,43.459999084472656,43.02000045776367,43.36000061035156,12675900,549627031.7367554
2016-02-17,43.41999816894531,43.619998931884766,43.279998779296875,43.4900016784668,12332500,536340445.6996918
2016-02-18,43.630001068115234,43.72999954223633,43.29999923706055,43.61000061035156,11170300,487136789.81781006
2016-02-19,43.58000183105469,43.77000045776367,43.279998779296875,43.77000045776367,12850000,562444505.8822632
2016-02-22,43.77000045776367,44.15999984741211,43.630001068115234,43.939998626708984,20716100,910265405.550766
2016-02-23,43.7400016784668,44.04999923706055,43.65999984741211,43.689998626708984,11166400,487860000.6652832
2016-02-24,43.560001373291016,43.939998626708984,43.369998931884766,43.90999984741211,10844200,476168820.3453064
2016-02-25,43.959999084472656,44.18000030517578,43.869998931884766,44.15999984741211,10903300,481489726.33628845
2016-02-26,44.040000915527344,44.060001373291016,43.11000061035156,43.13999938964844,18421000,794681928.7567139
2016-02-29,43.16999816894531,43.61000061035156,42.91999816894531,43.130001068115234,15049800,649097890.0749207
2016-03-01,43.380001068115234,43.689998626708984,43.16999816894531,43.689998626708984,12358300,539934110.0284576
2016-03-02,43.470001220703125,43.77000045776367,43.41999816894531,43.77000045776367,12856300,562720256.8851471
2016-03-03,43.61000061035156,43.97999954223633,43.540000915527344,43.959999084472656,13134800,577405795.9747314
2016-03-04,43.779998779296875,44.150001525878906,43.68000030517578,44.11000061035156,13691500,603932073.3566284
2016-03-07,43.90999984741211,44.13999938964844,43.86000061035156,44.0099983215332,10695300,470700135.04829407
2016-03-08,43.91999816894531,44.470001220703125,43.810001373291016,44.31999969482422,18900200,837656858.2321167
2016-03-09,44.38999938964844,44.83000183105469,44.290000915527344,44.810001373291016,18466600,827488371.3600159
2016-03-10,44.84000015258789,45.2599983215332,44.68000030517578,45.22999954223633,28908600,1307535964.766693
2016-03-11,45.0,45.25,44.93000030517578,45.20000076293945,16129300,729044372.3056793
2016-03-14,45.040000915527344,45.41999816894531,45.040000915527344,45.290000915527344,13206700,598131455.091095
2016-03-15,45.08000183105469,45.560001373291016,45.06999969482422,45.2400016784668,13686300,619168234.9720001
2016-03-16,45.04999923706055,45.16999816894531,44.54999923706055,45.04999923706055,15386100,693143793.2613373
2016-03-17,45.04999923706055,45.90999984741211,44.970001220703125,45.77000045776367,24080000,1102141611.0229492
2016-03-18,45.84000015258789,45.869998931884766,45.38999938964844,45.599998474121094,23853400,1087715003.6026
2016-03-21,45.41999816894531,45.869998931884766,45.36000061035156,45.66999816894531,9740400,444844050.1647949
2016-03-22,45.54999923706055,45.72999954223633,45.38999938964844,45.5,13788300,627367650.0
2016-03-23,45.400001525878906,45.709999084472656,45.349998474121094,45.459999084472656,9292100,422418857.49282837
2016-03-24,45.45000076293945,45.599998474121094,45.189998626708984,45.58000183105469,10890200,496375335.94055176
2016-03-28,45.560001373291016,45.93000030517578,45.5099983215332,45.79999923706055,13306600,609442269.8478699
2016-03-29,45.86000061035156,46.5099983215332,45.810001373291016,46.47999954223633,25010400,1162483380.5511475
2016-03-30,46.630001068115234,46.72999954223633,46.33000183105469,46.58000183105469,14312200,666662302.2064209
2016-03-31,46.54999923706055,46.880001068115234,46.31999969482422,46.38999938964844,15544500,721109345.5123901
2016-04-01,46.13999938964844,46.869998931884766,46.11000061035156,46.83000183105469,14922900,698839434.324646
2016-04-04,46.84000015258789,46.93000030517578,46.5,46.88999938964844,10629800,498431315.51208496
2016-04-05,46.619998931884766,46.810001373291016,46.439998626708984,46.529998779296875,10696700,497717437.9425049
2016-04-06,46.56999969482422,46.72999954223633,46.380001068115234,46.709999084472656,9122700,426121308.6479187
2016-04-07,46.5,46.58000183105469,46.15999984741211,46.36000061035156,9292000,430777125.6713867
2016-04-08,46.439998626708984,46.97999954223633,46.439998626708984,46.869998931884766,11959300,560532378.2260895
2016-04-11,46.900001525878906,47.130001068115234,46.40999984741211,46.439998626708984,11880100,551711827.6851654
2016-04-12,46.40999984741211,46.7599983215332,46.349998474121094,46.650001525878906,11219100,523371032.11898804
2016-04-13,46.77000045776367,46.779998779296875,45.81999969482422,46.040000915527344,13234100,609297976.1161804
2016-04-14,46.060001373291016,46.220001220703125,45.75,45.83000183105469,12982200,594974249.7711182
2016-04-15,45.81999969482422,46.15999984741211,45.68000030517578,46.099998474121094,13647800,629163559.1751099
2016-04-18,46.099998474121094,46.279998779296875,45.81999969482422,46.220001220703125,11538100,533290996.0845947
2016-04-19,46.310001373291016,46.619998931884766,46.150001525878906,46.599998474121094,14418300,671892757.9994202
2016-04-20,45.34000015258789,45.380001068115234,44.060001373291016,44.369998931884766,40360300,1790786467.8905487
2016-04-21,44.2599983215332,44.279998779296875,42.869998931884766,43.65999984741211,37206900,1624453248.3226776
2016-04-22,43.790000915527344,44.65999984741211,43.790000915527344,44.540000915527344,25134200,1119477291.0110474
2016-04-25,44.5,44.720001220703125,44.380001068115234,44.709999084472656,11173800,499580587.77008057
2016-04-26,44.91999816894531,44.959999084472656,44.43000030517578,44.529998779296875,13935500,620547797.9888916
2016-04-27,44.63999938964844,44.86000061035156,44.25,44.68000030517578,11335500,506470143.45932007
2016-04-28,44.5,44.900001525878906,44.459999084472656,44.630001068115234,10932500,487917486.6771698
2016-04-29,44.529998779296875,44.86000061035156,44.5,44.79999923706055,11716000,524876791.06140137
2016-05-02,44.56999969482422,45.189998626708984,44.56999969482422,44.97999954223633,12577500,565735944.2424774
2016-05-03,44.869998931884766,45.06999969482422,44.650001525878906,44.84000015258789,10420500,467255221.5900421
2016-05-04,44.720001220703125,45.11000061035156,44.5099983215332,44.97999954223633,9350500,420585485.7196808
2016-05-05,44.93000030517578,45.4900016784668,44.869998931884766,45.060001373291016,8801100,396577578.08647156
2016-05-06,45.060001373291016,45.40999984741211,44.91999816894531,45.31999969482422,8564000,388120477.3864746
2016-05-09,45.31999969482422,45.5,45.16999816894531,45.2400016784668,8110600,366923557.6133728
2016-05-10,45.439998626708984,45.84000015258789,45.41999816894531,45.75,8933500,408707625.0
2016-05-11,45.72999954223633,45.880001068115234,45.45000076293945,45.459999084472656,8833100,401552717.9130554
2016-05-12,45.54999923706055,45.900001525878906,45.4900016784668,45.83000183105469,10463400,479537641.1590576
2016-05-13,45.75,45.83000183105469,45.22999954223633,45.349998474121094,10341200,468973404.22058105
2016-05-16,45.15999984741211,45.72999954223633,45.13999938964844,45.619998931884766,9413600,429448421.9451904
2016-05-17,45.45000076293945,45.560001373291016,44.709999084472656,44.75,17457000,781200750.0
2016-05-18,44.560001373291016,44.83000183105469,44.22999954223633,44.47999954223633,12524300,557080858.2668304
2016-05-19,44.25,44.38999938964844,44.040000915527344,44.31999969482422,10659500,472429036.74697876
2016-05-20,44.5099983215332,44.540000915527344,43.939998626708984,43.95000076293945,12914100,567574704.8526764
2016-05-23,44.06999969482422,44.15999984741211,43.939998626708984,43.970001220703125,13554700,596000175.5462646
2016-05-24,44.099998474121094,44.41999816894531,44.0,44.369998931884766,12634200,560579440.5052185
2016-05-25,44.5099983215332,44.630001068115234,44.25,44.380001068115234,9218100,409099287.84599304
2016-05-26,44.529998779296875,44.77000045776367,44.439998626708984,44.689998626708984,8695800,388615290.058136
2016-05-27,44.709999084472656,44.959999084472656,44.650001525878906,44.779998779296875,7893900,353488832.3638916
2016-05-31,44.97999954223633,44.97999954223633,44.2599983215332,44.599998474121094,18935200,844509891.1071777
2016-06-01,44.599998474121094,44.779998779296875,44.4900016784668,44.70000076293945,8916000,398545206.80236816
2016-06-02,44.70000076293945,44.720001220703125,44.5,44.720001220703125,6693900,299351216.17126465
2016-06-03,44.75,45.04999923706055,44.68000030517578,45.040000915527344,13434900,605107908.3000183
2016-06-06,45.09000015258789,45.47999954223633,45.08000183105469,45.369998931884766,10310600,467791910.98709106
2016-06-07,45.349998474121094,45.47999954223633,45.20000076293945,45.31999969482422,9812600,444707029.0054321
2016-06-08,45.2400016784668,45.65999984741211,45.189998626708984,45.54999923706055,7915400,360546463.96102905
2016-06-09,45.33000183105469,45.79999923706055,45.310001373291016,45.7599983215332,8042900,368043090.5002594
2016-06-10,45.619998931884766,46.0099983215332,45.560001373291016,45.9900016784668,12357000,568298450.7408142
2016-06-13,45.47999954223633,45.66999816894531,45.09000015258789,45.119998931884766,10613500,478881108.66355896
2016-06-14,44.849998474121094,45.130001068115234,44.439998626708984,45.040000915527344,11298200,508870938.34381104
2016-06-15,45.119998931884766,45.34000015258789,44.880001068115234,45.0099983215332,8360400,376301589.9673462
2016-06-16,44.869998931884766,45.34000015258789,44.720001220703125,45.310001373291016,11305400,512247689.52560425
2016-06-17,45.16999816894531,45.220001220703125,44.380001068115234,44.790000915527344,20805400,931873885.0479126
2016-06-20,45.09000015258789,45.310001373291016,44.959999084472656,44.97999954223633,10712400,481843747.09625244
2016-06-21,45.15999984741211,45.279998779296875,45.0,45.130001068115234,7919400,357402530.4588318
2016-06-22,45.25,45.33000183105469,44.810001373291016,44.86000061035156,10738900,481747060.5545044
2016-06-23,45.029998779296875,45.16999816894531,44.84000015258789,45.08000183105469,9655300,435260941.6793823
2016-06-24,44.20000076293945,44.560001373291016,43.81999969482422,43.93000030517578,26003700,1142342548.9356995
2016-06-27,43.66999816894531,43.88999938964844,43.31999969482422,43.779998779296875,15779500,690826490.737915
2016-06-28,44.060001373291016,44.189998626708984,43.66999816894531,44.18000030517578,16509800,729402969.0383911
2016-06-29,44.38999938964844,44.709999084472656,44.2400016784668,44.439998626708984,12250900,544429979.1759491
2016-06-30,44.52000045776367,45.33000183105469,44.4900016784668,45.33000183105469,16056500,727841174.4003296
2016-07-01,45.33000183105469,45.40999984741211,45.06999969482422,45.119998931884766,11799700,532402451.39656067
2016-07-05,45.15999984741211,45.66999816894531,45.150001525878906,45.43000030517578,12339100,560565316.7655945
2016-07-06,45.5,45.54999923706055,44.91999816894531,45.27000045776367,10902600,493560706.9908142
2016-07-07,45.41999816894531,45.52000045776367,44.970001220703125,45.09000015258789,9741100,439226200.4863739
2016-07-08,45.29999923706055,45.52000045776367,45.06999969482422,45.380001068115234,11127100,504947809.885025
2016-07-11,45.349998474121094,45.77000045776367,45.11000061035156,45.56999969482422,10937800,498435542.66204834
2016-07-12,45.63999938964844,45.709999084472656,45.18000030517578,45.58000183105469,9739000,443903637.8326416
2016-07-13,45.61000061035156,45.7599983215332,45.43000030517578,45.7400016784668,8028400,367219029.47540283
2016-07-14,45.72999954223633,45.939998626708984,45.58000183105469,45.689998626708984,7621200,348212617.5338745
2016-07-15,45.880001068115234,45.900001525878906,45.439998626708984,45.630001068115234,10621000,484636241.3444519
2016-07-18,45.689998626708984,45.70000076293945,45.47999954223633,45.630001068115234,7958300,363137237.50038147
2016-07-19,45.459999084472656,45.709999084472656,45.43000030517578,45.630001068115234,7761100,354139001.28974915
2016-07-20,45.75,45.77000045776367,45.38999938964844,45.5099983215332,8478200,385842867.7696228
2016-07-21,45.34000015258789,45.5099983215332,45.2599983215332,45.45000076293945,8045100,365649801.1379242
2016-07-22,45.5,45.84000015258789,45.459999084472656,45.83000183105469,8836100,404958479.1793823
2016-07-25,45.810001373291016,45.83000183105469,45.470001220703125,45.56999969482422,9134300,416250048.21243286
2016-07-26,45.529998779296875,45.650001525878906,44.83000183105469,44.880001068115234,15819900,709997128.8974762
2016-07-27,43.900001525878906,44.060001373291016,43.099998474121094,43.400001525878906,37461100,1625811797.1611023
2016-07-28,43.27000045776367,43.689998626708984,43.220001220703125,43.650001525878906,13077800,570845989.9551392
2016-07-29,43.720001220703125,43.75,43.47999954223633,43.630001068115234,16530500,721225732.6564789
2016-08-01,43.689998626708984,43.83000183105469,43.43000030517578,43.45000076293945,12349700,536594474.42207336
2016-08-02,43.349998474121094,43.58000183105469,43.310001373291016,43.529998779296875,12825200,558280940.3442383
2016-08-03,43.65999984741211,43.70000076293945,43.369998931884766,43.63999938964844,12119100,528877516.6030884
2016-08-04,43.560001373291016,43.79999923706055,43.400001525878906,43.5099983215332,11244100,489230772.1271515
2016-08-05,43.650001525878906,43.75,43.40999984741211,43.47999954223633,10398200,452113731.2400818
2016-08-08,43.43000030517578,43.52000045776367,43.220001220703125,43.439998626708984,8680300,377072220.079422
2016-08-09,43.5,43.63999938964844,43.380001068115234,43.470001220703125,7281300,316518119.88830566
2016-08-10,43.63999938964844,43.689998626708984,43.5,43.61000061035156,8412100,366851686.1343384
2016-08-11,43.720001220703125,43.869998931884766,43.619998931884766,43.75,11303300,494519375.0
2016-08-12,43.90999984741211,44.189998626708984,43.790000915527344,44.029998779296875,10928900,481199453.6590576
2016-08-15,44.099998474121094,44.33000183105469,44.0099983215332,44.2400016784668,10390600,459680161.4402771
2016-08-16,44.25,44.25,43.83000183105469,43.83000183105469,9706100,425418380.7723999
2016-08-17,44.0099983215332,44.06999969482422,43.779998779296875,44.060001373291016,11208500,493846525.39253235
2016-08-18,44.0099983215332,44.2599983215332,44.0,44.099998474121094,9144300,403263616.0469055
2016-08-19,44.04999923706055,44.060001373291016,43.7400016784668,43.91999816894531,9385900,412228710.8139038
2016-08-22,43.939998626708984,43.95000076293945,43.72999954223633,43.7400016784668,8687500,379991264.5816803
2016-08-23,43.849998474121094,43.97999954223633,43.7400016784668,43.849998474121094,8421100,369265222.15042114
2016-08-24,43.81999969482422,43.939998626708984,43.65999984741211,43.849998474121094,11508900,504665247.43881226
2016-08-25,43.849998474121094,43.939998626708984,43.630001068115234,43.66999816894531,9815700,428651601.0269165
2016-08-26,43.720001220703125,43.91999816894531,43.310001373291016,43.31999969482422,11824900,512254664.3913269
2016-08-29,43.34000015258789,43.61000061035156,43.33000183105469,43.540000915527344,9544600,415571892.7383423
2016-08-30,43.459999084472656,43.529998779296875,43.119998931884766,43.2400016784668,9720100,420297140.3148651
2016-08-31,43.43000030517578,43.459999084472656,43.08000183105469,43.43000030517578,10217900,443763400.1182556
2016-09-01,43.209999084472656,43.40999984741211,43.20000076293945,43.349998474121094,8457800,366645617.0944214
2016-09-02,43.52000045776367,43.83000183105469,43.470001220703125,43.65999984741211,9026000,394075158.6227417
2016-09-06,43.7400016784668,43.79999923706055,43.400001525878906,43.790000915527344,8600400,376611523.87390137
2016-09-07,43.720001220703125,43.79999923706055,43.529998779296875,43.63999938964844,8656600,377774018.71643066
2016-09-08,43.66999816894531,43.72999954223633,43.45000076293945,43.630001068115234,10020400,437190062.7029419
2016-09-09,43.43000030517578,43.43000030517578,42.27000045776367,42.27000045776367,23624200,998594944.8143005
2016-09-12,42.36000061035156,43.22999954223633,42.34000015258789,43.189998626708984,15932300,688116015.1203156
2016-09-13,42.77000045776367,42.77000045776367,42.209999084472656,42.279998779296875,12962700,548062940.1763916
2016-09-14,42.27000045776367,42.40999984741211,41.9900016784668,42.11000061035156,9823900,413684434.9960327
2016-09-15,42.0099983215332,42.38999938964844,41.880001068115234,42.36000061035156,10158500,430314066.20025635
2016-09-16,42.16999816894531,42.2599983215332,41.970001220703125,42.13999938964844,16354000,689157550.0183105
2016-09-19,42.15999984741211,42.369998931884766,42.08000183105469,42.099998474121094,7659900,322481778.31192017
2016-09-20,42.310001373291016,42.529998779296875,42.2400016784668,42.34000015258789,8407200,355960849.2828369
2016-09-21,42.279998779296875,42.61000061035156,42.099998474121094,42.529998779296875,13654700,580734374.331665
2016-09-22,42.709999084472656,43.0099983215332,42.689998626708984,42.959999084472656,9288300,399025359.4963074
2016-09-23,42.810001373291016,42.939998626708984,42.650001525878906,42.7400016784668,8852700,378364412.858963
2016-09-26,42.709999084472656,42.720001220703125,42.0099983215332,42.04999923706055,15036000,632263788.5284424
2016-09-27,42.189998626708984,42.630001068115234,42.0,42.59000015258789,11920400,507689837.8189087
2016-09-28,42.630001068115234,42.7599983215332,42.029998779296875,42.150001525878906,15523800,654328193.687439
2016-09-29,42.02000045776367,42.38999938964844,41.849998474121094,42.029998779296875,12671700,532591535.5316162
2016-09-30,42.209999084472656,42.5,42.060001373291016,42.31999969482422,14375700,608379619.6128845
2016-10-03,42.310001373291016,42.310001373291016,41.88999938964844,42.029998779296875,11152800,468752170.3857422
2016-10-04,42.34000015258789,42.34000015258789,41.779998779296875,41.84000015258789,13682700,572484170.0878143
2016-10-05,41.93000030517578,42.06999969482422,41.66999816894531,41.810001373291016,9607300,401681226.1936188
2016-10-06,41.68000030517578,41.939998626708984,41.58000183105469,41.709999084472656,9722900,405542150.0984192
2016-10-07,41.83000183105469,41.939998626708984,41.56999969482422,41.72999954223633,8122800,338964440.28167725
2016-10-10,41.91999816894531,41.9900016784668,41.599998474121094,41.72999954223633,8983600,374885623.8876343
2016-10-11,41.65999984741211,41.70000076293945,41.400001525878906,41.540000915527344,12249100,508827625.214386
2016-10-12,41.630001068115234,41.84000015258789,41.5,41.779998779296875,12216300,510396999.0875244
2016-10-13,41.650001525878906,41.88999938964844,41.5099983215332,41.7599983215332,17655600,737297826.3656616
2016-10-14,41.849998474121094,41.90999984741211,41.619998931884766,41.66999816894531,9893800,412274627.88391113
2016-10-17,41.72999954223633,41.86000061035156,41.56999969482422,41.599998474121094,10792500,448967983.5319519
2016-10-18,41.810001373291016,42.0,41.72999954223633,41.970001220703125,11297300,474147694.7906494
2016-10-19,41.93000030517578,42.119998931884766,41.810001373291016,42.04999923706055,16367400,688249157.5126648
2016-10-20,41.970001220703125,42.11000061035156,41.88999938964844,41.93000030517578,10620500,445317568.2411194
2016-10-21,41.849998474121094,42.16999816894531,41.68000030517578,42.130001068115234,14401500,606735210.3824615
2016-10-24,42.31999969482422,42.77000045776367,42.25,42.560001373291016,13439200,571972370.4559326
2016-10-25,42.63999938964844,42.880001068115234,42.43000030517578,42.540000915527344,16484700,701259153.0921936
2016-10-26,43.0,43.029998779296875,42.40999984741211,42.439998626708984,16886200,716650304.8103333
2016-10-27,42.630001068115234,42.650001525878906,41.900001525878906,42.119998931884766,14537000,612298424.4728088
2016-10-28,42.2599983215332,42.470001220703125,42.099998474121094,42.22999954223633,13398400,565814425.8666992
2016-10-31,42.119998931884766,42.40999984741211,42.119998931884766,42.400001525878906,13327500,565086020.3361511
2016-11-01,42.400001525878906,42.43000030517578,41.90999984741211,42.119998931884766,12223400,514849594.94400024
2016-11-02,42.099998474121094,42.34000015258789,42.0099983215332,42.04999923706055,12034300,506042305.81855774
2016-11-03,42.220001220703125,42.220001220703125,41.959999084472656,42.029998779296875,11258000,473173726.2573242
2016-11-04,41.849998474121094,42.040000915527344,41.689998626708984,41.689998626708984,14464200,603012478.1364441
2016-11-07,42.040000915527344,42.5,42.040000915527344,42.459999084472656,14038500,596074697.1473694
2016-11-08,42.369998931884766,42.97999954223633,42.369998931884766,42.880001068115234,12036600,516129420.85647583
2016-11-09,41.7599983215332,42.31999969482422,41.70000076293945,42.27000045776367,21351000,902506779.7737122
2016-11-10,41.86000061035156,42.2599983215332,40.849998474121094,40.939998626708984,33245500,1361070724.3442535
2016-11-11,40.95000076293945,41.130001068115234,40.630001068115234,41.029998779296875,13421000,550663613.6169434
2016-11-14,41.130001068115234,41.41999816894531,40.849998474121094,41.16999816894531,19514200,803399578.2684326
2016-11-15,41.18000030517578,41.52000045776367,41.16999816894531,41.439998626708984,16554000,685997737.2665405
2016-11-16,41.400001525878906,41.650001525878906,41.15999984741211,41.2599983215332,12681400,523234542.71469116
2016-11-17,41.279998779296875,41.29999923706055,41.0,41.119998931884766,12398800,509838642.75665283
2016-11-18,41.029998779296875,41.20000076293945,40.900001525878906,40.90999984741211,16345300,668686220.5059052
2016-11-21,40.90999984741211,41.36000061035156,40.72999954223633,41.36000061035156,12307000,509017527.5115967
2016-11-22,41.45000076293945,41.70000076293945,41.2400016784668,41.369998931884766,12743500,527198581.3884735
2016-11-23,41.220001220703125,41.310001373291016,41.029998779296875,41.119998931884766,9281300,381647046.0865021
2016-11-25,41.38999938964844,41.58000183105469,41.2400016784668,41.529998779296875,7402300,307417509.96398926
2016-11-28,41.5099983215332,41.790000915527344,41.27000045776367,41.75,19424400,810968700.0
2016-11-29,41.52000045776367,41.52000045776367,41.13999938964844,41.150001525878906,11421900,470011202.4284363
2016-11-30,41.0,41.20000076293945,40.349998474121094,40.349998474121094,22410400,904259605.8044434
2016-12-01,40.310001373291016,40.38999938964844,39.880001068115234,40.16999816894531,20409900,819865645.6283569
2016-12-02,40.29999923706055,40.4900016784668,40.189998626708984,40.36000061035156,11176300,451075474.82147217
2016-12-05,40.34000015258789,40.689998626708984,40.310001373291016,40.619998931884766,15977800,649018218.9338684
2016-12-06,40.75,40.77000045776367,40.41999816894531,40.56999969482422,11303500,458582991.55044556
2016-12-07,40.540000915527344,41.290000915527344,40.5099983215332,41.290000915527344,13726500,566767197.5669861
2016-12-08,41.06999969482422,41.209999084472656,40.849998474121094,40.97999954223633,13077100,535899552.0137787
2016-12-09,41.5,42.220001220703125,41.290000915527344,42.0,28125800,1181283600.0
2016-12-12,42.0,42.0099983215332,41.720001220703125,41.900001525878906,17561900,735843636.7973328
2016-12-13,41.720001220703125,41.959999084472656,41.540000915527344,41.7599983215332,18986000,792855328.1326294
2016-12-14,41.88999938964844,41.9900016784668,41.060001373291016,41.209999084472656,17937900,739220842.5773621
2016-12-15,41.099998474121094,41.810001373291016,41.099998474121094,41.54999923706055,14265300,592723204.1164398
2016-12-16,41.61000061035156,41.7599983215332,41.47999954223633,41.7400016784668,19675200,821242881.0241699
2016-12-19,41.689998626708984,41.79999923706055,41.58000183105469,41.66999816894531,8687300,361999775.0930786
2016-12-20,41.70000076293945,41.720001220703125,41.439998626708984,41.65999984741211,10603500,441741808.3820343
2016-12-21,41.599998474121094,41.83000183105469,41.52000045776367,41.56999969482422,9693600,402962949.04174805
2016-12-22,41.56999969482422,41.619998931884766,41.08000183105469,41.54999923706055,11894100,494199845.92552185
2016-12-23,41.619998931884766,41.689998626708984,41.349998474121094,41.599998474121094,6436600,267762550.17852783
2016-12-27,41.560001373291016,41.7599983215332,41.540000915527344,41.61000061035156,6999200,291236716.27197266
2016-12-28,41.4900016784668,41.66999816894531,41.38999938964844,41.38999938964844,8988000,372013314.51416016
2016-12-29,41.380001068115234,41.689998626708984,41.380001068115234,41.599998474121094,6875300,286012469.50912476
2016-12-30,41.689998626708984,41.84000015258789,41.349998474121094,41.459999084472656,11470200,475554481.49871826
2017-01-03,41.5,41.810001373291016,41.279998779296875,41.79999923706055,14711000,614919788.7763977
2017-01-04,41.880001068115234,41.970001220703125,41.59000015258789,41.650001525878906,9959400,414809025.1968384
2017-01-05,41.65999984741211,41.86000061035156,41.529998779296875,41.75,8968300,374426525.0
2017-01-06,41.70000076293945,41.810001373291016,41.540000915527344,41.7400016784668,10246600,427693101.1985779
2017-01-09,41.22999954223633,41.58000183105469,41.209999084472656,41.31999969482422,14822500,612465695.476532
2017-01-10,41.439998626708984,41.439998626708984,40.86000061035156,41.040000915527344,19706800,808767090.0421143
2017-01-11,40.849998474121094,41.119998931884766,40.83000183105469,41.04999923706055,9266200,380377502.93045044
2017-01-12,41.0099983215332,41.040000915527344,40.79999923706055,40.95000076293945,8541200,349762146.51641846
2017-01-13,41.0,41.040000915527344,40.689998626708984,40.880001068115234,8123500,332088688.6768341
2017-01-17,40.84000015258789,41.29999923706055,40.79999923706055,41.220001220703125,12469400,513988683.22143555
2017-01-18,41.25,41.380001068115234,41.13999938964844,41.290000915527344,10390500,429023754.51278687
2017-01-19,41.13999938964844,41.290000915527344,41.029998779296875,41.13999938964844,10987100,452009287.29400635
2017-01-20,41.27000045776367,41.439998626708984,41.130001068115234,41.31999969482422,14695400,607213923.5153198
2017-01-23,41.310001373291016,41.5,41.209999084472656,41.43000030517578,11628900,481785330.54885864
2017-01-24,41.470001220703125,41.970001220703125,41.470001220703125,41.900001525878906,17040100,713980216.0011292
2017-01-25,41.939998626708984,42.25,41.900001525878906,42.119998931884766,12538200,528108970.60775757
2017-01-26,42.029998779296875,42.11000061035156,41.790000915527344,41.810001373291016,8976800,375320020.3277588
2017-01-27,41.90999984741211,41.95000076293945,41.41999816894531,41.45000076293945,12967400,537498739.8933411
2017-01-30,41.29999923706055,41.47999954223633,41.209999084472656,41.380001068115234,11626200,481092168.41812134
2017-01-31,41.38999938964844,41.689998626708984,41.36000061035156,41.56999969482422,12678000,527024456.13098145
2017-02-01,41.52000045776367,41.65999984741211,41.25,41.2599983215332,11136100,459475467.3084259
2017-02-02,41.40999984741211,41.4900016784668,41.25,41.400001525878906,9459700,391631594.4343567
2017-02-03,41.58000183105469,41.790000915527344,41.459999084472656,41.540000915527344,11882400,493594906.8786621
2017-02-06,41.529998779296875,41.66999816894531,41.400001525878906,41.560001373291016,15742800,654270789.6194458
2017-02-07,41.70000076293945,41.97999954223633,41.66999816894531,41.900001525878906,13315200,557906900.3173828
2017-02-08,41.90999984741211,42.150001525878906,41.84000015258789,42.02000045776367,14219700,597511800.5092621
2017-02-09,42.02000045776367,42.02000045776367,40.720001220703125,41.25,27240300,1123662375.0
2017-02-10,41.02000045776367,41.20000076293945,40.54999923706055,40.58000183105469,28847300,1170623486.820984
2017-02-13,40.77000045776367,40.83000183105469,40.5,40.619998931884766,23617100,959326576.7742157
2017-02-14,40.380001068115234,40.599998474121094,40.220001220703125,40.529998779296875,32177800,1304166194.720459
2017-02-15,40.41999816894531,40.630001068115234,40.400001525878906,40.439998626708984,26600800,1075736315.4693604
2017-02-16,40.54999923706055,41.279998779296875,40.5,41.20000076293945,22214800,915249776.9485474
2017-02-17,41.130001068115234,41.36000061035156,41.04999923706055,41.22999954223633,15065100,621134066.1037445
2017-02-21,41.20000076293945,41.5,41.20000076293945,41.459999084472656,17072600,707829980.3695679
2017-02-22,41.5099983215332,41.68000030517578,41.400001525878906,41.599998474121094,11186800,465370862.93029785
2017-02-23,41.66999816894531,42.0,41.619998931884766,41.65999984741211,12856800,535614286.038208
2017-02-24,41.70000076293945,41.90999984741211,41.599998474121094,41.779998779296875,13215300,552135217.868042
2017-02-27,41.75,41.75,41.59000015258789,41.66999816894531,12186400,507807265.68603516
2017-02-28,41.68000030517578,42.06999969482422,41.63999938964844,41.959999084472656,15946800,669127713.4002686
2017-03-01,42.0099983215332,42.349998474121094,41.880001068115234,42.15999984741211,14662000,618149917.7627563
2017-03-02,42.08000183105469,42.560001373291016,42.06999969482422,42.470001220703125,15507600,658607790.9301758
2017-03-03,42.470001220703125,42.4900016784668,42.25,42.47999954223633,11740000,498715194.6258545
2017-03-06,42.34000015258789,42.43000030517578,42.119998931884766,42.18000030517578,16307800,687863008.9767456
2017-03-07,42.0,42.2400016784668,41.95000076293945,41.9900016784668,11273700,473382681.9225311
2017-03-08,42.0,42.029998779296875,41.7400016784668,41.9900016784668,14636000,614565664.56604
2017-03-09,42.09000015258789,42.11000061035156,41.91999816894531,42.029998779296875,14496400,609283674.3041992
2017-03-10,42.22999954223633,42.400001525878906,42.150001525878906,42.290000915527344,16369700,692274627.986908
2017-03-13,41.91999816894531,42.119998931884766,41.84000015258789,42.029998779296875,12831500,539307929.3365479
2017-03-14,41.97999954223633,42.099998474121094,41.83000183105469,41.970001220703125,9844500,413173677.0172119
2017-03-15,41.97999954223633,42.279998779296875,41.970001220703125,42.119998931884766,22757800,958558511.6920471
2017-03-16,42.029998779296875,42.38999938964844,41.900001525878906,42.25,16004200,676177450.0
2017-03-17,42.279998779296875,42.349998474121094,42.0099983215332,42.029998779296875,37526500,1577238749.1912842
2017-03-20,42.099998474121094,42.34000015258789,42.06999969482422,42.18000030517578,11484200,484403559.5046997
2017-03-21,42.310001373291016,42.630001068115234,42.209999084472656,42.5,17187300,730460250.0
2017-03-22,42.560001373291016,42.70000076293945,42.25,42.380001068115234,11605500,491841102.39601135
2017-03-23,42.209999084472656,42.38999938964844,42.060001373291016,42.16999816894531,11503300,485094139.9368286
2017-03-24,42.22999954223633,42.25,41.90999984741211,42.119998931884766,13804400,581441313.25531
2017-03-27,42.11000061035156,42.34000015258789,42.04999923706055,42.31999969482422,12387400,524234764.2196655
2017-03-28,42.2400016784668,42.560001373291016,42.2400016784668,42.43000030517578,14123800,599272838.3102417
2017-03-29,42.5099983215332,42.529998779296875,42.290000915527344,42.41999816894531,9580100,406387824.458313
2017-03-30,42.349998474121094,42.619998931884766,42.2599983215332,42.599998474121094,11999900,511195721.6896057
2017-03-31,42.54999923706055,42.650001525878906,42.43000030517578,42.439998626708984,11551800,490258376.13601685
2017-04-03,42.58000183105469,42.630001068115234,42.27000045776367,42.40999984741211,11240000,476688398.2849121
2017-04-04,42.5099983215332,42.689998626708984,42.369998931884766,42.68000030517578,10946200,467183819.34051514
2017-04-05,42.650001525878906,42.86000061035156,42.529998779296875,42.56999969482422,10142800,431778992.9046631
2017-04-06,42.58000183105469,42.7599983215332,42.470001220703125,42.66999816894531,14597800,622888099.2706299
2017-04-07,42.63999938964844,42.7400016784668,42.5099983215332,42.61000061035156,11028800,469937174.7314453
2017-04-10,42.72999954223633,42.79999923706055,42.560001373291016,42.689998626708984,9426900,402434348.0541229
2017-04-11,42.68000030517578,42.75,42.52000045776367,42.65999984741211,8909400,380075002.64053345
2017-04-12,42.540000915527344,42.9900016784668,42.5099983215332,42.939998626708984,13417200,576134549.5742798
2017-04-13,42.869998931884766,43.08000183105469,42.779998779296875,42.790000915527344,9891900,423274410.05630493
2017-04-17,42.790000915527344,43.06999969482422,42.779998779296875,43.06999969482422,11318100,487470563.54599
2017-04-18,43.11000061035156,43.59000015258789,43.09000015258789,43.47999954223633,13181600,573135961.9659424
2017-04-19,43.7400016784668,43.790000915527344,43.189998626708984,43.22999954223633,13893100,600598706.6402435
2017-04-20,43.20000076293945,43.29999923706055,43.04999923706055,43.09000015258789,10838300,467022348.65379333
2017-04-21,42.97999954223633,43.099998474121094,42.88999938964844,43.06999969482422,13833800,595821761.7782593
2017-04-24,43.2400016784668,43.43000030517578,43.150001525878906,43.279998779296875,16703800,722940443.6096191
2017-04-25,42.849998474121094,43.43000030517578,42.81999969482422,43.11000061035156,18745100,808101272.4411011
2017-04-26,43.060001373291016,43.43000030517578,42.97999954223633,43.2400016784668,13626600,589214206.8717957
2017-04-27,43.16999816894531,43.279998779296875,42.91999816894531,43.0099983215332,10386200,446710444.56710815
2017-04-28,42.959999084472656,43.20000076293945,42.849998474121094,43.150001525878906,10337800,446076085.77423096
2017-05-01,43.150001525878906,43.5,43.099998474121094,43.220001220703125,13208200,570858420.123291
2017-05-02,43.220001220703125,43.439998626708984,43.15999984741211,43.38999938964844,11823900,513039013.78326416
2017-05-03,43.33000183105469,43.4900016784668,43.150001525878906,43.31999969482422,10389000,450051476.8295288
2017-05-04,43.41999816894531,43.810001373291016,43.400001525878906,43.65999984741211,10193100,445030744.4446564
2017-05-05,43.790000915527344,43.84000015258789,43.560001373291016,43.689998626708984,8133000,355330758.83102417
2017-05-08,43.59000015258789,43.90999984741211,43.540000915527344,43.88999938964844,14284300,626937918.2815552
2017-05-09,43.88999938964844,43.88999938964844,43.380001068115234,43.5099983215332,8694400,378293329.4067383
2017-05-10,43.47999954223633,43.619998931884766,43.36000061035156,43.56999969482422,7597700,331031786.68136597
2017-05-11,43.4900016784668,43.68000030517578,43.43000030517578,43.66999816894531,6860100,299580554.43878174
2017-05-12,43.63999938964844,43.68000030517578,43.459999084472656,43.59000015258789,7275800,317152123.110199
2017-05-15,43.459999084472656,43.7599983215332,43.459999084472656,43.72999954223633,8493000,371398886.11221313
2017-05-16,43.869998931884766,44.11000061035156,43.77000045776367,43.849998474121094,10454100,458412269.0483093
2017-05-17,43.849998474121094,44.16999816894531,43.709999084472656,43.93000030517578,14538800,638689488.4368896
2017-05-18,43.869998931884766,43.959999084472656,43.63999938964844,43.79999923706055,13832200,605850349.4468689
2017-05-19,43.849998474121094,44.0,43.7599983215332,43.900001525878906,11796800,517879538.0004883
2017-05-22,43.88999938964844,44.220001220703125,43.810001373291016,44.18000030517578,12857900,568062025.9239197
2017-05-23,44.25,44.599998474121094,44.209999084472656,44.38999938964844,11996100,532506871.6781616
2017-05-24,44.5099983215332,45.09000015258789,44.5099983215332,45.029998779296875,12738300,573605633.4503174
2017-05-25,45.0,45.47999954223633,44.970001220703125,45.40999984741211,16704200,758537719.4511414
2017-05-26,45.349998474121094,45.560001373291016,45.33000183105469,45.38999938964844,11341400,514786139.0777588
2017-05-30,45.15999984741211,45.459999084472656,45.11000061035156,45.43000030517578,13093500,594837708.9958191
2017-05-31,45.43000030517578,45.70000076293945,45.369998931884766,45.470001220703125,14148000,643309577.2705078
2017-06-01,45.45000076293945,45.790000915527344,45.22999954223633,45.790000915527344,11049300,505947457.1159363
2017-06-02,45.83000183105469,45.88999938964844,45.61000061035156,45.88999938964844,9923700,455398586.9430542
2017-06-05,45.779998779296875,45.9900016784668,45.689998626708984,45.9900016784668,10015200,460599064.81018066
2017-06-06,45.900001525878906,46.060001373291016,45.779998779296875,45.97999954223633,9836700,452291461.4971161
2017-06-07,45.5,45.70000076293945,45.349998474121094,45.5099983215332,12776300,581449391.5554047
2017-06-08,45.5099983215332,45.5099983215332,45.029998779296875,45.130001068115234,12879000,581229283.7562561
2017-06-09,45.060001373291016,45.349998474121094,44.970001220703125,45.31999969482422,9358800,424140813.1439209
2017-06-12,45.31999969482422,45.47999954223633,45.20000076293945,45.33000183105469,11228500,508987925.55999756
2017-06-13,45.0,45.11000061035156,44.79999923706055,45.029998779296875,10023400,451353689.7644043
2017-06-14,45.18000030517578,45.470001220703125,45.15999984741211,45.29999923706055,11497500,520836741.22810364
2017-06-15,45.18000030517578,45.34000015258789,45.040000915527344,45.25,9908700,448368675.0
2017-06-16,45.310001373291016,45.349998474121094,45.0099983215332,45.310001373291016,27025300,1224516380.1136017
2017-06-19,45.349998474121094,45.380001068115234,45.099998474121094,45.380001068115234,7624700,346008894.1440582
2017-06-20,45.349998474121094,45.869998931884766,45.31999969482422,45.61000061035156,14920900,680542258.1069946
2017-06-21,45.619998931884766,45.68000030517578,45.16999816894531,45.220001220703125,9515800,430304487.6159668
2017-06-22,45.16999816894531,45.279998779296875,45.029998779296875,45.06999969482422,7446300,335604738.7275696
2017-06-23,45.04999923706055,45.380001068115234,45.029998779296875,45.25,9544800,431902200.0
2017-06-26,45.31999969482422,45.5099983215332,45.29999923706055,45.43000030517578,7747100,351950755.3642273
2017-06-27,45.34000015258789,45.400001525878906,45.0,45.04999923706055,11432200,515020601.2779236
2017-06-28,45.25,45.5,45.22999954223633,45.31999969482422,9218800,417796013.1866455
2017-06-29,45.130001068115234,45.2400016784668,44.650001525878906,44.83000183105469,9283500,416179321.9985962
2017-06-30,44.88999938964844,45.119998931884766,44.849998474121094,44.849998474121094,9352800,419473065.72875977
2017-07-03,45.11000061035156,45.27000045776367,44.7599983215332,44.7599983215332,6434500,288008209.1999054
2017-07-05,44.790000915527344,44.9900016784668,44.72999954223633,44.81999969482422,6853600,307178349.90844727
2017-07-06,44.720001220703125,44.849998474121094,44.290000915527344,44.400001525878906,13113000,582217220.0088501
2017-07-07,44.470001220703125,44.52000045776367,44.2400016784668,44.38999938964844,9566000,424634734.16137695
2017-07-10,44.45000076293945,44.58000183105469,44.22999954223633,44.380001068115234,9672000,429243370.33081055
2017-07-11,44.31999969482422,44.47999954223633,44.150001525878906,44.33000183105469,10300700,456630049.861145
2017-07-12,44.59000015258789,44.77000045776367,44.439998626708984,44.5099983215332,7737400,344391661.013031
2017-07-13,44.4900016784668,44.529998779296875,44.369998931884766,44.43000030517578,6371900,283103518.94454956
2017-07-14,44.52000045776367,44.720001220703125,44.5,44.68000030517578,8558700,382402718.61190796
2017-07-17,44.65999984741211,44.790000915527344,44.61000061035156,44.72999954223633,7189200,321572912.7090454
2017-07-18,44.779998779296875,44.849998474121094,44.619998931884766,44.66999816894531,9037200,403691707.4523926
2017-07-19,44.66999816894531,44.84000015258789,44.54999923706055,44.83000183105469,6986900,313222739.793396
2017-07-20,44.900001525878906,44.97999954223633,44.75,44.81999969482422,7430300,333026043.7324524
2017-07-21,44.779998779296875,45.06999969482422,44.66999816894531,45.029998779296875,8545600,384808357.5683594
2017-07-24,45.040000915527344,45.04999923706055,44.83000183105469,44.84000015258789,9103600,408205425.3890991
2017-07-25,45.02000045776367,45.290000915527344,44.939998626708984,45.2400016784668,14096300,637716635.6601715
2017-07-26,44.54999923706055,45.790000915527344,44.310001373291016,45.7400016784668,13608900,622471108.8420868
2017-07-27,45.79999923706055,46.43000030517578,45.70000076293945,46.119998931884766,15195200,700802607.7697754
2017-07-28,46.0,46.119998931884766,45.72999954223633,46.0099983215332,11945300,549603232.9502106
2017-07-31,46.0,46.08000183105469,45.790000915527344,45.84000015258789,13622900,624473738.0786896
2017-08-01,45.970001220703125,46.060001373291016,45.650001525878906,45.70000076293945,10306800,471020767.86346436
2017-08-02,45.599998474121094,46.0,45.380001068115234,45.59000015258789,10187900,464466362.5545502
2017-08-03,45.650001525878906,45.95000076293945,45.630001068115234,45.66999816894531,14261400,651318111.8865967
2017-08-04,45.66999816894531,45.7599983215332,45.470001220703125,45.5,9523600,433323800.0
2017-08-07,45.52000045776367,45.7599983215332,45.5,45.63999938964844,6226300,284168328.19976807
2017-08-08,45.63999938964844,45.81999969482422,45.54999923706055,45.599998474121094,5747900,262104231.22940063
2017-08-09,45.560001373291016,45.65999984741211,45.33000183105469,45.59000015258789,9635300,439273328.4702301
2017-08-10,45.560001373291016,45.84000015258789,45.459999084472656,45.7400016784668,8901600,407159198.94104004
2017-08-11,45.86000061035156,45.900001525878906,45.56999969482422,45.59000015258789,8357600,381022985.27526855
2017-08-14,45.66999816894531,45.939998626708984,45.619998931884766,45.79999923706055,8421200,385690953.5751343
2017-08-15,45.79999923706055,46.25,45.79999923706055,46.189998626708984,9638100,445183825.76408386
2017-08-16,46.150001525878906,46.34000015258789,46.119998931884766,46.20000076293945,8087300,373633266.17012024
2017-08-17,46.119998931884766,46.33000183105469,45.849998474121094,45.86000061035156,8477000,388755225.1739502
2017-08-18,45.79999923706055,45.900001525878906,45.630001068115234,45.66999816894531,10879800,496880446.0784912
2017-08-21,45.66999816894531,45.79999923706055,45.560001373291016,45.68000030517578,9429700,430748698.87771606
2017-08-22,45.70000076293945,45.75,45.540000915527344,45.599998474121094,10536700,480473503.9222717
2017-08-23,45.630001068115234,45.65999984741211,45.439998626708984,45.540000915527344,6528400,297303341.9769287
2017-08-24,45.540000915527344,45.61000061035156,45.310001373291016,45.40999984741211,7534400,342137102.8503418
2017-08-25,45.599998474121094,45.7599983215332,45.560001373291016,45.56999969482422,8807100,401339544.3122864
2017-08-28,45.630001068115234,45.689998626708984,45.380001068115234,45.41999816894531,8024000,364450065.3076172
2017-08-29,45.400001525878906,45.56999969482422,45.25,45.45000076293945,7762200,352791995.9220886
2017-08-30,45.36000061035156,45.540000915527344,45.290000915527344,45.38999938964844,7134900,323853106.64520264
2017-08-31,45.400001525878906,45.650001525878906,45.34000015258789,45.54999923706055,14264600,649752519.1169739
2017-09-01,45.63999938964844,45.79999923706055,45.540000915527344,45.779998779296875,7391200,338369126.97753906
2017-09-05,45.75,45.93000030517578,45.650001525878906,45.91999816894531,9916700,455374845.84198
2017-09-06,45.97999954223633,46.040000915527344,45.790000915527344,45.959999084472656,9238900,424619835.5415344
2017-09-07,46.0099983215332,46.31999969482422,45.959999084472656,46.279998779296875,9418400,435883540.5029297
2017-09-08,46.189998626708984,46.369998931884766,46.02000045776367,46.29999923706055,10534900,487765861.96250916
2017-09-11,46.349998474121094,46.59000015258789,46.220001220703125,46.52000045776367,10430300,485217560.7746124
2017-09-12,46.5,46.75,46.45000076293945,46.720001220703125,8567600,400278282.4584961
2017-09-13,46.68000030517578,46.97999954223633,46.650001525878906,46.869998931884766,10218000,478917649.08599854
2017-09-14,46.400001525878906,46.470001220703125,45.939998626708984,46.11000061035156,13768800,634879376.4038086
2017-09-15,46.29999923706055,46.36000061035156,46.0,46.18000030517578,16141400,745409856.9259644
2017-09-18,46.150001525878906,46.2400016784668,45.90999984741211,46.11000061035156,8535300,393562688.2095337
2017-09-19,46.13999938964844,46.189998626708984,45.88999938964844,45.97999954223633,7297900,335557438.6592865
2017-09-20,45.7599983215332,46.150001525878906,45.54999923706055,45.779998779296875,11026600,504797734.5397949
2017-09-21,45.709999084472656,45.790000915527344,45.36000061035156,45.400001525878906,7555300,343010631.5284729
2017-09-22,45.45000076293945,45.630001068115234,45.369998931884766,45.4900016784668,8024800,365048165.46936035
2017-09-25,45.5,45.7599983215332,45.349998474121094,45.689998626708984,9215300,421047044.3447113
2017-09-26,45.689998626708984,45.869998931884766,45.560001373291016,45.56999969482422,6480100,295298155.0224304
2017-09-27,45.470001220703125,45.5,44.380001068115234,44.63999938964844,14816200,661395158.9569092
2017-09-28,44.66999816894531,45.0,44.650001525878906,44.90999984741211,8789500,394736443.65882874
2017-09-29,44.86000061035156,45.11000061035156,44.790000915527344,45.0099983215332,10082200,453799805.07736206
2017-10-02,45.04999923706055,45.27000045776367,44.75,44.79999923706055,10707800,479709431.8305969
2017-10-03,44.86000061035156,45.2599983215332,44.7599983215332,45.189998626708984,12038100,544001722.4681854
2017-10-04,45.11000061035156,45.560001373291016,44.939998626708984,45.5,14060300,639743650.0
2017-10-05,45.5099983215332,45.75,45.5,45.52000045776367,10215300,465000460.67619324
2017-10-06,45.38999938964844,45.52000045776367,45.279998779296875,45.4900016784668,5437900,247370080.1273346
2017-10-09,45.54999923706055,45.650001525878906,45.34000015258789,45.40999984741211,5268300,239233502.19612122
2017-10-10,45.599998474121094,45.900001525878906,45.529998779296875,45.869998931884766,6310400,289458041.2597656
2017-10-11,45.880001068115234,46.099998474121094,45.869998931884766,46.099998474121094,6638200,306021009.87091064
2017-10-12,45.97999954223633,46.13999938964844,45.939998626708984,46.11000061035156,7710200,355517326.7059326
2017-10-13,46.25,46.380001068115234,46.150001525878906,46.18000030517578,7126000,329078682.1746826
2017-10-16,46.119998931884766,46.75,46.099998474121094,46.619998931884766,12708600,592474918.4257507
2017-10-17,46.529998779296875,46.630001068115234,46.310001373291016,46.52000045776367,7699400,358176091.5245056
2017-10-18,46.40999984741211,46.540000915527344,46.2400016784668,46.400001525878906,6272200,291030089.5706177
2017-10-19,46.369998931884766,46.790000915527344,46.31999969482422,46.59000015258789,7515500,350147146.1467743
2017-10-20,46.58000183105469,46.59000015258789,46.279998779296875,46.380001068115234,9646800,447418594.30389404
2017-10-23,46.380001068115234,46.650001525878906,46.22999954223633,46.31999969482422,7153600,331354749.81689453
2017-10-24,46.2599983215332,46.290000915527344,45.95000076293945,46.18000030517578,9539500,440534112.91122437
2017-10-25,46.369998931884766,46.7599983215332,45.93000030517578,46.04999923706055,11994200,552332900.8491516
2017-10-26,46.31999969482422,46.75,46.220001220703125,46.22999954223633,10569100,488609488.16185
2017-10-27,46.130001068115234,46.33000183105469,45.90999984741211,46.06999969482422,9988000,460147156.9519043
2017-10-30,46.0,46.06999969482422,45.81999969482422,45.86000061035156,7201900,330279138.3956909
2017-10-31,45.91999816894531,46.16999816894531,45.84000015258789,45.97999954223633,6560500,301651786.99684143
2017-11-01,45.75,46.09000015258789,45.630001068115234,45.79999923706055,7067600,323696074.6078491
2017-11-02,45.810001373291016,45.95000076293945,45.75,45.880001068115234,8317800,381620672.8843689
2017-11-03,45.970001220703125,46.15999984741211,45.91999816894531,45.970001220703125,4730400,217456493.77441406
2017-11-06,45.90999984741211,45.91999816894531,45.41999816894531,45.470001220703125,7451300,338810620.0958252
2017-11-07,45.40999984741211,45.95000076293945,45.310001373291016,45.939998626708984,9868000,453335906.44836426
2017-11-08,45.97999954223633,46.189998626708984,45.869998931884766,46.18000030517578,7586900,350363044.31533813
2017-11-09,46.119998931884766,46.38999938964844,46.02000045776367,46.22999954223633,6532400,301992849.0097046
2017-11-10,46.20000076293945,46.63999938964844,46.13999938964844,46.540000915527344,8022900,373385773.3451843
2017-11-13,46.599998474121094,46.81999969482422,46.540000915527344,46.720001220703125,7653600,357576201.34277344
2017-11-14,46.709999084472656,47.47999954223633,46.619998931884766,47.43000030517578,17200700,815829206.2492371
2017-11-15,47.31999969482422,47.459999084472656,46.779998779296875,46.810001373291016,12419100,581338088.0550385
2017-11-16,46.95000076293945,46.97999954223633,46.5099983215332,46.54999923706055,12506400,582172910.458374
2017-11-17,46.34000015258789,46.380001068115234,45.25,45.709999084472656,19720700,901433178.9451599
2017-11-20,45.650001525878906,45.880001068115234,45.41999816894531,45.459999084472656,19160900,871054496.4576721
2017-11-21,45.560001373291016,45.95000076293945,45.540000915527344,45.779998779296875,10280800,470655011.4501953
2017-11-22,45.88999938964844,45.93000030517578,45.540000915527344,45.84000015258789,8434400,386632897.2869873
2017-11-24,45.88999938964844,46.04999923706055,45.86000061035156,45.880001068115234,2996300,137470247.20039368
2017-11-27,45.880001068115234,45.9900016784668,45.810001373291016,45.900001525878906,5649200,259298288.61999512
2017-11-28,45.9900016784668,46.150001525878906,45.779998779296875,45.83000183105469,8432800,386475239.44091797
2017-11-29,45.77000045776367,45.81999969482422,45.209999084472656,45.5,16502100,750845550.0
2017-11-30,45.13999938964844,45.84000015258789,45.029998779296875,45.77000045776367,17147600,784845659.8495483
2017-12-01,45.79999923706055,46.02000045776367,45.209999084472656,45.970001220703125,12468800,573190751.2207031
2017-12-04,45.9900016784668,46.380001068115234,45.77000045776367,46.22999954223633,17523600,810116019.9783325
2017-12-05,46.25,46.439998626708984,46.060001373291016,46.2599983215332,13670800,632411185.0540161
2017-12-06,46.36000061035156,46.47999954223633,46.2599983215332,46.45000076293945,8154000,378753306.2210083
2017-12-07,46.290000915527344,46.31999969482422,45.720001220703125,45.779998779296875,9106500,416895558.883667
2017-12-08,45.70000076293945,45.72999954223633,45.04999923706055,45.310001373291016,13238600,599840984.1804504
2017-12-11,45.310001373291016,45.40999984741211,44.91999816894531,45.33000183105469,9698700,439642088.7588501
2017-12-12,45.25,45.52000045776367,45.060001373291016,45.290000915527344,13999300,634028309.816742
2017-12-13,45.45000076293945,46.04999923706055,45.400001525878906,45.900001525878906,12418700,570018348.9494324
2017-12-14,45.810001373291016,46.16999816894531,45.79999923706055,46.029998779296875,9029000,415604858.9782715
2017-12-15,46.290000915527344,46.41999816894531,46.040000915527344,46.189998626708984,21181600,978378074.911499
2017-12-18,46.20000076293945,46.380001068115234,45.90999984741211,45.93000030517578,10156800,466501827.0996094
2017-12-19,46.040000915527344,46.380001068115234,45.90999984741211,46.130001068115234,8253200,380720124.81536865
2017-12-20,46.209999084472656,46.29999923706055,45.959999084472656,46.08000183105469,7311000,336890893.3868408
2017-12-21,46.13999938964844,46.220001220703125,45.560001373291016,45.599998474121094,9657100,440363745.2644348
2017-12-22,45.689998626708984,45.72999954223633,45.54999923706055,45.59000015258789,5406300,246473217.8249359
2017-12-26,45.70000076293945,45.86000061035156,45.61000061035156,45.810001373291016,6100400,279459332.3776245
2017-12-27,45.900001525878906,45.939998626708984,45.720001220703125,45.93000030517578,5660600,259991359.72747803
2017-12-28,45.90999984741211,45.9900016784668,45.63999938964844,45.720001220703125,6538900,298958515.98205566
2017-12-29,45.70000076293945,46.18000030517578,45.689998626708984,45.880001068115234,8371500,384084428.9417267
2018-01-02,45.90999984741211,45.939998626708984,45.5099983215332,45.540000915527344,10872200,495119997.9537964
2018-01-03,45.4900016784668,45.689998626708984,45.34000015258789,45.439998626708984,12635600,574161646.647644
2018-01-04,45.560001373291016,46.220001220703125,45.45000076293945,46.08000183105469,12709400,585649175.2716064
2018-01-05,46.02000045776367,46.20000076293945,45.790000915527344,46.06999969482422,13113100,604120512.9981995
2018-01-08,45.95000076293945,46.099998474121094,45.880001068115234,46.0,7068600,325155600.0
2018-01-09,46.0,46.36000061035156,45.939998626708984,46.22999954223633,9962400,460561747.4395752
2018-01-10,46.22999954223633,46.2599983215332,45.93000030517578,46.06999969482422,10700700,492981245.7344055
2018-01-11,46.22999954223633,46.22999954223633,45.86000061035156,46.040000915527344,7583200,349130534.94262695
2018-01-12,46.279998779296875,46.38999938964844,46.029998779296875,46.150001525878906,14570100,672410137.2322083
2018-01-16,46.150001525878906,46.619998931884766,46.13999938964844,46.529998779296875,16459300,765851208.908081
2018-01-17,46.58000183105469,47.0,46.54999923706055,46.81999969482422,12143100,568539938.29422
2018-01-18,46.75,47.06999969482422,46.61000061035156,46.880001068115234,11952900,560351964.7670746
2018-01-19,46.9900016784668,47.25,46.869998931884766,47.15999984741211,16187400,763397781.5299988
2018-01-22,47.13999938964844,47.5,47.09000015258789,47.380001068115234,9577400,453777222.22976685
2018-01-23,47.209999084472656,47.70000076293945,47.130001068115234,47.45000076293945,11463700,543952573.746109
2018-01-24,47.529998779296875,47.95000076293945,47.47999954223633,47.83000183105469,15964500,763582064.2318726
2018-01-25,47.70000076293945,48.0,47.70000076293945,47.84000015258789,11755000,562359201.7936707
2018-01-26,47.779998779296875,48.619998931884766,47.7400016784668,48.529998779296875,16671200,809053315.6494141
2018-01-29,48.209999084472656,48.459999084472656,47.58000183105469,47.70000076293945,11662600,556306028.8978577
2018-01-30,47.72999954223633,48.15999984741211,47.400001525878906,47.40999984741211,12404800,588111566.1071777
2018-01-31,47.45000076293945,47.900001525878906,47.369998931884766,47.59000015258789,10960100,521591160.67237854
2018-02-01,47.40999984741211,47.72999954223633,47.11000061035156,47.45000076293945,10279400,487757537.8425598
2018-02-02,47.349998474121094,47.40999984741211,46.630001068115234,46.72999954223633,12912300,603391773.0892181
2018-02-05,46.650001525878906,46.91999816894531,44.40999984741211,44.88999938964844,23261500,1044208720.8023071
2018-02-06,43.869998931884766,44.7400016784668,43.439998626708984,44.66999816894531,25184300,1124982634.8861694
2018-02-07,44.58000183105469,45.5,44.279998779296875,44.560001373291016,18041600,803933720.7763672
2018-02-08,44.619998931884766,44.619998931884766,43.06999969482422,43.099998474121094,23295300,1004027394.4541931
2018-02-09,43.36000061035156,43.459999084472656,42.189998626708984,43.130001068115234,22853100,985654227.4097443
2018-02-12,43.560001373291016,44.22999954223633,43.369998931884766,43.970001220703125,14689000,645875347.9309082
2018-02-13,43.91999816894531,44.40999984741211,43.689998626708984,44.189998626708984,13163200,581681789.9230957
2018-02-14,44.02000045776367,44.189998626708984,43.630001068115234,44.099998474121094,13457900,593493369.4648743
2018-02-15,44.25,44.83000183105469,44.119998931884766,44.779998779296875,13467300,603065677.5604248
2018-02-16,45.56999969482422,45.63999938964844,44.720001220703125,44.97999954223633,17202300,773759446.125412
2018-02-20,44.75,44.83000183105469,43.939998626708984,43.9900016784668,14137300,621899850.7289886
2018-02-21,44.11000061035156,44.2599983215332,43.33000183105469,43.34000015258789,12792900,554444287.9520416
2018-02-22,43.43000030517578,43.81999969482422,43.220001220703125,43.52000045776367,12377800,538681861.6661072
2018-02-23,43.58000183105469,44.060001373291016,43.41999816894531,44.040000915527344,8277200,364527895.5780029
2018-02-26,44.22999954223633,44.38999938964844,43.810001373291016,44.029998779296875,12713300,559766583.480835
2018-02-27,44.150001525878906,44.310001373291016,43.619998931884766,43.619998931884766,12774400,557219314.3554688
2018-02-28,43.83000183105469,43.90999984741211,43.220001220703125,43.220001220703125,11929400,515588682.56225586
2018-03-01,43.099998474121094,43.63999938964844,42.81999969482422,43.43000030517578,17746800,770743529.4158936
2018-03-02,43.25,43.79999923706055,43.2400016784668,43.720001220703125,14050100,614270389.151001
2018-03-05,43.56999969482422,43.939998626708984,43.5,43.88999938964844,11992700,526359595.6802368
2018-03-06,43.95000076293945,44.04999923706055,43.59000015258789,43.93000030517578,10010500,439761268.05496216
2018-03-07,43.59000015258789,43.91999816894531,43.470001220703125,43.81999969482422,10881700,476836090.6791687
2018-03-08,43.900001525878906,44.459999084472656,43.79999923706055,44.45000076293945,12361100,549450904.4307709
2018-03-09,44.56999969482422,44.81999969482422,44.38999938964844,44.81999969482422,9778600,438276849.0158081
2018-03-12,44.95000076293945,45.09000015258789,44.33000183105469,44.529998779296875,11857700,528023366.52526855
2018-03-13,44.66999816894531,44.83000183105469,44.400001525878906,44.56999969482422,11342100,505517393.5386658
2018-03-14,44.380001068115234,44.43000030517578,43.72999954223633,43.779998779296875,15321200,670762117.2973633
2018-03-15,43.880001068115234,44.0,43.54999923706055,43.66999816894531,12456700,543984066.1911011
2018-03-16,43.70000076293945,44.02000045776367,43.45000076293945,43.459999084472656,26603300,1156179393.6439514
2018-03-19,43.459999084472656,43.709999084472656,43.18000030517578,43.2599983215332,12380300,535571757.2200775
2018-03-20,43.31999969482422,43.47999954223633,43.0099983215332,43.15999984741211,13559800,585240965.9309387
2018-03-21,43.130001068115234,43.45000076293945,42.790000915527344,43.0,13054000,561322000.0
2018-03-22,42.880001068115234,43.369998931884766,42.70000076293945,42.7599983215332,12274100,524840495.3983307
2018-03-23,42.81999969482422,43.15999984741211,42.290000915527344,42.33000183105469,13475200,570405240.6738281
2018-03-26,42.61000061035156,42.810001373291016,42.25,42.689998626708984,11276100,481376693.5146332
2018-03-27,42.70000076293945,43.310001373291016,42.529998779296875,42.88999938964844,11627000,498682022.9034424
2018-03-28,43.0,43.70000076293945,43.0,43.31999969482422,16277400,705136963.0325317
2018-03-29,43.540000915527344,43.91999816894531,43.290000915527344,43.43000030517578,10450500,453865218.1892395
2018-04-02,43.439998626708984,43.5,42.470001220703125,42.66999816894531,14207900,606251066.9845581
2018-04-03,42.97999954223633,43.540000915527344,42.84000015258789,43.380001068115234,15484600,671721964.5393372
2018-04-04,43.13999938964844,44.400001525878906,43.11000061035156,44.2400016784668,13563300,600040414.7655487
2018-04-05,44.279998779296875,44.61000061035156,43.939998626708984,44.400001525878906,11707800,519826337.86468506
2018-04-06,44.279998779296875,44.52000045776367,43.709999084472656,43.91999816894531,11495100,504864770.95184326
2018-04-09,44.029998779296875,44.310001373291016,43.779998779296875,43.83000183105469,11913400,522164343.8140869
2018-04-10,44.06999969482422,44.18000030517578,43.720001220703125,43.9900016784668,10379500,456594222.4216461
2018-04-11,43.810001373291016,44.13999938964844,43.7599983215332,43.9900016784668,8424300,370584971.13990784
2018-04-12,44.08000183105469,44.40999984741211,43.95000076293945,44.029998779296875,8476400,373215881.65283203
2018-04-13,44.189998626708984,44.689998626708984,44.13999938964844,44.5099983215332,10774200,479559623.91586304
2018-04-16,44.650001525878906,44.88999938964844,44.400001525878906,44.68000030517578,8962100,400426630.73501587
2018-04-17,44.95000076293945,45.029998779296875,44.650001525878906,44.880001068115234,8406400,377279240.9790039
2018-04-18,44.900001525878906,44.970001220703125,44.33000183105469,44.5099983215332,7429000,330664777.53067017
2018-04-19,44.34000015258789,44.470001220703125,44.02000045776367,44.310001373291016,10370400,459512438.24157715
2018-04-20,44.310001373291016,44.40999984741211,43.58000183105469,43.7400016784668,14690700,642571242.6578522
2018-04-23,43.7400016784668,43.9900016784668,43.560001373291016,43.97999954223633,11878500,522416424.5624542
2018-04-24,43.97999954223633,44.099998474121094,42.72999954223633,43.06999969482422,18523900,797824367.3469543
2018-04-25,42.7400016784668,42.88999938964844,41.90999984741211,42.43000030517578,20774700,881470527.3399353
2018-04-26,42.400001525878906,43.099998474121094,42.2599983215332,42.75,13561000,579732750.0
2018-04-27,42.72999954223633,43.34000015258789,42.709999084472656,43.310001373291016,9777900,423480862.4279022
2018-04-30,43.5,43.689998626708984,42.970001220703125,43.209999084472656,16037700,692989002.3170471
2018-05-01,42.959999084472656,42.9900016784668,42.18000030517578,42.59000015258789,11514200,490389779.7569275
2018-05-02,42.400001525878906,42.59000015258789,41.939998626708984,42.060001373291016,13736400,577753002.8640747
2018-05-03,42.220001220703125,42.400001525878906,41.52000045776367,41.88999938964844,18352200,768773646.798706
2018-05-04,41.790000915527344,42.5,41.77000045776367,42.36000061035156,10946200,463681038.6810303
2018-05-07,42.34000015258789,42.4900016784668,41.959999084472656,42.13999938964844,9336000,393419034.3017578
2018-05-08,41.970001220703125,42.09000015258789,41.689998626708984,41.810001373291016,15062200,629750602.6847839
2018-05-09,41.970001220703125,42.22999954223633,41.66999816894531,41.779998779296875,9295200,388353444.6533203
2018-05-10,41.9900016784668,42.36000061035156,41.939998626708984,42.18000030517578,7924200,334242758.4182739
2018-05-11,42.2400016784668,42.470001220703125,42.040000915527344,42.13999938964844,6331900,266826262.13531494
2018-05-14,42.25,42.31999969482422,41.900001525878906,42.040000915527344,10715500,450479629.81033325
2018-05-15,41.779998779296875,41.91999816894531,41.45000076293945,41.720001220703125,16449700,686281504.0802002
2018-05-16,41.7400016784668,41.939998626708984,41.540000915527344,41.54999923706055,11590500,481585266.15715027
2018-05-17,42.0099983215332,42.349998474121094,41.869998931884766,42.29999923706055,14857400,628468008.6647034
2018-05-18,42.29999923706055,42.380001068115234,42.08000183105469,42.18000030517578,11950200,504059439.6469116
2018-05-21,42.310001373291016,42.52000045776367,42.27000045776367,42.40999984741211,9110200,386363580.6098938
2018-05-22,42.5,42.599998474121094,42.209999084472656,42.25,8222900,347417525.0
2018-05-23,42.25,42.45000076293945,41.93000030517578,42.400001525878906,8971400,380387373.68927
2018-05-24,42.400001525878906,42.470001220703125,42.189998626708984,42.31999969482422,9269600,392289469.1711426
2018-05-25,42.34000015258789,42.58000183105469,42.20000076293945,42.400001525878906,8806500,373395613.4376526
2018-05-29,42.119998931884766,42.849998474121094,42.099998474121094,42.68000030517578,14826900,632812096.5248108
2018-05-30,42.77000045776367,43.279998779296875,42.70000076293945,43.130001068115234,10114200,436225456.8031311
2018-05-31,43.20000076293945,43.209999084472656,42.68000030517578,43.0,15571300,669565900.0
2018-06-01,43.099998474121094,43.31999969482422,43.040000915527344,43.119998931884766,10664700,459861852.60887146
2018-06-04,43.36000061035156,43.59000015258789,43.290000915527344,43.4900016784668,11727600,510033343.6843872
2018-06-05,43.5,43.540000915527344,43.099998474121094,43.11000061035156,9975900,430061055.08880615
2018-06-06,43.060001373291016,43.459999084472656,43.040000915527344,43.459999084472656,9202900,399958025.5744934
2018-06-07,43.33000183105469,43.72999954223633,43.33000183105469,43.439998626708984,11948100,519025447.5917816
2018-06-08,43.56999969482422,44.0,43.560001373291016,43.95000076293945,12078800,530863269.21539307
2018-06-11,43.95000076293945,44.25,43.88999938964844,44.130001068115234,7526100,332126801.03874207
2018-06-12,44.130001068115234,44.41999816894531,44.08000183105469,44.40999984741211,8243300,366084951.74217224
2018-06-13,44.349998474121094,44.52000045776367,44.150001525878906,44.18000030517578,16745000,739794105.1101685
2018-06-14,43.75,43.849998474121094,43.52000045776367,43.58000183105469,12696200,553300419.2474365
2018-06-15,43.560001373291016,44.150001525878906,43.45000076293945,44.119998931884766,21562500,951337476.9687653
2018-06-18,43.880001068115234,43.959999084472656,43.400001525878906,43.54999923706055,12161900,529650735.72120667
2018-06-19,43.29999923706055,43.75,43.20000076293945,43.599998474121094,12936400,564027020.2606201
2018-06-20,43.619998931884766,43.779998779296875,43.22999954223633,43.2599983215332,10893700,471261443.71528625
2018-06-21,43.27000045776367,43.29999923706055,42.959999084472656,43.09000015258789,10465200,450945469.5968628
2018-06-22,43.150001525878906,43.40999984741211,43.08000183105469,43.25,14924400,645480300.0
2018-06-25,43.15999984741211,43.75,43.15999984741211,43.58000183105469,12092400,526986814.1418457
2018-06-26,43.560001373291016,43.84000015258789,43.279998779296875,43.33000183105469,13974700,605523776.58844
2018-06-27,43.33000183105469,43.61000061035156,42.9900016784668,43.06999969482422,15332600,660375077.3208618
2018-06-28,43.2400016784668,43.68000030517578,43.16999816894531,43.470001220703125,12668900,550717098.4649658
2018-06-29,43.56999969482422,44.099998474121094,43.310001373291016,43.86000061035156,11485600,503758423.0102539
2018-07-02,43.779998779296875,44.15999984741211,43.58000183105469,43.75,9232500,403921875.0
2018-07-03,44.060001373291016,44.33000183105469,43.9900016784668,43.9900016784668,8214300,361347070.7874298
2018-07-05,44.15999984741211,44.66999816894531,44.130001068115234,44.65999984741211,11653000,520422978.2218933
2018-07-06,44.66999816894531,44.939998626708984,44.58000183105469,44.63999938964844,8733900,389881290.6692505
2018-07-09,44.540000915527344,44.72999954223633,44.34000015258789,44.400001525878906,7373100,327365651.25045776
2018-07-10,44.5099983215332,45.0,44.5,44.970001220703125,10606100,476956329.9468994
2018-07-11,44.9900016784668,45.0,44.63999938964844,44.790000915527344,7715600,345581731.0638428
2018-07-12,44.83000183105469,44.959999084472656,44.4900016784668,44.66999816894531,6331600,282832560.40649414
2018-07-13,44.70000076293945,44.779998779296875,44.470001220703125,44.7400016784668,5585900,249913175.37574768
2018-07-16,44.72999954223633,44.79999923706055,44.529998779296875,44.72999954223633,5831400,260838519.33059692
2018-07-17,44.75,45.38999938964844,44.68000030517578,45.25,11592200,524547050.0
2018-07-18,45.189998626708984,45.290000915527344,44.84000015258789,45.119998931884766,7351600,331704184.14764404
2018-07-19,44.9900016784668,45.43000030517578,44.91999816894531,45.11000061035156,10097500,455498231.1630249
2018-07-20,45.02000045776367,45.279998779296875,44.900001525878906,45.279998779296875,8588400,388882741.5161133
2018-07-23,45.279998779296875,45.36000061035156,44.77000045776367,44.95000076293945,9055700,407053721.9089508
2018-07-24,44.779998779296875,45.27000045776367,44.61000061035156,45.2599983215332,13786100,623958862.8604889
2018-07-25,46.0,46.58000183105469,45.75,46.09000015258789,21330600,983127357.2547913
2018-07-26,46.36000061035156,46.59000015258789,46.20000076293945,46.2400016784668,12673100,586004165.2713776
2018-07-27,46.31999969482422,46.5,46.060001373291016,46.209999084472656,10516900,485985939.3714905
2018-07-30,46.099998474121094,46.439998626708984,46.04999923706055,46.22999954223633,8967900,414586012.89482117
2018-07-31,46.400001525878906,46.66999816894531,46.310001373291016,46.630001068115234,12438800,580021257.2860718
2018-08-01,46.45000076293945,46.4900016784668,46.16999816894531,46.38999938964844,9904100,459451192.9550171
2018-08-02,46.47999954223633,46.630001068115234,46.18000030517578,46.18000030517578,12009700,554607949.6650696
2018-08-03,46.22999954223633,46.7599983215332,46.13999938964844,46.619998931884766,11462800,534395723.7564087
2018-08-06,46.599998474121094,46.869998931884766,46.54999923706055,46.650001525878906,10056100,469117080.34439087
2018-08-07,46.52000045776367,46.61000061035156,46.130001068115234,46.5,8632900,401429850.0
2018-08-08,46.4900016784668,46.560001373291016,46.119998931884766,46.150001525878906,6810000,314281510.39123535
2018-08-09,46.25,46.41999816894531,46.08000183105469,46.349998474121094,8924100,413632021.38290405
2018-08-10,46.209999084472656,46.41999816894531,45.970001220703125,46.08000183105469,7535400,347231245.7977295
2018-08-13,46.04999923706055,46.130001068115234,45.70000076293945,45.83000183105469,8143400,373212036.91101074
2018-08-14,45.90999984741211,46.099998474121094,45.869998931884766,45.88999938964844,6846100,314167524.82147217
2018-08-15,45.77000045776367,46.150001525878906,45.650001525878906,46.08000183105469,9686400,446349329.7363281
2018-08-16,46.11000061035156,46.380001068115234,45.970001220703125,46.220001220703125,10600700,489964366.9403076
2018-08-17,46.290000915527344,46.72999954223633,46.2400016784668,46.599998474121094,8885700,414073606.4414978
2018-08-20,46.68000030517578,46.869998931884766,46.59000015258789,46.72999954223633,6392000,298698157.0739746
2018-08-21,46.72999954223633,46.75,46.209999084472656,46.220001220703125,13986300,646446803.0731201
2018-08-22,46.34000015258789,46.380001068115234,45.91999816894531,45.93000030517578,7159100,328817465.18478394
2018-08-23,45.88999938964844,46.08000183105469,45.689998626708984,45.70000076293945,13144900,600721940.0287628
2018-08-24,45.650001525878906,45.79999923706055,45.58000183105469,45.630001068115234,10952900,499780838.69895935
2018-08-27,46.04999923706055,46.04999923706055,45.560001373291016,45.689998626708984,9581200,437765014.8422241
2018-08-28,45.650001525878906,45.72999954223633,45.279998779296875,45.369998931884766,8476800,384592406.9458008
2018-08-29,45.25,45.41999816894531,45.220001220703125,45.33000183105469,12410900,562586119.7250366
2018-08-30,45.279998779296875,45.31999969482422,44.88999938964844,44.95000076293945,9716500,436756682.4131012
2018-08-31,45.0,45.06999969482422,44.38999938964844,44.56999969482422,19834100,884005830.947113
2018-09-04,44.599998474121094,44.900001525878906,44.5099983215332,44.7599983215332,11138500,498559241.3043976
2018-09-05,44.65999984741211,45.41999816894531,44.65999984741211,45.380001068115234,10554900,478981373.2738495
2018-09-06,45.400001525878906,46.0,45.29999923706055,45.77000045776367,11439400,523581343.23654175
2018-09-07,45.599998474121094,45.81999969482422,45.279998779296875,45.720001220703125,10208100,466714344.4610596
2018-09-10,45.90999984741211,46.310001373291016,45.79999923706055,46.060001373291016,8568900,394683545.7675934
2018-09-11,46.099998474121094,46.150001525878906,45.880001068115234,46.02000045776367,9278300,426987370.2472687
2018-09-12,46.15999984741211,46.29999923706055,46.02000045776367,46.2400016784668,13216400,611126358.1832886
2018-09-13,46.0099983215332,46.119998931884766,45.709999084472656,45.83000183105469,8294800,380150699.1882324
2018-09-14,45.91999816894531,46.029998779296875,45.61000061035156,45.9900016784668,7612900,350117283.7779999
2018-09-17,46.0,46.33000183105469,45.90999984741211,46.31999969482422,8527300,394984533.39767456
2018-09-18,46.38999938964844,46.529998779296875,45.93000030517578,45.93000030517578,9847400,452291085.005188
2018-09-19,46.0,46.11000061035156,45.869998931884766,45.959999084472656,7119000,327189233.48236084
2018-09-20,46.220001220703125,46.68000030517578,46.150001525878906,46.63999938964844,9736700,454119682.05718994
2018-09-21,46.63999938964844,46.689998626708984,46.380001068115234,46.58000183105469,19240300,896213209.2300415
2018-09-24,46.4900016784668,46.529998779296875,45.84000015258789,46.06999969482422,10778900,496583919.7105408
2018-09-25,46.060001373291016,46.18000030517578,45.61000061035156,45.68000030517578,7919100,361744490.4167175
2018-09-26,45.77000045776367,46.06999969482422,45.56999969482422,45.849998474121094,10162600,465955194.493103
2018-09-27,45.72999954223633,46.18000030517578,45.68000030517578,46.0099983215332,10826900,498145650.82740784
2018-09-28,46.0,46.189998626708984,45.970001220703125,46.189998626708984,9071900,419031048.54164124
2018-10-01,46.16999816894531,46.349998474121094,46.04999923706055,46.22999954223633,9364700,432930076.71318054
2018-10-02,46.279998779296875,46.560001373291016,46.060001373291016,46.5099983215332,7462700,347090164.47410583
2018-10-03,46.459999084472656,46.54999923706055,45.79999923706055,45.869998931884766,10542300,483575289.73960876
2018-10-04,45.65999984741211,45.900001525878906,45.43000030517578,45.849998474121094,9582300,439348440.37857056
2018-10-05,45.939998626708984,46.15999984741211,45.689998626708984,45.880001068115234,8734100,400720517.32902527
2018-10-08,45.9900016784668,46.58000183105469,45.970001220703125,46.47999954223633,9808100,455880483.51020813
2018-10-09,46.380001068115234,46.54999923706055,46.220001220703125,46.38999938964844,10824500,502148548.3932495
2018-10-10,46.29999923706055,46.70000076293945,45.66999816894531,45.68000030517578,13917000,635728564.2471313
2018-10-11,45.79999923706055,45.970001220703125,44.5,44.63999938964844,17677900,789141445.2102661
2018-10-12,44.47999954223633,44.880001068115234,44.25,44.68000030517578,12420100,554930071.7903137
2018-10-15,44.63999938964844,45.27000045776367,44.59000015258789,44.90999984741211,11608500,521337733.2286835
2018-10-16,45.02000045776367,45.599998474121094,44.86000061035156,45.4900016784668,10442500,475029342.5273895
2018-10-17,45.40999984741211,45.9900016784668,45.36000061035156,45.86000061035156,11055800,507018994.7479248
2018-10-18,45.900001525878906,46.08000183105469,45.459999084472656,45.61000061035156,12716900,580017816.7617798
2018-10-19,45.83000183105469,46.4900016784668,45.83000183105469,46.33000183105469,13989200,648119661.6149902
2018-10-22,46.369998931884766,46.459999084472656,45.810001373291016,45.970001220703125,14283600,656617109.4360352
2018-10-23,45.619998931884766,46.459999084472656,45.45000076293945,46.36000061035156,17483900,810553614.6713257
2018-10-24,46.33000183105469,47.38999938964844,46.2400016784668,46.72999954223633,21626000,1010582970.1004028
2018-10-25,46.650001525878906,46.7400016784668,46.119998931884766,46.5099983215332,14220200,661381478.1318665
2018-10-26,46.369998931884766,46.47999954223633,45.43000030517578,45.91999816894531,21458000,985351320.7092285
2018-10-29,46.150001525878906,46.560001373291016,46.04999923706055,46.459999084472656,20932200,972509992.8359985
2018-10-30,46.619998931884766,47.7400016784668,46.040000915527344,47.630001068115234,20895400,995247924.3186951
2018-10-31,47.5,48.08000183105469,47.220001220703125,47.880001068115234,25309400,1211814099.0333557
2018-11-01,47.810001373291016,48.150001525878906,47.29999923706055,47.7400016784668,16494500,787447457.6854706
2018-11-02,47.81999969482422,48.0,47.439998626708984,48.0,17584900,844075200.0
2018-11-05,48.0,48.779998779296875,47.91999816894531,48.689998626708984,16543500,805502992.2809601
2018-11-06,48.650001525878906,49.130001068115234,48.599998474121094,49.11000061035156,14373400,705877682.7728271
2018-11-07,49.38999938964844,49.54999923706055,49.029998779296875,49.369998931884766,12239700,604273975.92659
2018-11-08,49.119998931884766,49.369998931884766,49.099998474121094,49.33000183105469,9762800,481598941.8762207
2018-11-09,49.38999938964844,49.88999938964844,49.36000061035156,49.68000030517578,12398100,615937611.7835999
2018-11-12,49.61000061035156,50.2400016784668,49.540000915527344,49.869998931884766,13918300,694105606.1336517
2018-11-13,49.810001373291016,50.0,49.58000183105469,49.86000061035156,13872900,691702802.4673462
2018-11-14,49.849998474121094,49.939998626708984,49.59000015258789,49.7599983215332,12106800,602434347.6791382
2018-11-15,49.65999984741211,49.75,49.27000045776367,49.7400016784668,12080100,600864194.2760468
2018-11-16,49.65999984741211,50.25,49.630001068115234,50.16999816894531,13405800,672568961.4532471
2018-11-19,50.310001373291016,50.7599983215332,50.25,50.5099983215332,13575800,685713635.2134705
2018-11-20,50.81999969482422,50.84000015258789,49.209999084472656,49.380001068115234,16255300,802686731.3625336
2018-11-21,49.22999954223633,49.439998626708984,48.59000015258789,48.72999954223633,13559200,660739809.7930908
2018-11-23,48.75,49.22999954223633,48.54999923706055,49.02000045776367,4792500,234928352.1938324
2018-11-26,49.0099983215332,49.22999954223633,48.66999816894531,48.869998931884766,9341900,456538643.0217743
2018-11-27,48.880001068115234,49.40999984741211,48.72999954223633,49.369998931884766,9180700,453251149.19395447
2018-11-28,49.209999084472656,49.720001220703125,49.209999084472656,49.709999084472656,11368700,565138066.5916443
2018-11-29,49.279998779296875,49.43000030517578,48.970001220703125,48.97999954223633,11564300,566419408.7062836
2018-11-30,49.0,50.4900016784668,48.9900016784668,50.400001525878906,25538200,1287125318.9682007
2018-12-03,49.869998931884766,49.959999084472656,48.88999938964844,49.689998626708984,14877200,739248047.5692749
2018-12-04,49.970001220703125,50.5099983215332,49.5,49.58000183105469,19059900,944989876.8997192
2018-12-06,49.5099983215332,49.630001068115234,48.65999984741211,49.380001068115234,17674900,872786580.87883
2018-12-07,49.56999969482422,49.68000030517578,48.880001068115234,49.09000015258789,15565700,764120215.3751373
2018-12-10,49.45000076293945,49.45000076293945,48.470001220703125,49.2400016784668,12331100,607183384.6973419
2018-12-11,49.59000015258789,50.0099983215332,49.18000030517578,49.540000915527344,18083600,895861560.5560303
2018-12-12,49.95000076293945,50.02000045776367,49.189998626708984,49.220001220703125,12316900,606237833.0352783
2018-12-13,48.720001220703125,49.61000061035156,48.56999969482422,49.470001220703125,13766200,681013930.8044434
2018-12-14,49.22999954223633,49.52000045776367,49.02000045776367,49.34000015258789,13835900,682663308.1111908
2018-12-17,49.34000015258789,49.529998779296875,48.02000045776367,48.33000183105469,18482700,893268924.8428345
2018-12-18,48.61000061035156,48.83000183105469,47.849998474121094,48.31999969482422,14765700,713478619.493866
2018-12-19,48.2400016784668,48.7599983215332,47.619998931884766,47.900001525878906,17903800,857592047.3190308
2018-12-20,47.810001373291016,48.130001068115234,47.099998474121094,47.540000915527344,21130000,1004520219.3450928
2018-12-21,47.2599983215332,48.75,47.22999954223633,47.56999969482422,32477700,1544964179.0885925
2018-12-24,47.619998931884766,47.869998931884766,45.83000183105469,45.959999084472656,10733700,493320842.17300415
2018-12-26,45.880001068115234,46.959999084472656,45.65999984741211,46.939998626708984,14342600,673241624.3034363
2018-12-27,46.7400016784668,47.54999923706055,46.029998779296875,47.529998779296875,16966500,806417724.2889404
2018-12-28,47.88999938964844,48.0099983215332,47.029998779296875,47.20000076293945,13218200,623899050.0846863
2018-12-31,47.4900016784668,47.540000915527344,46.959999084472656,47.349998474121094,10576300,500787788.8618469
2019-01-02,46.939998626708984,47.220001220703125,46.560001373291016,46.93000030517578,11603700,544561644.5411682
2019-01-03,46.81999969482422,47.369998931884766,46.529998779296875,46.63999938964844,14714400,686279607.019043
2019-01-04,46.75,47.56999969482422,46.63999938964844,47.56999969482422,13013700,619061705.0285339
2019-01-07,47.56999969482422,47.75,46.900001525878906,46.95000076293945,13135500,616711735.0215912
2019-01-08,47.25,47.56999969482422,47.040000915527344,47.47999954223633,15420700,732174828.9409637
2019-01-09,47.08000183105469,47.279998779296875,46.43000030517578,46.56999969482422,18032500,839773519.4969177
2019-01-10,46.65999984741211,47.09000015258789,46.34000015258789,47.06999969482422,15976600,752018557.1243286
2019-01-11,47.290000915527344,47.36000061035156,46.970001220703125,47.34000015258789,11088600,524934325.6919861
2019-01-14,47.25,47.400001525878906,46.9900016784668,47.150001525878906,11514300,542899262.5694275
2019-01-15,46.88999938964844,47.599998474121094,46.810001373291016,47.56999969482422,11342900,539581749.5384216
2019-01-16,47.400001525878906,47.470001220703125,46.86000061035156,46.91999816894531,16907800,793313945.0408936
2019-01-17,46.91999816894531,47.13999938964844,46.880001068115234,47.060001373291016,12044600,566818892.540741
2019-01-18,47.25,47.689998626708984,47.119998931884766,47.61000061035156,12760700,607536934.7885132
2019-01-22,47.70000076293945,47.790000915527344,47.209999084472656,47.720001220703125,11700400,558343102.2827148
2019-01-23,47.81999969482422,48.290000915527344,47.650001525878906,48.27000045776367,12058300,582054146.5198517
2019-01-24,48.11000061035156,48.11000061035156,47.380001068115234,47.689998626708984,10272000,489871665.8935547
2019-01-25,47.880001068115234,48.029998779296875,47.2400016784668,47.369998931884766,12066500,571590092.1115875
2019-01-28,47.220001220703125,47.29999923706055,46.939998626708984,47.16999816894531,9966900,470138654.75006104
2019-01-29,47.20000076293945,47.630001068115234,47.130001068115234,47.400001525878906,11998600,568733658.3084106
2019-01-30,47.25,47.88999938964844,47.189998626708984,47.86000061035156,12952500,619906657.9055786
2019-01-31,47.849998474121094,48.779998779296875,47.470001220703125,48.130001068115234,32181500,1548895629.3735504
2019-02-01,48.47999954223633,48.779998779296875,48.400001525878906,48.70000076293945,19130100,931635884.595108
2019-02-04,48.70000076293945,49.45000076293945,48.540000915527344,49.25,15105700,743955725.0
2019-02-05,49.33000183105469,49.470001220703125,49.099998474121094,49.2599983215332,12651900,623232572.7642059
2019-02-06,49.209999084472656,49.36000061035156,49.02000045776367,49.2599983215332,8689100,428025051.41563416
2019-02-07,49.16999816894531,49.459999084472656,49.0,49.41999816894531,10047800,496562257.6019287
2019-02-08,49.369998931884766,49.5,49.11000061035156,49.5,9813300,485758350.0
2019-02-11,49.56999969482422,49.880001068115234,49.47999954223633,49.61000061035156,9369300,464810978.7185669
2019-02-12,49.689998626708984,49.79999923706055,49.459999084472656,49.65999984741211,10983300,545430676.3240814
2019-02-13,49.61000061035156,49.939998626708984,49.560001373291016,49.790000915527344,12748800,634762763.671875
2019-02-14,46.70000076293945,46.959999084472656,45.5,45.59000015258789,58905400,2685497194.9882507
2019-02-15,45.900001525878906,46.2599983215332,45.20000076293945,45.2400016784668,35701600,1615140443.9239502
2019-02-19,45.31999969482422,45.59000015258789,44.77000045776367,44.83000183105469,25511300,1143671625.7125854
2019-02-20,44.90999984741211,45.2400016784668,44.79999923706055,45.099998474121094,27464000,1238626358.0932617
2019-02-21,45.0,45.90999984741211,44.959999084472656,45.86000061035156,23121200,1060338246.1120605
2019-02-22,45.7599983215332,45.95000076293945,45.20000076293945,45.279998779296875,24728400,1119701921.8139648
2019-02-25,45.439998626708984,45.56999969482422,44.84000015258789,44.939998626708984,23774400,1068421503.3508301
2019-02-26,45.099998474121094,45.13999938964844,44.65999984741211,44.689998626708984,20463200,914500379.8980713
2019-02-27,44.599998474121094,45.02000045776367,44.41999816894531,44.939998626708984,17827500,801167825.5176544
2019-02-28,45.119998931884766,45.61000061035156,45.11000061035156,45.34000015258789,22533900,1021687029.4384003
2019-03-01,45.470001220703125,45.63999938964844,45.20000076293945,45.380001068115234,16291600,739312825.4013062
2019-03-04,45.529998779296875,45.66999816894531,45.29999923706055,45.650001525878906,15973800,729203994.3740845
2019-03-05,45.650001525878906,45.70000076293945,45.400001525878906,45.599998474121094,13062300,595640860.068512
2019-03-06,45.66999816894531,45.790000915527344,45.439998626708984,45.45000076293945,14232100,646848955.8582306
2019-03-07,45.4900016784668,45.529998779296875,45.130001068115234,45.279998779296875,12084000,547163505.2490234
2019-03-08,45.150001525878906,45.25,44.61000061035156,44.84000015258789,15579100,698566846.377182
2019-03-11,45.13999938964844,46.2400016784668,45.099998474121094,46.18000030517578,22126900,1021820248.752594
2019-03-12,45.95000076293945,46.25,45.900001525878906,46.04999923706055,19348500,890998410.238266
2019-03-13,46.130001068115234,46.34000015258789,45.90999984741211,46.220001220703125,16222500,749803969.8028564
2019-03-14,45.84000015258789,46.11000061035156,45.630001068115234,45.70000076293945,18504100,845637384.1175079
2019-03-15,45.720001220703125,45.900001525878906,45.13999938964844,45.29999923706055,47254500,2140628813.9476776
2019-03-18,45.43000030517578,45.68000030517578,45.36000061035156,45.40999984741211,24006400,1090130620.336914
2019-03-19,45.54999923706055,45.689998626708984,45.34000015258789,45.560001373291016,14987000,682807740.5815125
2019-03-20,45.400001525878906,45.900001525878906,45.18000030517578,45.529998779296875,13376100,609013816.6717529
2019-03-21,45.529998779296875,45.7599983215332,45.439998626708984,45.5099983215332,20043000,912156896.35849
2019-03-22,45.459999084472656,46.11000061035156,45.459999084472656,45.93000030517578,19055900,875237492.8153992
2019-03-25,45.86000061035156,46.20000076293945,45.790000915527344,46.029998779296875,11668200,537087231.7565918
2019-03-26,46.16999816894531,46.790000915527344,46.16999816894531,46.63999938964844,11434900,533323729.0206909
2019-03-27,46.650001525878906,46.90999984741211,46.33000183105469,46.61000061035156,11543600,538047203.0456543
2019-03-28,46.68000030517578,46.91999816894531,46.47999954223633,46.58000183105469,11121100,518020858.3633423
2019-03-29,46.66999816894531,46.90999984741211,46.47999954223633,46.86000061035156,16045600,751896825.793457
2019-04-01,46.9900016784668,47.16999816894531,46.59000015258789,46.720001220703125,11522700,538340558.0657959
2019-04-02,46.75,46.93000030517578,46.56999969482422,46.56999969482422,8495000,395612147.40753174
2019-04-03,46.41999816894531,46.59000015258789,46.040000915527344,46.18000030517578,12854500,593620813.9228821
2019-04-04,46.34000015258789,46.540000915527344,46.11000061035156,46.47999954223633,7814900,363236548.4226227
2019-04-05,46.4900016784668,46.58000183105469,46.20000076293945,46.470001220703125,7677600,356778081.3720703
2019-04-08,46.540000915527344,46.56999969482422,46.27000045776367,46.54999923706055,9421300,438561507.81211853
2019-04-09,46.45000076293945,46.720001220703125,46.27000045776367,46.66999816894531,8641800,403312790.1763916
2019-04-10,46.84000015258789,47.0,46.560001373291016,46.63999938964844,8059900,375913731.08062744
2019-04-11,46.720001220703125,46.75,46.540000915527344,46.709999084472656,7352400,343430597.26867676
2019-04-12,46.66999816894531,46.93000030517578,46.56999969482422,46.7400016784668,10690000,499650617.94281006
2019-04-15,46.880001068115234,47.040000915527344,46.70000076293945,47.0,10261300,482281100.0
2019-04-16,47.04999923706055,47.099998474121094,46.70000076293945,46.95000076293945,10804600,507275978.2432556
2019-04-17,47.20000076293945,47.54999923706055,47.150001525878906,47.279998779296875,11849300,560234889.5355225
2019-04-18,47.33000183105469,47.58000183105469,47.27000045776367,47.47999954223633,12167000,577689154.4303894
2019-04-22,47.400001525878906,47.61000061035156,47.02000045776367,47.400001525878906,9834700,466164795.0065613
2019-04-23,48.09000015258789,48.720001220703125,47.54999923706055,48.209999084472656,25327800,1221053214.8117065
2019-04-24,48.029998779296875,48.22999954223633,47.91999816894531,47.97999954223633,15997300,767550446.6770172
2019-04-25,47.7400016784668,47.88999938964844,47.470001220703125,47.84000015258789,11444400,547500097.7462769
2019-04-26,47.9900016784668,48.45000076293945,47.97999954223633,48.2599983215332,10154300,490046500.9563446
2019-04-29,48.16999816894531,48.45000076293945,48.11000061035156,48.41999816894531,9731500,471199212.1810913
2019-04-30,48.529998779296875,49.18000030517578,48.38999938964844,49.060001373291016,17912900,878806898.5996246
2019-05-01,48.95000076293945,49.08000183105469,48.54999923706055,48.59000015258789,10551200,512682809.60998535
2019-05-02,48.529998779296875,48.77000045776367,48.27000045776367,48.38999938964844,8724600,422183388.67492676
2019-05-03,48.599998474121094,48.959999084472656,48.52000045776367,48.720001220703125,7076900,344786576.63879395
2019-05-06,48.33000183105469,48.61000061035156,48.2599983215332,48.470001220703125,8657800,419643576.5686035
2019-05-07,48.22999954223633,48.290000915527344,47.77000045776367,48.0,12487500,599400000.0
2019-05-08,48.04999923706055,48.22999954223633,47.81999969482422,47.849998474121094,9281400,444114975.8377075
2019-05-09,47.79999923706055,47.97999954223633,47.06999969482422,47.400001525878906,11450500,542753717.4720764
2019-05-10,47.40999984741211,48.29999923706055,47.400001525878906,48.189998626708984,9653800,465216608.7425232
2019-05-13,47.90999984741211,48.130001068115234,47.72999954223633,48.04999923706055,11911500,572347565.9122467
2019-05-14,48.529998779296875,49.31999969482422,48.349998474121094,48.689998626708984,16844200,820144074.8680115
2019-05-15,48.66999816894531,49.380001068115234,48.599998474121094,49.18000030517578,11422500,561758553.4858704
2019-05-16,49.27000045776367,49.65999984741211,49.209999084472656,49.58000183105469,17771300,881101086.5402222
2019-05-17,49.27000045776367,49.54999923706055,49.16999816894531,49.20000076293945,11257000,553844408.5884094
2019-05-20,49.040000915527344,49.13999938964844,48.7599983215332,48.849998474121094,13850500,676596903.8658142
2019-05-21,49.0,49.029998779296875,48.45000076293945,48.599998474121094,10587400,514547623.84490967
2019-05-22,48.779998779296875,49.709999084472656,48.720001220703125,49.650001525878906,16050400,796902384.4909668
2019-05-23,49.5,49.900001525878906,49.459999084472656,49.849998474121094,12199400,608140071.3851929
2019-05-24,49.81999969482422,49.88999938964844,49.529998779296875,49.61000061035156,6887600,341693840.2038574
2019-05-28,49.599998474121094,49.66999816894531,49.029998779296875,49.099998474121094,18614000,913947371.59729
2019-05-29,48.7400016784668,49.029998779296875,48.40999984741211,48.61000061035156,12534600,609306913.6505127
2019-05-30,48.720001220703125,49.310001373291016,48.66999816894531,49.25,9087200,447544600.0
2019-05-31,49.0,49.310001373291016,48.779998779296875,49.130001068115234,11368600,558539330.1429749
2019-06-03,49.15999984741211,49.97999954223633,49.02000045776367,49.97999954223633,14167200,708076649.5147705
2019-06-04,50.0,50.279998779296875,49.619998931884766,50.0,12010600,600530000.0
2019-06-05,50.0099983215332,51.13999938964844,49.689998626708984,50.779998779296875,15837600,804233308.6669922
2019-06-06,50.90999984741211,51.540000915527344,50.59000015258789,51.400001525878906,15190400,780786583.1787109
2019-06-07,51.470001220703125,52.189998626708984,51.45000076293945,51.4900016784668,15293600,787467489.6697998
2019-06-10,51.540000915527344,51.540000915527344,51.09000015258789,51.380001068115234,9737400,500307622.4006653
2019-06-11,51.45000076293945,51.59000015258789,51.18000030517578,51.33000183105469,9915600,508967766.15600586
2019-06-12,51.5,52.13999938964844,51.470001220703125,51.63999938964844,11088100,572589477.2323608
2019-06-13,51.459999084472656,51.70000076293945,50.779998779296875,51.130001068115234,10353600,529379579.0588379
2019-06-14,51.04999923706055,51.529998779296875,51.04999923706055,51.310001373291016,8694300,446104544.9398041
2019-06-17,51.25,51.47999954223633,50.61000061035156,50.869998931884766,12322400,626840474.8382568
2019-06-18,51.25,51.29999923706055,50.529998779296875,50.63999938964844,9221100,466956498.3718872
2019-06-19,50.540000915527344,51.2400016784668,50.470001220703125,51.119998931884766,9414100,481248781.9446564
2019-06-20,51.5,51.790000915527344,51.349998474121094,51.65999984741211,10656600,550519954.3739319
2019-06-21,51.529998779296875,51.88999938964844,51.40999984741211,51.54999923706055,21264400,1096179803.7765503
2019-06-24,51.7400016784668,52.20000076293945,51.70000076293945,51.91999816894531,10780000,559697580.2612305
2019-06-25,52.0,52.099998474121094,51.63999938964844,51.7599983215332,11519900,596270004.6642303
2019-06-26,51.52000045776367,51.63999938964844,51.09000015258789,51.119998931884766,12405100,634148698.7499237
2019-06-27,51.290000915527344,51.400001525878906,50.970001220703125,51.08000183105469,12374900,632109914.6591187
2019-06-28,51.27000045776367,51.400001525878906,50.52000045776367,50.91999816894531,16339900,832027678.0807495
2019-07-01,51.06999969482422,51.630001068115234,50.779998779296875,51.599998474121094,14976400,772782217.1478271
2019-07-02,51.779998779296875,52.04999923706055,51.54999923706055,51.97999954223633,8569200,445427012.07733154
2019-07-03,52.0,52.33000183105469,52.0,52.099998474121094,7253700,377917758.9317322
2019-07-05,51.88999938964844,52.119998931884766,51.47999954223633,52.11000061035156,8916300,464628398.44207764
2019-07-08,52.20000076293945,52.33000183105469,51.88999938964844,52.0,9495100,493745200.0
2019-07-09,51.720001220703125,51.970001220703125,51.43000030517578,51.59000015258789,10584900,546074992.6151276
2019-07-10,51.79999923706055,51.970001220703125,51.65999984741211,51.81999969482422,7620900,394915035.6742859
2019-07-11,51.9900016784668,52.060001373291016,51.65999984741211,52.040000915527344,10376500,539993069.4999695
2019-07-12,52.25,52.290000915527344,51.90999984741211,52.119998931884766,7347400,382946480.1521301
2019-07-15,52.279998779296875,52.290000915527344,51.869998931884766,52.130001068115234,5876100,306321099.2763519
2019-07-16,51.959999084472656,52.470001220703125,51.810001373291016,52.13999938964844,7132500,371888545.6466675
2019-07-17,52.220001220703125,52.2599983215332,52.0099983215332,52.18000030517578,8264200,431225958.5220337
2019-07-18,52.040000915527344,52.16999816894531,51.66999816894531,52.029998779296875,11911800,619770939.4592285
2019-07-19,52.13999938964844,52.150001525878906,51.369998931884766,51.38999938964844,10355500,532169138.6795044
2019-07-22,51.52000045776367,51.52000045776367,51.130001068115234,51.220001220703125,12090700,619285668.7591553
2019-07-23,53.25,54.63999938964844,52.7599983215332,54.33000183105469,33417900,1815594568.1900024
2019-07-24,54.119998931884766,54.81999969482422,53.619998931884766,53.779998779296875,15633400,840764232.9162598
2019-07-25,53.630001068115234,53.79999923706055,52.720001220703125,53.06999969482422,19135000,1015494444.1604614
2019-07-26,53.34000015258789,54.310001373291016,53.189998626708984,54.16999816894531,11451900,620349402.0309448
2019-07-29,54.16999816894531,54.29999923706055,53.900001525878906,53.9900016784668,12283900,663207781.6181183
2019-07-30,53.959999084472656,54.29999923706055,53.56999969482422,53.720001220703125,8127100,436587821.92077637
2019-07-31,53.5099983215332,53.5099983215332,52.040000915527344,52.630001068115234,16865500,887631283.0142975
2019-08-01,52.779998779296875,53.20000076293945,52.0099983215332,52.029998779296875,19527200,1016000192.1630859
2019-08-02,51.90999984741211,52.72999954223633,51.90999984741211,52.33000183105469,13102300,685643382.9910278
2019-08-05,52.38999938964844,52.65999984741211,51.400001525878906,51.650001525878906,19986500,1032302755.4969788
2019-08-06,51.869998931884766,52.7599983215332,51.61000061035156,52.27000045776367,19903100,1040335046.1109161
2019-08-07,52.27000045776367,53.38999938964844,51.77000045776367,53.18000030517578,17937000,953889665.473938
2019-08-08,53.209999084472656,53.779998779296875,52.849998474121094,53.689998626708984,10799000,579798295.1698303
2019-08-09,53.790000915527344,53.900001525878906,53.08000183105469,53.41999816894531,9260900,494717261.04278564
2019-08-12,53.279998779296875,53.439998626708984,52.9900016784668,53.20000076293945,6588600,350513525.0267029
2019-08-13,52.900001525878906,53.61000061035156,52.869998931884766,53.5,8581200,459094200.0
2019-08-14,53.34000015258789,53.970001220703125,52.970001220703125,52.9900016784668,17088900,905540839.6831512
2019-08-15,53.43000030517578,54.0,53.22999954223633,53.869998931884766,12393200,667621670.7626343
2019-08-16,53.97999954223633,54.4900016784668,53.95000076293945,54.40999984741211,14288700,777448164.8197174
2019-08-19,54.439998626708984,54.779998779296875,54.310001373291016,54.689998626708984,10936200,598100762.9814148
2019-08-20,54.619998931884766,54.68000030517578,53.84000015258789,53.880001068115234,8176700,440560604.73365784
2019-08-21,54.25,54.40999984741211,53.849998474121094,54.099998474121094,10886500,588959633.3885193
2019-08-22,54.119998931884766,54.63999938964844,54.099998474121094,54.4900016784668,7467900,406925883.5346222
2019-08-23,54.41999816894531,54.709999084472656,53.38999938964844,53.7400016784668,14160400,760979919.7677612
2019-08-26,54.0,54.540000915527344,53.72999954223633,54.540000915527344,9226900,503235134.44747925
2019-08-27,54.70000076293945,54.95000076293945,54.40999984741211,54.720001220703125,13537000,740744656.5246582
2019-08-28,54.65999984741211,55.150001525878906,54.41999816894531,55.11000061035156,10046400,553657110.1318359
2019-08-29,55.2599983215332,55.34000015258789,54.599998474121094,55.04999923706055,9262800,509917132.93304443
2019-08-30,55.15999984741211,55.220001220703125,54.810001373291016,55.040000915527344,8746700,481418376.007843
2019-09-03,54.97999954223633,55.33000183105469,54.869998931884766,55.29999923706055,12991400,718424410.0883484
2019-09-04,55.349998474121094,55.91999816894531,55.29999923706055,55.77000045776367,10718100,597748441.9063568
2019-09-05,55.75,55.77000045776367,55.029998779296875,55.119998931884766,13677000,753876225.3913879
2019-09-06,55.439998626708984,55.439998626708984,54.7599983215332,55.22999954223633,9093500,502234000.83732605
2019-09-09,55.029998779296875,55.08000183105469,54.36000061035156,54.52000045776367,10814900,589628352.9506683
2019-09-10,54.22999954223633,54.439998626708984,53.849998474121094,54.400001525878906,12038200,654878098.3688354
2019-09-11,54.290000915527344,54.79999923706055,53.970001220703125,54.77000045776367,9740400,533481712.45880127
2019-09-12,55.099998474121094,55.310001373291016,54.97999954223633,55.11000061035156,12357900,681043876.5426636
2019-09-13,54.47999954223633,54.790000915527344,54.06999969482422,54.2599983215332,11486100,623235766.7209625
2019-09-16,54.099998474121094,54.34000015258789,53.630001068115234,53.959999084472656,11172000,602841109.7717285
2019-09-17,54.099998474121094,54.70000076293945,53.959999084472656,54.2400016784668,11347400,615482995.0462341
2019-09-18,54.20000076293945,54.290000915527344,53.81999969482422,54.22999954223633,9700400,526052687.5595093
2019-09-19,54.22999954223633,54.599998474121094,54.130001068115234,54.52000045776367,7560300,412187559.4608307
2019-09-20,54.689998626708984,54.689998626708984,53.900001525878906,53.90999984741211,19211500,1035691962.0685577
2019-09-23,53.90999984741211,54.36000061035156,53.880001068115234,54.13999938964844,6485300,351114138.041687
2019-09-24,54.25,54.61000061035156,54.040000915527344,54.29999923706055,10093000,548049892.2996521
2019-09-25,54.439998626708984,54.47999954223633,54.0,54.16999816894531,10248400,555155809.2346191
2019-09-26,54.470001220703125,54.58000183105469,54.130001068115234,54.38999938964844,10031200,545596961.8774414
2019-09-27,54.560001373291016,54.63999938964844,54.0,54.310001373291016,7939900,431215979.90379333
2019-09-30,54.150001525878906,54.68000030517578,54.150001525878906,54.439998626708984,9808700,533985614.5298004
2019-10-01,54.529998779296875,54.779998779296875,54.0099983215332,54.650001525878906,14261500,779390996.761322
2019-10-02,54.209999084472656,54.439998626708984,52.900001525878906,53.08000183105469,14343600,761358314.263916
2019-10-03,53.5,53.97999954223633,52.81999969482422,53.84000015258789,13817500,743934202.1083832
2019-10-04,54.0,54.540000915527344,53.88999938964844,54.540000915527344,9295400,506971124.5101929
2019-10-07,54.33000183105469,54.36000061035156,53.77000045776367,53.869998931884766,5964900,321329156.62879944
2019-10-08,53.880001068115234,54.06999969482422,53.45000076293945,53.58000183105469,13301900,712715826.3565063
2019-10-09,54.060001373291016,54.06999969482422,53.540000915527344,53.83000183105469,7135000,384077063.0645752
2019-10-10,53.54999923706055,53.880001068115234,53.36000061035156,53.65999984741211,8942900,479876012.63542175
2019-10-11,53.650001525878906,53.70000076293945,53.20000076293945,53.29999923706055,8981700,478724603.1475067
2019-10-14,53.4900016784668,53.68000030517578,53.220001220703125,53.29999923706055,7306300,389425784.4257355
2019-10-15,53.43000030517578,53.68000030517578,53.27000045776367,53.5099983215332,9564300,511785676.94664
2019-10-16,53.459999084472656,53.56999969482422,53.130001068115234,53.4900016784668,10454800,559227269.5480347
2019-10-17,53.689998626708984,54.119998931884766,53.58000183105469,53.790000915527344,13190300,709506249.0760803
2019-10-18,55.0,55.38999938964844,54.45000076293945,54.779998779296875,18122400,992745049.8779297
2019-10-21,54.45000076293945,54.560001373291016,53.68000030517578,54.22999954223633,12778900,692999741.1502838
2019-10-22,54.22999954223633,54.41999816894531,53.7400016784668,53.849998474121094,9533400,513373575.45318604
2019-10-23,54.060001373291016,54.65999984741211,54.0099983215332,54.63999938964844,8556600,467532618.7774658
2019-10-24,54.56999969482422,54.81999969482422,54.4900016784668,54.61000061035156,11051400,603516960.7452393
2019-10-25,54.54999923706055,54.560001373291016,53.66999816894531,53.75,9782400,525804000.0
2019-10-28,53.7400016784668,53.95000076293945,53.369998931884766,53.56999969482422,8866100,474956974.294281
2019-10-29,53.38999938964844,53.65999984741211,53.2599983215332,53.40999984741211,7999700,427263975.77934265
2019-10-30,53.52000045776367,54.04999923706055,53.15999984741211,53.939998626708984,8620900,465011334.1609955
2019-10-31,53.959999084472656,54.470001220703125,53.849998474121094,54.43000030517578,13982000,761040264.2669678
2019-11-01,54.630001068115234,54.7400016784668,53.849998474121094,53.900001525878906,9889500,533044065.09017944
2019-11-04,53.959999084472656,54.0,52.970001220703125,53.13999938964844,17515100,930752403.3096313
2019-11-05,52.88999938964844,52.88999938964844,52.119998931884766,52.41999816894531,19284000,1010867244.6899414
2019-11-06,52.529998779296875,52.79999923706055,52.40999984741211,52.79999923706055,13288900,701653909.8613739
2019-11-07,52.880001068115234,53.0,51.959999084472656,52.290000915527344,11725500,613126405.7350159
2019-11-08,52.459999084472656,52.599998474121094,52.09000015258789,52.209999084472656,7141800,372873371.4614868
2019-11-11,52.33000183105469,52.369998931884766,51.779998779296875,51.84000015258789,8198300,424999873.2509613
2019-11-12,51.90999984741211,51.90999984741211,51.58000183105469,51.709999084472656,12656900,654488287.412262
2019-11-13,52.18000030517578,52.45000076293945,51.959999084472656,52.40999984741211,12257900,642436537.1295929
2019-11-14,52.529998779296875,52.66999816894531,52.349998474121094,52.630001068115234,8660300,455791598.25019836
2019-11-15,52.63999938964844,52.68000030517578,52.380001068115234,52.66999816894531,8982400,473102991.5527344
2019-11-18,52.68000030517578,53.439998626708984,52.66999816894531,53.029998779296875,13782000,730859443.1762695
2019-11-19,53.150001525878906,53.310001373291016,52.869998931884766,53.08000183105469,12679500,673027883.2168579
2019-11-20,53.099998474121094,53.400001525878906,53.0099983215332,53.220001220703125,11970300,637059380.6121826
2019-11-21,53.11000061035156,53.34000015258789,52.779998779296875,52.959999084472656,7856100,416059048.80752563
2019-11-22,52.959999084472656,53.189998626708984,52.75,53.029998779296875,9113300,483278287.8753662
2019-11-25,53.279998779296875,53.38999938964844,52.77000045776367,53.220001220703125,10963500,583477483.3831787
2019-11-26,53.310001373291016,53.939998626708984,53.220001220703125,53.900001525878906,13219800,712547240.171814
2019-11-27,53.93000030517578,54.099998474121094,53.599998474121094,53.95000076293945,9595200,517661047.32055664
2019-11-29,53.70000076293945,53.72999954223633,53.220001220703125,53.400001525878906,7222300,385670831.0203552
2019-12-02,53.31999969482422,53.75,52.849998474121094,53.75,13173800,708091750.0
2019-12-03,53.709999084472656,53.84000015258789,53.400001525878906,53.79999923706055,14498300,780008528.9386749
2019-12-04,53.79999923706055,54.310001373291016,53.720001220703125,54.290000915527344,13624000,739646972.4731445
2019-12-05,54.209999084472656,54.290000915527344,53.83000183105469,54.189998626708984,14068100,762350319.6804047
2019-12-06,54.310001373291016,54.5,54.16999816894531,54.41999816894531,7843500,426843255.63812256
2019-12-09,54.29999923706055,54.5099983215332,54.02000045776367,54.06999969482422,13887200,750880899.7619629
2019-12-10,54.040000915527344,54.06999969482422,53.72999954223633,53.77000045776367,8993900,483602007.1170807
2019-12-11,53.939998626708984,54.150001525878906,53.65999984741211,53.95000076293945,8879100,479027451.7742157
2019-12-12,54.0099983215332,54.45000076293945,53.939998626708984,54.13999938964844,11233300,608170855.1437378
2019-12-13,53.939998626708984,54.54999923706055,53.84000015258789,54.41999816894531,13072200,711389100.0640869
2019-12-16,54.689998626708984,54.83000183105469,54.369998931884766,54.41999816894531,9538100,519063384.5352173
2019-12-17,54.400001525878906,54.58000183105469,54.290000915527344,54.41999816894531,9230000,502296583.09936523
2019-12-18,54.529998779296875,54.75,53.88999938964844,53.90999984741211,15132100,815771508.6910248
2019-12-19,54.040000915527344,54.34000015258789,53.91999816894531,54.31999969482422,13385900,727122083.9149475
2019-12-20,54.939998626708984,55.20000076293945,54.470001220703125,54.970001220703125,23832800,1310089045.0927734
2019-12-23,55.0,55.2400016784668,54.84000015258789,54.90999984741211,9300800,510706926.58081055
2019-12-24,54.79999923706055,55.0,54.63999938964844,54.709999084472656,3359300,183787299.924469
2019-12-26,54.91999816894531,55.02000045776367,54.790000915527344,55.02000045776367,6228500,342692072.85118103
2019-12-27,55.0099983215332,55.45000076293945,55.0,55.349998474121094,6895500,381665914.478302
2019-12-30,55.18000030517578,55.38999938964844,55.060001373291016,55.27000045776367,6431700,355480061.9441986
2019-12-31,55.20000076293945,55.380001068115234,54.97999954223633,55.349998474121094,7982600,441836897.81951904
2020-01-02,55.31999969482422,55.43000030517578,54.7599983215332,54.9900016784668,11867700,652604842.9195404
2020-01-03,54.31999969482422,54.9900016784668,54.09000015258789,54.689998626708984,11354500,620977589.4069672
2020-01-06,54.650001525878906,54.90999984741211,54.52000045776367,54.66999816894531,14698300,803556034.0866089
2020-01-07,54.45000076293945,54.599998474121094,54.150001525878906,54.25,9973900,541084075.0
2020-01-08,54.27000045776367,54.63999938964844,54.150001525878906,54.349998474121094,10676000,580240583.7097168
2020-01-09,55.0,55.400001525878906,54.84000015258789,55.34000015258789,15398000,852125322.3495483
2020-01-10,55.47999954223633,55.93000030517578,55.45000076293945,55.529998779296875,13040100,724116737.0819092
2020-01-13,55.529998779296875,56.22999954223633,55.41999816894531,56.130001068115234,14302900,802821792.2771454
2020-01-14,56.2400016784668,56.290000915527344,55.83000183105469,56.0,16345300,915336800.0
2020-01-15,56.0,56.97999954223633,56.0,56.70000076293945,17735400,1005597193.5310364
2020-01-16,56.849998474121094,56.95000076293945,56.61000061035156,56.81999969482422,10234100,581501558.8768005
2020-01-17,56.869998931884766,57.150001525878906,56.79999923706055,56.939998626708984,14264300,812209222.410965
2020-01-21,56.849998474121094,57.25,56.56999969482422,57.16999816894531,11968900,684261991.0842896
2020-01-22,57.25,57.63999938964844,57.18000030517578,57.61000061035156,12869600,741417663.8549805
2020-01-23,57.380001068115234,57.849998474121094,57.2400016784668,57.83000183105469,12858900,743630210.5453491
2020-01-24,57.849998474121094,57.869998931884766,57.459999084472656,57.68000030517578,8594300,495719226.6227722
2020-01-27,57.209999084472656,57.849998474121094,57.130001068115234,57.47999954223633,14359900,825407045.4265594
2020-01-28,57.45000076293945,57.75,56.970001220703125,57.0099983215332,15240200,868843776.4198303
2020-01-29,57.0,57.2599983215332,56.65999984741211,57.0099983215332,13163600,750456813.9053345
2020-01-30,57.93000030517578,58.97999954223633,57.7599983215332,58.86000061035156,20225600,1190478828.3447266
2020-01-31,58.970001220703125,59.08000183105469,58.150001525878906,58.400001525878906,17685200,1032815706.9854736
2020-02-03,58.75,58.970001220703125,58.52000045776367,58.58000183105469,12333600,722502310.5834961
2020-02-04,58.75,59.45000076293945,58.619998931884766,58.84000015258789,15417900,907189238.3525848
2020-02-05,58.900001525878906,59.08000183105469,58.540000915527344,58.849998474121094,11414900,671766847.5822449
2020-02-06,58.97999954223633,59.34000015258789,58.84000015258789,58.9900016784668,9347000,551379545.6886292
2020-02-07,58.880001068115234,59.31999969482422,58.849998474121094,59.189998626708984,8757800,518374169.97299194
2020-02-10,59.31999969482422,59.84000015258789,59.290000915527344,59.75,7984900,477097775.0
2020-02-11,59.720001220703125,59.79999923706055,59.31999969482422,59.59000015258789,7431200,442825209.13391113
2020-02-12,59.47999954223633,59.77000045776367,59.31999969482422,59.40999984741211,9179100,545330329.5993805
2020-02-13,59.380001068115234,59.84000015258789,59.209999084472656,59.61000061035156,8173200,487204456.9885254
2020-02-14,59.630001068115234,60.06999969482422,59.619998931884766,59.95000076293945,9965500,597431732.6030731
2020-02-18,59.810001373291016,59.93000030517578,59.45000076293945,59.529998779296875,10075700,599806408.7005615
2020-02-19,59.5099983215332,60.0,59.470001220703125,59.77000045776367,6265700,374500891.86820984
2020-02-20,59.68000030517578,59.86000061035156,59.11000061035156,59.720001220703125,7597200,453704793.2739258
2020-02-21,59.5099983215332,60.130001068115234,59.43000030517578,60.130001068115234,10842400,651953523.5809326
2020-02-24,59.11000061035156,59.79999923706055,58.56999969482422,58.650001525878906,14415500,845469096.9963074
2020-02-25,58.70000076293945,59.20000076293945,57.619998931884766,57.81999969482422,15915100,920211077.1430969
2020-02-26,57.97999954223633,58.470001220703125,57.47999954223633,57.599998474121094,15837800,912257255.833435
2020-02-27,57.150001525878906,57.88999938964844,54.880001068115234,54.93000030517578,23754000,1304807227.2491455
2020-02-28,53.83000183105469,53.88999938964844,51.58000183105469,53.4900016784668,40890600,2187238262.6335144
2020-03-02,53.93000030517578,55.959999084472656,53.70000076293945,55.91999816894531,25698600,1437065664.944458
2020-03-03,56.7599983215332,57.4900016784668,55.63999938964844,56.060001373291016,27099200,1519181189.215088
2020-03-04,56.40999984741211,59.0,56.40999984741211,58.91999816894531,20526100,1209397774.4155884
2020-03-05,57.79999923706055,58.16999816894531,56.189998626708984,56.7400016784668,17948500,1018397920.1259613
2020-03-06,54.939998626708984,55.90999984741211,53.97999954223633,55.2599983215332,22353900,1235276476.479721
2020-03-09,52.04999923706055,53.58000183105469,51.47999954223633,51.86000061035156,27898300,1446805855.027771
2020-03-10,53.220001220703125,53.79999923706055,51.16999816894531,53.65999984741211,27457400,1473364079.8103333
2020-03-11,52.349998474121094,52.650001525878906,51.13999938964844,52.209999084472656,22653900,1182760098.259735
2020-03-12,48.540000915527344,49.93000030517578,46.689998626708984,47.15999984741211,31913100,1505021791.1304474
2020-03-13,49.5099983215332,49.560001373291016,46.61000061035156,48.470001220703125,33697200,1633303325.1342773
2020-03-16,42.2400016784668,47.880001068115234,41.16999816894531,45.2599983215332,28682300,1298160849.8577118
2020-03-17,45.880001068115234,47.5,45.369998931884766,47.18000030517578,32106700,1514794115.7981873
2020-03-18,44.7400016784668,45.150001525878906,41.59000015258789,44.849998474121094,35408300,1588062200.971222
2020-03-19,44.36000061035156,44.65999984741211,41.040000915527344,41.83000183105469,41956900,1755057203.8253784
2020-03-20,41.95000076293945,42.06999969482422,37.5099983215332,38.29999923706055,51513500,1972967010.6983185
2020-03-23,38.7599983215332,38.88999938964844,36.27000045776367,37.560001373291016,44978500,1689392521.76857
2020-03-24,41.220001220703125,41.400001525878906,38.83000183105469,39.45000076293945,49096200,1936845127.457428
2020-03-25,40.630001068115234,43.45000076293945,39.90999984741211,41.61000061035156,42511700,1768911862.9470825
2020-03-26,42.84000015258789,45.27000045776367,42.45000076293945,44.290000915527344,37821700,1675123127.6268005
2020-03-27,43.65999984741211,44.029998779296875,42.400001525878906,42.810001373291016,23297900,997383130.9947968
2020-03-30,43.040000915527344,45.560001373291016,43.040000915527344,45.0,23446000,1055070000.0
2020-03-31,45.06999969482422,45.5099983215332,44.060001373291016,44.25,25373900,1122795075.0
2020-04-01,42.47999954223633,43.650001525878906,41.79999923706055,42.119998931884766,21936400,923961144.569397
2020-04-02,42.220001220703125,44.189998626708984,41.86000061035156,43.95000076293945,17621900,774482518.4444427
2020-04-03,43.58000183105469,44.34000015258789,43.310001373291016,43.83000183105469,14207100,622697219.013977
2020-04-06,45.38999938964844,47.0099983215332,44.689998626708984,46.66999816894531,22850000,1066409458.1604004
2020-04-07,48.5,48.599998474121094,46.47999954223633,46.5099983215332,21279600,989714160.282898
2020-04-08,46.63999938964844,48.09000015258789,46.33000183105469,47.81999969482422,18937100,905572116.2208557
2020-04-09,48.439998626708984,49.72999954223633,48.349998474121094,49.0,19165300,939099700.0
2020-04-13,48.349998474121094,48.63999938964844,46.5,46.93000030517578,19586000,919170985.9771729
2020-04-14,47.939998626708984,49.25,46.93000030517578,48.91999816894531,21801900,1066548908.0795288
2020-04-15,47.709999084472656,48.400001525878906,47.40999984741211,47.61000061035156,12893200,613845259.8693848
2020-04-16,47.400001525878906,47.849998474121094,46.7599983215332,47.099998474121094,17606800,829280253.1341553
2020-04-17,48.29999923706055,48.29999923706055,47.369998931884766,48.060001373291016,19844600,953731503.2524109
2020-04-20,47.790000915527344,48.0,46.310001373291016,46.529998779296875,18957900,882111063.8580322
2020-04-21,45.880001068115234,46.900001525878906,44.2599983215332,45.380001068115234,26863700,1219074734.6935272
2020-04-22,46.04999923706055,46.150001525878906,45.5,45.68000030517578,15811600,722273892.8253174
2020-04-23,45.95000076293945,46.099998474121094,44.970001220703125,45.06999969482422,17668200,796305768.6080933
2020-04-24,45.5,45.75,45.119998931884766,45.43000030517578,15175000,689400254.6310425
2020-04-27,46.0,46.97999954223633,45.709999084472656,46.779998779296875,19175500,897029866.5924072
2020-04-28,47.900001525878906,48.0,46.56999969482422,46.7400016784668,17246700,806110786.9480133
2020-04-29,47.27000045776367,47.86000061035156,46.880001068115234,47.119998931884766,15780000,743553583.1451416
2020-04-30,47.0,47.0,45.70000076293945,45.88999938964844,20801100,954562466.3040161
2020-05-01,45.619998931884766,46.38999938964844,45.209999084472656,45.599998474121094,14290400,651642218.1945801
2020-05-04,45.31999969482422,45.47999954223633,44.599998474121094,45.13999938964844,22544200,1017645174.2401123
2020-05-05,45.36000061035156,46.099998474121094,45.150001525878906,45.400001525878906,13370500,607020720.4017639
2020-05-06,45.400001525878906,45.630001068115234,44.720001220703125,44.75,11892900,532207275.0
2020-05-07,45.150001525878906,45.2400016784668,44.5,44.599998474121094,16466000,734383574.8748779
2020-05-08,45.08000183105469,46.220001220703125,44.880001068115234,46.11000061035156,13985100,644852969.5358276
2020-05-11,45.689998626708984,46.11000061035156,45.52000045776367,45.540000915527344,10874600,495229293.95599365
2020-05-12,45.599998474121094,45.849998474121094,44.79999923706055,44.81999969482422,13424400,601681603.9031982
2020-05-13,44.709999084472656,44.779998779296875,43.52000045776367,43.939998626708984,15854800,696659890.2267456
2020-05-14,43.380001068115234,44.060001373291016,43.22999954223633,43.70000076293945,18000800,786634973.7335205
2020-05-15,43.959999084472656,44.689998626708984,43.20000076293945,43.2599983215332,31579400,1366124790.9950256
2020-05-18,44.81999969482422,45.38999938964844,44.130001068115234,44.970001220703125,26118500,1174548976.8829346
2020-05-19,45.0099983215332,45.33000183105469,44.25,44.540000915527344,17839900,794589162.3329163
2020-05-20,45.20000076293945,46.16999816894531,45.02000045776367,45.88999938964844,22295900,1023158837.3916626
2020-05-21,46.08000183105469,46.09000015258789,45.029998779296875,45.16999816894531,13193500,595950370.84198
2020-05-22,45.220001220703125,45.310001373291016,44.650001525878906,45.029998779296875,13008400,585768236.1206055
2020-05-26,46.91999816894531,46.93000030517578,45.93000030517578,46.09000015258789,22223100,1024262682.390976
2020-05-27,47.0,47.09000015258789,46.16999816894531,46.72999954223633,18447600,862056339.5553589
2020-05-28,47.29999923706055,47.459999084472656,46.81999969482422,47.09000015258789,16230600,764298956.476593
2020-05-29,46.68000030517578,47.189998626708984,46.13999938964844,46.68000030517578,51125000,2386515015.602112
2020-06-01,46.65999984741211,47.22999954223633,46.59000015258789,46.9900016784668,17010700,799332821.5518951
2020-06-02,47.15999984741211,47.279998779296875,46.560001373291016,46.900001525878906,15255100,715464213.2774353
2020-06-03,47.27000045776367,48.119998931884766,47.119998931884766,47.900001525878906,15508300,742847593.6637878
2020-06-04,47.939998626708984,48.27000045776367,47.380001068115234,47.91999816894531,13604700,651937199.0890503
2020-06-05,48.540000915527344,49.4900016784668,48.459999084472656,49.09000015258789,20504800,1006580635.1287842
2020-06-08,49.540000915527344,49.970001220703125,49.470001220703125,49.849998474121094,19896700,991850464.6400452
2020-06-09,49.59000015258789,49.59000015258789,48.68000030517578,49.0,16713700,818971300.0
2020-06-10,49.15999984741211,49.27000045776367,48.56999969482422,48.619998931884766,15716600,764141075.2128601
2020-06-11,47.810001373291016,47.91999816894531,45.459999084472656,45.540000915527344,26070400,1187246039.868164
2020-06-12,46.209999084472656,46.25,45.0099983215332,45.599998474121094,21822700,995115086.7012024
2020-06-15,44.56999969482422,46.45000076293945,44.470001220703125,46.29999923706055,15622300,723312478.081131
2020-06-16,47.560001373291016,47.689998626708984,46.189998626708984,46.77000045776367,18803500,879439703.6075592
2020-06-17,46.779998779296875,47.060001373291016,46.439998626708984,46.58000183105469,12602800,587038447.076416
2020-06-18,46.29999923706055,47.040000915527344,46.06999969482422,46.9900016784668,9380800,440803807.7453613
2020-06-19,47.77000045776367,47.790000915527344,46.02000045776367,46.02000045776367,30464600,1401980905.9455872
2020-06-22,46.029998779296875,46.150001525878906,45.380001068115234,45.7400016784668,20876200,954877423.0400085
2020-06-23,46.0,46.290000915527344,45.58000183105469,45.63999938964844,14675300,669780683.0429077
2020-06-24,45.369998931884766,45.439998626708984,44.5,44.650001525878906,17631800,787259896.9039917
2020-06-25,44.470001220703125,44.97999954223633,44.029998779296875,44.93000030517578,13829700,621368425.2204895
2020-06-26,44.91999816894531,45.0099983215332,43.5099983215332,43.56999969482422,21955100,956583700.2998352
2020-06-29,44.0,44.56999969482422,43.54999923706055,44.36000061035156,17603900,780909014.7445679
2020-06-30,44.25,44.83000183105469,44.040000915527344,44.68000030517578,23679800,1058013471.2265015
2020-07-01,44.93000030517578,45.529998779296875,44.709999084472656,44.81999969482422,14316500,641665525.6309509
2020-07-02,45.290000915527344,45.43000030517578,44.79999923706055,44.880001068115234,15111900,678222088.1412506
2020-07-06,45.13999938964844,45.27000045776367,44.61000061035156,45.22999954223633,15146000,685053573.0667114
2020-07-07,45.0,45.5,44.79999923706055,45.209999084472656,13043600,589701144.0582275
2020-07-08,45.13999938964844,45.18000030517578,44.470001220703125,45.06999969482422,13851200,624273579.7729492
2020-07-09,45.04999923706055,45.04999923706055,43.83000183105469,43.90999984741211,16087100,706384558.5453033
2020-07-10,43.880001068115234,45.25,43.86000061035156,45.150001525878906,15627800,705595193.8461304
2020-07-13,45.529998779296875,45.68000030517578,44.959999084472656,45.25,16705300,755914825.0
2020-07-14,44.90999984741211,45.939998626708984,44.66999816894531,45.869998931884766,17080100,783464168.756485
2020-07-15,46.29999923706055,47.189998626708984,46.20000076293945,46.400001525878906,23738000,1101443236.2213135
2020-07-16,46.2599983215332,46.689998626708984,45.939998626708984,46.150001525878906,13306100,614076535.3034973
2020-07-17,46.470001220703125,46.90999984741211,46.130001068115234,46.81999969482422,13899800,650788631.7581177
2020-07-20,46.720001220703125,46.83000183105469,45.849998474121094,46.119998931884766,16633200,767123166.2338257
2020-07-21,47.52000045776367,47.9900016784668,46.93000030517578,47.20000076293945,25681500,1212166819.5934296
2020-07-22,47.93000030517578,48.52000045776367,47.029998779296875,48.47999954223633,29831200,1446216562.3443604
2020-07-23,48.470001220703125,48.56999969482422,48.029998779296875,48.279998779296875,15935000,769341780.5480957
2020-07-24,48.400001525878906,48.79999923706055,48.06999969482422,48.4900016784668,16196800,785382859.185791
2020-07-27,48.18000030517578,48.5099983215332,48.18000030517578,48.47999954223633,17346500,840958312.0594025
2020-07-28,48.34000015258789,49.279998779296875,48.099998474121094,48.18000030517578,13872700,668386690.2336121
2020-07-29,48.13999938964844,48.5,47.81999969482422,48.02000045776367,13758100,660663968.2979584
2020-07-30,47.66999816894531,48.22999954223633,47.20000076293945,47.689998626708984,17276500,823916261.2743378
2020-07-31,47.439998626708984,47.77000045776367,46.72999954223633,47.2400016784668,14849200,701476232.9238892
2020-08-03,47.13999938964844,47.36000061035156,46.22999954223633,46.29999923706055,14137500,654566239.2139435
2020-08-04,46.290000915527344,46.86000061035156,46.220001220703125,46.689998626708984,11717200,547076051.9088745
2020-08-05,46.900001525878906,47.27000045776367,46.810001373291016,47.220001220703125,10498700,495748626.8157959
2020-08-06,46.65999984741211,47.529998779296875,46.599998474121094,47.47999954223633,10745000,510172595.08132935
2020-08-07,47.470001220703125,48.08000183105469,47.209999084472656,47.79999923706055,11669700,557811651.0967255
2020-08-10,48.060001373291016,48.279998779296875,47.65999984741211,47.720001220703125,11888000,567295374.5117188
2020-08-11,48.459999084472656,48.650001525878906,47.70000076293945,47.93000030517578,16531600,792359593.045044
2020-08-12,48.29999923706055,48.689998626708984,48.119998931884766,48.43000030517578,9562200,463097348.91815186
2020-08-13,48.2599983215332,48.72999954223633,48.060001373291016,48.380001068115234,9882900,478134712.55607605
2020-08-14,48.34000015258789,48.689998626708984,48.029998779296875,48.45000076293945,10075800,488172517.68722534
2020-08-17,48.31999969482422,48.75,48.20000076293945,48.209999084472656,9102400,438826695.6665039
2020-08-18,48.20000076293945,48.5,47.959999084472656,48.41999816894531,9829000,475920162.0025635
2020-08-19,48.119998931884766,48.380001068115234,47.220001220703125,47.369998931884766,17371000,822864251.4457703
2020-08-20,47.27000045776367,47.599998474121094,47.09000015258789,47.349998474121094,11308700,535466927.7442932
2020-08-21,47.34000015258789,47.5,46.970001220703125,47.279998779296875,14734100,696628230.0140381
2020-08-24,47.43000030517578,47.97999954223633,47.18000030517578,47.970001220703125,9257700,444091880.3009033
2020-08-25,48.0,48.04999923706055,47.650001525878906,47.90999984741211,7827800,375029896.8055725
2020-08-26,47.7599983215332,48.18000030517578,47.470001220703125,48.15999984741211,10124200,487581470.4551697
2020-08-27,48.25,48.81999969482422,48.20000076293945,48.22999954223633,10931600,527231062.99591064
2020-08-28,48.75,49.849998474121094,48.529998779296875,49.83000183105469,16420300,818223579.0664673
2020-08-31,49.79999923706055,50.06999969482422,49.349998474121094,49.529998779296875,18510800,916839901.4038086
2020-09-01,49.310001373291016,49.349998474121094,48.83000183105469,49.119998931884766,12588400,618342194.5541382
2020-09-02,49.36000061035156,51.36000061035156,49.36000061035156,51.189998626708984,26332600,1347965757.837677
2020-09-03,51.400001525878906,52.13999938964844,50.099998474121094,50.47999954223633,22289400,1125168901.7967224
2020-09-04,50.939998626708984,51.470001220703125,50.279998779296875,51.040000915527344,21019500,1072835299.243927
2020-09-08,50.93000030517578,51.040000915527344,49.36000061035156,49.810001373291016,17776700,885457451.4125824
2020-09-09,49.599998474121094,50.7599983215332,49.54999923706055,50.189998626708984,15252300,765512916.0541534
2020-09-10,50.349998474121094,50.68000030517578,49.95000076293945,50.0,15439500,771975000.0
2020-09-11,50.400001525878906,51.20000076293945,50.099998474121094,51.060001373291016,18272300,932983663.0931854
2020-09-14,50.970001220703125,51.22999954223633,50.56999969482422,50.709999084472656,10911700,553332297.0100403
2020-09-15,51.0,51.380001068115234,50.84000015258789,51.04999923706055,12838400,655400310.2050781
2020-09-16,50.95000076293945,51.45000076293945,50.7400016784668,50.790000915527344,15353900,779824595.0569153
2020-09-17,50.220001220703125,50.630001068115234,49.939998626708984,50.54999923706055,13287100,671662894.8627472
2020-09-18,50.75,51.15999984741211,50.209999084472656,50.45000076293945,23816600,1201547488.1706238
2020-09-21,49.75,50.02000045776367,48.61000061035156,49.09000015258789,17514800,859801534.6725464
2020-09-22,49.11000061035156,50.040000915527344,49.06999969482422,49.65999984741211,13034600,647298234.0110779
2020-09-23,49.72999954223633,49.91999816894531,48.16999816894531,48.209999084472656,17121200,825413036.3250732
2020-09-24,48.209999084472656,49.099998474121094,47.560001373291016,48.70000076293945,16788100,817580482.8083038
2020-09-25,48.20000076293945,48.7599983215332,47.97999954223633,48.720001220703125,12603400,614037663.3850098
2020-09-28,49.310001373291016,49.709999084472656,49.13999938964844,49.279998779296875,11215700,552709682.30896
2020-09-29,49.38999938964844,49.560001373291016,48.90999984741211,48.91999816894531,12426600,607909249.2462158
2020-09-30,49.27000045776367,49.619998931884766,48.88999938964844,49.369998931884766,15755900,777868766.1708832
2020-10-01,49.439998626708984,49.65999984741211,48.59000015258789,49.18000030517578,17577300,864451619.3641663
2020-10-02,48.7599983215332,49.58000183105469,48.54999923706055,49.36000061035156,13610100,671794544.3069458
2020-10-05,49.43000030517578,49.54999923706055,49.119998931884766,49.380001068115234,10628700,524845217.3526764
2020-10-06,49.54999923706055,49.72999954223633,48.83000183105469,48.939998626708984,10077400,493187942.1607971
2020-10-07,49.02000045776367,49.7599983215332,48.95000076293945,49.560001373291016,10135600,502320349.9191284
2020-10-08,49.709999084472656,50.540000915527344,49.540000915527344,50.459999084472656,12143900,612781182.8819275
2020-10-09,50.66999816894531,51.22999954223633,50.599998474121094,50.810001373291016,11407800,579630333.6662292
2020-10-12,50.84000015258789,51.529998779296875,50.83000183105469,51.09000015258789,11386500,581736286.737442
2020-10-13,50.9900016784668,50.9900016784668,49.900001525878906,50.220001220703125,14365300,721425383.5357666
2020-10-14,50.04999923706055,50.4900016784668,49.650001525878906,50.119998931884766,10582100,530374840.6970978
2020-10-15,49.400001525878906,50.130001068115234,49.29999923706055,49.9900016784668,9961700,497985399.7203827
2020-10-16,49.9900016784668,50.349998474121094,49.869998931884766,50.029998779296875,13569800,678897077.4353027
2020-10-19,50.029998779296875,50.47999954223633,49.459999084472656,49.619998931884766,9930400,492746437.3931885
2020-10-20,49.88999938964844,50.619998931884766,49.790000915527344,50.25,10970700,551277675.0
2020-10-21,49.959999084472656,50.43000030517578,49.77000045776367,49.9900016784668,12517400,625744847.0100403
2020-10-22,51.16999816894531,51.20000076293945,50.380001068115234,50.68000030517578,20189200,1023188662.1612549
2020-10-23,51.0,51.18000030517578,50.470001220703125,50.52000045776367,13491300,681580482.175827
2020-10-26,50.34000015258789,50.5099983215332,49.20000076293945,49.79999923706055,14696400,731880708.7875366
2020-10-27,49.810001373291016,50.290000915527344,49.54999923706055,49.900001525878906,13892100,693215811.1976624
2020-10-28,49.0,49.150001525878906,47.779998779296875,47.959999084472656,19886200,953742133.7936401
2020-10-29,47.72999954223633,48.47999954223633,47.29999923706055,48.02000045776367,15369900,738062605.0357819
2020-10-30,47.810001373291016,48.119998931884766,47.369998931884766,48.060001373291016,15804000,759540261.7034912
2020-11-02,48.75,48.95000076293945,48.2400016784668,48.619998931884766,15156100,736889565.8115387
2020-11-03,49.220001220703125,49.959999084472656,49.0,49.349998474121094,15285100,754319661.6767883
2020-11-04,49.43000030517578,50.209999084472656,49.08000183105469,49.16999816894531,12930800,635807412.322998
2020-11-05,49.7599983215332,50.209999084472656,49.34000015258789,49.439998626708984,12452400,615646638.899231
2020-11-06,49.650001525878906,49.9900016784668,49.25,49.45000076293945,9294900,459632812.0914459
2020-11-09,52.5,53.2599983215332,52.06999969482422,52.56999969482422,33442000,1758045929.7943115
2020-11-10,52.56999969482422,54.279998779296875,52.45000076293945,53.97999954223633,29706700,1603567652.401352
2020-11-11,53.93000030517578,54.29999923706055,53.33000183105469,53.58000183105469,17399900,932286673.8601685
2020-11-12,53.04999923706055,53.209999084472656,52.61000061035156,53.0099983215332,15024400,796443418.7820435
2020-11-13,53.25,53.5,52.88999938964844,53.45000076293945,12447900,665340264.496994
2020-11-16,54.5,54.619998931884766,53.279998779296875,53.849998474121094,14908200,802806547.2518921
2020-11-17,53.65999984741211,53.75,53.029998779296875,53.68000030517578,14248400,764854116.3482666
2020-11-18,53.75,54.02000045776367,52.560001373291016,52.61000061035156,15278200,803786111.3250732
2020-11-19,52.4900016784668,53.22999954223633,51.95000076293945,53.130001068115234,17189500,913278153.3603668
2020-11-20,53.189998626708984,53.25,52.59000015258789,52.66999816894531,15645600,824053723.3520508
2020-11-23,52.95000076293945,53.16999816894531,52.20000076293945,52.68000030517578,13191900,694949296.0258484
2020-11-24,53.13999938964844,53.59000015258789,53.02000045776367,53.220001220703125,13827600,735904888.8793945
2020-11-25,53.06999969482422,53.279998779296875,52.790000915527344,52.93000030517578,10194800,539610767.111206
2020-11-27,53.11000061035156,53.189998626708984,52.61000061035156,52.70000076293945,8499300,447913116.4844513
2020-11-30,52.09000015258789,52.189998626708984,51.08000183105469,51.599998474121094,43203600,2229305694.076538
2020-12-01,52.13999938964844,52.33000183105469,51.790000915527344,52.040000915527344,18968800,987136369.3664551
2020-12-02,51.900001525878906,52.130001068115234,51.63999938964844,52.11000061035156,14913100,777121650.1022339
2020-12-03,51.900001525878906,52.939998626708984,51.900001525878906,52.779998779296875,17318900,914091520.8587646
2020-12-04,52.779998779296875,53.869998931884766,52.7599983215332,53.849998474121094,18122400,975891212.3474121
2020-12-07,53.7599983215332,53.779998779296875,52.70000076293945,52.9900016784668,16210900,859015618.2094574
2020-12-08,52.939998626708984,53.47999954223633,52.790000915527344,53.18000030517578,12485800,663994847.8103638
2020-12-09,53.369998931884766,53.599998474121094,53.0,53.33000183105469,11508400,613742993.0725098
2020-12-10,53.400001525878906,53.5099983215332,52.97999954223633,53.04999923706055,12097300,641761755.7704926
2020-12-11,52.79999923706055,53.540000915527344,52.779998779296875,53.349998474121094,10638100,567542618.7675476
2020-12-14,53.650001525878906,53.84000015258789,53.18000030517578,53.27000045776367,22292000,1187494850.2044678
2020-12-15,53.790000915527344,54.220001220703125,53.599998474121094,53.84000015258789,16193700,871868810.4709625
2020-12-16,53.599998474121094,53.79999923706055,52.939998626708984,53.060001373291016,15679600,831959597.5326538
2020-12-17,53.29999923706055,53.709999084472656,53.150001525878906,53.27000045776367,12677300,675319776.8032074
2020-12-18,53.08000183105469,53.84000015258789,52.619998931884766,53.7400016784668,35480100,1906700633.5521698
2020-12-21,52.68000030517578,53.0,51.97999954223633,52.810001373291016,14926600,788273766.4985657
2020-12-22,52.810001373291016,53.18000030517578,52.38999938964844,52.7599983215332,9689500,511218003.736496
2020-12-23,52.95000076293945,53.38999938964844,52.939998626708984,53.08000183105469,7040300,373699136.8911743
2020-12-24,53.02000045776367,53.54999923706055,53.02000045776367,53.439998626708984,3265500,174508315.5155182
2020-12-28,53.849998474121094,54.439998626708984,53.72999954223633,54.15999984741211,9020500,488550278.62358093
2020-12-29,54.45000076293945,54.4900016784668,54.02000045776367,54.130001068115234,8320600,450394086.8873596
2020-12-30,54.04999923706055,54.630001068115234,54.029998779296875,54.439998626708984,8142700,443288576.81770325
2020-12-31,54.45000076293945,54.93000030517578,54.27000045776367,54.84000015258789,8495000,465865801.29623413
2021-01-04,54.27000045776367,54.630001068115234,52.029998779296875,52.7599983215332,25611100,1351241593.012619
2021-01-05,52.33000183105469,52.619998931884766,52.029998779296875,52.18000030517578,20323800,1060495890.2023315
2021-01-06,51.970001220703125,52.02000045776367,50.189998626708984,50.52000045776367,38724500,1956361757.7266693
2021-01-07,50.09000015258789,50.2599983215332,49.52000045776367,49.959999084472656,53225700,2659155923.2704163
2021-01-08,50.029998779296875,51.130001068115234,49.84000015258789,51.08000183105469,29674000,1515747974.3347168
2021-01-11,50.619998931884766,50.86000061035156,49.95000076293945,50.20000076293945,19304400,969080894.7280884
2021-01-12,50.040000915527344,50.369998931884766,49.7599983215332,50.11000061035156,18538700,928974268.3151245
2021-01-13,49.97999954223633,50.36000061035156,49.95000076293945,50.15999984741211,18864100,946223253.1215668
2021-01-14,50.15999984741211,50.18000030517578,49.220001220703125,49.22999954223633,34303600,1688766212.297058
2021-01-15,49.15999984741211,49.18000030517578,48.529998779296875,48.70000076293945,24366800,1186663178.590393
2021-01-19,48.7400016784668,49.040000915527344,48.2400016784668,48.5099983215332,29114500,1412344346.1322784
2021-01-20,48.540000915527344,48.81999969482422,48.310001373291016,48.68000030517578,23115800,1125277151.0543823
2021-01-21,48.779998779296875,49.09000015258789,48.459999084472656,48.95000076293945,19702500,964437390.0318146
2021-01-22,48.810001373291016,48.939998626708984,48.4900016784668,48.4900016784668,15400300,746760572.8488922
2021-01-25,48.41999816894531,48.84000015258789,48.2400016784668,48.779998779296875,16604200,809952855.7312012
2021-01-26,48.90999984741211,49.400001525878906,48.61000061035156,49.290000915527344,12922600,636954965.8309937
2021-01-27,48.88999938964844,49.31999969482422,48.22999954223633,48.529998779296875,21242400,1030893646.0693359
2021-01-28,48.689998626708984,49.5,48.61000061035156,49.150001525878906,17498900,860070961.7012024
2021-01-29,49.029998779296875,49.119998931884766,48.11000061035156,48.150001525878906,18670300,898974973.488617
2021-02-01,48.27000045776367,48.689998626708984,48.18000030517578,48.47999954223633,12183600,590660922.4227905
2021-02-02,48.79999923706055,49.349998474121094,48.630001068115234,48.959999084472656,13319800,652137395.8053589
2021-02-03,48.95000076293945,49.09000015258789,48.66999816894531,48.77000045776367,12274100,598607862.6186371
2021-02-04,48.959999084472656,49.06999969482422,48.650001525878906,49.0099983215332,20597400,1009478539.427948
2021-02-05,49.5,49.779998779296875,49.27000045776367,49.650001525878906,12742000,632640319.442749
2021-02-08,49.959999084472656,50.16999816894531,49.4900016784668,49.91999816894531,17833200,890233311.3464355
2021-02-09,49.849998474121094,50.02000045776367,49.630001068115234,49.70000076293945,14592900,725267141.1334991
2021-02-10,50.40999984741211,50.58000183105469,49.529998779296875,49.599998474121094,22965400,1139083804.9575806
2021-02-11,49.810001373291016,50.59000015258789,49.79999923706055,50.29999923706055,21928600,1103008563.269806
2021-02-12,50.56999969482422,50.849998474121094,50.38999938964844,50.689998626708984,13137100,665919580.9589386
2021-02-16,50.619998931884766,50.720001220703125,50.15999984741211,50.27000045776367,15093400,758745224.9092102
2021-02-17,50.0,50.4900016784668,49.88999938964844,50.130001068115234,12794300,641378272.6657867
2021-02-18,50.15999984741211,50.849998474121094,50.029998779296875,50.77000045776367,12747100,647170272.8351593
2021-02-19,50.790000915527344,50.83000183105469,49.970001220703125,50.11000061035156,15968800,800196577.746582
2021-02-22,49.849998474121094,50.880001068115234,49.66999816894531,50.630001068115234,14370900,727598682.3497772
2021-02-23,51.0,51.5099983215332,50.41999816894531,50.540000915527344,16222300,819875056.8519592
2021-02-24,50.38999938964844,50.900001525878906,50.130001068115234,50.709999084472656,14442000,732353806.7779541
2021-02-25,50.470001220703125,50.75,49.97999954223633,50.16999816894531,14211100,712970860.9786987
2021-02-26,50.20000076293945,50.209999084472656,48.970001220703125,48.9900016784668,23638400,1158045255.6762695
2021-03-01,49.439998626708984,50.439998626708984,49.400001525878906,49.900001525878906,13901200,693669901.2115479
2021-03-02,49.84000015258789,50.560001373291016,49.70000076293945,50.099998474121094,11755100,588930492.0631409
2021-03-03,49.720001220703125,50.560001373291016,49.709999084472656,49.97999954223633,15410700,770226778.9455414
2021-03-04,50.310001373291016,51.09000015258789,49.619998931884766,49.939998626708984,22036400,1100497785.7376099
2021-03-05,50.04999923706055,50.95000076293945,49.900001525878906,50.790000915527344,21310800,1082375551.51062
2021-03-08,51.470001220703125,52.4900016784668,51.15999984741211,51.63999938964844,25084900,1295384220.689392
2021-03-09,51.720001220703125,51.880001068115234,50.81999969482422,50.86000061035156,23082700,1173986136.088562
2021-03-10,51.18000030517578,51.630001068115234,50.720001220703125,51.439998626708984,21331600,1097297474.7055054
2021-03-11,51.40999984741211,51.43000030517578,50.810001373291016,50.880001068115234,17417700,886212594.6041107
2021-03-12,50.59000015258789,50.68000030517578,50.20000076293945,50.36000061035156,17598600,886265506.741333
2021-03-15,50.5,51.119998931884766,50.470001220703125,51.029998779296875,13411900,684409240.6280518
2021-03-16,51.20000076293945,51.52000045776367,51.040000915527344,51.220001220703125,14214200,728051341.3513184
2021-03-17,51.25,51.619998931884766,51.150001525878906,51.2400016784668,17502700,896838377.3777008
2021-03-18,51.060001373291016,51.189998626708984,50.4900016784668,50.56999969482422,18007300,910629155.5046082
2021-03-19,50.459999084472656,51.08000183105469,50.16999816894531,50.810001373291016,67845700,3447240110.1718903
2021-03-22,50.31999969482422,51.08000183105469,50.31999969482422,51.0,17911400,913481400.0
2021-03-23,50.9900016784668,51.650001525878906,50.83000183105469,51.38999938964844,16936700,870377002.6626587
2021-03-24,51.16999816894531,51.88999938964844,51.150001525878906,51.52000045776367,14997400,772666054.8652649
2021-03-25,51.70000076293945,52.060001373291016,51.16999816894531,52.02000045776367,17091900,889120645.8240509
2021-03-26,52.13999938964844,53.11000061035156,51.7599983215332,53.040000915527344,17126700,908400183.6799622
2021-03-29,52.72999954223633,53.939998626708984,52.709999084472656,53.849998474121094,17514100,943134258.2756042
2021-03-30,53.75,53.790000915527344,52.93000030517578,53.150001525878906,14871800,790436192.6925659
2021-03-31,53.029998779296875,53.16999816894531,52.5,52.709999084472656,15826500,834214800.5104065
2021-04-01,52.959999084472656,53.150001525878906,52.459999084472656,52.5099983215332,15834700,831480070.4219818
2021-04-05,52.349998474121094,53.220001220703125,52.290000915527344,52.810001373291016,16368700,864431069.4789886
2021-04-06,53.040000915527344,53.650001525878906,52.900001525878906,53.189998626708984,15614300,830524595.5570221
2021-04-07,53.279998779296875,53.5,53.119998931884766,53.279998779296875,10062700,536140643.71643066
2021-04-08,53.16999816894531,53.380001068115234,52.970001220703125,53.119998931884766,9695600,515030261.64398193
2021-04-09,53.16999816894531,53.279998779296875,52.810001373291016,53.18000030517578,10828200,575843679.3045044
2021-04-12,53.33000183105469,53.54999923706055,53.099998474121094,53.349998474121094,8565300,456958741.9303894
2021-04-13,53.040000915527344,53.290000915527344,52.810001373291016,53.09000015258789,11071700,587796554.6894073
2021-04-14,52.97999954223633,53.189998626708984,52.650001525878906,53.08000183105469,9787600,519525825.92163086
2021-04-15,53.130001068115234,53.65999984741211,53.119998931884766,53.33000183105469,13078100,697455096.9467163
2021-04-16,53.7400016784668,53.79999923706055,53.380001068115234,53.68000030517578,17974100,964849693.48526
2021-04-19,54.0,54.36000061035156,53.29999923706055,54.0,19352900,1045056600.0
2021-04-20,53.84000015258789,54.59000015258789,53.810001373291016,54.16999816894531,14419200,781088037.5976562
2021-04-21,54.2400016784668,54.7400016784668,54.2400016784668,54.61000061035156,13866500,757249573.46344
2021-04-22,54.470001220703125,54.869998931884766,54.31999969482422,54.439998626708984,12558900,683706498.7529755
2021-04-23,54.400001525878906,54.59000015258789,54.16999816894531,54.470001220703125,9020500,491346646.01135254
2021-04-26,54.470001220703125,54.5099983215332,53.58000183105469,53.65999984741211,11684600,626995634.2170715
2021-04-27,53.560001373291016,53.70000076293945,53.31999969482422,53.58000183105469,9852400,527891610.0402832
2021-04-28,53.97999954223633,54.04999923706055,53.439998626708984,53.59000015258789,10868100,582421480.6583405
2021-04-29,53.540000915527344,54.36000061035156,53.43000030517578,54.2599983215332,15391000,835115634.1667175
2021-04-30,54.25,54.27000045776367,53.689998626708984,53.97999954223633,14912600,804982141.1735535
2021-05-03,54.27000045776367,54.79999923706055,54.15999984741211,54.47999954223633,10417900,567567187.2310638
2021-05-04,54.56999969482422,54.619998931884766,53.939998626708984,54.13999938964844,14151000,766135131.362915
2021-05-05,54.13999938964844,54.2400016784668,53.709999084472656,54.0,9665900,521958600.0
2021-05-06,54.119998931884766,54.61000061035156,54.04999923706055,54.540000915527344,11572700,631175068.5951233
2021-05-07,54.439998626708984,54.77000045776367,54.15999984741211,54.5099983215332,10637500,579850107.1453094
2021-05-10,54.880001068115234,55.5,54.83000183105469,54.90999984741211,15545800,853619875.6278992
2021-05-11,55.029998779296875,55.13999938964844,54.04999923706055,54.31999969482422,12986700,705437540.0367737
2021-05-12,54.36000061035156,54.560001373291016,53.880001068115234,54.040000915527344,15836500,855804474.4987488
2021-05-13,53.970001220703125,54.779998779296875,53.83000183105469,54.5099983215332,15475800,843585832.0243835
2021-05-14,54.900001525878906,55.099998474121094,54.689998626708984,54.72999954223633,11725300,641725663.6325836
2021-05-17,54.84000015258789,55.02000045776367,54.5,54.63999938964844,12119800,662225864.6026611
2021-05-18,54.38999938964844,54.560001373291016,54.099998474121094,54.34000015258789,13232500,719054052.0191193
2021-05-19,54.119998931884766,54.18000030517578,53.61000061035156,54.16999816894531,15126100,819380809.3032837
2021-05-20,54.119998931884766,54.79999923706055,54.119998931884766,54.650001525878906,10948400,598330076.7059326
2021-05-21,54.79999923706055,55.119998931884766,54.220001220703125,54.619998931884766,16033200,875733366.8746948
2021-05-24,54.630001068115234,54.93000030517578,54.4900016784668,54.79999923706055,10326100,565870272.1218109
2021-05-25,54.81999969482422,54.81999969482422,54.349998474121094,54.790000915527344,11916500,652905045.9098816
2021-05-26,54.97999954223633,55.04999923706055,54.59000015258789,55.029998779296875,16064300,884018409.3902588
2021-05-27,55.209999084472656,55.56999969482422,54.779998779296875,55.4900016784668,59109600,3279991803.213501
2021-05-28,55.349998474121094,55.709999084472656,55.20000076293945,55.290000915527344,17011600,940571379.574585
2021-06-01,55.34000015258789,55.650001525878906,55.099998474121094,55.279998779296875,13304000,735445103.7597656
2021-06-02,55.5,55.560001373291016,55.2599983215332,55.5,11328500,628731750.0
2021-06-03,55.18000030517578,55.7400016784668,55.099998474121094,55.63999938964844,17364300,966149641.4016724
2021-06-04,55.900001525878906,56.47999954223633,55.779998779296875,56.2400016784668,18935100,1064910055.7819366
2021-06-07,56.310001373291016,56.34000015258789,55.810001373291016,56.040000915527344,14010800,785165244.8272705
2021-06-08,56.25,56.25,55.54999923706055,55.650001525878906,10968300,610385911.7362976
2021-06-09,55.75,55.91999816894531,55.47999954223633,55.47999954223633,9838800,545856619.4961548
2021-06-10,55.90999984741211,56.119998931884766,55.7599983215332,55.90999984741211,12444400,695766402.1011353
2021-06-11,55.9900016784668,56.209999084472656,55.65999984741211,56.15999984741211,11825800,664136926.1955261
2021-06-14,55.689998626708984,55.709999084472656,55.20000076293945,55.54999923706055,9710800,539434932.5912476
2021-06-15,55.779998779296875,55.790000915527344,55.189998626708984,55.40999984741211,11154200,618054220.2980042
2021-06-16,55.439998626708984,55.459999084472656,54.63999938964844,54.66999816894531,15211700,831623611.1465454
2021-06-17,54.66999816894531,55.150001525878906,54.650001525878906,54.95000076293945,10658400,585679088.1317139
2021-06-18,54.5099983215332,54.619998931884766,53.720001220703125,53.77000045776367,31445600,1690829926.3946533
2021-06-21,54.220001220703125,54.43000030517578,54.0,54.36000061035156,14404300,783017756.791687
2021-06-22,54.34000015258789,54.849998474121094,54.2599983215332,54.560001373291016,13072800,713251985.9527588
2021-06-23,54.560001373291016,54.599998474121094,54.11000061035156,54.119998931884766,12339200,667797490.8203125
2021-06-24,54.2599983215332,54.41999816894531,54.0,54.38999938964844,11488400,624854068.9880371
2021-06-25,54.2400016784668,54.470001220703125,54.0099983215332,54.31999969482422,18880300,1025577890.2381897
2021-06-28,54.25,54.369998931884766,54.0,54.2599983215332,10556900,572817376.2805939
2021-06-29,54.130001068115234,54.34000015258789,53.720001220703125,53.86000061035156,12300900,662526481.5078735
2021-06-30,53.79999923706055,54.18000030517578,53.75,54.11000061035156,14614200,790774370.9197998
2021-07-01,54.34000015258789,54.47999954223633,53.86000061035156,53.959999084472656,13214700,713065199.9015808
2021-07-02,54.0,54.45000076293945,54.0,54.18000030517578,10604600,574557231.2362671
2021-07-06,53.9900016784668,54.09000015258789,53.54999923706055,53.880001068115234,15278200,823189432.3188782
2021-07-07,53.720001220703125,54.380001068115234,53.720001220703125,54.31999969482422,14377700,780996659.6122742
2021-07-08,54.0099983215332,54.16999816894531,53.7400016784668,54.130001068115234,11943900,646523319.7574615
2021-07-09,54.25,54.52000045776367,54.18000030517578,54.459999084472656,10847000,590727610.0692749
2021-07-12,54.31999969482422,54.599998474121094,54.27000045776367,54.47999954223633,15107600,823062041.0842896
2021-07-13,54.95000076293945,55.29999923706055,54.75,55.02000045776367,15170800,834697422.9446411
2021-07-14,55.02000045776367,56.349998474121094,54.959999084472656,56.2599983215332,22002700,1237871865.0691986
2021-07-15,56.2400016784668,56.470001220703125,55.90999984741211,56.439998626708984,15068200,850449187.3069763
2021-07-16,56.459999084472656,56.68000030517578,56.2599983215332,56.400001525878906,14860500,838132222.6753235
2021-07-19,56.08000183105469,56.349998474121094,55.15999984741211,55.72999954223633,19527000,1088239701.0612488
2021-07-20,55.72999954223633,56.33000183105469,55.52000045776367,55.83000183105469,16257900,907678586.769104
2021-07-21,57.33000183105469,57.560001373291016,56.43000030517578,56.54999923706055,20918200,1182924194.04068
2021-07-22,56.619998931884766,56.7400016784668,56.04999923706055,56.470001220703125,13402700,756850485.3607178
2021-07-23,56.59000015258789,57.33000183105469,56.45000076293945,57.0099983215332,12144000,692329419.6166992
2021-07-26,56.88999938964844,57.119998931884766,56.560001373291016,57.060001373291016,8681100,495343577.92167664
2021-07-27,57.11000061035156,57.540000915527344,56.91999816894531,57.2599983215332,12794400,732607322.5250244
2021-07-28,56.9900016784668,57.15999984741211,56.630001068115234,56.7400016784668,9858000,559342936.5463257
2021-07-29,57.06999969482422,57.25,56.86000061035156,57.04999923706055,9599100,547628647.6764679
2021-07-30,57.150001525878906,57.25,56.900001525878906,57.029998779296875,11727000,668790795.6848145
2021-08-02,57.20000076293945,57.2400016784668,56.709999084472656,56.880001068115234,9778000,556172650.4440308
2021-08-03,57.0,57.0,56.75,56.91999816894531,8825500,502347443.84002686
2021-08-04,56.75,56.95000076293945,56.0099983215332,56.099998474121094,11888400,666939221.8597412
2021-08-05,56.439998626708984,56.59000015258789,56.290000915527344,56.5,9806800,554084200.0
2021-08-06,56.599998474121094,56.7400016784668,56.439998626708984,56.63999938964844,10409300,589582745.6466675
2021-08-09,56.79999923706055,56.880001068115234,56.43000030517578,56.650001525878906,8859900,501913348.5191345
2021-08-10,56.84000015258789,57.16999816894531,56.65999984741211,56.79999923706055,10906900,619511911.6786957
2021-08-11,56.88999938964844,57.18000030517578,56.709999084472656,56.72999954223633,8370700,474869807.16819763
2021-08-12,56.72999954223633,56.97999954223633,56.72999954223633,56.84000015258789,6169200,350657328.9413452
2021-08-13,56.810001373291016,57.29999923706055,56.77000045776367,57.22999954223633,7714200,441483662.4687195
2021-08-16,57.20000076293945,57.4900016784668,57.029998779296875,57.47999954223633,7972000,458230556.350708
2021-08-17,57.459999084472656,57.560001373291016,57.0099983215332,57.279998779296875,10346400,592641779.3701172
2021-08-18,57.189998626708984,57.22999954223633,56.41999816894531,56.5,13873700,783864050.0
2021-08-19,56.060001373291016,56.97999954223633,55.95000076293945,56.86000061035156,9223700,524459587.6296997
2021-08-20,56.84000015258789,57.029998779296875,56.58000183105469,56.63999938964844,10543600,597189497.5646973
2021-08-23,56.66999816894531,56.75,56.380001068115234,56.439998626708984,8912800,503038419.76013184
2021-08-24,56.63999938964844,56.63999938964844,55.900001525878906,56.0099983215332,12067200,675883851.7456055
2021-08-25,56.060001373291016,56.16999816894531,55.72999954223633,56.06999969482422,11270700,631948145.5604553
2021-08-26,55.95000076293945,55.97999954223633,55.5099983215332,55.540000915527344,10331500,573811519.4587708
2021-08-27,55.65999984741211,55.790000915527344,55.45000076293945,55.650001525878906,8844100,492174178.49502563
2021-08-30,55.689998626708984,56.20000076293945,55.63999938964844,56.18000030517578,10034700,563749449.0623474
2021-08-31,56.15999984741211,56.52000045776367,56.0,56.310001373291016,14185700,798796786.4810944
2021-09-01,56.380001068115234,56.79999923706055,56.279998779296875,56.689998626708984,9518900,539626427.9277802
2021-09-02,56.77000045776367,57.029998779296875,56.40999984741211,56.77000045776367,11653200,661552169.3344116
2021-09-03,56.459999084472656,56.77000045776367,56.25,56.72999954223633,13220400,749993285.9481812
2021-09-07,56.599998474121094,56.689998626708984,55.5099983215332,55.66999816894531,20035300,1115365114.31427
2021-09-08,55.61000061035156,56.47999954223633,55.61000061035156,56.41999816894531,12040100,679302419.9539185
2021-09-09,56.18000030517578,56.41999816894531,55.79999923706055,55.86000061035156,12545400,700786051.6571045
2021-09-10,56.0099983215332,56.130001068115234,55.52000045776367,55.61000061035156,10573700,588003463.4536743
2021-09-13,55.7400016784668,56.400001525878906,55.7400016784668,56.06999969482422,20274300,1136779994.8127747
2021-09-14,55.91999816894531,55.97999954223633,55.54999923706055,55.689998626708984,13918900,775143521.8852997
2021-09-15,55.68000030517578,56.0,55.41999816894531,55.880001068115234,15746000,879886496.8185425
2021-09-16,55.720001220703125,55.9900016784668,54.81999969482422,55.349998474121094,17430400,964772613.4033203
2021-09-17,55.02000045776367,55.189998626708984,54.369998931884766,54.439998626708984,33370200,1816673642.1730042
2021-09-20,54.11000061035156,54.400001525878906,53.72999954223633,54.060001373291016,27542500,1488947587.8238678
2021-09-21,54.38999938964844,54.81999969482422,53.939998626708984,54.04999923706055,16418200,887403697.4739075
2021-09-22,54.5099983215332,54.560001373291016,54.060001373291016,54.130001068115234,12719700,688517374.5861053
2021-09-23,54.2599983215332,54.619998931884766,54.0,54.040000915527344,13836200,747708260.6674194
2021-09-24,54.0,54.2400016784668,53.86000061035156,53.88999938964844,9682200,521773752.0904541
2021-09-27,53.849998474121094,54.25,53.56999969482422,53.61000061035156,12429500,666345502.5863647
2021-09-28,53.459999084472656,53.459999084472656,52.43000030517578,52.63999938964844,19926100,1048909891.8380737
2021-09-29,52.63999938964844,53.15999984741211,52.560001373291016,52.959999084472656,13941500,738341827.2361755
2021-09-30,53.16999816894531,53.33000183105469,52.43000030517578,52.470001220703125,17672000,927249861.5722656
2021-10-01,52.779998779296875,53.20000076293945,52.56999969482422,53.02000045776367,16277400,863027755.4512024
2021-10-04,53.060001373291016,53.529998779296875,52.400001525878906,52.9900016784668,18973400,1005400497.8462219
2021-10-05,53.02000045776367,53.470001220703125,52.93000030517578,53.08000183105469,17173100,911548179.4448853
2021-10-06,52.77000045776367,53.77000045776367,52.5099983215332,53.709999084472656,21284500,1143190475.5134583
2021-10-07,53.9900016784668,54.279998779296875,53.810001373291016,53.880001068115234,13774400,742164686.7126465
2021-10-08,54.0,54.38999938964844,53.900001525878906,54.119998931884766,13786800,746141601.2741089
2021-10-11,54.209999084472656,54.38999938964844,54.0099983215332,54.22999954223633,12378500,671286049.3335724
2021-10-12,54.41999816894531,54.83000183105469,54.220001220703125,54.22999954223633,19474400,1056096703.0853271
2021-10-13,54.16999816894531,54.43000030517578,53.790000915527344,54.2400016784668,12143300,658652612.3821259
2021-10-14,54.38999938964844,54.810001373291016,54.310001373291016,54.61000061035156,13704000,748375448.3642578
2021-10-15,54.63999938964844,54.880001068115234,54.290000915527344,54.47999954223633,17867000,973394151.8211365
2021-10-18,54.349998474121094,54.38999938964844,53.86000061035156,53.939998626708984,15861800,855585470.2171326
2021-10-19,54.040000915527344,54.20000076293945,53.77000045776367,54.150001525878906,11068500,599359291.8891907
2021-10-20,54.18000030517578,54.7599983215332,54.11000061035156,54.630001068115234,12474800,681498337.3245239
2021-10-21,54.599998474121094,54.66999816894531,54.209999084472656,54.349998474121094,14388300,782004083.0451965
2021-10-22,54.38999938964844,54.529998779296875,54.06999969482422,54.45000076293945,12828600,698517279.7874451
2021-10-25,54.380001068115234,54.470001220703125,54.02000045776367,54.22999954223633,11855000,642896644.5732117
2021-10-26,54.31999969482422,54.58000183105469,54.22999954223633,54.470001220703125,12086700,658362563.7542725
2021-10-27,55.970001220703125,56.08000183105469,55.27000045776367,55.52000045776367,24019800,1333579306.9953918
2021-10-28,55.75,56.11000061035156,55.619998931884766,56.040000915527344,15928000,892605134.5825195
2021-10-29,55.869998931884766,56.470001220703125,55.779998779296875,56.369998931884766,24463700,1379018742.8699493
2021-11-01,56.38999938964844,56.400001525878906,55.900001525878906,56.16999816894531,11651100,654442265.6661987
2021-11-02,56.470001220703125,56.5,55.970001220703125,56.099998474121094,11498900,645088272.454071
2021-11-03,56.0,56.33000183105469,55.779998779296875,56.290000915527344,10788300,607273416.8769836
2021-11-04,56.11000061035156,56.630001068115234,56.029998779296875,56.599998474121094,10820200,612423303.489685
2021-11-05,56.84000015258789,57.15999984741211,56.59000015258789,56.84000015258789,12886700,732480029.9663544
2021-11-08,56.75,56.88999938964844,56.130001068115234,56.33000183105469,12828000,722601263.4887695
2021-11-09,56.40999984741211,56.52000045776367,56.09000015258789,56.4900016784668,10155800,573701159.0461731
2021-11-10,56.540000915527344,56.91999816894531,56.290000915527344,56.720001220703125,8813600,499907402.75878906
2021-11-11,56.83000183105469,56.880001068115234,56.56999969482422,56.7400016784668,7257700,411801910.1818085
2021-11-12,56.75,56.9900016784668,56.54999923706055,56.61000061035156,10162500,575299131.2026978
2021-11-15,56.529998779296875,56.68000030517578,56.27000045776367,56.619998931884766,10289200,582574493.0099487
2021-11-16,56.619998931884766,56.939998626708984,56.189998626708984,56.220001220703125,13756500,773390446.7926025
2021-11-17,56.040000915527344,56.04999923706055,55.650001525878906,55.90999984741211,13288700,742971214.9723053
2021-11-18,55.83000183105469,55.93000030517578,55.13999938964844,55.40999984741211,15380100,852211338.653183
2021-11-19,55.439998626708984,55.4900016784668,54.900001525878906,55.130001068115234,15813700,871809297.8908539
2021-11-22,55.099998474121094,56.02000045776367,55.08000183105469,55.470001220703125,16905600,937753652.6367188
2021-11-23,55.65999984741211,56.11000061035156,55.5,55.880001068115234,13835900,773150106.7783356
2021-11-24,55.709999084472656,55.84000015258789,55.029998779296875,55.43000030517578,12598900,698357030.8448792
2021-11-26,54.59000015258789,54.75,53.58000183105469,53.72999954223633,14754300,792748532.2460175
2021-11-29,54.04999923706055,54.72999954223633,53.93000030517578,54.58000183105469,22712500,1239648291.5878296
2021-11-30,53.599998474121094,53.630001068115234,52.439998626708984,52.45000076293945,30485200,1598948763.2583618
2021-12-01,52.97999954223633,53.52000045776367,52.279998779296875,52.29999923706055,18719600,979035065.7180786
2021-12-02,52.599998474121094,53.34000015258789,52.5099983215332,53.06999969482422,17074200,906127788.7893677
2021-12-03,53.33000183105469,53.61000061035156,52.97999954223633,53.540000915527344,21064400,1127787995.2850342
2021-12-06,54.310001373291016,55.25,54.13999938964844,54.90999984741211,26624100,1461929326.9374847
2021-12-07,55.02000045776367,55.41999816894531,54.849998474121094,55.209999084472656,23832700,1315803345.1805115
2021-12-08,55.119998931884766,55.349998474121094,54.36000061035156,55.0,18026300,991446500.0
2021-12-09,54.75,55.130001068115234,54.59000015258789,54.86000061035156,13846400,759613512.4511719
2021-12-10,55.25,56.31999969482422,55.06999969482422,56.279998779296875,23153600,1303084579.7363281
2021-12-13,56.97999954223633,57.93000030517578,56.959999084472656,57.7599983215332,31362800,1811515275.3585815
2021-12-14,57.400001525878906,58.16999816894531,57.400001525878906,57.79999923706055,24806600,1433821461.0740662
2021-12-15,57.93000030517578,58.25,57.650001525878906,58.060001373291016,24923800,1447075862.2276306
2021-12-16,57.97999954223633,58.880001068115234,57.900001525878906,58.650001525878906,24696900,1448473222.6844788
2021-12-17,58.4900016784668,58.91999816894531,57.70000076293945,57.72999954223633,51874400,2994709088.253784
2021-12-20,57.20000076293945,57.779998779296875,57.0,57.540000915527344,20879500,1201406449.1157532
2021-12-21,57.61000061035156,57.970001220703125,57.529998779296875,57.77000045776367,15864900,916515280.2623749
2021-12-22,57.709999084472656,58.189998626708984,57.4900016784668,58.18000030517578,12447400,724189735.798645
2021-12-23,58.52000045776367,58.61000061035156,57.939998626708984,58.220001220703125,11027300,642009419.4610596
2021-12-27,58.0,58.689998626708984,58.0,58.650001525878906,9860000,578289015.045166
2021-12-28,58.400001525878906,58.939998626708984,58.29999923706055,58.880001068115234,8979900,528736521.591568
2021-12-29,58.95000076293945,59.099998474121094,58.65999984741211,58.95000076293945,9996000,589264207.6263428
2021-12-30,59.060001373291016,59.22999954223633,58.7599983215332,58.779998779296875,7703900,452835232.5958252
2021-12-31,58.75,59.349998474121094,58.70000076293945,59.209999084472656,10021300,593361163.8252258
2022-01-03,58.81999969482422,59.310001373291016,58.380001068115234,59.29999923706055,20187300,1197106874.5983124
2022-01-04,59.72999954223633,60.540000915527344,59.59000015258789,60.290000915527344,26141600,1576077087.9333496
2022-01-05,60.09000015258789,61.20000076293945,60.04999923706055,60.790000915527344,22507300,1368218787.6060486
2022-01-06,60.470001220703125,61.119998931884766,60.439998626708984,60.470001220703125,17902300,1082552102.8533936
2022-01-07,60.279998779296875,60.720001220703125,60.060001373291016,60.33000183105469,12307900,742535629.536438
2022-01-10,60.54999923706055,60.81999969482422,60.18000030517578,60.43000030517578,20954300,1266268355.3947449
2022-01-11,60.43000030517578,60.4900016784668,59.84000015258789,60.45000076293945,19369600,1170892334.777832
2022-01-12,60.529998779296875,60.689998626708984,60.189998626708984,60.540000915527344,15753800,953735066.4230347
2022-01-13,60.540000915527344,61.040000915527344,60.38999938964844,60.900001525878906,14318000,871966221.8475342
2022-01-14,60.939998626708984,61.45000076293945,60.36000061035156,61.38999938964844,19729600,1211200131.9580078
2022-01-18,61.060001373291016,61.189998626708984,60.45000076293945,60.900001525878906,21976700,1338381063.533783
2022-01-19,60.65999984741211,61.18000030517578,60.560001373291016,61.0,18654700,1137936700.0
2022-01-20,61.0,61.439998626708984,60.720001220703125,60.75,23002400,1397395800.0
2022-01-21,61.08000183105469,61.29999923706055,60.400001525878906,60.45000076293945,26643200,1610581460.3271484
2022-01-24,59.900001525878906,60.349998474121094,58.56999969482422,59.959999084472656,30185100,1809898568.3647156
2022-01-25,59.36000061035156,60.04999923706055,58.689998626708984,59.81999969482422,19027100,1138201116.19339
2022-01-26,59.790000915527344,60.349998474121094,59.209999084472656,59.599998474121094,19190200,1143735890.7180786
2022-01-27,59.880001068115234,60.93000030517578,59.5,59.650001525878906,18893800,1127015198.8296509
2022-01-28,59.38999938964844,60.88999938964844,58.939998626708984,60.84000015258789,19101500,1162135262.9146576
2022-01-31,60.29999923706055,61.13999938964844,60.150001525878906,61.0099983215332,22045300,1344983715.997696
2022-02-01,60.90999984741211,61.13999938964844,60.15999984741211,60.560001373291016,20841700,1262173380.6217194
2022-02-02,60.619998931884766,61.27000045776367,60.560001373291016,61.18000030517578,20225600,1237402214.1723633
2022-02-03,60.939998626708984,61.779998779296875,60.59000015258789,61.61000061035156,19440500,1197729216.8655396
2022-02-04,61.4900016784668,61.68000030517578,60.56999969482422,60.959999084472656,17403700,1060929536.0664368
2022-02-07,61.380001068115234,61.720001220703125,60.86000061035156,61.599998474121094,17846400,1099338212.7685547
2022-02-08,61.83000183105469,62.33000183105469,61.7400016784668,62.0,18771700,1163845400.0
2022-02-09,62.16999816894531,62.31999969482422,60.900001525878906,61.040000915527344,23595600,1440275445.602417
2022-02-10,60.36000061035156,62.29999923706055,60.20000076293945,61.380001068115234,23561500,1446204895.166397
2022-02-11,61.77000045776367,61.97999954223633,60.150001525878906,60.290000915527344,22781400,1373490626.8569946
2022-02-14,60.15999984741211,60.790000915527344,59.279998779296875,60.68000030517578,23641300,1434554091.2147522
2022-02-15,60.959999084472656,61.779998779296875,60.630001068115234,60.90999984741211,13408700,816723914.9539948
2022-02-16,60.86000061035156,61.400001525878906,60.560001373291016,60.900001525878906,15484700,943018253.6277771
2022-02-17,60.54999923706055,62.279998779296875,60.40999984741211,62.119998931884766,21468700,1333635621.0689545
2022-02-18,62.119998931884766,62.81999969482422,61.9900016784668,62.540000915527344,21975000,1374316520.1187134
2022-02-22,62.43000030517578,62.63999938964844,61.720001220703125,62.279998779296875,21731400,1353431565.472412
2022-02-23,62.2400016784668,62.33000183105469,61.34000015258789,61.59000015258789,19248500,1185515117.937088
2022-02-24,59.970001220703125,60.619998931884766,59.220001220703125,60.5099983215332,27207400,1646319728.3332825
2022-02-25,60.939998626708984,62.900001525878906,60.91999816894531,62.849998474121094,21487800,1350508197.2122192
2022-02-28,61.650001525878906,62.34000015258789,61.40999984741211,62.2400016784668,25879100,1610715227.43721
2022-03-01,62.13999938964844,62.75,61.5099983215332,61.970001220703125,15871100,983532086.3739014
2022-03-02,62.22999954223633,62.880001068115234,61.779998779296875,62.43000030517578,17319100,1081231418.2853699
2022-03-03,62.61000061035156,63.02000045776367,62.290000915527344,62.470001220703125,21262800,1328287141.9555664
2022-03-04,61.459999084472656,62.59000015258789,61.20000076293945,62.56999969482422,17163000,1073888904.762268
2022-03-07,62.0099983215332,62.06999969482422,60.720001220703125,61.08000183105469,29151400,1780567565.3778076
2022-03-08,61.45000076293945,61.540000915527344,58.59000015258789,58.65999984741211,30242100,1774001581.3854218
2022-03-09,59.81999969482422,59.84000015258789,58.65999984741211,58.959999084472656,23022700,1357418370.9220886
2022-03-10,58.47999954223633,58.65999984741211,57.5,57.880001068115234,20887300,1208956946.3100433
2022-03-11,57.959999084472656,58.849998474121094,57.86000061035156,57.91999816894531,19855600,1150036315.6433105
2022-03-14,57.970001220703125,59.040000915527344,57.970001220703125,58.540000915527344,17799400,1041976892.2958374
2022-03-15,59.08000183105469,59.88999938964844,58.97999954223633,59.619998931884766,18607200,1109361244.1253662
2022-03-16,59.779998779296875,59.939998626708984,58.61000061035156,59.459999084472656,17347300,1031470442.1180725
2022-03-17,59.459999084472656,60.13999938964844,59.22999954223633,60.09000015258789,15586200,936574760.3782654
2022-03-18,60.29999923706055,60.29999923706055,59.709999084472656,60.099998474121094,30197800,1814887733.921814
2022-03-21,60.5,61.099998474121094,60.25,60.58000183105469,17440100,1056521289.9337769
2022-03-22,60.93000030517578,60.95000076293945,60.060001373291016,60.79999923706055,17559500,1067617586.6031647
2022-03-23,60.75,60.97999954223633,60.0,60.400001525878906,15529200,937963703.6956787
2022-03-24,60.63999938964844,61.02000045776367,60.459999084472656,60.97999954223633,13151300,801966267.9798126
2022-03-25,61.119998931884766,61.61000061035156,61.04999923706055,61.529998779296875,12259800,754345479.0344238
2022-03-28,61.529998779296875,61.939998626708984,61.209999084472656,61.91999816894531,11485200,711163562.9699707
2022-03-29,62.209999084472656,62.529998779296875,61.7400016784668,62.15999984741211,14720600,915032493.7538147
2022-03-30,62.0099983215332,62.209999084472656,61.560001373291016,62.209999084472656,13641000,848606597.5112915
2022-03-31,62.220001220703125,62.63999938964844,62.0,62.0,16822900,1043019800.0
2022-04-01,62.33000183105469,62.95000076293945,62.09000015258789,62.869998931884766,12644900,794984849.4937897
2022-04-04,62.599998474121094,62.790000915527344,61.720001220703125,62.540000915527344,11505800,719572742.5338745
2022-04-05,62.400001525878906,63.2400016784668,62.369998931884766,62.470001220703125,15721200,982103383.190918
2022-04-06,62.77000045776367,63.2599983215332,62.29999923706055,63.099998474121094,19267400,1215772910.6002808
2022-04-07,63.130001068115234,63.66999816894531,62.709999084472656,63.439998626708984,13960800,885673132.8277588
2022-04-08,63.47999954223633,64.04000091552734,63.15999984741211,63.83000183105469,12703500,810864428.2608032
2022-04-11,63.90999984741211,64.30000305175781,63.63999938964844,63.810001373291016,12720100,811669598.468399
2022-04-12,64.37999725341797,64.80999755859375,63.88999938964844,64.55999755859375,18089900,1167883899.835205
2022-04-13,64.44000244140625,64.87000274658203,64.2300033569336,64.7300033569336,11883000,769186629.8904419
2022-04-14,64.95999908447266,65.56999969482422,64.81999969482422,65.0199966430664,16388400,1065573712.9852295
2022-04-18,64.7699966430664,65.18000030517578,64.18000030517578,64.44000244140625,11679400,752620564.5141602
2022-04-19,64.5,65.25,64.44000244140625,65.06999969482422,11993800,780436562.3397827
2022-04-20,65.44000244140625,66.23999786376953,65.4000015258789,65.95999908447266,14827100,977995502.4253845
2022-04-21,65.9800033569336,67.0,65.72000122070312,66.20999908447266,15120400,1001121670.1568604
2022-04-22,66.08000183105469,66.33999633789062,65.18000030517578,65.25,14902200,972368550.0
2022-04-25,67.0,67.19999694824219,64.77999877929688,65.94000244140625,25082000,1653907141.2353516
2022-04-26,65.5199966430664,66.37000274658203,65.04000091552734,65.05000305175781,21982600,1429968197.0855713
2022-04-27,65.0,66.27999877929688,65.0,65.55999755859375,16971000,1112618718.5668945
2022-04-28,64.66000366210938,66.27999877929688,64.5,66.19000244140625,22010600,1456881667.7368164
2022-04-29,65.87000274658203,66.02999877929688,64.48999786376953,64.61000061035156,20137100,1301058043.2907104
2022-05-02,65.27999877929688,65.30999755859375,62.58000183105469,63.439998626708984,24970300,1584115797.7085114
2022-05-03,63.720001220703125,63.939998626708984,62.66999816894531,63.08000183105469,21686300,1367971843.7088013
2022-05-04,63.0,65.12000274658203,62.939998626708984,65.02999877929688,19780200,1286306381.854248
2022-05-05,64.69000244140625,65.02999877929688,64.01000213623047,64.51000213623047,20155200,1300211995.0561523
2022-05-06,64.19999694824219,65.30999755859375,64.06999969482422,64.73999786376953,18984000,1229024119.4458008
2022-05-09,64.47000122070312,65.36000061035156,64.04000091552734,64.61000061035156,20055300,1295772945.2407837
2022-05-10,64.5,65.31999969482422,63.849998474121094,64.01000213623047,21322200,1364834067.5491333
2022-05-11,64.33000183105469,65.19999694824219,63.959999084472656,64.30999755859375,19648400,1263588556.0302734
2022-05-12,64.16000366210938,64.52999877929688,63.209999084472656,64.51000213623047,22574700,1456293945.224762
2022-05-13,64.80999755859375,65.80000305175781,64.12000274658203,65.72000122070312,16167000,1062495259.7351074
2022-05-16,65.44000244140625,66.37999725341797,65.44000244140625,65.95999908447266,13223200,872202259.8937988
2022-05-17,66.0999984741211,66.0999984741211,65.01000213623047,65.77999877929688,21300600,1401153441.998291
2022-05-18,65.41999816894531,65.5199966430664,60.959999084472656,61.20000076293945,31437300,1923962783.9847565
2022-05-19,60.959999084472656,60.959999084472656,59.65999984741211,60.0,31493900,1889634000.0
2022-05-20,60.4900016784668,61.2400016784668,59.65999984741211,60.97999954223633,29133800,1776579110.6636047
2022-05-23,61.650001525878906,63.099998474121094,61.59000015258789,62.86000061035156,19406900,1219917745.8450317
2022-05-24,62.880001068115234,64.19000244140625,62.75,64.0199966430664,16154200,1034191829.7714233
2022-05-25,64.0,64.47000122070312,63.599998474121094,64.06999969482422,15360500,984147230.3123474
2022-05-26,64.06999969482422,65.0999984741211,63.959999084472656,64.30000305175781,16159800,1039075189.3157959
2022-05-27,64.26000213623047,64.83000183105469,64.13999938964844,64.68000030517578,17709000,1145418125.404358
2022-05-31,64.08000183105469,64.31999969482422,63.04999923706055,63.380001068115234,43159000,2735417466.0987854
2022-06-01,63.41999816894531,63.68000030517578,62.130001068115234,63.06999969482422,15408300,971801476.29776
2022-06-02,63.18000030517578,63.7400016784668,62.11000061035156,63.72999954223633,14586000,929565773.3230591
2022-06-03,63.56999969482422,63.630001068115234,62.810001373291016,62.970001220703125,13539900,852607519.5281982
2022-06-06,63.33000183105469,63.77000045776367,62.65999984741211,62.869998931884766,15112800,950141719.8577881
2022-06-07,62.380001068115234,63.369998931884766,62.220001220703125,63.25,17886300,1131308475.0
2022-06-08,62.9900016784668,63.209999084472656,62.560001373291016,62.88999938964844,10211500,642201228.767395
2022-06-09,62.869998931884766,63.349998474121094,61.779998779296875,61.79999923706055,13382200,827019949.7901917
2022-06-10,61.0099983215332,61.88999938964844,60.459999084472656,61.40999984741211,14967600,919160313.7161255
2022-06-13,60.75,62.290000915527344,60.66999816894531,61.34000015258789,23064200,1414758031.5193176
2022-06-14,60.72999954223633,60.88999938964844,58.65999984741211,59.22999954223633,24620000,1458242588.7298584
2022-06-15,60.0,60.63999938964844,58.970001220703125,59.66999816894531,19684700,1174586012.9562378
2022-06-16,58.63999938964844,59.52000045776367,58.25,59.06999969482422,15053800,889227961.4059448
2022-06-17,59.70000076293945,60.130001068115234,59.130001068115234,59.43000030517578,34781900,2067088327.6145935
2022-06-21,59.4900016784668,60.880001068115234,59.0099983215332,60.70000076293945,17705000,1074693513.507843
2022-06-22,60.599998474121094,61.45000076293945,60.31999969482422,61.150001525878906,15207100,929914188.2041931
2022-06-23,61.29999923706055,61.90999984741211,61.22999954223633,61.880001068115234,17190900,1063772910.3618622
2022-06-24,62.11000061035156,63.060001373291016,62.11000061035156,63.040000915527344,18147100,1143993200.6141663
2022-06-27,62.97999954223633,63.290000915527344,62.630001068115234,62.90999984741211,12142100,763859509.1472626
2022-06-28,63.08000183105469,63.7599983215332,62.11000061035156,62.279998779296875,13150100,818988211.9476318
2022-06-29,62.540000915527344,63.11000061035156,62.43000030517578,62.72999954223633,11795500,739931709.6004486
2022-06-30,62.31999969482422,63.11000061035156,62.15999984741211,62.90999984741211,15514200,975998319.632721
2022-07-01,63.119998931884766,64.44999694824219,62.81999969482422,64.37999725341797,15143200,974919174.407959
2022-07-05,64.18000030517578,64.18000030517578,62.41999816894531,63.279998779296875,15921200,1007493516.5649414
2022-07-06,63.599998474121094,64.08999633789062,63.189998626708984,63.40999984741211,13450500,852896202.9476166
2022-07-07,63.2599983215332,63.58000183105469,62.70000076293945,62.90999984741211,14828400,932854641.7373657
2022-07-08,63.029998779296875,63.41999816894531,62.880001068115234,63.13999938964844,11311500,714208103.0960083
2022-07-11,62.9900016784668,63.459999084472656,62.59000015258789,62.939998626708984,12702100,799470156.5563202
2022-07-12,63.0,63.45000076293945,62.470001220703125,62.66999816894531,14731100,923198010.0265503
2022-07-13,62.33000183105469,63.0,61.97999954223633,62.380001068115234,13145300,820003828.0406952
2022-07-14,61.33000183105469,62.25,61.29999923706055,62.18000030517578,14433000,897443944.404602
2022-07-15,62.75,62.970001220703125,62.06999969482422,62.5,21968400,1373025000.0
2022-07-18,62.52000045776367,62.560001373291016,61.5099983215332,61.650001525878906,10780800,664636336.4501953
2022-07-19,62.09000015258789,62.650001525878906,61.93000030517578,62.529998779296875,10998200,687717432.5744629
2022-07-20,62.400001525878906,62.58000183105469,61.150001525878906,61.5,11010500,677145750.0
2022-07-21,61.2599983215332,61.880001068115234,60.790000915527344,61.36000061035156,11959600,733841063.2995605
2022-07-22,61.380001068115234,61.869998931884766,61.31999969482422,61.59000015258789,11644700,717197074.7768402
2022-07-25,61.54999923706055,62.29999923706055,61.310001373291016,62.189998626708984,14941700,929224302.4806976
2022-07-26,62.75,63.79999923706055,62.529998779296875,63.209999084472656,20118000,1271658761.581421
2022-07-27,62.880001068115234,63.189998626708984,61.790000915527344,63.0099983215332,12142900,765124108.6185455
2022-07-28,62.91999816894531,64.25,62.88999938964844,64.05999755859375,10837000,694218193.5424805
2022-07-29,63.709999084472656,64.29000091552734,63.630001068115234,64.16999816894531,13734200,881323588.8519287
2022-08-01,64.08999633789062,65.04000091552734,64.02999877929688,64.5199966430664,12831500,827888336.9255066
2022-08-02,64.58999633789062,64.5999984741211,63.43000030517578,63.63999938964844,15241900,969994506.6970825
2022-08-03,63.54999923706055,64.0999984741211,63.310001373291016,63.91999816894531,11317000,723382619.2779541
2022-08-04,63.63999938964844,63.72999954223633,62.91999816894531,63.66999816894531,11795600,751025830.4016113
2022-08-05,63.630001068115234,63.630001068115234,62.66999816894531,63.380001068115234,10445400,662029463.1568909
2022-08-08,63.5,63.810001373291016,62.75,62.970001220703125,9165200,577132655.1879883
2022-08-09,63.18000030517578,63.310001373291016,62.849998474121094,63.04999923706055,7910900,498782238.9644623
2022-08-10,63.630001068115234,63.790000915527344,63.099998474121094,63.650001525878906,8857300,563767158.5151672
2022-08-11,63.689998626708984,63.9900016784668,63.08000183105469,63.220001220703125,8507800,537863126.385498
2022-08-12,63.43000030517578,63.7599983215332,63.09000015258789,63.70000076293945,9489300,604468417.2397614
2022-08-15,63.63999938964844,64.69000244140625,63.56999969482422,64.5,9863300,636182850.0
2022-08-16,64.56999969482422,65.2300033569336,64.33000183105469,65.02999877929688,9569600,622311076.3183594
2022-08-17,64.83000183105469,65.22000122070312,64.76000213623047,64.87999725341797,8144000,528382697.63183594
2022-08-18,64.95999908447266,65.3499984741211,64.70999908447266,65.22000122070312,6532000,426017047.9736328
2022-08-19,65.20999908447266,65.47000122070312,64.95999908447266,65.16999816894531,8921100,581388070.664978
2022-08-22,64.83999633789062,64.91999816894531,63.9900016784668,64.19999694824219,9087900,583443152.2659302
2022-08-23,63.81999969482422,64.37000274658203,63.68000030517578,64.2699966430664,8443800,542682997.6547241
2022-08-24,64.23999786376953,64.58000183105469,64.05000305175781,64.36000061035156,6844700,440524896.17767334
2022-08-25,64.36000061035156,64.70999908447266,63.900001525878906,64.66999816894531,7913900,511791898.5092163
2022-08-26,64.7300033569336,64.80000305175781,62.97999954223633,63.11000061035156,10089500,636748351.1581421
2022-08-29,62.689998626708984,63.029998779296875,62.40999984741211,62.72999954223633,9115900,571840402.8270721
2022-08-30,62.90999984741211,62.90999984741211,61.9900016784668,62.150001525878906,8456800,525590132.90405273
2022-08-31,62.380001068115234,62.529998779296875,61.70000076293945,61.709999084472656,14633600,903039442.6025391
2022-09-01,61.58000183105469,62.040000915527344,61.290000915527344,62.0,14939700,926261400.0
2022-09-02,62.38999938964844,62.77000045776367,60.900001525878906,61.150001525878906,11809800,722169288.0203247
2022-09-06,61.290000915527344,61.970001220703125,60.9900016784668,61.18000030517578,12181800,745282527.7175903
2022-09-07,61.31999969482422,62.4900016784668,61.31999969482422,62.310001373291016,13290700,828143535.2519989
2022-09-08,62.08000183105469,62.29999923706055,61.34000015258789,62.119998931884766,17193500,1068060201.6353607
2022-09-09,62.16999816894531,62.880001068115234,61.86000061035156,62.31999969482422,11855900,738859684.3818665
2022-09-12,62.43000030517578,62.810001373291016,62.27000045776367,62.5,13026900,814181250.0
2022-09-13,62.20000076293945,62.220001220703125,60.279998779296875,60.470001220703125,18532800,1120678438.6230469
2022-09-14,60.63999938964844,61.08000183105469,60.439998626708984,60.790000915527344,12881600,783072475.793457
2022-09-15,60.400001525878906,60.400001525878906,59.36000061035156,59.529998779296875,11451900,681731593.0206299
2022-09-16,59.65999984741211,59.79999923706055,59.11000061035156,59.540000915527344,20493500,1220183008.7623596
2022-09-19,59.38999938964844,60.099998474121094,59.22999954223633,59.9900016784668,12596200,755646059.1423035
2022-09-20,59.68000030517578,60.029998779296875,59.31999969482422,59.900001525878906,11984600,717877558.2870483
2022-09-21,60.13999938964844,60.70000076293945,59.38999938964844,59.400001525878906,14165300,841418841.6145325
2022-09-22,59.54999923706055,59.72999954223633,59.20000076293945,59.2599983215332,11657600,690829356.4331055
2022-09-23,58.959999084472656,59.099998474121094,58.0,58.599998474121094,14824000,868686377.3803711
2022-09-26,58.4900016784668,58.56999969482422,57.689998626708984,57.869998931884766,18670100,1080438667.0581818
2022-09-27,58.08000183105469,58.369998931884766,56.310001373291016,56.380001068115234,23829300,1343495959.4524384
2022-09-28,56.65999984741211,57.25,55.90999984741211,56.97999954223633,21480100,1223936088.1671906
2022-09-29,57.09000015258789,57.290000915527344,56.0,56.56999969482422,14570700,824264494.5533752
2022-09-30,56.869998931884766,57.130001068115234,56.0,56.02000045776367,16124600,903300099.3812561
2022-10-03,56.36000061035156,56.849998474121094,56.060001373291016,56.650001525878906,16277600,922126064.8376465
2022-10-04,56.95000076293945,57.810001373291016,56.459999084472656,56.779998779296875,18861400,1070950268.9758301
2022-10-05,56.5,56.650001525878906,55.5099983215332,56.2400016784668,14324900,805632400.043869
2022-10-06,56.0,56.099998474121094,54.869998931884766,55.029998779296875,17192800,946119763.0126953
2022-10-07,54.9900016784668,55.09000015258789,54.25,54.5099983215332,11479800,625763878.7315369
2022-10-10,54.599998474121094,54.959999084472656,54.02000045776367,54.38999938964844,10239100,556904642.7505493
2022-10-11,54.459999084472656,55.220001220703125,54.2400016784668,54.47999954223633,14303900,779276465.4521942
2022-10-12,55.22999954223633,56.040000915527344,55.040000915527344,55.13999938964844,18377400,1013329824.7833252
2022-10-13,54.47999954223633,56.08000183105469,54.2599983215332,55.869998931884766,16220700,906250491.6744232
2022-10-14,56.290000915527344,56.470001220703125,54.939998626708984,54.97999954223633,15997900,879564534.6767426
2022-10-17,55.630001068115234,56.220001220703125,55.56999969482422,55.689998626708984,13721400,764144747.1565247
2022-10-18,56.310001373291016,56.779998779296875,56.099998474121094,56.439998626708984,11823100,667295747.763443
2022-10-19,56.310001373291016,56.540000915527344,55.72999954223633,55.959999084472656,10182300,569801498.6778259
2022-10-20,55.77000045776367,55.91999816894531,54.959999084472656,55.08000183105469,16905100,931132938.9541626
2022-10-21,55.0,56.11000061035156,54.9900016784668,55.959999084472656,15034100,841308222.2358704
2022-10-24,56.63999938964844,57.72999954223633,56.56999969482422,57.56999969482422,17416700,1002679413.684845
2022-10-25,59.040000915527344,59.11000061035156,57.75,58.95000076293945,28829900,1699522626.9954681
2022-10-26,59.0099983215332,59.779998779296875,58.86000061035156,59.38999938964844,15831400,940226836.3372803
2022-10-27,59.77000045776367,59.84000015258789,59.380001068115234,59.529998779296875,16026100,954033713.4368896
2022-10-28,59.56999969482422,60.90999984741211,59.470001220703125,60.7599983215332,12888900,783129542.3664093
2022-10-31,60.5099983215332,60.56999969482422,59.66999816894531,59.849998474121094,14016400,838881518.6126709
2022-11-01,60.029998779296875,60.290000915527344,59.369998931884766,59.63999938964844,10659500,635732573.4939575
2022-11-02,59.63999938964844,60.22999954223633,58.77000045776367,58.810001373291016,14549200,855638471.9802856
2022-11-03,58.11000061035156,59.0,58.099998474121094,58.779998779296875,9194000,540423308.7768555
2022-11-04,59.29999923706055,59.59000015258789,58.560001373291016,59.2599983215332,9725900,576356817.6753998
2022-11-07,59.2599983215332,59.77000045776367,59.2400016784668,59.4900016784668,8849700,526468667.8539276
2022-11-08,59.75,59.790000915527344,58.939998626708984,59.599998474121094,10081600,600863344.6166992
2022-11-09,59.59000015258789,59.63999938964844,58.75,58.77000045776367,10115200,594470308.6303711
2022-11-10,60.25,61.040000915527344,59.68000030517578,60.880001068115234,16804800,1023076241.9494629
2022-11-11,61.369998931884766,61.45000076293945,60.209999084472656,61.31999969482422,18972100,1163369166.2101746
2022-11-14,61.31999969482422,61.720001220703125,60.709999084472656,60.72999954223633,16361000,993603522.5105286
2022-11-15,61.130001068115234,61.45000076293945,60.0,60.630001068115234,13295800,806124368.2014465
2022-11-16,60.790000915527344,61.029998779296875,60.290000915527344,60.52000045776367,14199500,859353746.5000153
2022-11-17,60.189998626708984,60.7400016784668,60.130001068115234,60.709999084472656,11212600,680716935.7345581
2022-11-18,60.9900016784668,61.369998931884766,60.79999923706055,61.13999938964844,10415600,636809777.6428223
2022-11-21,61.40999984741211,62.209999084472656,61.20000076293945,62.08000183105469,15399400,955994780.1971436
2022-11-22,62.470001220703125,62.5,62.04999923706055,62.349998474121094,12319600,768127041.2017822
2022-11-23,62.4900016784668,62.790000915527344,62.29999923706055,62.630001068115234,8990400,563068761.6027832
2022-11-25,62.72999954223633,62.810001373291016,62.380001068115234,62.689998626708984,5165500,323825187.90626526
2022-11-28,62.689998626708984,63.099998474121094,62.560001373291016,62.70000076293945,12267500,769172259.3593597
2022-11-29,62.52000045776367,62.56999969482422,61.97999954223633,62.47999954223633,10969600,685380602.9785156
2022-11-30,62.0099983215332,63.68000030517578,61.75,63.61000061035156,30433900,1935900397.5753784
2022-12-01,63.61000061035156,64.11000061035156,63.43000030517578,63.790000915527344,12001400,765569316.9876099
2022-12-02,63.61000061035156,64.5199966430664,63.400001525878906,64.3499984741211,13643500,877959204.1816711
2022-12-05,63.40999984741211,63.79999923706055,63.2599983215332,63.470001220703125,9185100,582978308.2122803
2022-12-06,63.52000045776367,63.880001068115234,63.22999954223633,63.439998626708984,10099500,640712266.1304474
2022-12-07,63.45000076293945,63.720001220703125,63.25,63.540000915527344,12307600,782024915.2679443
2022-12-08,63.599998474121094,63.849998474121094,63.349998474121094,63.810001373291016,9946200,634667035.6590271
2022-12-09,63.61000061035156,63.84000015258789,63.09000015258789,63.13999938964844,13914900,878586777.507019
2022-12-12,63.29999923706055,64.01000213623047,63.0099983215332,63.970001220703125,11647900,745116177.2186279
2022-12-13,64.58999633789062,64.69999694824219,63.79999923706055,63.9900016784668,17521600,1121207213.4094238
2022-12-14,64.19000244140625,64.6500015258789,63.56999969482422,63.9900016784668,12826700,820780554.5291901
2022-12-15,63.59000015258789,63.88999938964844,62.4900016784668,63.11000061035156,12212300,770718260.4537964
2022-12-16,62.75,63.13999938964844,62.33000183105469,62.75,33631500,2110376625.0
2022-12-19,62.83000183105469,63.40999984741211,62.470001220703125,62.84000015258789,10919700,686193949.666214
2022-12-20,62.81999969482422,63.150001525878906,62.75,62.790000915527344,10286500,645889344.417572
2022-12-21,63.06999969482422,64.05000305175781,63.06999969482422,63.79999923706055,10411300,664240932.0568085
2022-12-22,63.41999816894531,63.59000015258789,62.650001525878906,63.34000015258789,9666700,612288779.4750214
2022-12-23,63.5,63.869998931884766,63.20000076293945,63.81999969482422,6463300,412487804.0275574
2022-12-27,63.93000030517578,64.29000091552734,63.709999084472656,64.20999908447266,7320700,470062140.297699
2022-12-28,64.45999908447266,64.6500015258789,63.4900016784668,63.56999969482422,7159400,455123055.8151245
2022-12-29,63.79999923706055,64.1500015258789,63.70000076293945,63.95000076293945,7169300,458476740.4697418
2022-12-30,63.91999816894531,63.91999816894531,63.16999816894531,63.61000061035156,7650200,486629226.6693115
2023-01-03,63.560001373291016,63.560001373291016,62.18000030517578,62.95000076293945,12180500,766762484.292984
2023-01-04,63.150001525878906,63.33000183105469,62.5099983215332,62.91999816894531,13387900,842366643.486023
2023-01-05,62.599998474121094,62.79999923706055,62.08000183105469,62.20000076293945,9814700,610474347.4880219
2023-01-06,62.90999984741211,63.66999816894531,62.58000183105469,63.400001525878906,9990000,633366015.2435303
2023-01-09,63.29999923706055,63.720001220703125,62.58000183105469,62.61000061035156,9442600,591201191.7633057
2023-01-10,62.599998474121094,62.72999954223633,61.91999816894531,62.130001068115234,10134600,629662708.8249207
2023-01-11,62.380001068115234,62.560001373291016,61.40999984741211,62.0099983215332,10823000,671134211.8339539
2023-01-12,62.11000061035156,62.18000030517578,60.970001220703125,61.209999084472656,13907300,851265820.2674866
2023-01-13,60.70000076293945,61.459999084472656,60.59000015258789,61.43000030517578,13986400,859184556.2683105
2023-01-17,61.72999954223633,62.380001068115234,61.560001373291016,61.68000030517578,18327800,1130458709.5932007
2023-01-18,61.5099983215332,61.59000015258789,59.68000030517578,59.810001373291016,19679400,1177024941.0255432
2023-01-19,59.72999954223633,60.63999938964844,59.709999084472656,59.720001220703125,14894500,889499558.1817627
2023-01-20,59.720001220703125,60.09000015258789,59.400001525878906,60.08000183105469,14237700,855401042.0700073
2023-01-23,60.279998779296875,60.56999969482422,60.04999923706055,60.22999954223633,12613400,759705076.2260437
2023-01-24,60.08000183105469,61.849998474121094,59.79999923706055,60.54999923706055,10103300,611754807.2917938
2023-01-25,60.20000076293945,60.939998626708984,59.88999938964844,60.93000030517578,11265800,686425197.4380493
2023-01-26,60.810001373291016,61.099998474121094,60.56999969482422,60.810001373291016,11884800,722714704.3212891
2023-01-27,60.84000015258789,60.959999084472656,60.369998931884766,60.4900016784668,14087000,852122653.6445618
2023-01-30,60.540000915527344,61.16999816894531,60.459999084472656,60.63999938964844,15632000,947924470.4589844
2023-01-31,60.97999954223633,61.34000015258789,60.5099983215332,61.31999969482422,14344400,879598603.6224365
2023-02-01,61.13999938964844,61.58000183105469,60.619998931884766,61.33000183105469,12535400,768796104.9530029
2023-02-02,60.79999923706055,61.02000045776367,59.90999984741211,60.279998779296875,16947200,1021577195.3125
2023-02-03,60.349998474121094,60.41999816894531,59.22999954223633,59.83000183105469,15404400,921645280.2062988
2023-02-06,59.790000915527344,60.34000015258789,59.720001220703125,60.16999816894531,11330900,681780232.2525024
2023-02-07,59.66999816894531,60.2400016784668,59.540000915527344,60.06999969482422,14922700,896406584.4459534
2023-02-08,59.91999816894531,59.91999816894531,59.59000015258789,59.720001220703125,11012000,657636653.4423828
2023-02-09,60.150001525878906,60.31999969482422,59.599998474121094,59.619998931884766,12515300,746162172.6322174
2023-02-10,59.720001220703125,59.900001525878906,58.880001068115234,59.619998931884766,14420700,859762118.5970306
2023-02-13,59.900001525878906,60.7599983215332,59.72999954223633,60.599998474121094,16191800,981223055.2932739
2023-02-14,60.209999084472656,60.900001525878906,59.560001373291016,59.59000015258789,20505700,1221934666.1289215
2023-02-15,59.900001525878906,59.93000030517578,59.22999954223633,59.59000015258789,13171400,784883728.0097961
2023-02-16,59.22999954223633,59.81999969482422,58.95000076293945,59.220001220703125,16538300,979398146.1883545
2023-02-17,59.5,60.22999954223633,59.380001068115234,60.119998931884766,16814700,1010899746.0399628
2023-02-21,59.9900016784668,60.22999954223633,59.720001220703125,59.79999923706055,14278300,853842329.1065216
2023-02-22,59.849998474121094,60.36000061035156,59.75,59.97999954223633,12409600,744327802.3193359
2023-02-23,60.0099983215332,60.41999816894531,59.810001373291016,60.09000015258789,12222800,734468053.8650513
2023-02-24,59.68000030517578,59.90999984741211,59.38999938964844,59.84000015258789,9736200,582614209.4856262
2023-02-27,60.18000030517578,60.29999923706055,59.7400016784668,59.81999969482422,8849800,529395033.2992554
2023-02-28,59.70000076293945,59.70000076293945,59.13999938964844,59.5099983215332,16082200,957051695.0065613
2023-03-01,59.130001068115234,59.18000030517578,58.369998931884766,58.86000061035156,13275800,781413596.1029053
2023-03-02,58.84000015258789,59.779998779296875,58.79999923706055,59.720001220703125,11758300,702205690.3533936
2023-03-03,59.54999923706055,59.68000030517578,59.209999084472656,59.439998626708984,13101800,778770974.0074158
2023-03-06,59.2599983215332,60.380001068115234,59.220001220703125,60.36000061035156,16282700,982823781.9381714
2023-03-07,60.4900016784668,60.56999969482422,59.75,60.0099983215332,13961200,837811588.5665894
2023-03-08,60.040000915527344,60.33000183105469,59.72999954223633,60.040000915527344,10851600,651530073.9349365
2023-03-09,60.540000915527344,60.540000915527344,59.279998779296875,59.459999084472656,13900900,826547501.273346
2023-03-10,59.70000076293945,60.13999938964844,58.9900016784668,59.209999084472656,13745800,813888805.4153442
2023-03-13,59.290000915527344,60.869998931884766,59.25,59.810001373291016,21956000,1313188390.1519775
2023-03-14,60.0,60.459999084472656,59.349998474121094,60.029998779296875,19496900,1170398883.2000732
2023-03-15,59.43000030517578,60.47999954223633,59.2400016784668,60.43000030517578,21089900,1274462663.4361267
2023-03-16,60.09000015258789,60.34000015258789,59.70000076293945,60.29999923706055,15658300,944195478.0536652
2023-03-17,60.310001373291016,60.349998474121094,59.63999938964844,60.02000045776367,27351200,1641619036.5203857
2023-03-20,60.15999984741211,60.599998474121094,59.970001220703125,60.599998474121094,12904100,781988440.309906
2023-03-21,60.56999969482422,60.75,59.880001068115234,60.31999969482422,13716500,827379275.8140564
2023-03-22,60.400001525878906,60.869998931884766,60.029998779296875,60.04999923706055,10494200,630176701.9935608
2023-03-23,60.09000015258789,60.38999938964844,59.720001220703125,59.91999816894531,15479000,927501651.6571045
2023-03-24,60.25,61.02000045776367,59.90999984741211,60.900001525878906,12975600,790214059.7991943
2023-03-27,61.13999938964844,61.47999954223633,60.95000076293945,61.349998474121094,12777400,783893470.5032349
2023-03-28,61.38999938964844,61.7400016784668,61.27000045776367,61.41999816894531,10925700,671056473.9944458
2023-03-29,61.720001220703125,61.95000076293945,61.59000015258789,61.86000061035156,9441000,584020265.7623291
2023-03-30,61.880001068115234,62.09000015258789,61.65999984741211,61.849998474121094,9870700,610502779.9385071
2023-03-31,62.060001373291016,62.25,61.869998931884766,62.029998779296875,14440900,895769009.3719482
2023-04-03,62.29999923706055,62.52000045776367,61.86000061035156,62.400001525878906,12300700,767563698.7693787
2023-04-04,62.38999938964844,62.7400016784668,62.08000183105469,62.209999084472656,11433400,711271803.5324097
2023-04-05,62.529998779296875,63.02000045776367,62.5,62.79999923706055,12789600,803186870.2423096
2023-04-06,62.86000061035156,63.040000915527344,62.380001068115234,62.84000015258789,9644200,606041529.4715881
2023-04-10,62.4900016784668,62.689998626708984,62.02000045776367,62.689998626708984,7952600,498548483.07876587
2023-04-11,62.650001525878906,62.709999084472656,62.400001525878906,62.58000183105469,9913000,620355558.1512451
2023-04-12,62.47999954223633,63.029998779296875,62.310001373291016,62.689998626708984,9593700,601429039.825058
2023-04-13,62.7599983215332,63.15999984741211,62.47999954223633,63.150001525878906,9871400,623378925.062561
2023-04-14,63.04999923706055,63.150001525878906,62.779998779296875,63.04999923706055,8946000,564045293.1747437
2023-04-17,63.31999969482422,63.529998779296875,63.13999938964844,63.459999084472656,9452400,599849295.3460693
2023-04-18,63.5099983215332,63.599998474121094,63.189998626708984,63.560001373291016,9035700,574309104.4086456
2023-04-19,63.72999954223633,63.83000183105469,63.43000030517578,63.68000030517578,9769500,622121762.9814148
2023-04-20,63.630001068115234,64.0,63.439998626708984,63.959999084472656,10706400,684781334.197998
2023-04-21,64.0,64.2699966430664,63.79999923706055,64.05000305175781,12931100,828236994.4625854
2023-04-24,64.75,64.98999786376953,63.619998931884766,63.95000076293945,15532300,993290596.8502045
2023-04-25,64.16999816894531,64.16999816894531,63.630001068115234,63.849998474121094,12818900,818486745.4399109
2023-04-26,63.560001373291016,63.77000045776367,63.38999938964844,63.54999923706055,13179600,837563569.9447632
2023-04-27,63.529998779296875,63.7599983215332,63.11000061035156,63.68000030517578,13795800,878516548.210144
2023-04-28,63.61000061035156,64.16000366210938,63.47999954223633,64.1500015258789,13687600,878059560.8856201
2023-05-01,64.1500015258789,64.69000244140625,64.05999755859375,64.30000305175781,9091500,584583477.7450562
2023-05-02,64.13999938964844,64.13999938964844,63.27000045776367,64.01000213623047,10948400,700807107.3883057
2023-05-03,64.0199966430664,64.18000030517578,63.58000183105469,63.650001525878906,11084600,705534806.9137573
2023-05-04,63.7400016784668,63.93000030517578,63.5099983215332,63.720001220703125,11938300,760708490.5731201
2023-05-05,63.63999938964844,64.20999908447266,63.630001068115234,64.0199966430664,9039000,578676749.6566772
2023-05-08,63.810001373291016,64.05999755859375,63.61000061035156,63.91999816894531,7240700,462825530.7418823
2023-05-09,63.63999938964844,63.75,63.279998779296875,63.38999938964844,9067700,574801497.4655151
2023-05-10,63.31999969482422,63.63999938964844,62.9900016784668,63.5,10134000,643509000.0
2023-05-11,63.58000183105469,63.93000030517578,63.0099983215332,63.86000061035156,9581500,611874595.8480835
2023-05-12,63.86000061035156,64.19000244140625,63.70000076293945,64.11000061035156,8740800,560372693.3349609
2023-05-15,64.22000122070312,64.25,63.709999084472656,63.939998626708984,8150000,521110988.8076782
2023-05-16,63.900001525878906,63.900001525878906,63.15999984741211,63.220001220703125,9129600,577173323.1445312
2023-05-17,63.400001525878906,63.41999816894531,62.72999954223633,63.150001525878906,11583000,731466467.6742554
2023-05-18,63.0099983215332,63.040000915527344,62.56999969482422,62.79999923706055,13595100,853772269.6277618
2023-05-19,63.040000915527344,63.099998474121094,62.61000061035156,62.83000183105469,14251400,895415488.0950928
2023-05-22,62.790000915527344,62.869998931884766,61.439998626708984,61.5099983215332,15055400,926057628.730011
2023-05-23,61.5099983215332,61.66999816894531,61.16999816894531,61.400001525878906,13932700,855467801.259613
2023-05-24,61.380001068115234,61.43000030517578,60.720001220703125,60.880001068115234,11090100,675165299.8455048
2023-05-25,60.470001220703125,60.72999954223633,60.150001525878906,60.40999984741211,14463600,873746073.7930298
2023-05-26,60.45000076293945,60.63999938964844,60.11000061035156,60.2599983215332,12570300,757486256.9011688
2023-05-30,60.09000015258789,60.20000076293945,59.52000045776367,59.779998779296875,15634200,934612456.9152832
2023-05-31,59.91999816894531,60.279998779296875,59.369998931884766,59.65999984741211,59432200,3545725042.931366
2023-06-01,59.939998626708984,60.16999816894531,59.77000045776367,60.0,13402700,804162000.0
2023-06-02,60.27000045776367,61.31999969482422,60.08000183105469,61.15999984741211,15259800,933289365.6715393
2023-06-05,61.0,61.439998626708984,60.54999923706055,60.75,12915600,784622700.0
2023-06-06,60.95000076293945,60.9900016784668,60.119998931884766,60.310001373291016,10943500,660002500.0286102
2023-06-07,60.0099983215332,60.36000061035156,59.81999969482422,60.220001220703125,16817900,1012773958.5296631
2023-06-08,60.130001068115234,60.40999984741211,59.97999954223633,60.369998931884766,15585900,940920766.3524628
2023-06-09,60.27000045776367,60.66999816894531,60.16999816894531,60.470001220703125,12581500,760803320.3582764
2023-06-12,60.59000015258789,60.650001525878906,60.02000045776367,60.209999084472656,14208900,855517855.9913635
2023-06-13,60.209999084472656,60.66999816894531,60.040000915527344,60.45000076293945,13397800,809897020.2217102
2023-06-14,60.72999954223633,61.08000183105469,60.599998474121094,60.86000061035156,14099700,858107750.6057739
2023-06-15,60.61000061035156,61.29999923706055,60.34000015258789,61.22999954223633,15271400,935067815.0093079
2023-06-16,61.599998474121094,62.16999816894531,61.47999954223633,61.66999816894531,26738000,1648932411.0412598
2023-06-20,61.59000015258789,61.959999084472656,61.2400016784668,61.2599983215332,13971800,855912444.5487976
2023-06-21,61.310001373291016,61.720001220703125,60.97999954223633,61.43000030517578,13948700,856868645.2568054
2023-06-22,61.810001373291016,62.099998474121094,61.59000015258789,61.849998474121094,15193400,939711766.8167114
2023-06-23,61.939998626708984,61.970001220703125,61.18000030517578,61.20000076293945,25112100,1536860539.1590118
2023-06-26,61.209999084472656,61.290000915527344,60.38999938964844,61.220001220703125,12856100,787050457.6934814
2023-06-27,61.220001220703125,61.36000061035156,60.97999954223633,61.09000015258789,9068500,553994666.3837433
2023-06-28,60.880001068115234,61.040000915527344,60.400001525878906,60.52000045776367,11173200,676202069.114685
2023-06-29,60.220001220703125,60.349998474121094,59.77000045776367,60.02000045776367,17142300,1028880853.8471222
2023-06-30,60.0,60.349998474121094,59.869998931884766,60.220001220703125,19739200,1188694648.0957031
2023-07-03,60.20000076293945,60.630001068115234,60.029998779296875,60.58000183105469,9694500,587292827.7511597
2023-07-05,60.279998779296875,61.099998474121094,60.15999984741211,61.029998779296875,14716600,898154080.0354004
2023-07-06,60.72999954223633,61.02000045776367,60.5,60.560001373291016,12603900,763292201.3088226
2023-07-07,60.310001373291016,60.5,59.72999954223633,59.7599983215332,14574000,870942215.5380249
2023-07-10,59.970001220703125,60.150001525878906,59.13999938964844,59.310001373291016,15480600,918154407.2593689
2023-07-11,59.459999084472656,59.560001373291016,58.84000015258789,59.52000045776367,15967700,950397511.309433
2023-07-12,59.75,60.04999923706055,59.45000076293945,59.84000015258789,14241300,852199394.1730499
2023-07-13,60.119998931884766,60.459999084472656,59.97999954223633,60.349998474121094,11269800,680132412.8036499
2023-07-14,60.13999938964844,61.040000915527344,60.09000015258789,60.900001525878906,11634200,708522797.7523804
2023-07-17,60.7599983215332,61.099998474121094,60.4900016784668,60.810001373291016,10014300,608969596.7525482
2023-07-18,60.959999084472656,61.25,60.40999984741211,60.56999969482422,11152900,675531149.596405
2023-07-19,60.77000045776367,61.790000915527344,60.68000030517578,61.63999938964844,12936000,797375032.1044922
2023-07-20,61.68000030517578,62.40999984741211,61.66999816894531,62.38999938964844,11563000,721415562.9425049
2023-07-21,62.459999084472656,62.68000030517578,62.2400016784668,62.439998626708984,12815100,800174826.4011383
2023-07-24,62.41999816894531,62.810001373291016,62.400001525878906,62.459999084472656,10251100,640283696.6148376
2023-07-25,62.29999923706055,62.38999938964844,62.04999923706055,62.25,13422700,835563075.0
2023-07-26,61.86000061035156,63.16999816894531,61.38999938964844,63.04999923706055,17145500,1081023761.9190216
2023-07-27,63.04999923706055,63.27000045776367,62.380001068115234,62.439998626708984,11517100,719127708.18367
2023-07-28,62.59000015258789,62.77000045776367,62.220001220703125,62.47999954223633,9721800,607418059.5497131
2023-07-31,62.45000076293945,62.45000076293945,61.72999954223633,61.93000030517578,15577900,964739351.7539978
2023-08-01,62.09000015258789,62.36000061035156,61.619998931884766,61.77000045776367,9281600,573324436.2487793
2023-08-02,61.560001373291016,62.59000015258789,61.560001373291016,61.959999084472656,11059400,685240413.8748169
2023-08-03,61.869998931884766,62.119998931884766,61.529998779296875,61.63999938964844,8037400,495425331.09436035
2023-08-04,61.68000030517578,61.88999938964844,60.619998931884766,60.709999084472656,9359300,568203094.4313049
2023-08-07,60.790000915527344,61.33000183105469,60.7400016784668,61.189998626708984,6982600,427265284.41085815
2023-08-08,61.189998626708984,61.349998474121094,60.619998931884766,60.91999816894531,7956100,484685597.4319458
2023-08-09,60.90999984741211,61.630001068115234,60.75,61.060001373291016,7904100,482624356.8546295
2023-08-10,61.349998474121094,61.72999954223633,60.790000915527344,60.91999816894531,7870300,479458661.5890503
2023-08-11,60.84000015258789,61.20000076293945,60.689998626708984,61.16999816894531,8483900,518960147.46551514
2023-08-14,61.31999969482422,61.47999954223633,60.75,60.880001068115234,7176300,436893151.66511536
2023-08-15,60.689998626708984,60.900001525878906,60.369998931884766,60.470001220703125,7187400,434622086.77368164
2023-08-16,60.540000915527344,60.81999969482422,60.400001525878906,60.47999954223633,8372300,506356700.1674652
2023-08-17,60.58000183105469,61.02000045776367,60.45000076293945,60.61000061035156,12873500,780262842.8573608
2023-08-18,60.540000915527344,61.09000015258789,60.369998931884766,60.95000076293945,11083800,675557618.4562683
2023-08-21,60.86000061035156,60.93000030517578,60.31999969482422,60.43000030517578,8648500,522628857.63931274
2023-08-22,60.34000015258789,60.58000183105469,59.97999954223633,60.060001373291016,9411500,565254702.9247284
2023-08-23,60.20000076293945,60.439998626708984,60.15999984741211,60.27000045776367,7749500,467062368.5474396
2023-08-24,60.27000045776367,60.880001068115234,60.09000015258789,60.11000061035156,8955100,538291066.4657593
2023-08-25,60.40999984741211,60.56999969482422,60.0099983215332,60.38999938964844,7629200,460727383.34350586
2023-08-28,60.54999923706055,60.72999954223633,60.369998931884766,60.560001373291016,6254300,378760416.588974
2023-08-29,60.560001373291016,60.630001068115234,60.150001525878906,60.5,8189600,495470800.0
2023-08-30,60.63999938964844,60.7400016784668,60.290000915527344,60.470001220703125,9447900,571314524.533081
2023-08-31,60.29999923706055,60.470001220703125,59.810001373291016,59.83000183105469,14663500,877317231.8496704
2023-09-01,60.0,60.130001068115234,59.119998931884766,59.310001373291016,11262300,667967028.4664154
2023-09-05,59.25,59.31999969482422,58.66999816894531,58.81999969482422,12474600,733755968.1930542
2023-09-06,58.619998931884766,58.83000183105469,58.41999816894531,58.779998779296875,13923500,818423313.00354
2023-09-07,58.95000076293945,59.15999984741211,58.29999923706055,58.33000183105469,17628600,1028276270.2789307
2023-09-08,58.29999923706055,58.40999984741211,58.0099983215332,58.33000183105469,14312300,834836485.206604
2023-09-11,58.400001525878906,58.9900016784668,58.22999954223633,58.880001068115234,14767400,869504527.7732849
2023-09-12,58.9900016784668,59.0,58.189998626708984,58.29999923706055,12292700,716664400.6214142
2023-09-13,58.400001525878906,58.68000030517578,58.34000015258789,58.439998626708984,12641400,738763398.639679
2023-09-14,58.2400016784668,58.59000015258789,58.189998626708984,58.459999084472656,12311600,719736124.7283936
2023-09-15,58.40999984741211,58.63999938964844,57.75,57.939998626708984,55727500,3228851273.469925
2023-09-18,57.97999954223633,58.349998474121094,57.630001068115234,58.29999923706055,13617400,793894409.6107483
2023-09-19,58.2599983215332,58.38999938964844,57.91999816894531,58.18000030517578,11998900,698096005.6617737
2023-09-20,58.29999923706055,58.83000183105469,58.08000183105469,58.439998626708984,14766600,862960083.7211609
2023-09-21,58.369998931884766,58.41999816894531,57.41999816894531,57.540000915527344,15941800,917291186.5951538
2023-09-22,57.849998474121094,57.970001220703125,57.5,57.599998474121094,14644100,843500137.6548767
2023-09-25,57.400001525878906,57.4900016784668,56.7400016784668,57.0,12358800,704451600.0
2023-09-26,56.72999954223633,56.900001525878906,56.400001525878906,56.529998779296875,11194700,632836377.3345947
2023-09-27,56.41999816894531,56.529998779296875,55.68000030517578,55.95000076293945,13766300,770224495.5028534
2023-09-28,56.22999954223633,56.31999969482422,55.70000076293945,55.810001373291016,12484800,696776705.1452637
2023-09-29,56.13999938964844,56.27000045776367,55.619998931884766,55.97999954223633,12271600,686964162.3825073
2023-10-02,55.90999984741211,56.0099983215332,55.08000183105469,55.47999954223633,11792500,654247894.6018219
2023-10-03,55.15999984741211,55.43000030517578,54.779998779296875,54.880001068115234,13604200,746598510.5308533
2023-10-04,54.88999938964844,55.279998779296875,54.709999084472656,55.040000915527344,12100500,666011531.0783386
2023-10-05,54.7400016784668,54.95000076293945,52.2400016784668,52.380001068115234,29878100,1565014909.9132538
2023-10-06,52.040000915527344,53.290000915527344,51.54999923706055,53.13999938964844,30298900,1610083527.507019
2023-10-09,52.959999084472656,53.150001525878906,52.11000061035156,52.880001068115234,15704700,830464552.7744293
2023-10-10,54.130001068115234,54.33000183105469,53.560001373291016,54.029998779296875,20909700,1129751065.4754639
2023-10-11,54.220001220703125,54.279998779296875,53.02000045776367,53.709999084472656,21138900,1135370299.646759
2023-10-12,53.7599983215332,53.83000183105469,52.43000030517578,52.810001373291016,19330400,1020838450.5462646
2023-10-13,52.7400016784668,53.41999816894531,52.63999938964844,52.88999938964844,14494600,766619385.1531982
2023-10-16,53.02000045776367,53.560001373291016,52.84000015258789,53.43000030517578,12816800,684801627.911377
2023-10-17,53.310001373291016,54.099998474121094,53.209999084472656,54.06999969482422,16457200,889840798.9776611
2023-10-18,54.099998474121094,54.529998779296875,53.91999816894531,54.04999923706055,12809500,692353465.2271271
2023-10-19,54.15999984741211,54.7599983215332,53.86000061035156,54.349998474121094,16202200,880589545.2774048
2023-10-20,54.529998779296875,55.02000045776367,54.439998626708984,54.56999969482422,15686400,856006843.2128906
2023-10-23,54.380001068115234,54.88999938964844,54.04999923706055,54.08000183105469,21212700,1147182854.8416138
2023-10-24,55.650001525878906,56.16999816894531,55.29999923706055,55.63999938964844,25290800,1407180096.5637207
2023-10-25,55.7599983215332,56.220001220703125,55.560001373291016,56.119998931884766,16701000,937260102.1614075
2023-10-26,56.369998931884766,56.630001068115234,55.720001220703125,55.779998779296875,16228400,905220132.1899414
2023-10-27,55.54999923706055,56.13999938964844,55.099998474121094,55.2400016784668,13626500,752727882.8716278
2023-10-30,55.43000030517578,56.279998779296875,55.41999816894531,56.150001525878906,15014300,843052967.9100037
2023-10-31,56.56999969482422,56.720001220703125,56.150001525878906,56.4900016784668,16639400,939959733.9286804
2023-11-01,56.79999923706055,56.880001068115234,56.2599983215332,56.439998626708984,14110800,796413532.6217651
2023-11-02,56.5,57.150001525878906,56.36000061035156,57.09000015258789,13087200,747148249.9969482
2023-11-03,57.400001525878906,57.59000015258789,56.70000076293945,56.7400016784668,13958700,792016661.4292145
2023-11-06,56.779998779296875,57.279998779296875,56.7400016784668,56.970001220703125,12673200,721992219.4702148
2023-11-07,56.91999816894531,57.400001525878906,56.72999954223633,57.18000030517578,10449300,597490977.1888733
2023-11-08,57.31999969482422,57.470001220703125,56.91999816894531,57.09000015258789,13744000,784644962.097168
2023-11-09,57.029998779296875,57.13999938964844,56.369998931884766,56.65999984741211,12021100,681115524.1657257
2023-11-10,56.869998931884766,56.93000030517578,56.060001373291016,56.720001220703125,11678900,662427222.2564697
2023-11-13,56.619998931884766,57.099998474121094,56.599998474121094,56.93000030517578,12798200,728601529.9057007
2023-11-14,57.02000045776367,57.2400016784668,56.810001373291016,57.099998474121094,12697100,725004390.6257629
2023-11-15,57.29999923706055,57.34000015258789,56.75,57.209999084472656,10201900,583650689.6598816
2023-11-16,57.25,57.529998779296875,56.810001373291016,57.150001525878906,16010400,914994384.4299316
2023-11-17,57.189998626708984,57.34000015258789,56.70000076293945,57.2599983215332,14475800,828884283.7028503
2023-11-20,57.04999923706055,57.58000183105469,56.959999084472656,57.400001525878906,13051000,749127419.9142456
2023-11-21,57.459999084472656,58.040000915527344,57.33000183105469,58.029998779296875,13891600,806129531.0424805
2023-11-22,58.2599983215332,58.540000915527344,58.130001068115234,58.41999816894531,11320600,661349431.2713623
2023-11-24,58.459999084472656,58.75,58.34000015258789,58.56999969482422,4816000,282073118.53027344
2023-11-27,58.540000915527344,58.689998626708984,58.27000045776367,58.459999084472656,16246500,949770375.125885
2023-11-28,58.400001525878906,58.83000183105469,58.36000061035156,58.58000183105469,13739600,804865793.157959
2023-11-29,58.58000183105469,58.66999816894531,58.099998474121094,58.22999954223633,11263600,655879422.8439331
2023-11-30,57.959999084472656,58.459999084472656,57.599998474121094,58.439998626708984,22727500,1328195068.7885284
2023-12-01,58.27000045776367,58.689998626708984,58.2400016784668,58.63999938964844,15371200,901367158.6181641
2023-12-04,58.59000015258789,58.959999084472656,58.439998626708984,58.56999969482422,14942200,875164649.4400024
2023-12-05,58.54999923706055,58.83000183105469,58.41999816894531,58.65999984741211,11891500,697555388.1855011
2023-12-06,58.560001373291016,58.72999954223633,58.209999084472656,58.599998474121094,14868500,871294077.3124695
2023-12-07,58.66999816894531,58.88999938964844,58.38999938964844,58.7400016784668,11587900,680673265.4499054
2023-12-08,58.7400016784668,58.75,58.369998931884766,58.61000061035156,11178700,655183613.822937
2023-12-11,58.83000183105469,59.09000015258789,58.5,59.040000915527344,14524800,857544205.2978516
2023-12-12,59.20000076293945,59.41999816894531,58.900001525878906,59.41999816894531,12899000,766458556.3812256
2023-12-13,59.45000076293945,60.02000045776367,59.2599983215332,59.93000030517578,16196800,970674228.9428711
2023-12-14,59.970001220703125,60.040000915527344,58.77000045776367,59.040000915527344,22478300,1327118852.5794983
2023-12-15,58.83000183105469,59.16999816894531,57.79999923706055,58.599998474121094,65177400,3819395540.54718
2023-12-18,58.79999923706055,59.4900016784668,58.619998931884766,59.02000045776367,16717700,986678661.6527557
2023-12-19,59.0,59.20000076293945,58.63999938964844,58.83000183105469,14612200,859635752.7557373
2023-12-20,58.5,58.66999816894531,57.56999969482422,57.61000061035156,17701000,1019754620.803833
2023-12-21,57.849998474121094,58.06999969482422,57.470001220703125,57.9900016784668,11725100,679938568.680191
2023-12-22,58.119998931884766,58.459999084472656,58.02000045776367,58.31999969482422,9029400,526594605.2444458
2023-12-26,58.060001373291016,58.709999084472656,58.060001373291016,58.560001373291016,6422500,376101608.81996155
2023-12-27,58.63999938964844,58.77000045776367,58.400001525878906,58.709999084472656,8560100,502563463.1629944
2023-12-28,58.650001525878906,58.869998931884766,58.529998779296875,58.75,8400100,493505875.0
2023-12-29,58.7400016784668,58.97999954223633,58.630001068115234,58.93000030517578,9244300,544766601.8211365
2024-01-02,58.79999923706055,59.880001068115234,58.66999816894531,59.81999969482422,16322600,976417927.0187378
2024-01-03,59.93000030517578,60.20000076293945,59.7599983215332,59.959999084472656,14830600,889242762.4221802
2024-01-04,60.04999923706055,60.2599983215332,59.65999984741211,59.7599983215332,12912900,771674882.3261261
2024-01-05,59.79999923706055,59.95000076293945,59.09000015258789,59.66999816894531,10412800,621331756.9335938
2024-01-08,59.68000030517578,60.18000030517578,59.41999816894531,60.11000061035156,11554600,694547013.0523682
2024-01-09,59.9900016784668,60.13999938964844,59.619998931884766,60.0,10493700,629622000.0
2024-01-10,60.220001220703125,60.40999984741211,59.97999954223633,60.20000076293945,12258000,737931609.3521118
2024-01-11,60.25,60.2599983215332,59.689998626708984,59.810001373291016,13754200,822638720.8885193
2024-01-12,60.08000183105469,60.459999084472656,59.869998931884766,60.38999938964844,13218000,798235011.932373
2024-01-16,60.38999938964844,60.43000030517578,59.849998474121094,59.9900016784668,11826900,709495750.851059
2024-01-17,59.86000061035156,60.209999084472656,59.81999969482422,59.9900016784668,8982100,538836194.0761566
2024-01-18,59.689998626708984,60.22999954223633,59.529998779296875,60.15999984741211,10397700,625525630.4134369
2024-01-19,60.2599983215332,60.279998779296875,59.63999938964844,59.83000183105469,14392600,861109284.3536377
2024-01-22,59.7599983215332,60.06999969482422,59.439998626708984,59.56999969482422,14314300,852702846.6316223
2024-01-23,59.529998779296875,60.0,59.459999084472656,59.849998474121094,14481600,866723737.902832
2024-01-24,59.79999923706055,59.810001373291016,58.88999938964844,58.90999984741211,16370500,964386152.5020599
2024-01-25,59.0099983215332,59.16999816894531,58.65999984741211,59.15999984741211,14899700,881466249.7264862
2024-01-26,59.25,59.4900016784668,59.130001068115234,59.369998931884766,13025100,773300173.0876923
2024-01-29,59.34000015258789,59.790000915527344,59.16999816894531,59.72999954223633,14547100,868898276.3408661
2024-01-30,59.849998474121094,60.02000045776367,59.45000076293945,59.900001525878906,22061500,1321483883.6631775
2024-01-31,60.099998474121094,60.45000076293945,59.290000915527344,59.4900016784668,22837000,1358573168.3311462
2024-02-01,59.56999969482422,61.0099983215332,59.36000061035156,60.97999954223633,15870900,967807474.7348785
2024-02-02,60.81999969482422,60.869998931884766,60.22999954223633,60.540000915527344,17544900,1062168262.0628357
2024-02-05,60.380001068115234,60.380001068115234,59.880001068115234,60.040000915527344,12759600,766086395.6817627
2024-02-06,59.959999084472656,60.04999923706055,59.68000030517578,59.939998626708984,12775200,765745470.4559326
2024-02-07,60.06999969482422,60.209999084472656,59.939998626708984,59.9900016784668,10259900,615491418.2209015
2024-02-08,59.88999938964844,59.970001220703125,59.40999984741211,59.83000183105469,12874800,770299307.5744629
2024-02-09,59.470001220703125,59.58000183105469,59.029998779296875,59.560001373291016,15235300,907414488.9225006
2024-02-12,59.65999984741211,59.7599983215332,58.959999084472656,59.70000076293945,13516800,806952970.3125
2024-02-13,59.5,60.65999984741211,58.790000915527344,59.349998474121094,24195700,1436014758.0802917
2024-02-14,59.16999816894531,59.59000015258789,59.040000915527344,59.290000915527344,15872500,941080539.5317078
2024-02-15,59.41999816894531,59.59000015258789,59.130001068115234,59.400001525878906,13695800,813530540.8981323
2024-02-16,59.349998474121094,59.619998931884766,58.959999084472656,59.38999938964844,13947100,828318260.4873657
2024-02-20,59.599998474121094,60.84000015258789,59.5099983215332,60.70000076293945,18339300,1113195523.9917755
2024-02-21,60.9900016784668,61.279998779296875,60.83000183105469,61.2400016784668,14373000,880202544.1246033
2024-02-22,60.9900016784668,61.25,60.5,61.150001525878906,12982800,793898239.8101807
2024-02-23,61.09000015258789,61.619998931884766,61.0,61.20000076293945,13612900,833109490.3858185
2024-02-26,61.2400016784668,61.27000045776367,60.65999984741211,60.709999084472656,10336100,627504621.5370178
2024-02-27,60.540000915527344,60.779998779296875,60.119998931884766,60.34000015258789,9931100,599242575.5153656
2024-02-28,60.369998931884766,60.4900016784668,60.060001373291016,60.400001525878906,8076500,487820612.323761
2024-02-29,60.349998474121094,60.63999938964844,59.900001525878906,60.02000045776367,18152700,1089525062.3096466
2024-03-01,59.900001525878906,59.900001525878906,59.34000015258789,59.529998779296875,10927600,650520014.6606445
2024-03-04,59.22999954223633,59.95000076293945,59.220001220703125,59.810001373291016,10150200,607083475.9391785
2024-03-05,59.90999984741211,60.11000061035156,59.41999816894531,59.52000045776367,12310000,732691205.6350708
2024-03-06,59.52000045776367,60.0,59.380001068115234,59.54999923706055,12378800,737157530.5557251
2024-03-07,59.689998626708984,59.77000045776367,59.2400016784668,59.439998626708984,13686900,813549317.2039032
2024-03-08,59.29999923706055,59.790000915527344,58.970001220703125,59.52000045776367,13239000,787985286.0603333
2024-03-11,59.779998779296875,60.290000915527344,59.58000183105469,60.2400016784668,14114300,850245455.6903839
2024-03-12,60.31999969482422,60.75,60.209999084472656,60.5,12684600,767418300.0
2024-03-13,60.880001068115234,61.209999084472656,60.79999923706055,61.119998931884766,13909500,850148625.1430511
2024-03-14,60.58000183105469,60.79999923706055,60.400001525878906,60.5,13996600,846794300.0
2024-03-15,60.02000045776367,60.45000076293945,59.63999938964844,59.880001068115234,36849900,2206572051.3599396
2024-03-18,59.88999938964844,60.400001525878906,59.79999923706055,60.130001068115234,15856700,953463387.9367828
2024-03-19,60.2400016784668,60.349998474121094,60.060001373291016,60.22999954223633,15030600,905293031.1195374
2024-03-20,60.18000030517578,60.810001373291016,60.15999984741211,60.75,15258800,926972100.0
2024-03-21,60.560001373291016,60.9900016784668,60.31999969482422,60.470001220703125,13067100,790167552.9510498
2024-03-22,60.52000045776367,60.790000915527344,60.43000030517578,60.4900016784668,11502800,695804391.3070679
2024-03-25,60.47999954223633,60.709999084472656,60.119998931884766,60.400001525878906,13144700,793939900.0572205
2024-03-26,60.5,60.709999084472656,60.380001068115234,60.540000915527344,13277400,803813808.1558228
2024-03-27,60.790000915527344,61.43000030517578,60.70000076293945,61.029998779296875,12551200,765999720.6787109
2024-03-28,61.13999938964844,61.2599983215332,61.0,61.18000030517578,13683500,837156534.1758728
2024-04-01,61.18000030517578,61.29999923706055,60.630001068115234,60.68000030517578,11668700,708056719.5610046
2024-04-02,60.45000076293945,60.72999954223633,60.11000061035156,60.150001525878906,13017300,782990614.8628235
2024-04-03,60.04999923706055,60.38999938964844,59.779998779296875,59.83000183105469,13672900,818049632.0358276
2024-04-04,60.09000015258789,60.150001525878906,59.16999816894531,59.29999923706055,14320700,849217499.074173
2024-04-05,59.25,59.68000030517578,58.90999984741211,59.5099983215332,10157800,604490660.95047
2024-04-08,59.400001525878906,59.470001220703125,59.06999969482422,59.27000045776367,10284500,609562319.7078705
2024-04-09,59.47999954223633,59.7400016784668,59.130001068115234,59.720001220703125,10779100,643727865.158081
2024-04-10,59.31999969482422,59.38999938964844,58.689998626708984,58.91999816894531,11861900,698903126.2802124
2024-04-11,59.150001525878906,59.369998931884766,58.790000915527344,59.04999923706055,11109000,655986441.5245056
2024-04-12,58.95000076293945,59.0099983215332,58.130001068115234,58.279998779296875,12250900,713982437.0452881
2024-04-15,58.61000061035156,58.810001373291016,58.040000915527344,58.13999938964844,12425000,722389492.4163818
2024-04-16,58.25,58.380001068115234,57.93000030517578,58.060001373291016,11236800,652408623.4313965
2024-04-17,58.279998779296875,58.560001373291016,58.099998474121094,58.5099983215332,13805100,807736377.828598
2024-04-18,58.619998931884766,58.97999954223633,58.540000915527344,58.90999984741211,11125900,655426767.3023224
2024-04-19,59.099998474121094,60.36000061035156,59.0,60.16999816894531,21207900,1276079304.1671753
2024-04-22,60.13999938964844,60.630001068115234,59.720001220703125,60.54999923706055,15624500,946063463.0794525
2024-04-23,60.529998779296875,60.68000030517578,60.130001068115234,60.63999938964844,13689100,830107015.6448364
2024-04-24,60.31999969482422,61.650001525878906,59.84000015258789,61.54999923706055,19548300,1203197850.0858307
2024-04-25,61.869998931884766,62.59000015258789,61.369998931884766,61.7400016784668,19048500,1176054421.9722748
2024-04-26,61.54999923706055,61.93000030517578,61.349998474121094,61.7400016784668,10994300,678788100.4535675
2024-04-29,61.91999816894531,62.04999923706055,61.529998779296875,62.040000915527344,13409300,831912984.2765808
2024-04-30,62.13999938964844,62.83000183105469,61.470001220703125,61.77000045776367,19349200,1195200092.8573608
2024-05-01,61.79999923706055,62.56999969482422,61.209999084472656,61.93000030517578,16729800,1036076519.1055298
2024-05-02,62.18000030517578,62.400001525878906,61.720001220703125,61.9900016784668,10991300,681350705.4485321
2024-05-03,61.9900016784668,62.33000183105469,61.63999938964844,62.16999816894531,11628700,722956257.7072144
2024-05-06,62.29999923706055,62.380001068115234,61.900001525878906,62.349998474121094,9310700,580522130.7929993
2024-05-07,62.7599983215332,62.81999969482422,62.25,62.619998931884766,9807000,614114329.5249939
2024-05-08,62.849998474121094,62.970001220703125,62.47999954223633,62.849998474121094,10484400,658944524.0020752
2024-05-09,62.810001373291016,63.150001525878906,62.75,62.880001068115234,9113700,573069465.7344818
2024-05-10,62.91999816894531,63.36000061035156,62.790000915527344,63.2599983215332,8371700,529593727.9483795
2024-05-13,63.2400016784668,63.619998931884766,63.18000030517578,63.58000183105469,10137600,644548626.5625
2024-05-14,63.58000183105469,63.7599983215332,62.79999923706055,63.099998474121094,10852200,684773803.4408569
2024-05-15,63.060001373291016,63.38999938964844,63.0,63.130001068115234,9838900,621129767.509079
2024-05-16,63.2400016784668,63.72999954223633,63.06999969482422,63.31999969482422,10228000,647636956.8786621
2024-05-17,63.34000015258789,63.369998931884766,62.939998626708984,63.029998779296875,11539000,727303155.9143066
2024-05-20,62.93000030517578,63.0099983215332,62.459999084472656,62.56999969482422,11000900,688326309.6427917
2024-05-21,62.81999969482422,62.97999954223633,62.439998626708984,62.90999984741211,9796200,616278940.5052185
2024-05-22,62.709999084472656,63.02000045776367,62.65999984741211,63.0,7419400,467422200.0
2024-05-23,62.4900016784668,62.880001068115234,62.04999923706055,62.09000015258789,9834300,610611688.5005951
2024-05-24,62.220001220703125,62.41999816894531,61.970001220703125,62.0,8203100,508592200.0
2024-05-28,61.790000915527344,62.130001068115234,61.400001525878906,61.81999969482422,12347000,763291536.2319946
2024-05-29,61.470001220703125,61.880001068115234,61.06999969482422,61.70000076293945,11861800,731873069.0498352
2024-05-30,61.849998474121094,62.08000183105469,61.599998474121094,61.970001220703125,9433800,584612597.5158691
2024-05-31,61.9900016784668,63.029998779296875,61.689998626708984,62.93000030517578,19816600,1247058644.0475464
2024-06-03,62.709999084472656,63.09000015258789,62.45000076293945,62.93000030517578,9369000,589591172.8591919
2024-06-04,63.20000076293945,63.970001220703125,62.939998626708984,63.939998626708984,11895600,760604647.6638794
2024-06-05,63.9900016784668,64.06999969482422,63.349998474121094,63.91999816894531,9632500,615709382.3623657
2024-06-06,63.91999816894531,64.36000061035156,63.84000015258789,64.1500015258789,8658500,555442788.2118225
2024-06-07,64.08999633789062,64.22000122070312,63.810001373291016,63.90999984741211,9523100,608621319.5468903
2024-06-10,63.939998626708984,63.9900016784668,63.369998931884766,63.59000015258789,15685300,997428229.3933868
2024-06-11,63.59000015258789,63.650001525878906,63.06999969482422,63.54999923706055,8396000,533565793.59436035
2024-06-12,63.689998626708984,63.689998626708984,62.689998626708984,62.880001068115234,9569600,601736458.2214355
2024-06-13,62.86000061035156,63.040000915527344,62.45000076293945,62.9900016784668,9668900,609044027.2289276
2024-06-14,62.380001068115234,62.689998626708984,62.09000015258789,62.54999923706055,8179200,511608953.7597656
2024-06-17,62.369998931884766,62.900001525878906,62.18000030517578,62.619998931884766,10532700,659557662.7498627
2024-06-18,62.529998779296875,62.81999969482422,62.439998626708984,62.630001068115234,10651700,667115982.377243
2024-06-20,62.400001525878906,62.7400016784668,61.95000076293945,62.18000030517578,13306300,827385738.0607605
2024-06-21,62.18000030517578,63.099998474121094,62.18000030517578,62.77000045776367,28278100,1775016349.944687
2024-06-24,62.9900016784668,64.05999755859375,62.90999984741211,63.970001220703125,13212500,845203641.12854
2024-06-25,63.939998626708984,64.06999969482422,63.5099983215332,63.84000015258789,10235300,653421553.5617828
2024-06-26,63.400001525878906,64.11000061035156,63.22999954223633,64.05000305175781,9402500,602230153.6941528
2024-06-27,64.05000305175781,64.2699966430664,63.619998931884766,63.90999984741211,8494100,542857929.7039032
2024-06-28,63.900001525878906,64.05999755859375,63.52000045776367,63.650001525878906,17358800,1104887646.4874268
2024-07-01,64.02999877929688,64.30000305175781,63.119998931884766,63.279998779296875,10033400,634913539.7521973
2024-07-02,63.2599983215332,63.380001068115234,62.86000061035156,63.150001525878906,8878200,560658343.5470581
2024-07-03,63.189998626708984,63.66999816894531,62.93000030517578,63.33000183105469,9154200,579735502.7618408
2024-07-05,63.33000183105469,63.790000915527344,63.0,63.7599983215332,11735500,748255460.3023529
2024-07-08,63.59000015258789,63.59000015258789,62.84000015258789,62.959999084472656,11235100,707361885.7139587
2024-07-09,63.060001373291016,63.22999954223633,62.59000015258789,62.689998626708984,11657500,730808658.99086
2024-07-10,62.720001220703125,62.86000061035156,62.290000915527344,62.83000183105469,11930400,749587053.8452148
2024-07-11,62.63999938964844,63.459999084472656,62.400001525878906,63.099998474121094,11431600,721333942.5567627
2024-07-12,63.459999084472656,64.11000061035156,63.38999938964844,63.70000076293945,9201500,586135557.0201874
2024-07-15,63.790000915527344,63.939998626708984,63.349998474121094,63.40999984741211,8207500,520437573.7476349
2024-07-16,63.43000030517578,64.30999755859375,63.38999938964844,64.2699966430664,9025100,580043146.7033386
2024-07-17,64.47000122070312,65.38999938964844,64.41000366210938,65.20999908447266,12508200,815659710.5484009
2024-07-18,64.80000305175781,65.80999755859375,64.72000122070312,65.19000244140625,11128200,725447385.168457
2024-07-19,65.63999938964844,65.63999938964844,64.81999969482422,65.29000091552734,13775700,899415465.61203
2024-07-22,65.25,65.29000091552734,64.31999969482422,64.7699966430664,11794200,763910294.4076538
2024-07-23,65.43000030517578,66.04000091552734,64.8499984741211,64.95999908447266,11810300,767197077.1873474
2024-07-24,65.08999633789062,65.97000122070312,64.83000183105469,65.80999755859375,13244600,871627093.6645508
2024-07-25,66.04000091552734,66.88999938964844,65.86000061035156,66.06999969482422,16328600,1078830597.0169067
2024-07-26,66.06999969482422,67.11000061035156,66.01000213623047,67.05000305175781,13530100,907193246.2905884
2024-07-29,66.87999725341797,67.02999877929688,66.38999938964844,66.83000183105469,12140200,811329588.2293701
2024-07-30,66.4800033569336,67.83000183105469,66.36000061035156,67.68000030517578,13258000,897301444.0460205
2024-07-31,67.5,67.61000061035156,66.61000061035156,66.73999786376953,15576800,1039595598.7243652
2024-08-01,67.0,68.11000061035156,66.69999694824219,67.95999908447266,16495900,1121061348.8975525
2024-08-02,68.52999877929688,69.66999816894531,67.69000244140625,69.33000183105469,22514800,1560951125.22583
2024-08-05,68.98999786376953,69.55000305175781,67.7300033569336,68.0999984741211,25484300,1735480791.1140442
2024-08-06,68.1500015258789,68.83999633789062,67.7699966430664,68.05000305175781,12969100,882547294.5785522
2024-08-07,68.05000305175781,69.18000030517578,67.83000183105469,68.45999908447266,13365300,914988425.7637024
2024-08-08,68.0,68.86000061035156,67.8499984741211,68.7300033569336,15240900,1047507108.1626892
2024-08-09,68.69999694824219,68.79000091552734,68.25,68.68000030517578,12080400,829681875.6866455
2024-08-12,68.44999694824219,68.54000091552734,67.83000183105469,68.16999816894531,11012300,750708470.8358765
2024-08-13,68.08000183105469,68.61000061035156,68.01000213623047,68.45999908447266,9877600,676220486.9567871
2024-08-14,68.2300033569336,68.88999938964844,68.12999725341797,68.58000183105469,14328000,982614266.2353516
2024-08-15,68.62000274658203,68.91999816894531,68.5,68.6500015258789,11285100,774722132.219696
2024-08-16,68.83999633789062,69.30000305175781,68.63999938964844,69.18000030517578,12651200,875210019.8608398
2024-08-19,69.3499984741211,69.41999816894531,68.8499984741211,68.9800033569336,9843900,679032255.0453186
2024-08-20,68.98999786376953,69.38999938964844,68.7699966430664,69.37999725341797,11957400,829604379.15802
2024-08-21,69.4800033569336,70.12999725341797,69.33000183105469,69.56999969482422,8792400,611687265.3167725
2024-08-22,69.91999816894531,69.91999816894531,68.79000091552734,69.33000183105469,12509200,867262858.9050293
2024-08-23,69.4000015258789,69.8499984741211,68.94000244140625,69.79000091552734,11834700,825943723.8349915
2024-08-26,69.83000183105469,70.91999816894531,69.7300033569336,70.83999633789062,12912200,914700200.7141113
2024-08-27,71.31999969482422,71.52999877929688,71.05000305175781,71.5,16988400,1214670600.0
2024-08-28,71.61000061035156,71.80999755859375,71.30000305175781,71.75,13272600,952309050.0
2024-08-29,71.9000015258789,72.22000122070312,71.2300033569336,72.05000305175781,17201700,1239382537.4954224
2024-08-30,72.19999694824219,72.56999969482422,71.77999877929688,72.47000122070312,18624200,1349695796.7346191
2024-09-03,72.44000244140625,73.29000091552734,72.25,73.01000213623047,14755800,1077320989.5217896
2024-09-04,73.30000305175781,73.52999877929688,71.91000366210938,72.55999755859375,18140800,1316296403.7109375
2024-09-05,72.62000274658203,72.68000030517578,70.9800033569336,71.16999816894531,23866100,1698550293.2998657
2024-09-06,70.98999786376953,71.66999816894531,70.88999938964844,71.13999938964844,17485700,1243932687.3275757
2024-09-09,71.2300033569336,72.30999755859375,70.9800033569336,71.8499984741211,12939300,929688685.2561951
2024-09-10,71.97000122070312,72.41999816894531,71.5199966430664,71.55000305175781,10277600,735362311.3647461
2024-09-11,71.36000061035156,71.37000274658203,70.56999969482422,71.08000183105469,11418200,811605676.9073486
2024-09-12,71.0,71.37999725341797,70.66000366210938,71.2300033569336,12337800,878821535.4171753
2024-09-13,70.83999633789062,71.47000122070312,70.4800033569336,71.41000366210938,11073800,790780098.5534668
2024-09-16,71.7699966430664,72.23999786376953,71.62000274658203,72.0999984741211,10786500,777706633.5411072
2024-09-17,71.9000015258789,72.3499984741211,71.72000122070312,71.80000305175781,12974400,931561959.5947266
2024-09-18,71.88999938964844,72.37999725341797,71.2699966430664,71.75,10719700,769138475.0
2024-09-19,71.55999755859375,71.94000244140625,70.5999984741211,70.62000274658203,13635600,962946109.451294
2024-09-20,70.41000366210938,71.80000305175781,70.37999725341797,71.63999938964844,48578500,3480163710.3500366
2024-09-23,71.55000305175781,72.19999694824219,71.18000030517578,71.7300033569336,11613000,833000528.9840698
2024-09-24,71.22000122070312,71.81999969482422,70.5999984741211,71.33000183105469,13330600,950871722.4090576
2024-09-25,71.70999908447266,71.91999816894531,71.30999755859375,71.44999694824219,12329100,880914157.3745728
2024-09-26,70.86000061035156,71.61000061035156,70.83999633789062,71.4000015258789,10815200,772205296.5026855
2024-09-27,71.54000091552734,72.19999694824219,71.45999908447266,71.79000091552734,11175700,802303513.2316589
2024-09-30,72.0,72.19999694824219,71.69000244140625,71.86000061035156,18015300,1294579468.9956665
2024-10-01,72.0999984741211,72.75,71.62999725341797,71.70999908447266,13294500,953348582.8285217
2024-10-02,71.38999938964844,71.43000030517578,70.41000366210938,71.01000213623047,11155500,792152078.830719
2024-10-03,70.86000061035156,70.98999786376953,70.19999694824219,70.5199966430664,9374800,661110864.529419
2024-10-04,69.95999908447266,70.27999877929688,69.72000122070312,70.16999816894531,12684800,890092392.7734375
2024-10-07,70.05000305175781,70.0999984741211,68.87000274658203,69.01000213623047,14512000,1001473151.0009766
2024-10-08,69.04000091552734,69.44000244140625,68.86000061035156,69.18000030517578,13549700,937368250.1350403
2024-10-09,69.19000244140625,69.73999786376953,69.06999969482422,69.56999969482422,9037700,628752786.2419128
2024-10-10,69.83000183105469,69.91000366210938,68.98999786376953,69.25,8635200,597987600.0
2024-10-11,69.45999908447266,69.58999633789062,69.0,69.56999969482422,8786300,611262888.318634
2024-10-14,69.56999969482422,70.47000122070312,69.47000122070312,70.33999633789062,7659300,538755133.9508057
2024-10-15,70.45999908447266,71.20999908447266,70.16000366210938,70.33999633789062,10358700,728630920.0653076
2024-10-16,70.08999633789062,70.69999694824219,69.97000122070312,70.56999969482422,7937300,560135258.5777283
2024-10-17,70.62999725341797,70.69000244140625,69.58000183105469,69.9000015258789,14674600,1025754562.3916626
2024-10-18,69.87000274658203,70.55000305175781,69.61000061035156,70.44000244140625,15087500,1062763536.8347168
2024-10-21,70.0,70.33000183105469,69.30999755859375,69.44999694824219,11981200,832094303.4362793
2024-10-22,69.0,69.75,68.68000030517578,69.44999694824219,18603300,1291999128.227234
2024-10-23,66.98999786376953,68.69999694824219,66.58000183105469,68.01000213623047,24655200,1676800204.6691895
2024-10-24,67.6500015258789,68.04000091552734,66.94999694824219,67.30000305175781,17568800,1182380293.6157227
2024-10-25,67.06999969482422,67.69999694824219,66.79000091552734,66.91999816894531,11138100,745361631.6055298
2024-10-28,66.95999908447266,67.4000015258789,66.5999984741211,66.66999816894531,10761400,717462518.2952881
2024-10-29,66.29000091552734,66.33999633789062,65.5199966430664,65.55999755859375,16525900,1083437963.6535645
2024-10-30,65.51000213623047,66.54000091552734,65.31999969482422,65.91999816894531,14177800,934600550.0396729
2024-10-31,65.80999755859375,65.98999786376953,65.26000213623047,65.30999755859375,13383700,874089414.3249512
2024-11-01,65.47000122070312,65.66000366210938,64.88999938964844,65.01000213623047,12163100,790723156.9831848
2024-11-04,65.08000183105469,65.41999816894531,64.6500015258789,65.11000061035156,10984500,715200801.7044067
2024-11-05,64.63999938964844,65.47000122070312,64.63999938964844,65.37000274658203,8780200,573961698.1155396
2024-11-06,64.41999816894531,64.86000061035156,63.18000030517578,63.70000076293945,22899300,1458685427.4707794
2024-11-07,64.29000091552734,64.38999938964844,63.599998474121094,63.65999984741211,14856100,945739323.733139
2024-11-08,63.90999984741211,64.23999786376953,63.7400016784668,63.91999816894531,14719300,940857629.0481567
2024-11-11,63.9900016784668,64.12000274658203,63.25,63.36000061035156,13980900,885829832.5332642
2024-11-12,63.68000030517578,63.75,63.119998931884766,63.20000076293945,15021000,949327211.4601135
2024-11-13,63.04999923706055,63.2599983215332,62.4900016784668,63.0,13177600,830188800.0
2024-11-14,63.11000061035156,63.11000061035156,62.43000030517578,62.54999923706055,15910800,995220527.861023
2024-11-15,62.4900016784668,62.630001068115234,61.38999938964844,61.7400016784668,26284300,1622792726.1173248
2024-11-18,61.849998474121094,62.13999938964844,61.560001373291016,61.86000061035156,16062100,993601515.8035278
2024-11-19,61.900001525878906,62.619998931884766,61.630001068115234,62.59000015258789,16254800,1017387934.4802856
2024-11-20,62.70000076293945,63.0099983215332,62.02000045776367,62.9900016784668,18904900,1190819682.731247
2024-11-21,63.150001525878906,63.810001373291016,62.95000076293945,63.7599983215332,17292300,1102557018.9754486
2024-11-22,64.23999786376953,64.4800033569336,63.650001525878906,63.91999816894531,19562200,1250415788.180542
2024-11-25,64.31999969482422,64.70999908447266,63.84000015258789,64.37999725341797,36805300,2369525112.9112244
2024-11-26,64.30999755859375,64.63999938964844,64.05999755859375,64.55000305175781,14473300,934251559.1690063
2024-11-27,64.95999908447266,65.0999984741211,64.25,64.43000030517578,13263400,854560866.0476685
2024-11-29,64.0199966430664,64.25,63.77000045776367,64.08000183105469,10648400,682349491.4978027
2024-12-02,64.05000305175781,64.19000244140625,63.349998474121094,63.650001525878906,16500100,1050231390.1771545
2024-12-03,63.720001220703125,64.08000183105469,63.029998779296875,63.52000045776367,24874500,1580028251.3866425
2024-12-04,63.279998779296875,63.349998474121094,61.900001525878906,62.209999084472656,28137700,1750446291.2391663
2024-12-05,62.470001220703125,63.119998931884766,62.099998474121094,62.91999816894531,21040400,1323861929.473877
2024-12-06,62.83000183105469,63.36000061035156,62.5099983215332,62.529998779296875,15581100,974286163.9801025
2024-12-09,62.689998626708984,62.93000030517578,61.900001525878906,62.599998474121094,22348300,1399003545.8992004
2024-12-10,62.70000076293945,63.040000915527344,61.790000915527344,62.90999984741211,14949400,940466751.7189026
2024-12-11,63.0,63.630001068115234,62.400001525878906,62.63999938964844,32819000,2055782139.968872
2024-12-12,63.54999923706055,63.91999816894531,63.220001220703125,63.84000015258789,17542100,1119887666.676712
2024-12-13,63.56999969482422,63.84000015258789,63.11000061035156,63.119998931884766,13429000,847638465.6562805
2024-12-16,63.22999954223633,63.86000061035156,62.349998474121094,62.54999923706055,24559700,1536209216.262436
2024-12-17,62.45000076293945,63.54999923706055,62.31999969482422,63.400001525878906,21902400,1388612193.4204102
2024-12-18,62.810001373291016,63.63999938964844,62.790000915527344,62.849998474121094,20946100,1316462353.0387878
2024-12-19,62.70000076293945,63.16999816894531,62.400001525878906,62.45000076293945,21300600,1330222486.251068
2024-12-20,62.470001220703125,63.060001373291016,62.279998779296875,62.54999923706055,42458100,2655754122.6070404
2024-12-23,62.5,62.7599983215332,61.529998779296875,62.380001068115234,13010800,811613717.8970337
2024-12-24,62.20000076293945,62.84000015258789,62.0099983215332,62.84000015258789,5019100,315400244.7658539
2024-12-26,62.619998931884766,62.7400016784668,62.400001525878906,62.56999969482422,7943800,497043563.5757446
2024-12-27,62.45000076293945,62.95000076293945,62.209999084472656,62.45000076293945,8542800,533497866.51763916
2024-12-30,62.34000015258789,62.34000015258789,61.68000030517578,62.029998779296875,8972200,556545555.0476074
2024-12-31,62.02000045776367,62.43000030517578,61.79999923706055,62.2599983215332,9256700,576322126.4629364
2025-01-02,62.349998474121094,62.75,61.619998931884766,61.84000015258789,12991000,803363441.9822693
2025-01-03,61.900001525878906,62.08000183105469,61.619998931884766,61.75,10403200,642397600.0
2025-01-06,61.5,61.56999969482422,60.65999984741211,60.810001373291016,17924200,1089970626.6151428
2025-01-07,61.11000061035156,61.720001220703125,60.619998931884766,60.84000015258789,17799600,1082927666.7160034
2025-01-08,60.9900016784668,61.77000045776367,60.93000030517578,61.709999084472656,14412400,889389190.8050537
2025-01-10,61.58000183105469,61.650001525878906,60.72999954223633,61.06999969482422,22425000,1369494743.156433
2025-01-13,61.130001068115234,61.849998474121094,60.709999084472656,61.650001525878906,18016200,1110698757.4905396
2025-01-14,61.65999984741211,62.06999969482422,61.29999923706055,62.040000915527344,16658300,1033480947.2511292
2025-01-15,62.33000183105469,62.619998931884766,61.68000030517578,61.77000045776367,16187200,999883351.4099121
2025-01-16,61.41999816894531,62.29999923706055,61.31999969482422,62.25,12585500,783447375.0
2025-01-17,62.310001373291016,62.77000045776367,62.16999816894531,62.709999084472656,17948900,1125575502.5672913
2025-01-21,62.900001525878906,63.22999954223633,62.29999923706055,62.41999816894531,19817100,1236983345.7138062
2025-01-22,62.119998931884766,62.290000915527344,61.65999984741211,61.779998779296875,18191900,1123895559.7930908
2025-01-23,61.79999923706055,61.97999954223633,61.369998931884766,61.529998779296875,16528400,1016992431.8237305
2025-01-24,61.720001220703125,62.0099983215332,61.439998626708984,61.91999816894531,19244600,1191625596.762085
2025-01-27,62.869998931884766,64.18000030517578,62.470001220703125,63.869998931884766,20742900,1324849000.8441925
2025-01-28,63.5099983215332,64.04000091552734,62.279998779296875,62.36000061035156,14956000,932656169.128418
2025-01-29,62.560001373291016,63.36000061035156,62.54999923706055,62.83000183105469,11325600,711587468.737793
2025-01-30,63.849998474121094,64.29000091552734,63.22999954223633,64.05000305175781,13201000,845524090.2862549
2025-01-31,63.70000076293945,63.93000030517578,63.38999938964844,63.47999954223633,12096800,767904858.4625244
2025-02-03,63.18000030517578,63.630001068115234,62.43000030517578,63.349998474121094,12067900,764501446.585846
2025-02-04,63.61000061035156,63.630001068115234,62.349998474121094,62.66999816894531,15678000,982540231.2927246
2025-02-05,62.720001220703125,63.290000915527344,62.59000015258789,63.119998931884766,10686800,674550804.5852661
2025-02-06,63.619998931884766,63.7400016784668,62.90999984741211,63.36000061035156,13423400,850506632.1929932
2025-02-07,63.43000030517578,63.91999816894531,63.27000045776367,63.84000015258789,13184700,841711250.0118256
2025-02-10,64.0999984741211,64.6500015258789,63.65999984741211,64.55000305175781,16154300,1042760114.2990112
2025-02-11,67.5,67.66999816894531,66.41000366210938,67.5999984741211,30589100,2067823113.3247375
2025-02-12,66.87000274658203,68.81999969482422,66.87000274658203,68.70999908447266,26033800,1788782374.1653442
2025-02-13,69.0,69.61000061035156,68.76000213623047,69.5,24393100,1695320450.0
2025-02-14,69.36000061035156,70.02999877929688,68.76000213623047,68.87000274658203,20779100,1431056674.0715027
2025-02-18,68.55000305175781,69.37000274658203,68.41999816894531,69.05000305175781,15569100,1075046402.5131226
2025-02-19,69.20999908447266,70.12999725341797,69.16999816894531,70.06999969482422,16032300,1123383256.1073303
2025-02-20,69.70999908447266,70.06999969482422,69.41999816894531,70.04000091552734,13398000,938395932.2662354
2025-02-21,70.31999969482422,71.5999984741211,70.12999725341797,71.3499984741211,21662300,1545605071.9459534
2025-02-24,70.83999633789062,71.7300033569336,70.33000183105469,70.58999633789062,21418400,1511924777.5634766
2025-02-25,70.86000061035156,71.7699966430664,70.7300033569336,71.48999786376953,21555600,1541009797.9522705
2025-02-26,71.2699966430664,71.27999877929688,70.52999877929688,70.80000305175781,14531200,1028809004.3457031
2025-02-27,70.72000122070312,71.54000091552734,70.41999816894531,70.87000274658203,16789500,1189871911.113739
2025-02-28,71.44999694824219,71.56999969482422,70.55999755859375,71.20999908447266,22167400,1578540533.7051392
2025-03-03,70.23999786376953,72.36000061035156,69.7300033569336,72.31999969482422,21717600,1570616825.3723145
2025-03-04,72.06999969482422,72.6500015258789,69.87999725341797,70.19000244140625,25411900,1783661323.0407715
2025-03-05,69.9000015258789,70.73999786376953,69.83999633789062,70.08000183105469,23933600,1677266731.8237305
2025-03-06,70.41000366210938,70.52999877929688,69.44999694824219,70.45999908447266,21694000,1528559220.1385498
2025-03-07,69.6500015258789,71.81999969482422,69.6500015258789,71.43000030517578,28393300,2028133427.6649475
2025-03-10,71.95999908447266,73.22000122070312,71.31999969482422,71.44999694824219,25251200,1804198162.9394531
2025-03-11,71.87999725341797,72.04000091552734,70.61000061035156,71.04000091552734,28076400,1994547481.704712
2025-03-12,70.37000274658203,70.7300033569336,69.73999786376953,69.94000244140625,18923300,1323495648.199463
2025-03-13,70.25,70.25,69.27999877929688,69.62000274658203,15746600,1096278335.2493286
2025-03-14,68.51000213623047,69.26000213623047,68.37999725341797,69.16000366210938,14205100,982424768.0206299
2025-03-17,69.23999786376953,70.16999816894531,69.08000183105469,70.12000274658203,15634800,1096312218.9422607
2025-03-18,70.11000061035156,70.19000244140625,69.30000305175781,69.37999725341797,12657600,878184253.2348633
2025-03-19,68.55000305175781,69.37999725341797,68.54000091552734,69.27999877929688,14780000,1023958381.9580078
2025-03-20,69.30999755859375,69.80999755859375,69.08999633789062,69.70999908447266,16295300,1135945348.0812073
2025-03-21,69.70999908447266,69.97000122070312,68.18000030517578,68.66999816894531,47479500,3260417178.062439
2025-03-24,68.80000305175781,69.08000183105469,68.33000183105469,68.94999694824219,12575400,867073791.6229248
2025-03-25,68.94999694824219,69.08000183105469,68.5999984741211,68.80999755859375,12513900,861081428.4484863
2025-03-26,68.91999816894531,70.3499984741211,68.9000015258789,70.0199966430664,14478200,1013763515.397644
2025-03-27,70.18000030517578,70.98999786376953,70.06999969482422,70.73999786376953,11663400,825068891.0842896
2025-03-28,70.80999755859375,71.31999969482422,69.52999877929688,70.37000274658203,17412900,1225345820.8259583
2025-03-31,70.7300033569336,71.94000244140625,70.48999786376953,71.62000274658203,24016900,1720090443.964386
2025-04-01,71.68000030517578,71.91000366210938,71.19000244140625,71.87000274658203,15309100,1100265059.047699
2025-04-02,71.95999908447266,72.36000061035156,71.05000305175781,71.33000183105469,14606500,1041881671.7453003
2025-04-03,72.4800033569336,73.94999694824219,72.31999969482422,73.18000030517578,24959600,1826543535.6170654
2025-04-04,72.41999816894531,73.01000213623047,69.79000091552734,69.93000030517578,26517300,1854354797.0924377
2025-04-07,66.2300033569336,69.37999725341797,66.05000305175781,68.37000274658203,34258400,2342246902.093506
2025-04-08,68.95999908447266,69.9800033569336,67.76000213623047,68.41999816894531,22774400,1558224406.2988281
2025-04-09,67.91999816894531,70.47000122070312,67.27999877929688,69.94999694824219,27918700,1952912979.7988892
2025-04-10,70.19000244140625,71.20999908447266,68.9800033569336,70.76000213623047,22450200,1588576199.9588013
2025-04-11,70.91000366210938,71.8499984741211,70.54000091552734,71.43000030517578,19988200,1427757132.0999146
2025-04-14,71.30000305175781,72.66000366210938,70.93000030517578,72.44999694824219,13930200,1009242947.4884033
2025-04-15,72.62000274658203,72.62999725341797,71.72000122070312,71.86000061035156,14965500,1075420839.1342163
2025-04-16,72.36000061035156,72.66999816894531,71.38999938964844,71.68000030517578,15276200,1094998020.6619263
2025-04-17,71.9000015258789,73.43000030517578,71.72000122070312,73.0,20754500,1515078500.0
2025-04-21,73.37999725341797,73.47000122070312,71.81999969482422,72.7699966430664,16037200,1167026990.1641846
2025-04-22,73.0,74.37999725341797,72.91999816894531,73.9000015258789,15613500,1153837673.8243103
2025-04-23,73.29000091552734,73.94999694824219,72.37999725341797,73.30000305175781,16353900,1198740919.908142
2025-04-24,73.0199966430664,73.43000030517578,72.30000305175781,72.5199966430664,16893900,1225145571.2882996
2025-04-25,72.6500015258789,72.91999816894531,71.12999725341797,71.91000366210938,16316000,1173283619.7509766
2025-04-28,72.08000183105469,72.26000213623047,71.30999755859375,71.79000091552734,15997500,1148460539.6461487
2025-04-29,71.19000244140625,72.70999908447266,70.27999877929688,72.3499984741211,16244100,1175260610.2134705
2025-04-30,73.3499984741211,73.4800033569336,71.69000244140625,72.55000305175781,21074700,1528969549.3148804
2025-05-01,72.0,72.04000091552734,71.2300033569336,71.29000091552734,18034200,1285658134.5108032
2025-05-02,71.5,71.81999969482422,71.0999984741211,71.6500015258789,12629600,904910859.2712402
2025-05-05,71.66999816894531,71.80000305175781,71.01000213623047,71.69999694824219,11932700,855574553.5842896
2025-05-06,71.68000030517578,71.9000015258789,71.16000366210938,71.72000122070312,12705500,911238475.5096436
2025-05-07,71.72000122070312,72.69000244140625,71.66999816894531,72.4000015258789,15018200,1087317702.9159546
2025-05-08,72.19999694824219,72.47000122070312,71.12999725341797,71.16999816894531,14371100,1022791160.68573
2025-05-09,70.98999786376953,71.1500015258789,70.45999908447266,70.5199966430664,11228900,791861990.3053284
2025-05-12,70.1500015258789,70.33000183105469,68.69999694824219,69.52999877929688,21539000,1497606643.7072754
2025-05-13,69.58999633789062,69.69000244140625,68.87000274658203,68.95999908447266,14389100,992272322.8263855
2025-05-14,68.87999725341797,69.33999633789062,68.58000183105469,69.16000366210938,16286800,1126395147.644043
2025-05-15,69.69999694824219,71.7300033569336,69.5999984741211,71.61000061035156,19817100,1419102543.095398
2025-05-16,71.86000061035156,72.26000213623047,71.43000030517578,72.0,18441200,1327766400.0
2025-05-19,72.02999877929688,72.16999816894531,71.63999938964844,71.93000030517578,13282800,955431808.0535889
2025-05-20,71.80000305175781,72.12999725341797,71.43000030517578,71.69000244140625,12137800,870158911.6333008
2025-05-21,71.69000244140625,72.08000183105469,71.58000183105469,71.8499984741211,12094400,868982621.5454102
2025-05-22,71.83999633789062,71.98999786376953,70.95999908447266,71.13999938964844,11101800,789782045.223999
2025-05-23,71.54000091552734,71.9800033569336,70.69000244140625,71.7699966430664,12822100,920242073.9570618
2025-05-27,71.73999786376953,72.22000122070312,71.55999755859375,71.77999877929688,10666100,765612644.9798584
2025-05-28,71.69999694824219,71.9000015258789,71.05000305175781,71.1500015258789,8710900,619780548.2917786
2025-05-29,71.0,71.66000366210938,70.45999908447266,71.48999786376953,10291100,735710717.0158386
2025-05-30,71.61000061035156,72.47000122070312,71.61000061035156,72.0999984741211,28019500,2020205907.245636
2025-06-02,72.02999877929688,72.04000091552734,71.36000061035156,72.0,10202700,734594400.0
2025-06-03,71.70999908447266,71.77999877929688,70.47000122070312,71.16000366210938,20139800,1433148241.7541504
2025-06-04,71.26000213623047,71.8499984741211,70.68000030517578,71.37000274658203,13565900,968198320.2598572
2025-06-05,71.37999725341797,71.45999908447266,70.83000183105469,70.91000366210938,13531400,959511623.5534668
2025-06-06,71.08000183105469,71.4800033569336,70.94000244140625,71.3499984741211,9524000,679537385.4675293
2025-06-09,71.3499984741211,71.83000183105469,71.08999633789062,71.7699966430664,12281300,881428859.7724915
2025-06-10,71.9000015258789,72.69000244140625,71.76000213623047,72.3499984741211,12265000,887372731.2850952
2025-06-11,72.2699966430664,72.36000061035156,71.76000213623047,72.06999969482422,12718500,916622291.1186218
2025-06-12,72.25,72.4000015258789,71.5999984741211,72.23999786376953,12806900,925170428.64151
2025-06-13,71.7699966430664,71.87999725341797,70.7300033569336,71.0199966430664,17467200,1240520485.3637695
2025-06-16,71.19999694824219,71.62000274658203,70.23999786376953,70.5199966430664,15045900,1061036817.4919128
2025-06-17,70.37999725341797,70.45999908447266,69.58000183105469,69.62000274658203,15437000,1074723982.3989868
2025-06-18,70.0,70.0,69.08999633789062,69.20999908447266,16227600,1123112181.1431885
2025-06-20,69.08999633789062,69.55999755859375,68.77999877929688,68.83999633789062,40859400,2812760946.368408
2025-06-23,69.13999938964844,69.80999755859375,68.97000122070312,69.73999786376953,21822800,1521922025.3814697
2025-06-24,69.94000244140625,70.3499984741211,69.69000244140625,70.20999908447266,15216100,1068322367.0692444
2025-06-25,69.93000030517578,70.0199966430664,69.43000030517578,69.62999725341797,12540400,873188017.5567627
2025-06-26,69.69999694824219,69.91999816894531,69.1500015258789,69.47000122070312,14454100,1004126344.644165
2025-06-27,69.58999633789062,70.55999755859375,69.47000122070312,70.33000183105469,23470700,1650694373.9761353
2025-06-30,70.12999725341797,70.79000091552734,70.08999633789062,70.75,15429000,1091601750.0
2025-07-01,70.98999786376953,72.44999694824219,70.9000015258789,71.66999816894531,21729300,1557338891.2124634
2025-07-02,71.69000244140625,71.83000183105469,70.73999786376953,70.91000366210938,13050200,925389729.7912598
2025-07-03,71.04000091552734,71.4000015258789,70.44999694824219,71.3499984741211,9440500,673579660.5949402
2025-07-07,71.37000274658203,71.37000274658203,70.80000305175781,71.01000213623047,16984700,1206083583.2832336
2025-07-08,70.68000030517578,70.68000030517578,69.87999725341797,70.23999786376953,17115500,1202192683.4373474
2025-07-09,70.16000366210938,70.25,68.97000122070312,69.4800033569336,33704100,2341760981.1424255
2025-07-10,69.29000091552734,69.8499984741211,69.16000366210938,69.7699966430664,14608400,1019228018.9605713
2025-07-11,69.56999969482422,70.16000366210938,69.25,69.87000274658203,12916700,902489864.4767761
2025-07-14,69.80000305175781,70.08000183105469,69.2699966430664,69.47000122070312,13983200,971412921.0693359
2025-07-15,69.51000213623047,69.55000305175781,69.1500015258789,69.36000061035156,12639800,876696535.7147217
2025-07-16,69.3499984741211,69.5,68.79000091552734,69.2699966430664,13178300,912860796.761322
2025-07-17,69.80999755859375,70.69000244140625,69.51000213623047,70.58999633789062,20464700,1444603098.0560303
2025-07-18,70.44000244140625,70.69999694824219,69.83000183105469,69.8499984741211,14928000,1042720777.2216797
2025-07-21,70.19000244140625,70.62000274658203,69.93000030517578,70.06999969482422,17811700,1248065813.5643005
2025-07-22,69.44999694824219,70.26000213623047,68.69000244140625,69.66000366210938,22339900,1556197515.8111572
2025-07-23,69.66000366210938,69.73999786376953,68.5999984741211,69.16000366210938,21030000,1454434877.0141602
2025-07-24,69.26000213623047,69.55000305175781,68.98999786376953,69.0999984741211,12511400,864537720.9091187
2025-07-25,69.12999725341797,69.2300033569336,68.75,69.16999816894531,12574800,869798892.9748535
2025-07-28,68.73999786376953,68.9000015258789,68.05999755859375,68.08999633789062,13668800,930708541.9433594
2025-07-29,68.33999633789062,69.41999816894531,68.1500015258789,69.37999725341797,16223400,1125579447.441101
2025-07-30,69.11000061035156,69.33000183105469,68.52999877929688,68.75,10448200,718313750.0
2025-07-31,68.1500015258789,68.6500015258789,67.73999786376953,67.88999938964844,17193400,1167259915.5059814
2025-08-01,68.5999984741211,69.04000091552734,68.2699966430664,68.86000061035156,16107500,1109162459.8312378
2025-08-04,68.72000122070312,69.08000183105469,68.30999755859375,68.95999908447266,10701500,737975430.2024841
2025-08-05,68.9000015258789,69.48999786376953,68.75,69.05000305175781,11993400,828144306.6009521
2025-08-06,69.12000274658203,69.80000305175781,68.62999725341797,69.51000213623047,10783000,749526353.0349731
2025-08-07,69.45999908447266,70.72000122070312,69.33000183105469,70.43000030517578,15790800,1112146048.8189697
2025-08-08,70.36000061035156,70.87000274658203,70.08000183105469,70.33999633789062,9232700,649428084.1888428
2025-08-11,70.30000305175781,70.86000061035156,69.95999908447266,70.75,10909400,771840050.0
2025-08-12,70.81999969482422,71.05999755859375,70.22000122070312,70.70999908447266,11061100,782130370.8732605
2025-08-13,70.69000244140625,70.7699966430664,70.2300033569336,70.45999908447266,10356500,729718980.5183411
2025-08-14,70.37999725341797,70.45999908447266,69.38999938964844,69.55000305175781,10722400,745742952.722168
2025-08-15,69.73999786376953,70.38999938964844,69.56999969482422,69.91999816894531,12381100,865686489.3295288
2025-08-18,69.9800033569336,70.05000305175781,69.05000305175781,69.12999725341797,14094900,974380398.2872009
2025-08-19,69.30000305175781,70.22000122070312,69.23999786376953,70.12999725341797,13862200,972156047.9263306
2025-08-20,70.73999786376953,71.70999908447266,70.41000366210938,70.69999694824219,17530800,1239427506.5002441
2025-08-21,70.5999984741211,70.91000366210938,70.33000183105469,70.66000366210938,8840400,624662696.3745117
2025-08-22,70.95999908447266,71.0199966430664,69.91999816894531,70.12999725341797,12999600,911661912.2955322
2025-08-25,70.11000061035156,70.2300033569336,68.72000122070312,68.93000030517578,13634600,939832982.1609497
2025-08-26,69.04000091552734,69.08000183105469,68.58000183105469,68.7300033569336,17964200,1234679526.3046265
2025-08-27,68.81999969482422,68.87000274658203,68.47000122070312,68.83000183105469,11562700,795860662.171936
2025-08-28,68.87999725341797,68.9000015258789,68.27999877929688,68.36000061035156,16209900,1108108773.8937378
2025-08-29,68.66999816894531,69.13999938964844,68.43000030517578,68.98999786376953,14601100,1007329857.8086853
2025-09-02,68.95999908447266,69.33999633789062,68.26000213623047,69.05999755859375,24770100,1710623045.526123
2025-09-03,68.66000366210938,69.0999984741211,67.37000274658203,68.98999786376953,33581500,2316787613.2621765
2025-09-04,69.11000061035156,69.45999908447266,68.11000061035156,68.25,16736000,1142232000.0
2025-09-05,68.01000213623047,68.58000183105469,67.87000274658203,67.95999908447266,23978000,1629544858.0474854
2025-09-08,67.86000061035156,67.87999725341797,67.16000366210938,67.43000030517578,21671700,1461322737.613678
2025-09-09,67.27999877929688,68.11000061035156,67.27999877929688,67.86000061035156,14120600,958223924.6185303
2025-09-10,67.79000091552734,68.08999633789062,67.20999908447266,67.81999969482422,16041900,1087961653.1044006
2025-09-11,67.91999816894531,68.16999816894531,67.58000183105469,67.62000274658203,15128700,1023002735.5522156
2025-09-12,67.5999984741211,67.72000122070312,66.94000244140625,67.01000213623047,18712400,1253917963.973999
2025-09-15,66.68000030517578,66.77999877929688,66.0999984741211,66.20999908447266,15986100,1058439666.3642883
2025-09-16,66.3499984741211,66.51000213623047,66.05999755859375,66.23999786376953,18555900,1229142776.360321
2025-09-17,66.41000366210938,67.12999725341797,66.41000366210938,67.04000091552734,17372300,1164639007.9048157
2025-09-18,66.80000305175781,67.04000091552734,66.3499984741211,66.45999908447266,17722900,1177863917.7742004
2025-09-19,66.48999786376953,66.7300033569336,66.05000305175781,66.43000030517578,31192900,2072144356.5193176
2025-09-22,66.16000366210938,66.58999633789062,66.08000183105469,66.20999908447266,13298700,880506914.8246765
2025-09-23,66.3499984741211,66.76000213623047,65.9000015258789,66.70999908447266,15072800,1005506474.2004395
2025-09-24,66.41000366210938,66.77999877929688,65.95999908447266,66.44999694824219,14759300,980755439.9581909
2025-09-25,66.75,66.91999816894531,65.94999694824219,65.9800033569336,14395000,949782148.3230591
2025-09-26,66.06999969482422,66.33000183105469,65.5,65.66999816894531,17821600,1170344439.3676758
2025-09-29,65.66999816894531,66.0999984741211,65.3499984741211,66.04000091552734,14818500,978613753.566742
2025-09-30,66.06999969482422,66.63999938964844,65.95999908447266,66.31999969482422,13815000,916210795.7839966
2025-10-01,66.51000213623047,66.83000183105469,66.29000091552734,66.77999877929688,14877500,993519431.8389893
2025-10-02,66.52999877929688,66.6500015258789,65.86000061035156,66.0999984741211,14350700,948581248.1025696
2025-10-03,66.0999984741211,66.98999786376953,66.04000091552734,66.6500015258789,12249200,816409198.6907959
2025-10-06,66.48999786376953,66.5,65.83999633789062,66.0999984741211,14333300,947431108.1291199
2025-10-07,66.22000122070312,67.26000213623047,65.87000274658203,66.79000091552734,13328300,890197169.2024231
2025-10-08,66.66999816894531,66.87000274658203,66.05999755859375,66.12000274658203,12606700,833555038.6253357
2025-10-09,66.29000091552734,66.80000305175781,66.12000274658203,66.37000274658203,12705200,843244158.895874
2025-10-10,66.5199966430664,67.4000015258789,66.37999725341797,67.04000091552734,17991700,1206163584.4718933
2025-10-13,66.2300033569336,66.80000305175781,66.0,66.80000305175781,13690000,914492041.7785645
2025-10-14,66.87000274658203,67.56999969482422,66.75,67.51000213623047,14245600,961720486.4318848
2025-10-15,67.2699966430664,67.72000122070312,66.91999816894531,67.08000183105469,11193700,750873416.4962769
2025-10-16,67.18000030517578,68.11000061035156,67.16000366210938,67.58999633789062,15707200,1061649590.4785156
2025-10-17,68.0,68.5,67.80000305175781,68.44000244140625,15541800,1063680829.9438477
2025-10-20,68.43000030517578,68.63999938964844,67.91999816894531,68.44000244140625,17786800,1217328635.4248047
2025-10-21,70.56999969482422,71.38999938964844,70.2300033569336,71.22000122070312,33651300,2396645627.078247
2025-10-22,71.36000061035156,71.62000274658203,70.51000213623047,70.80999755859375,18293000,1295327285.3393555
2025-10-23,70.80999755859375,70.93000030517578,69.72000122070312,69.94000244140625,13989400,978418670.1538086
2025-10-24,69.91000366210938,70.05000305175781,69.6500015258789,69.70999908447266,15688200,1093624407.637024
2025-10-27,69.77999877929688,70.12000274658203,69.25,70.05999755859375,13800000,966827966.3085938
2025-10-28,70.05000305175781,70.9000015258789,69.94999694824219,70.16000366210938,12730500,893171926.6204834
2025-10-29,69.91999816894531,70.02999877929688,68.16000366210938,68.3499984741211,19789600,1352619129.8034668
2025-10-30,68.44999694824219,69.29000091552734,68.38999938964844,68.9800033569336,14751700,1017572315.5204773
2025-10-31,68.55000305175781,69.06999969482422,67.9000015258789,68.9000015258789,16742700,1153572055.5473328
2025-11-03,68.80000305175781,68.88999938964844,67.66000366210938,67.97000122070312,15660400,1064437407.1166992
2025-11-04,68.47000122070312,68.7300033569336,68.16000366210938,68.66000366210938,12743800,874989354.6691895
2025-11-05,68.66000366210938,68.83000183105469,68.18000030517578,68.51000213623047,12850100,880360378.4507751
2025-11-06,68.30000305175781,69.13999938964844,67.91999816894531,69.05999755859375,15906700,1098516663.1652832
2025-11-07,69.80999755859375,70.87000274658203,69.41000366210938,70.55000305175781,25108300,1771390641.6244507
2025-11-10,70.01000213623047,70.66000366210938,69.44000244140625,70.5199966430664,15318000,1080225308.5784912
2025-11-11,70.9800033569336,71.75,70.66000366210938,71.61000061035156,16160200,1157231931.8634033
2025-11-12,71.48999786376953,71.88999938964844,71.33999633789062,71.51000213623047,13612600,973437055.0796509
2025-11-13,71.41999816894531,71.66999816894531,71.0,71.06999969482422,14002800,995178991.7266846
2025-11-14,71.41000366210938,71.63999938964844,70.5999984741211,71.16000366210938,13172000,937319568.2373047
2025-11-17,71.19999694824219,71.52999877929688,70.62000274658203,70.68000030517578,14772300,1044106168.5081482
2025-11-18,70.98999786376953,71.33999633789062,70.56999969482422,71.22000122070312,12838900,914386473.6724854
2025-11-19,71.19999694824219,71.44999694824219,70.80999755859375,71.11000061035156,12401500,881870672.5692749
2025-11-20,70.94999694824219,71.4800033569336,70.61000061035156,71.20999908447266,15396500,1096384750.9040833
2025-11-21,71.68000030517578,73.19000244140625,71.48999786376953,72.94999694824219,26492500,1932627794.1513062
2025-11-24,73.16000366210938,73.16000366210938,71.56999969482422,72.58999633789062,39818600,2890432028.1799316
2025-11-25,72.80000305175781,72.93000030517578,72.13999938964844,72.61000061035156,17451200,1267131642.6513672
2025-11-26,72.5999984741211,73.08999633789062,72.38999938964844,72.87999725341797,11795100,859626855.6037903
2025-11-28,73.0,73.2300033569336,72.76000213623047,73.12000274658203,7423000,542769780.3878784
2025-12-01,72.5999984741211,72.91000366210938,71.93000030517578,71.94999694824219,14388100,1035223751.0910034
2025-12-02,71.80000305175781,71.80000305175781,70.43000030517578,70.66999816894531,19871300,1404304734.614563
2025-12-03,70.87999725341797,71.4000015258789,70.61000061035156,70.80999755859375,17001700,1203890335.4919434
2025-12-04,70.83000183105469,71.33999633789062,70.37000274658203,70.44999694824219,17710000,1247669445.9533691
2025-12-05,70.31999969482422,70.70999908447266,69.87000274658203,70.0,13978200,978474000.0
2025-12-08,69.83999633789062,70.37999725341797,69.48999786376953,70.25,17775100,1248700775.0
2025-12-09,70.37000274658203,70.62999725341797,69.83000183105469,70.08999633789062,13010600,911912906.3537598
2025-12-10,70.38999938964844,70.52999877929688,69.77999877929688,70.20999908447266,29789400,2091513746.7269897
2025-12-11,70.55000305175781,70.69000244140625,68.79000091552734,69.11000061035156,23124200,1598113476.1138916
2025-12-12,69.11000061035156,70.62000274658203,69.04000091552734,70.5199966430664,18444500,1300706078.0830383
2025-12-15,70.43000030517578,71.31999969482422,70.31999969482422,70.97000122070312,18660100,1324307319.7784424
2025-12-16,71.30000305175781,71.30000305175781,70.31999969482422,70.37000274658203,17370000,1222326947.70813
2025-12-17,70.56999969482422,70.91999816894531,70.30999755859375,70.66999816894531,13672700,966249683.9645386
2025-12-18,70.2699966430664,70.80000305175781,70.16999816894531,70.36000061035156,15524800,1092324937.475586
2025-12-19,70.05999755859375,70.7699966430664,70.02999877929688,70.05999755859375,36911100,2585991575.88501
2025-12-22,69.93000030517578,70.22000122070312,69.66000366210938,70.20999908447266,12828500,900688973.2551575
2025-12-23,70.19999694824219,70.26000213623047,69.69000244140625,69.87000274658203,9471000,661738796.0128784
2025-12-24,69.9000015258789,70.16000366210938,69.75,70.11000061035156,4515300,316567685.7559204
2025-12-26,69.94999694824219,70.16000366210938,69.7300033569336,69.87000274658203,5711400,399055533.6868286
2025-12-29,70.0,70.41999816894531,69.8499984741211,70.16000366210938,9686900,679632939.4744873
2025-12-30,70.0,70.23999786376953,69.80000305175781,70.06999969482422,8610900,603365760.3721619
2025-12-31,70.06999969482422,70.16000366210938,69.87999725341797,69.91000366210938,8127800,568214527.7648926
2026-01-02,69.8499984741211,69.87000274658203,68.9800033569336,69.12000274658203,12151300,839897889.3745422
2026-01-05,68.91999816894531,68.91999816894531,67.91999816894531,67.94000244140625,21186600,1439417655.7250977
2026-01-06,68.01000213623047,68.25,67.58999633789062,67.83999633789062,21019900,1425989939.0228271
2026-01-07,67.98999786376953,68.06999969482422,67.2699966430664,67.54000091552734,20223400,1365888454.5150757
2026-01-08,67.54000091552734,69.45999908447266,67.44999694824219,69.37000274658203,19237000,1334470742.8359985
2026-01-09,69.43000030517578,70.66000366210938,69.12000274658203,70.51000213623047,19638600,1384717727.9525757
2026-01-12,70.9000015258789,70.97000122070312,70.23999786376953,70.5,20582500,1451066250.0
2026-01-13,70.41999816894531,71.23999786376953,70.2699966430664,71.23999786376953,18324800,1305458712.854004
2026-01-14,71.16999816894531,71.70999908447266,70.80999755859375,71.44000244140625,16739100,1195841344.8669434
2026-01-15,71.58999633789062,71.5999984741211,70.37000274658203,70.4800033569336,15464100,1089909819.9119568
2026-01-16,70.29000091552734,70.73999786376953,70.04000091552734,70.44000244140625,20027500,1410737148.8952637
2026-01-20,70.0,71.77999877929688,69.79000091552734,71.75,22152200,1589420350.0
2026-01-21,71.9800033569336,72.23999786376953,70.83000183105469,72.01000213623047,21660600,1559779852.2720337
2026-01-22,71.83000183105469,72.04000091552734,71.44000244140625,71.87000274658203,13962800,1003506474.3499756
2026-01-23,72.0199966430664,73.05999755859375,71.77999877929688,72.87999725341797,18307100,1334221397.718048
2026-01-26,72.86000061035156,73.30000305175781,72.54000091552734,72.55999755859375,14017400,1017102509.777832
2026-01-27,72.44000244140625,73.55999755859375,72.2699966430664,73.55000305175781,13239200,973743200.402832
2026-01-28,73.20999908447266,73.62000274658203,72.56999969482422,73.05999755859375,14633700,1069138086.2731934
2026-01-29,73.18000030517578,74.08999633789062,73.13999938964844,73.43000030517578,20862100,1531904009.3666077
2026-01-30,73.70999908447266,74.9000015258789,73.54000091552734,74.80999755859375,26420500,1976517540.4968262
2026-02-02,75.01000213623047,75.69999694824219,74.4000015258789,75.33000183105469,19301500,1453982030.342102
2026-02-03,75.2699966430664,77.5,75.12999725341797,76.88999938964844,27007100,2076575902.5161743
2026-02-04,77.2699966430664,78.11000061035156,77.08000183105469,77.3499984741211,28607300,2212774611.3487244
2026-02-05,77.81999969482422,78.86000061035156,77.58999633789062,78.51000213623047,21633500,1698446131.2141418
2026-02-06,78.5,79.19999694824219,78.26000213623047,79.02999877929688,18512400,1463034949.4018555
2026-02-09,78.66999816894531,79.11000061035156,77.54000091552734,77.97000122070312,23415600,1825714360.583496
2026-02-10,76.62999725341797,77.51000213623047,76.01000213623047,76.80999755859375,28848200,2215830171.569824
2026-02-11,76.87999725341797,79.05000305175781,76.58000183105469,78.5999984741211,22649700,1780266385.4393005
2026-02-12,78.9800033569336,80.41000366210938,78.79000091552734,79.0,26043500,2057436500.0
2026-02-13,78.44999694824219,79.4000015258789,78.12999725341797,78.68000030517578,16711900,1314892297.1000671
2026-02-17,78.98999786376953,79.63999938964844,78.73999786376953,79.55999755859375,16260200,1293661472.302246
2026-02-18,79.5,79.83999633789062,78.91999816894531,79.48999786376953,16304900,1296076466.1689758
2026-02-19,79.45999908447266,79.66999816894531,78.58999633789062,78.91000366210938,14924700,1177708131.6558838
2026-02-20,79.33000183105469,79.83999633789062,78.88999938964844,79.83999633789062,17175100,1371259921.1029053
2026-02-23,79.5199966430664,80.8499984741211,79.5,80.55999755859375,17157700,1382224270.111084
2026-02-24,80.54000091552734,81.08999633789062,79.8499984741211,80.72000122070312,16448500,1327722940.0787354
2026-02-25,80.4000015258789,80.69000244140625,79.55999755859375,80.47000122070312,18086900,1455452865.0787354
2026-02-26,80.75,80.88999938964844,80.0199966430664,80.5,12843200,1033877600.0
2026-02-27,80.94000244140625,82.0,80.81999969482422,81.55999755859375,28483500,2323114190.460205
2026-03-02,81.25,81.4000015258789,80.1500015258789,80.22000122070312,18137200,1454966206.1401367
2026-03-03,79.86000061035156,80.08000183105469,78.55999755859375,79.33999633789062,20549300,1630381386.7462158
2026-03-04,79.29000091552734,79.47000122070312,77.75,78.0999984741211,21011800,1641021547.9385376
2026-03-05,77.68000030517578,77.72000122070312,76.5,77.02999877929688,23165700,1784453842.7215576
2026-03-06,76.80000305175781,77.19000244140625,76.3499984741211,77.04000091552734,15516000,1195352654.2053223
2026-03-09,76.62000274658203,78.06999969482422,76.52999877929688,77.80000305175781,18554100,1443509036.6226196
2026-03-10,77.4800033569336,78.41000366210938,77.0999984741211,77.87999725341797,17243900,1342954884.638214
2026-03-11,77.70999908447266,77.70999908447266,76.5999984741211,77.62999725341797,11546800,896378052.2857666
2026-03-12,77.41999816894531,78.16000366210938,76.9000015258789,77.61000061035156,16842200,1307123152.279663
2026-03-13,77.47000122070312,78.05000305175781,77.19000244140625,77.33999633789062,11974500,926107786.1480713
2026-03-16,78.0,78.43000030517578,77.73999786376953,77.81999969482422,11761200,915256580.4107666
2026-03-17,78.0,78.30000305175781,77.44999694824219,77.58000183105469,14900100,1155949785.282898
2026-03-18,77.08000183105469,77.12999725341797,75.8499984741211,75.97000122070312,13134600,997835578.0334473
2026-03-19,76.0,76.44999694824219,75.52999877929688,75.55000305175781,13023300,983910354.7439575
2026-03-20,75.56999969482422,76.05000305175781,74.38999938964844,74.75,33298700,2489077825.0
2026-03-23,75.33999633789062,75.44999694824219,74.55000305175781,75.11000061035156,15054900,1130773548.1887817
2026-03-24,74.86000061035156,75.69000244140625,74.62999725341797,74.66999816894531,15653700,1168861750.3372192
2026-03-25,74.58999633789062,75.6500015258789,74.06999969482422,75.25,14787900,1112789475.0
2026-03-26,75.19000244140625,75.75,74.6500015258789,74.69000244140625,11202100,836684876.348877
2026-03-27,74.81999969482422,76.05000305175781,74.69999694824219,75.70999908447266,17461000,1321972294.013977
2026-03-30,75.93000030517578,77.0,75.72000122070312,76.2699966430664,18502800,1411208493.887329
2026-03-31,76.52999877929688,77.0199966430664,75.51000213623047,76.05000305175781,18301800,1391851945.8526611
2026-04-01,76.1500015258789,76.36000061035156,75.26000213623047,76.08000183105469,15834300,1204673572.9934692
2026-04-02,76.58000183105469,76.95999908447266,76.12000274658203,76.72000122070312,14573400,1118071265.789795
2026-04-06,76.63999938964844,77.27999877929688,76.22000122070312,77.22000122070312,8259900,637829488.0828857
2026-04-07,77.19999694824219,77.5999984741211,75.62999725341797,75.91000366210938,12769200,969310018.762207
2026-04-08,75.80999755859375,77.37000274658203,75.31999969482422,77.29000091552734,12331300,953086188.2896423
2026-04-09,76.6500015258789,78.29000091552734,76.37000274658203,78.18000030517578,14311000,1118833984.3673706
2026-04-10,77.9800033569336,78.16999816894531,77.30999755859375,77.47000122070312,11081400,858476071.5270996
2026-04-13,77.31999969482422,77.44999694824219,75.83000183105469,76.41000366210938,12696200,970116688.494873
2026-04-14,75.97000122070312,76.62000274658203,75.80000305175781,75.9000015258789,12397600,940977858.9172363
2026-04-15,75.73999786376953,75.73999786376953,74.72000122070312,75.30999755859375,16212100,1220933211.4196777
2026-04-16,75.02999877929688,75.83999633789062,74.9000015258789,75.18000030517578,11501900,864712845.5101013
2026-04-17,74.94999694824219,76.05999755859375,74.80000305175781,75.73999786376953,15033900,1138667553.8841248
2026-04-20,75.81999969482422,76.22000122070312,75.36000061035156,75.4800033569336,10141800,765503098.0453491
2026-04-21,75.4800033569336,75.52999877929688,74.62000274658203,74.69999694824219,11806900,881975393.9682007
2026-04-22,74.9000015258789,75.37999725341797,74.55000305175781,74.62999725341797,9352300,697962123.3131409
2026-04-23,75.44000244140625,76.66000366210938,75.16000366210938,76.27999877929688,12060300,919959669.2779541
2026-04-24,76.70999908447266,77.01000213623047,76.16999816894531,76.62999725341797,12008700,920226648.0171204
2026-04-27,76.70999908447266,76.70999908447266,75.4000015258789,75.44000244140625,15812200,1192872406.604004
2026-04-28,79.5199966430664,80.31999969482422,78.08000183105469,78.3499984741211,30710700,2406183298.1391907
2026-04-29,78.37000274658203,79.27999877929688,78.19000244140625,78.87000274658203,18294700,1442903039.2478943
2026-04-30,78.80000305175781,79.12000274658203,78.33000183105469,78.76000213623047,15142200,1192599704.347229
2026-05-01,79.29000091552734,79.63999938964844,78.04000091552734,78.58000183105469,12610400,990925255.090332
2026-05-04,78.05999755859375,78.7699966430664,77.7300033569336,78.19000244140625,12672400,990854986.9384766
2026-05-05,78.19000244140625,78.77999877929688,77.73999786376953,78.4800033569336,11637500,913311039.0663147
2026-05-06,78.77999877929688,79.33000183105469,78.56999969482422,79.2300033569336,14060300,1113997616.1994934
2026-05-07,78.79000091552734,79.1500015258789,78.0999984741211,78.43000030517578,16531400,1296557707.044983
2026-05-08,78.56999969482422,79.19999694824219,78.12000274658203,78.41999816894531,12447200,976109401.2084961
2026-05-11,78.16000366210938,78.7300033569336,77.83999633789062,78.66000366210938,10967900,862735054.1656494
2026-05-12,79.0,80.31999969482422,78.27999877929688,80.02999877929688,19883100,1591244468.7286377
2026-05-13,79.87000274658203,81.02999877929688,79.83999633789062,80.26000213623047,12357000,991772846.3973999
2026-05-14,80.7300033569336,80.91999816894531,79.91000366210938,80.44999694824219,10642000,856148867.5231934
2026-05-15,81.36000061035156,81.36000061035156,80.44999694824219,80.81999969482422,17527200,1416548298.651123
2026-05-18,80.87000274658203,81.38999938964844,80.38999938964844,81.19999694824219,12375500,1004890562.2329712
2026-05-19,81.41000366210938,82.66000366210938,81.26000213623047,81.91999816894531,16595200,1359478753.6132812
2026-05-20,82.16999816894531,82.4000015258789,81.5199966430664,81.55000305175781,16999700,1386325586.8789673
2026-05-21,81.79000091552734,81.80000305175781,80.72000122070312,81.16999816894531,15708400,1275050799.2370605
2026-05-22,81.18000030517578,81.68000030517578,80.91999816894531,81.4800033569336,8240200,671411523.6618042
2026-05-26,80.83999633789062,81.5999984741211,80.23999786376953,80.45999908447266,13004200,1046317920.0942993
2026-05-27,81.0999984741211,82.51000213623047,80.80000305175781,81.62000274658203,13209600,1078167588.28125
2026-05-28,81.31999969482422,81.76000213623047,80.33999633789062,80.41000366210938,14691400,1181335527.8015137
2026-05-29,80.04000091552734,80.33000183105469,78.91000366210938,79.01000213623047,32477000,2566007839.378357
2026-06-01,78.58000183105469,79.19999694824219,78.43000030517578,78.63999938964844,12776300,1004728224.2019653
2026-06-02,78.87999725341797,79.19999694824219,78.25,78.41000366210938,12533200,982728257.8979492
2026-06-03,78.29000091552734,79.02999877929688,78.11000061035156,78.76000213623047,14964300,1178588299.9671936
2026-06-04,79.77999877929688,80.04000091552734,76.80999755859375,76.81999969482422,19361600,1487358106.0913086
2026-06-05,77.51000213623047,80.73999786376953,77.4800033569336,79.4800033569336,25708100,2043279874.3003845
2026-06-08,79.30999755859375,79.93000030517578,79.0999984741211,79.54000091552734,12828900,1020410717.7452087
2026-06-09,79.55000305175781,81.76000213623047,79.37999725341797,81.33999633789062,20591600,1674920668.5913086
2026-06-10,82.68000030517578,83.8499984741211,82.12000274658203,83.58999633789062,20880500,1745400918.5333252
2026-06-11,83.91999816894531,84.04000091552734,82.48999786376953,82.52999877929688,14264500,1177249167.5872803
2026-06-12,82.70999908447266,82.88999938964844,81.87000274658203,82.62000274658203,11757700,971421206.2934875
2026-06-15,81.08000183105469,81.19999694824219,80.25,80.91000366210938,20055200,1622666305.444336
2026-06-16,81.1500015258789,81.38999938964844,79.83999633789062,80.27999877929688,17565100,1410126206.5582275
2026-06-17,79.94999694824219,80.33000183105469,78.98999786376953,79.93000030517578,17055400,1363238127.204895
2026-06-18,79.87000274658203,80.01000213623047,78.73999786376953,79.38999938964844,46857900,3720048652.4002075
2026-06-22,79.25,80.05999755859375,79.05999755859375,79.52999877929688,21205900,1686505201.1138916
2026-06-23,81.33000183105469,81.33000183105469,79.83000183105469,80.30999755859375,16854000,1353544698.852539
2026-06-24,80.88999938964844,81.58000183105469,80.55999755859375,80.5999984741211,20632600,1662987528.5171509
2026-06-25,80.52999877929688,81.37999725341797,79.97000122070312,80.41999816894531,16021400,1288440958.6639404
2026-06-26,80.95999908447266,82.80999755859375,80.69999694824219,82.62999725341797,53357500,4408930078.449249
2026-06-29,82.83000183105469,83.62000274658203,82.20999908447266,82.6500015258789,15015800,1241055892.9122925
2026-06-30,82.5,82.54000091552734,81.01000213623047,81.2699966430664,16422100,1334624011.8721008
2026-07-01,81.69999694824219,81.9800033569336,80.95999908447266,81.29000091552734,21734800,1766821911.8988037
2026-07-02,81.62999725341797,84.13999938964844,81.4000015258789,84.13999938964844,18308400,1540468764.8254395
2026-07-06,84.0999984741211,84.55999755859375,82.31999969482422,82.95999908447266,18992600,1575626078.6117554
2026-07-07,84.5999984741211,85.68000030517578,83.63999938964844,84.05000305175781,17835200,1499048614.428711
2026-07-08,84.16999816894531,84.83000183105469,83.2699966430664,83.4000015258789,14160000,1180944021.6064453
2026-07-09,82.08999633789062,82.81999969482422,81.70999908447266,82.62999725341797,15782500,1304107931.652069
2026-07-10,82.7300033569336,83.73999786376953,82.41000366210938,83.48999786376953,10694600,892892131.1538696
2026-07-13,83.9000015258789,84.68000030517578,83.66999816894531,84.25,12085800,1018228650.0
2026-07-14,84.16999816894531,84.62999725341797,83.08000183105469,83.08000183105469,13775400,1144460257.2235107
2026-07-15,82.93000030517578,83.23999786376953,82.2300033569336,82.44999694824219,18383800,1515744253.8970947
2026-07-16,83.5,84.94999694824219,83.27999877929688,84.91999816894531,17889900,1519210275.2426147
2026-07-17,85.37000274658203,85.55999755859375,80.83000183105469,81.55999755859375,32903000,2683568599.67041
2026-07-20,81.55000305175781,82.37000274658203,81.30000305175781,82.12000274658203,14967200,1229106505.1086426
2026-07-21,81.97000122070312,82.4000015258789,81.31999969482422,81.97000122070312,12949400,1061462333.807373
2026-07-22,82.8499984741211,82.91999816894531,81.95999908447266,82.19999694824219,11701300,961846824.2904663
2026-07-23,81.66999816894531,81.87000274658203,80.87999725341797,81.16999816894531,13755600,1116542026.8127441
2026-07-24,81.56999969482422,82.33000183105469,80.9000015258789,82.25,11980400,985387900.0
2026-07-27,83.08000183105469,84.13999938964844,82.5,84.06999969482422,19937600,1676154025.9155273
2026-07-28,88.30000305175781,90.22000122070312,86.25,88.2699966430664,34982900,3087940465.564728
2026-07-29,88.6500015258789,90.91999816894531,88.63999938964844,89.08000183105469,21711700,1934078275.75531
2026-07-30,87.62999725341797,88.63999938964844,87.20999908447266,88.48999786376953,17616100,1558848651.3679504
2026-07-31,87.66000366210938,88.0,86.81999969482422,87.58999633789062,14725900,1289841527.0721436
2026-08-03,88.4800033569336,88.4800033569336,86.62999725341797,86.86000061035156,23197100,2014900120.1583862
2026-08-04,85.79000091552734,86.68000030517578,85.16000366210938,86.55999755859375,17085700,1478938150.2868652
2026-08-05,87.05000305175781,87.1500015258789,86.19000244140625,86.83000183105469,15868600,1377870567.0562744
2026-08-06,87.86000061035156,87.97000122070312,86.41999816894531,86.8499984741211,13568500,1178424204.296112
2026-08-07,86.51000213623047,87.16999816894531,86.19000244140625,87.05000305175781,11221700,976849019.2459106
2026-08-10,87.11000061035156,87.52999877929688,86.43000030517578,86.87000274658203,13710800,1191057233.657837
2026-08-11,86.62000274658203,87.05000305175781,86.11000061035156,86.4800033569336,16018000,1385236693.7713623
2026-08-12,85.77999877929688,87.29000091552734,85.66000366210938,86.70999908447266,12651900,1097046237.4168396
2026-08-13,87.13999938964844,87.75,86.91000366210938,87.41999816894531,10140600,886491233.4320068
2026-08-14,87.30000305175781,87.97000122070312,87.19999694824219,87.70999908447266,9166400,803984935.6079102
2026-08-17,87.30000305175781,88.0199966430664,86.8499984741211,86.9800033569336,12056400,1048665712.4725342
2026-08-18,88.4000015258789,88.95999908447266,87.87999725341797,88.81999969482422,12524500,1112426086.177826
2026-08-19,88.58999633789062,90.76000213623047,88.58999633789062,90.3499984741211,15993900,1445048840.5952454
2026-08-20,90.18000030517578,91.87000274658203,89.7300033569336,90.5,14928000,1350984000.0
2026-08-21,90.8499984741211,91.19999694824219,90.31999969482422,91.0999984741211,15595800,1420777356.2026978
2026-08-24,92.12000274658203,92.48999786376953,91.44999694824219,91.98999786376953,14787700,1360320491.4100647
2026-08-25,91.56999969482422,92.08000183105469,91.30000305175781,91.63999938964844,11940100,1094190756.7123413
2026-08-26,92.20999908447266,92.20999908447266,90.0,90.08000183105469,17133900,1543421743.373108
2026-08-27,89.41000366210938,90.02999877929688,88.95999908447266,89.05999755859375,13452600,1198088523.1567383
2026-08-28,89.20999908447266,90.04000091552734,89.06999969482422,89.66000366210938,9887200,886486388.2080078
2026-08-31,89.51000213623047,89.52999877929688,88.5999984741211,88.66999816894531,23764800,2107224772.4853516
2026-09-01,89.58999633789062,89.77999877929688,87.80999755859375,88.0,14824100,1304520800.0
2026-09-02,87.9000015258789,88.94999694824219,87.7300033569336,88.23999786376953,18492800,1631804632.4951172
2026-09-03,88.11000061035156,89.2300033569336,88.01000213623047,88.80999755859375,13763000,1222291996.3989258
2026-09-04,88.58999633789062,88.91000366210938,87.8499984741211,88.06999969482422,17290700,1522791943.723297
2026-09-08,87.55000305175781,88.55000305175781,87.55000305175781,88.36000061035156,19426900,1716560895.8572388
2026-09-09,88.30999755859375,88.4000015258789,87.41000366210938,87.55000305175781,12337500,1080148162.651062
