timestamps,open,high,low,close,volume,amount
2015-01-02,0.503250002861023,0.5070000290870667,0.49524998664855957,0.503250002861023,113680000,57209460.32524109
2015-01-05,0.503250002861023,0.5047500133514404,0.4925000071525574,0.4947499930858612,197952000,97936750.6313324
2015-01-06,0.49549999833106995,0.4959999918937683,0.4792500138282776,0.47975000739097595,197764000,94877280.46166897
2015-01-07,0.4832499921321869,0.48750001192092896,0.47699999809265137,0.47850000858306885,321808000,153985130.76210022
2015-01-08,0.48399999737739563,0.49950000643730164,0.48374998569488525,0.4964999854564667,283780000,140896765.8728361
2015-01-09,0.49825000762939453,0.5022500157356262,0.49149999022483826,0.4984999895095825,209540000,104455687.80183792
2015-01-12,0.4997499883174896,0.5,0.48774999380111694,0.492249995470047,190732000,93887826.135993
2015-01-13,0.4959999918937683,0.5059999823570251,0.4880000054836273,0.49149999022483826,236720000,116347877.68602371
2015-01-14,0.48625001311302185,0.4950000047683716,0.48500001430511475,0.4934999942779541,155260000,76620809.11159515
2015-01-15,0.4970000088214874,0.5,0.4897499978542328,0.49000000953674316,188932000,92576681.80179596
2015-01-16,0.4892500042915344,0.49950000643730164,0.48774999380111694,0.49900001287460327,181512000,90574490.33689499
2015-01-20,0.5024999976158142,0.5052499771118164,0.49424999952316284,0.5005000233650208,140308000,70224157.27829933
2015-01-21,0.49775001406669617,0.5087500214576721,0.49424999952316284,0.5074999928474426,144780000,73475848.96445274
2015-01-22,0.5084999799728394,0.5177500247955322,0.503250002861023,0.5162500143051147,159712000,82451322.28469849
2015-01-23,0.5167499780654907,0.518750011920929,0.512499988079071,0.5177500247955322,120416000,62345386.98577881
2015-01-26,0.515500009059906,0.5180000066757202,0.5122500061988831,0.515500009059906,133240000,68685221.20714188
2015-01-27,0.5074999928474426,0.5080000162124634,0.4897499978542328,0.4907500147819519,357948000,175662986.29117012
2015-01-28,0.49674999713897705,0.4987500011920929,0.48249998688697815,0.4827499985694885,272728000,131659441.60985947
2015-01-29,0.4830000102519989,0.4972499907016754,0.4807499945163727,0.4945000112056732,235340000,116375632.63714314
2015-01-30,0.4909999966621399,0.49674999713897705,0.4792500138282776,0.47999998927116394,298200000,143135996.8006611
2015-02-02,0.4830000102519989,0.4925000071525574,0.47350001335144043,0.49050000309944153,259604000,127335762.80462742
2015-02-03,0.49399998784065247,0.503250002861023,0.49149999022483826,0.5027499794960022,183468000,92238533.23817253
2015-02-04,0.5012500286102295,0.5097500085830688,0.4997499883174896,0.5040000081062317,181516000,91484065.47141075
2015-02-05,0.5044999718666077,0.512499988079071,0.5040000081062317,0.5122500061988831,140448000,71944488.87062073
2015-02-06,0.5117499828338623,0.5177500247955322,0.5077499747276306,0.5099999904632568,210524000,107367237.99228668
2015-02-09,0.5070000290870667,0.5109999775886536,0.5037500262260437,0.5095000267028809,273944000,139574475.315094
2015-02-10,0.5099999904632568,0.5239999890327454,0.5077499747276306,0.5237500071525574,226204000,118474346.61793709
2015-02-11,0.5249999761581421,0.5249999761581421,0.5167499780654907,0.5202500224113464,320832000,166912855.1902771
2015-02-12,0.550000011920929,0.5625,0.546750009059906,0.5575000047683716,676904000,377373983.2277298
2015-02-13,0.5562499761581421,0.5584999918937683,0.5477499961853027,0.5577499866485596,310084000,172949346.85993195
2015-02-17,0.5567499995231628,0.562250018119812,0.5532500147819519,0.559499979019165,203340000,113768725.73375702
2015-02-18,0.5587499737739563,0.5597500205039978,0.5519999861717224,0.5529999732971191,170948000,94534239.43519592
2015-02-19,0.5600000023841858,0.5609999895095825,0.5519999861717224,0.5544999837875366,169432000,93950041.2530899
2015-02-20,0.5540000200271606,0.5587499737739563,0.550000011920929,0.5584999918937683,157752000,88104490.72122574
2015-02-23,0.5582500100135803,0.5582500100135803,0.5512499809265137,0.5540000200271606,125008000,69254434.5035553
2015-02-24,0.5540000200271606,0.5577499866485596,0.5490000247955322,0.5577499866485596,149356000,83303307.00588226
2015-02-25,0.5554999709129333,0.5580000281333923,0.5509999990463257,0.5534999966621399,123820000,68534369.58670616
2015-02-26,0.5540000200271606,0.5582500100135803,0.5504999756813049,0.5550000071525574,152864000,84839521.09336853
2015-02-27,0.5534999966621399,0.5547500252723694,0.5494999885559082,0.5515000224113464,157492000,86856841.52960777
2015-03-02,0.550000011920929,0.5680000185966492,0.5492500066757202,0.5649999976158142,301512000,170354279.28113937
2015-03-03,0.5607500076293945,0.5634999871253967,0.5527499914169312,0.5544999837875366,160344000,88910745.40042877
2015-03-04,0.5525000095367432,0.5619999766349792,0.5502499938011169,0.5607500076293945,226840000,127200531.73065186
2015-03-05,0.5607500076293945,0.5724999904632568,0.559249997138977,0.5715000033378601,323056000,184626505.07831573
2015-03-06,0.5682500004768372,0.5709999799728394,0.5632500052452087,0.5637500286102295,257392000,145104747.3640442
2015-03-09,0.5640000104904175,0.5695000290870667,0.562749981880188,0.5652499794960022,222388000,125704812.44015694
2015-03-10,0.5677499771118164,0.5787500143051147,0.5667499899864197,0.574999988079071,527212000,303146893.7151432
2015-03-11,0.574999988079071,0.5824999809265137,0.5705000162124634,0.5720000267028809,262120000,149932646.99935913
2015-03-12,0.5665000081062317,0.5707499980926514,0.5559999942779541,0.5667499899864197,406972000,230651376.9247532
2015-03-13,0.5640000104904175,0.5690000057220459,0.5562499761581421,0.5674999952316284,359288000,203895938.2867813
2015-03-16,0.5720000267028809,0.577750027179718,0.5682500004768372,0.5742499828338623,236956000,136071978.93238068
2015-03-17,0.5730000138282776,0.5814999938011169,0.5690000057220459,0.581250011920929,299900000,174316878.5750866
2015-03-18,0.581250011920929,0.5842499732971191,0.5665000081062317,0.5717499852180481,413844000,236615300.8825779
2015-03-19,0.5737500190734863,0.5824999809265137,0.5695000290870667,0.5805000066757202,310756000,180393860.0745201
2015-03-20,0.5852500200271606,0.5902500152587891,0.5797500014305115,0.5867499709129333,462084000,271127773.5593319
2015-03-23,0.5692499876022339,0.5767499804496765,0.5674999952316284,0.5677499771118164,426012000,241868303.24935913
2015-03-24,0.5659999847412109,0.5699999928474426,0.5575000047683716,0.5600000023841858,330480000,185068800.78792572
2015-03-25,0.5597500205039978,0.5597500205039978,0.5242499709129333,0.5260000228881836,542552000,285382364.4180298
2015-03-26,0.515250027179718,0.5264999866485596,0.5115000009536743,0.5242499709129333,311920000,163524050.92716217
2015-03-27,0.5272499918937683,0.5364999771118164,0.518750011920929,0.534500002861023,318288000,170124936.91062927
2015-03-30,0.5370000004768372,0.5394999980926514,0.5299999713897705,0.5367500185966492,253252000,135933015.7096386
2015-03-31,0.5352500081062317,0.5357499718666077,0.5227500200271606,0.5232499837875366,357276000,186944661.20767593
2015-04-01,0.5252500176429749,0.5270000100135803,0.5162500143051147,0.5252500176429749,330768000,173735897.8357315
2015-04-02,0.528249979019165,0.5297499895095825,0.5220000147819519,0.5264999866485596,192204000,101195403.43379974
2015-04-06,0.5242499709129333,0.5435000061988831,0.518750011920929,0.5417500138282776,515864000,279469329.1335106
2015-04-07,0.5417500138282776,0.5525000095367432,0.5387499928474426,0.546500027179718,413964000,226231337.2514248
2015-04-08,0.546999990940094,0.5525000095367432,0.5417500138282776,0.5504999756813049,366432000,201720807.08885193
2015-04-09,0.5462499856948853,0.5649999976158142,0.5460000038146973,0.5632500052452087,379432000,213715075.99020004
2015-04-10,0.5637500286102295,0.5692499876022339,0.5617499947547913,0.5690000057220459,258728000,147216233.4804535
2015-04-13,0.5677499771118164,0.5709999799728394,0.5612499713897705,0.5637500286102295,236724000,133453161.77272797
2015-04-14,0.5615000128746033,0.5637500286102295,0.5534999966621399,0.5590000152587891,220276000,123134287.36114502
2015-04-15,0.5605000257492065,0.5699999928474426,0.5577499866485596,0.565750002861023,243560000,137794070.69683075
2015-04-16,0.5625,0.5672500133514404,0.5582500100135803,0.562250018119812,155284000,87308431.81371689
2015-04-17,0.5504999756813049,0.5605000257492065,0.5502499938011169,0.5550000071525574,293636000,162967982.10024834
2015-04-20,0.5575000047683716,0.5609999895095825,0.5512499809265137,0.5522500276565552,231624000,127914360.40592194
2015-04-21,0.5590000152587891,0.5590000152587891,0.5487499833106995,0.5515000224113464,230456000,127096489.16482925
2015-04-22,0.5547500252723694,0.5584999918937683,0.5462499856948853,0.5577499866485596,207420000,115688502.23064423
2015-04-23,0.5475000143051147,0.5607500076293945,0.5412499904632568,0.5554999709129333,259380000,144085582.45539665
2015-04-24,0.5552499890327454,0.5554999709129333,0.5444999933242798,0.5507500171661377,240960000,132708724.13635254
2015-04-27,0.5525000095367432,0.5647500157356262,0.5477499961853027,0.5550000071525574,248456000,137893081.7770958
2015-04-28,0.5540000200271606,0.5597500205039978,0.5487499833106995,0.5577499866485596,234484000,130783447.86930084
2015-04-29,0.5537499785423279,0.559249997138977,0.5512499809265137,0.5534999966621399,195156000,108018845.34859657
2015-04-30,0.5507500171661377,0.5577499866485596,0.5494999885559082,0.5550000071525574,218844000,121458421.56529427
2015-05-01,0.559499979019165,0.5705000162124634,0.5569999814033508,0.5687500238418579,256968000,146150556.12659454
2015-05-04,0.5682500004768372,0.5720000267028809,0.5634999871253967,0.5652499794960022,200720000,113456975.88443756
2015-05-05,0.5632500052452087,0.5640000104904175,0.5482500195503235,0.5507500171661377,292928000,161330101.02844238
2015-05-06,0.5537499785423279,0.5590000152587891,0.5452499985694885,0.5525000095367432,316484000,174857413.01822662
2015-05-07,0.5502499938011169,0.5640000104904175,0.5485000014305115,0.562250018119812,534564000,300558618.6861992
2015-05-08,0.5252500176429749,0.5460000038146973,0.5122500061988831,0.5207499861717224,1146552000,597066938.1451607
2015-05-11,0.5134999752044678,0.5210000276565552,0.5095000267028809,0.515749990940094,544144000,280642263.0701065
2015-05-12,0.5120000243186951,0.5249999761581421,0.5117499828338623,0.5207499861717224,388800000,202467594.62356567
2015-05-13,0.5245000123977661,0.5285000205039978,0.518750011920929,0.5237500071525574,308524000,161589447.2067356
2015-05-14,0.5252500176429749,0.5350000262260437,0.5239999890327454,0.5322499871253967,293052000,155976923.22707176
2015-05-15,0.534500002861023,0.5370000004768372,0.5292500257492065,0.5325000286102295,215824000,114926286.17477417
2015-05-18,0.53125,0.5350000262260437,0.5287500023841858,0.5317500233650208,324972000,172803868.59297752
2015-05-19,0.5299999713897705,0.5317500233650208,0.5249999761581421,0.5260000228881836,253808000,133503013.8092041
2015-05-20,0.5262500047683716,0.5325000286102295,0.5254999995231628,0.5260000228881836,196824000,103529428.50494385
2015-05-21,0.5262500047683716,0.5285000205039978,0.5217499732971191,0.5222499966621399,239692000,125179146.19994164
2015-05-22,0.5235000252723694,0.5254999995231628,0.5202500224113464,0.5214999914169312,212592000,110866726.17530823
2015-05-26,0.5189999938011169,0.5224999785423279,0.5142499804496765,0.5182499885559082,259732000,134606106.02760315
2015-05-27,0.5217499732971191,0.5485000014305115,0.5199999809265137,0.5460000038146973,432332000,236053273.6492157
2015-05-28,0.5460000038146973,0.5552499890327454,0.5450000166893005,0.5534999966621399,327656000,181357594.9063301
2015-05-29,0.5534999966621399,0.5569999814033508,0.5525000095367432,0.5532500147819519,335168000,185431700.95443726
2015-06-01,0.5567499995231628,0.5649999976158142,0.5532500147819519,0.559499979019165,372660000,208503262.18128204
2015-06-02,0.5559999942779541,0.5590000152587891,0.5479999780654907,0.5485000014305115,224304000,123030744.32086945
2015-06-03,0.550000011920929,0.5542500019073486,0.5414999723434448,0.5425000190734863,250788000,136052494.7834015
2015-06-04,0.5392500162124634,0.5540000200271606,0.5392500162124634,0.5522500276565552,323712000,178769960.9527588
2015-06-05,0.5504999756813049,0.5590000152587891,0.5447499752044678,0.5565000176429749,313320000,174362585.52789688
2015-06-08,0.5547500252723694,0.5584999918937683,0.5375000238418579,0.543749988079071,342812000,186404020.9133625
2015-06-09,0.5442500114440918,0.5504999756813049,0.5432500243186951,0.546500027179718,256888000,140389298.9821434
2015-06-10,0.5400000214576721,0.5435000061988831,0.5337499976158142,0.5367500185966492,529460000,284187664.84618187
2015-06-11,0.5367500185966492,0.5462499856948853,0.5367500185966492,0.5425000190734863,283052000,153555715.39878845
2015-06-12,0.5389999747276306,0.5422499775886536,0.5264999866485596,0.5277500152587891,323728000,170847456.93969727
2015-06-15,0.5249999761581421,0.5292500257492065,0.5210000276565552,0.5267500281333923,306548000,161474167.62423515
2015-06-16,0.5257499814033508,0.5339999794960022,0.5205000042915344,0.5332499742507935,256892000,136987652.38523483
2015-06-17,0.5329999923706055,0.5425000190734863,0.5317500233650208,0.5394999980926514,233544000,125996987.55455017
2015-06-18,0.5440000295639038,0.5519999861717224,0.5425000190734863,0.5485000014305115,299404000,164223094.42830086
2015-06-19,0.5485000014305115,0.5529999732971191,0.5417500138282776,0.546750009059906,355656000,194454921.22220993
2015-06-22,0.5477499961853027,0.5507500171661377,0.5362499952316284,0.5444999933242798,514236000,280001498.56710434
2015-06-23,0.5454999804496765,0.5497499704360962,0.5262500047683716,0.5304999947547913,414064000,219660949.8281479
2015-06-24,0.5297499895095825,0.5325000286102295,0.5227500200271606,0.5252500176429749,253368000,133081546.47016525
2015-06-25,0.5252500176429749,0.5325000286102295,0.5252500176429749,0.5292500257492065,350460000,185480964.02406693
2015-06-26,0.5249999761581421,0.5254999995231628,0.5162500143051147,0.5184999704360962,421296000,218441963.54484558
2015-06-29,0.512499988079071,0.5177500247955322,0.5022500157356262,0.503000020980835,391724000,197037180.2186966
2015-06-30,0.5059999823570251,0.5082499980926514,0.49924999475479126,0.5027499794960022,315916000,158826762.52245903
2015-07-01,0.515250027179718,0.5224999785423279,0.5055000185966492,0.5099999904632568,302892000,154474917.1113968
2015-07-02,0.5097500085830688,0.5137500166893005,0.5072500109672546,0.5105000138282776,145764000,74412524.01566505
2015-07-06,0.5062500238418579,0.5132499933242798,0.5005000233650208,0.5042499899864197,214776000,108300795.84932327
2015-07-07,0.5012500286102295,0.503250002861023,0.4790000021457672,0.4947499930858612,594252000,294006172.8912592
2015-07-08,0.492000013589859,0.4950000047683716,0.4872500002384186,0.49125000834465027,332492000,163336697.77452946
2015-07-09,0.49900001287460327,0.5012500286102295,0.48225000500679016,0.48524999618530273,357588000,173519575.63591003
2015-07-10,0.49149999022483826,0.49825000762939453,0.49024999141693115,0.4937500059604645,216708000,106999576.29168034
2015-07-13,0.4987500011920929,0.4997499883174896,0.4937500059604645,0.4970000088214874,212472000,105598585.87431908
2015-07-14,0.49775001406669617,0.49825000762939453,0.4907500147819519,0.4972499907016754,249216000,123922653.68270874
2015-07-15,0.4959999918937683,0.49924999475479126,0.4892500042915344,0.4937500059604645,265732000,131205176.58388615
2015-07-16,0.49674999713897705,0.5047500133514404,0.4950000047683716,0.5047500133514404,282848000,142767531.77642822
2015-07-17,0.503000020980835,0.5034999847412109,0.49524998664855957,0.5017499923706055,220372000,110571649.31869507
2015-07-20,0.5017499923706055,0.5037500262260437,0.49125000834465027,0.4925000071525574,188412000,92792911.34762764
2015-07-21,0.49149999022483826,0.5017499923706055,0.49149999022483826,0.4947499930858612,149720000,74073968.96481514
2015-07-22,0.49125000834465027,0.49125000834465027,0.4792500138282776,0.48524999618530273,356472000,172978036.64016724
2015-07-23,0.48625001311302185,0.4984999895095825,0.48524999618530273,0.49125000834465027,169916000,83471236.4178896
2015-07-24,0.4947499930858612,0.49524998664855957,0.48350000381469727,0.4855000078678131,188844000,91683763.4857893
2015-07-27,0.48124998807907104,0.4882499873638153,0.47725000977516174,0.4827499985694885,192420000,92890754.72474098
2015-07-28,0.48399999737739563,0.4964999854564667,0.4790000021457672,0.4932500123977661,198308000,97815423.4585762
2015-07-29,0.492249995470047,0.503250002861023,0.49024999141693115,0.49924999475479126,232680000,116165488.77954483
2015-07-30,0.49799999594688416,0.5055000185966492,0.49799999594688416,0.5005000233650208,190180000,95185094.44355965
2015-07-31,0.5024999976158142,0.5027499794960022,0.4957500100135803,0.4987500011920929,218340000,108897075.26028156
2015-08-03,0.5027499794960022,0.5077499747276306,0.4962500035762787,0.5072500109672546,397132000,201445211.35544777
2015-08-04,0.5055000185966492,0.5107499957084656,0.5034999847412109,0.5092499852180481,260100000,132455921.15521431
2015-08-05,0.5217499732971191,0.5222499966621399,0.5134999752044678,0.5145000219345093,234628000,120716111.14645004
2015-08-06,0.5132499933242798,0.5170000195503235,0.5027499794960022,0.5112500190734863,655676000,335214367.5060272
2015-08-07,0.5615000128746033,0.5842499732971191,0.546999990940094,0.5745000243186951,1405248000,807315010.1737976
2015-08-10,0.5705000162124634,0.5987499952316284,0.5669999718666077,0.5945000052452087,662304000,393739731.4739227
2015-08-11,0.5857499837875366,0.5972499847412109,0.5857499837875366,0.5914999842643738,435008000,257307225.1548767
2015-08-12,0.5820000171661377,0.5972499847412109,0.5820000171661377,0.5929999947547913,384048000,227740461.98558807
2015-08-13,0.59375,0.5950000286102295,0.5864999890327454,0.5879999995231628,276884000,162807791.86797142
2015-08-14,0.5874999761581421,0.5920000076293945,0.5839999914169312,0.5885000228881836,214652000,126322706.91299438
2015-08-17,0.5874999761581421,0.5874999761581421,0.5774999856948853,0.5847499966621399,273880000,160151329.08582687
2015-08-18,0.5805000066757202,0.5845000147819519,0.5724999904632568,0.5770000219345093,287084000,165647474.29704666
2015-08-19,0.5762500166893005,0.5827500224113464,0.5684999823570251,0.5747500061988831,249248000,143255289.5450592
2015-08-20,0.5682500004768372,0.5709999799728394,0.5512499809265137,0.5540000200271606,426932000,236520336.55023575
2015-08-21,0.550000011920929,0.559249997138977,0.5362499952316284,0.5367500185966492,382664000,205394909.11626816
2015-08-24,0.5067499876022339,0.5457500219345093,0.5,0.5177500247955322,682284000,353252557.9175949
2015-08-25,0.5404999852180481,0.5425000190734863,0.5070000290870667,0.5070000290870667,622684000,315700806.112051
2015-08-26,0.5235000252723694,0.5457500219345093,0.5195000171661377,0.5452499985694885,614976000,335315663.1202698
2015-08-27,0.5509999990463257,0.5659999847412109,0.5477499961853027,0.565750002861023,463764000,262374484.32683945
2015-08-28,0.565750002861023,0.5717499852180481,0.5617499947547913,0.5682500004768372,320944000,182376428.15303802
2015-08-31,0.565500020980835,0.5695000290870667,0.5597500205039978,0.5619999766349792,219352000,123275818.87483597
2015-09-01,0.5457500219345093,0.5550000071525574,0.5350000262260437,0.5389999747276306,353408000,190486903.06854248
2015-09-02,0.5537499785423279,0.5554999709129333,0.5444999933242798,0.5552499890327454,344044000,191030427.22678185
2015-09-03,0.5634999871253967,0.5662500262260437,0.5557500123977661,0.5567499995231628,262556000,146178052.87480354
2015-09-04,0.547249972820282,0.5559999942779541,0.5435000061988831,0.543749988079071,287972000,156584771.56710625
2015-09-08,0.5569999814033508,0.5692499876022339,0.5547500252723694,0.5669999718666077,238448000,135200009.29164886
2015-09-09,0.5687500238418579,0.5734999775886536,0.5544999837875366,0.5557500123977661,289392000,160829607.58781433
2015-09-10,0.5525000095367432,0.5715000033378601,0.550000011920929,0.5644999742507935,357076000,201569392.80557632
2015-09-11,0.5582500100135803,0.5699999928474426,0.5559999942779541,0.5662500262260437,301584000,170771947.90935516
2015-09-14,0.5690000057220459,0.5707499980926514,0.5642499923706055,0.5672500133514404,192460000,109172937.56961823
2015-09-15,0.5674999952316284,0.5764999985694885,0.565750002861023,0.5734999775886536,327976000,188094228.64961624
2015-09-16,0.5724999904632568,0.5807499885559082,0.5682500004768372,0.5774999856948853,173508000,100200867.51794815
2015-09-17,0.5874999761581421,0.5927500128746033,0.5814999938011169,0.5827500224113464,268712000,156591924.02219772
2015-09-18,0.5747500061988831,0.5872499942779541,0.5712500214576721,0.5822499990463257,326412000,190053386.68870926
2015-09-21,0.5830000042915344,0.5895000100135803,0.5799999833106995,0.5882499814033508,281840000,165792374.7587204
2015-09-22,0.5755000114440918,0.5795000195503235,0.5692499876022339,0.5722500085830688,228356000,130676722.95999527
2015-09-23,0.5727499723434448,0.578499972820282,0.5705000162124634,0.574999988079071,161632000,92938398.07319641
2015-09-24,0.5715000033378601,0.5920000076293945,0.5625,0.5860000252723694,382440000,224109849.66516495
2015-09-25,0.5932499766349792,0.6017500162124634,0.5845000147819519,0.5902500152587891,369692000,218210708.64105225
2015-09-28,0.5902500152587891,0.593999981880188,0.5787500143051147,0.5824999809265137,395584000,230427672.45483398
2015-09-29,0.5887500047683716,0.59375,0.5805000066757202,0.5927500128746033,380736000,225681268.90182495
2015-09-30,0.5982499718666077,0.6169999837875366,0.5947499871253967,0.6162499785423279,556380000,342869163.0613804
2015-10-01,0.6162499785423279,0.6179999709129333,0.5867499709129333,0.6042500138282776,489296000,295657114.7661209
2015-10-02,0.6010000109672546,0.6200000047683716,0.5947499871253967,0.6200000047683716,386144000,239409281.84127808
2015-10-05,0.6240000128746033,0.6432499885559082,0.6207500100135803,0.6355000138282776,482024000,306326258.6655617
2015-10-06,0.6287500262260437,0.6464999914169312,0.6262500286102295,0.643750011920929,453216000,291757805.40275574
2015-10-07,0.6452500224113464,0.6570000052452087,0.6347500085830688,0.6504999995231628,310152000,201753875.852108
2015-10-08,0.6477500200271606,0.656000018119812,0.6367499828338623,0.6542500257492065,460068000,300999500.84638596
2015-10-09,0.6507499814033508,0.6570000052452087,0.6395000219345093,0.6517500281333923,423248000,275851895.90740204
2015-10-12,0.6524999737739563,0.6625000238418579,0.6477500200271606,0.6587499976158142,227588000,149923594.45738792
2015-10-13,0.6535000205039978,0.6639999747276306,0.6512500047683716,0.6600000262260437,298444000,196973047.8270054
2015-10-14,0.6607499718666077,0.6947500109672546,0.6600000262260437,0.6840000152587891,612148000,418709241.3406372
2015-10-15,0.6852499842643738,0.6997500061988831,0.6782500147819519,0.6857500076293945,526048000,360737420.01342773
2015-10-16,0.6880000233650208,0.703000009059906,0.6862499713897705,0.6965000033378601,448396000,312307815.4966831
2015-10-19,0.6987500190734863,0.7020000219345093,0.687250018119812,0.6952499747276306,294712000,204898510.55192947
2015-10-20,0.6922500133514404,0.6974999904632568,0.6869999766349792,0.6942499876022339,264824000,183854058.716774
2015-10-21,0.6984999775886536,0.702750027179718,0.6840000152587891,0.6852499842643738,386280000,264698363.9216423
2015-10-22,0.6932500004768372,0.7122499942779541,0.6922500133514404,0.7099999785423279,306884000,217887633.41498375
2015-10-23,0.7162500023841858,0.7195000052452087,0.7055000066757202,0.7147499918937683,381776000,272874392.9052353
2015-10-26,0.7152500152587891,0.7170000076293945,0.7049999833106995,0.7114999890327454,247436000,176050711.28630638
2015-10-27,0.7080000042915344,0.715499997138977,0.7074999809265137,0.7110000252723694,208268000,148078553.26342583
2015-10-28,0.715499997138977,0.7167500257492065,0.7049999833106995,0.7167500257492065,217036000,155560558.5885048
2015-10-29,0.7052500247955322,0.7124999761581421,0.690750002861023,0.6919999718666077,327168000,226400246.7956543
2015-10-30,0.6995000243186951,0.7142500281333923,0.6942499876022339,0.7092499732971191,301160000,213597721.9581604
2015-11-02,0.7114999890327454,0.7182499766349792,0.7072499990463257,0.7174999713897705,190088000,136388134.5615387
2015-11-03,0.7132499814033508,0.7172499895095825,0.7045000195503235,0.7124999761581421,376768000,268447191.0171509
2015-11-04,0.7105000019073486,0.715749979019165,0.6974999904632568,0.7007499933242798,442264000,309916495.0475693
2015-11-05,0.7042499780654907,0.706250011920929,0.690750002861023,0.6927499771118164,478800000,331688689.0411377
2015-11-06,0.7612500190734863,0.7985000014305115,0.7455000281333923,0.7887499928474426,1172272000,924629531.6152573
2015-11-09,0.781000018119812,0.7875000238418579,0.7742499709129333,0.7852500081062317,492568000,386789025.99287033
2015-11-10,0.7749999761581421,0.7792500257492065,0.7537500262260437,0.7702500224113464,552260000,425378277.3768902
2015-11-11,0.7707499861717224,0.7762500047683716,0.7599999904632568,0.7627500295639038,619896000,472825692.3265457
2015-11-12,0.7609999775886536,0.7680000066757202,0.7567499876022339,0.7599999904632568,291080000,221220797.2240448
2015-11-13,0.7607499957084656,0.7639999985694885,0.7412499785423279,0.7450000047683716,292940000,218240301.39684677
2015-11-16,0.7547500133514404,0.7605000138282776,0.7487499713897705,0.7599999904632568,344280000,261652796.71669006
2015-11-17,0.7620000243186951,0.7664999961853027,0.7567499876022339,0.7599999904632568,257048000,195356477.54859924
2015-11-18,0.7602499723434448,0.7767500281333923,0.7519999742507935,0.7757499814033508,350216000,271680055.4871559
2015-11-19,0.7785000205039978,0.7857499718666077,0.7722499966621399,0.777999997138977,254072000,197668015.27309418
2015-11-20,0.7837499976158142,0.7892500162124634,0.7789999842643738,0.7847499847412109,239744000,188139100.34179688
2015-11-23,0.7912499904632568,0.7912499904632568,0.7702500224113464,0.7730000019073486,242552000,187492696.46263123
2015-11-24,0.7730000019073486,0.7860000133514404,0.7695000171661377,0.7792500257492065,195428000,152287274.03211594
2015-11-25,0.7777500152587891,0.7870000004768372,0.7754999995231628,0.778249979019165,138300000,107631972.09835052
2015-11-27,0.7797499895095825,0.7872499823570251,0.7757499814033508,0.7847499847412109,86996000,68270109.67254639
2015-11-30,0.7854999899864197,0.796500027179718,0.7847499847412109,0.7929999828338623,327244000,259504486.38248444
2015-12-01,0.800000011920929,0.8195000290870667,0.7992500066757202,0.8187500238418579,409496000,335274859.76314545
2015-12-02,0.8199999928474426,0.828499972820282,0.8107500076293945,0.8125,294240000,239070000.0
2015-12-03,0.8190000057220459,0.8274999856948853,0.8067499995231628,0.8107500076293945,246656000,199976353.88183594
2015-12-04,0.8107500076293945,0.8452500104904175,0.8107500076293945,0.84375,458756000,387075375.0
2015-12-07,0.843500018119812,0.843500018119812,0.8252500295639038,0.827750027179718,333588000,276127476.0668278
2015-12-08,0.8174999952316284,0.8424999713897705,0.812250018119812,0.8389999866485596,314488000,263855427.8011322
2015-12-09,0.8387500047683716,0.84375,0.809249997138977,0.8177499771118164,372676000,304755790.4701233
2015-12-10,0.8202499747276306,0.8289999961853027,0.8174999952316284,0.8245000243186951,236596000,195073407.75370598
2015-12-11,0.8162500262260437,0.8220000267028809,0.8105000257492065,0.812250018119812,227320000,184640674.11899567
2015-12-14,0.8130000233650208,0.8187500238418579,0.8044999837875366,0.8142499923706055,275892000,224645058.89511108
2015-12-15,0.8234999775886536,0.8299999833106995,0.8190000057220459,0.8242499828338623,307296000,253288722.72491455
2015-12-16,0.8259999752044678,0.8320000171661377,0.8187500238418579,0.8292499780654907,236356000,195998207.81564713
2015-12-17,0.8305000066757202,0.8389999866485596,0.8162500262260437,0.8167499899864197,254160000,207585177.45494843
2015-12-18,0.8109999895095825,0.8192499876022339,0.8025000095367432,0.8034999966621399,395896000,318102434.67855453
2015-12-21,0.812250018119812,0.8232499957084656,0.8050000071525574,0.8224999904632568,284216000,233767657.289505
2015-12-22,0.824999988079071,0.8314999938011169,0.8182500004768372,0.8232499957084656,130012000,107032378.44204903
2015-12-23,0.8245000243186951,0.8297500014305115,0.8230000138282776,0.8264999985694885,122524000,101266085.82472801
2015-12-24,0.8240000009536743,0.831250011920929,0.8227499723434448,0.8292499780654907,52448000,43492502.84957886
2015-12-28,0.8205000162124634,0.828499972820282,0.8090000152587891,0.828499972820282,142024000,117666880.13982773
2015-12-29,0.8289999961853027,0.8445000052452087,0.8267499804496765,0.8420000076293945,203660000,171481721.5538025
2015-12-30,0.8412500023841858,0.8485000133514404,0.8345000147819519,0.8347499966621399,180344000,150542153.39803696
2015-12-31,0.8335000276565552,0.8372499942779541,0.8240000009536743,0.8240000009536743,148528000,122387072.14164734
2016-01-04,0.8072500228881836,0.8144999742507935,0.8009999990463257,0.809249997138977,358076000,289773001.97553635
2016-01-05,0.8245000243186951,0.8360000252723694,0.8125,0.8222500085830688,490272000,403126156.20803833
2016-01-06,0.8087499737739563,0.8125,0.7789999842643738,0.7882500290870667,449344000,354195421.0700989
2016-01-07,0.7684999704360962,0.7737500071525574,0.746999979019165,0.7570000290870667,645304000,488495146.77000046
2016-01-08,0.7667499780654907,0.7674999833106995,0.7392500042915344,0.7407500147819519,398472000,295168139.89019394
2016-01-11,0.7415000200271606,0.7472500205039978,0.7287499904632568,0.7419999837875366,409372000,303754017.36307144
2016-01-12,0.7552499771118164,0.765500009059906,0.7492499947547913,0.7544999718666077,469356000,354129088.7954235
2016-01-13,0.7602499723434448,0.765250027179718,0.7307500243186951,0.7315000295639038,481672000,352343082.2401047
2016-01-14,0.7164999842643738,0.7250000238418579,0.6955000162124634,0.7167500257492065,600236000,430219168.45560074
2016-01-15,0.6880000233650208,0.6962500214576721,0.6660000085830688,0.6777499914169312,841452000,570294085.7777596
2016-01-19,0.6917499899864197,0.7112500071525574,0.6804999709129333,0.6832500100135803,457140000,312340909.5776081
2016-01-20,0.6702499985694885,0.6957499980926514,0.6612499952316284,0.6869999766349792,481180000,330570648.7572193
2016-01-21,0.6945000290870667,0.7057499885559082,0.6802499890327454,0.6949999928474426,481456000,334611916.55635834
2016-01-22,0.7082499861717224,0.7160000205039978,0.7067499756813049,0.7112500071525574,257996000,183499656.8453312
2016-01-25,0.7110000252723694,0.7192500233650208,0.7089999914169312,0.7105000019073486,270728000,192352244.51637268
2016-01-26,0.7120000123977661,0.7204999923706055,0.7047500014305115,0.7174999713897705,227944000,163549813.47846985
2016-01-27,0.7164999842643738,0.71875,0.6955000162124634,0.7089999914169312,231700000,164275298.01130295
2016-01-28,0.7147499918937683,0.7172499895095825,0.6875,0.7012500166893005,276776000,194089174.61919785
2016-01-29,0.7072499990463257,0.7337499856948853,0.7045000195503235,0.7322499752044678,310504000,227366546.30088806
2016-02-01,0.7315000295639038,0.7362499833106995,0.7252500057220459,0.7325000166893005,289884000,212340034.8379612
2016-02-02,0.7250000238418579,0.7287499904632568,0.6965000033378601,0.7014999985694885,341908000,239848461.51089668
2016-02-03,0.7070000171661377,0.7112500071525574,0.6887500286102295,0.7049999833106995,326772000,230374254.54640388
2016-02-04,0.7059999704360962,0.7212499976158142,0.6982499957084656,0.7052500247955322,348140000,245525743.6323166
2016-02-05,0.7005000114440918,0.7082499861717224,0.6587499976158142,0.6607499718666077,600428000,396732784.1079235
2016-02-08,0.6507499814033508,0.6539999842643738,0.6212499737739563,0.6305000185966492,608852000,383881197.32260704
2016-02-09,0.6230000257492065,0.6637499928474426,0.6200000047683716,0.6372500061988831,425372000,271068309.6368313
2016-02-10,0.6412500143051147,0.6597499847412109,0.6322500109672546,0.6357499957084656,335800000,213484848.55890274
2016-02-11,0.6194999814033508,0.6389999985694885,0.6194999814033508,0.6324999928474426,340144000,215141077.56710052
2016-02-12,0.6424999833106995,0.6445000171661377,0.6187499761581421,0.6432499885559082,340816000,219229888.0996704
2016-02-16,0.6524999737739563,0.6757500171661377,0.6504999995231628,0.6747499704360962,485352000,327491247.65110016
2016-02-17,0.6832500100135803,0.6980000138282776,0.6804999709129333,0.6915000081062317,771468000,533470128.25369835
2016-02-18,0.7482500076293945,0.7745000123977661,0.7475000023841858,0.7509999871253967,1068660000,802563646.2414265
2016-02-19,0.746999979019165,0.7677500247955322,0.7412499785423279,0.7609999775886536,525628000,400002896.2199688
2016-02-22,0.7720000147819519,0.796750009059906,0.7705000042915344,0.7879999876022339,449668000,354338378.4251213
2016-02-23,0.7817500233650208,0.7975000143051147,0.777999997138977,0.7900000214576721,369380000,291810207.9260349
2016-02-24,0.7867500185966492,0.796750009059906,0.7649999856948853,0.7954999804496765,336852000,267965759.41443443
2016-02-25,0.7985000014305115,0.8012499809265137,0.7829999923706055,0.797249972820282,349616000,278731346.4975357
2016-02-26,0.8009999990463257,0.8029999732971191,0.7839999794960022,0.7919999957084656,361964000,286675486.44661903
2016-02-29,0.7902500033378601,0.8004999756813049,0.7835000157356262,0.7839999794960022,323344000,253501689.37015533
2016-03-01,0.7860000133514404,0.8187500238418579,0.7847499847412109,0.8187500238418579,348700000,285498133.31365585
2016-03-02,0.8142499923706055,0.8264999985694885,0.812749981880188,0.8234999775886536,233812000,192544176.75995827
2016-03-03,0.8224999904632568,0.8259999752044678,0.8052499890327454,0.8162500262260437,302004000,246510772.9203701
2016-03-04,0.8224999904632568,0.8232499957084656,0.8075000047683716,0.8137500286102295,175304000,142653635.01548767
2016-03-07,0.809249997138977,0.8147500157356262,0.7979999780654907,0.8084999918937683,239968000,194014126.0547638
2016-03-08,0.8002499938011169,0.8050000071525574,0.7912499904632568,0.793749988079071,274940000,218233621.7224598
2016-03-09,0.8007500171661377,0.8019999861717224,0.7829999923706055,0.7932500243186951,222788000,176726586.41791344
2016-03-10,0.7979999780654907,0.8025000095367432,0.7760000228881836,0.7919999957084656,286084000,226578526.77226067
2016-03-11,0.8037499785423279,0.8057500123977661,0.7942500114440918,0.8054999709129333,277400000,223445691.9312477
2016-03-14,0.8017500042915344,0.8107500076293945,0.7979999780654907,0.8075000047683716,190312000,153676940.90747833
2016-03-15,0.8032500147819519,0.8084999918937683,0.7892500162124634,0.8034999966621399,226216000,181764555.24492264
2016-03-16,0.7975000143051147,0.8302500247955322,0.793749988079071,0.8274999856948853,363644000,300915404.79803085
2016-03-17,0.8245000243186951,0.828499972820282,0.809249997138977,0.8205000162124634,353680000,290194445.73402405
2016-03-18,0.8302500247955322,0.856249988079071,0.824999988079071,0.8452500104904175,545512000,461094023.7226486
2016-03-21,0.8377500176429749,0.8479999899864197,0.8287500143051147,0.8477500081062317,337780000,286352997.73812294
2016-03-22,0.8450000286102295,0.8522499799728394,0.8357499837875366,0.8462499976158142,242012000,204802654.42299843
2016-03-23,0.8500000238418579,0.8669999837875366,0.8462499976158142,0.8607500195503235,429008000,369268644.3872452
2016-03-24,0.8529999852180481,0.8634999990463257,0.8502500057220459,0.8619999885559082,244956000,211152069.19670105
2016-03-28,0.8604999780654907,0.8744999766349792,0.859499990940094,0.8707500100135803,265388000,231086603.65748405
2016-03-29,0.8669999837875366,0.8867499828338623,0.8650000095367432,0.8847500085830688,261812000,231638169.24715042
2016-03-30,0.8880000114440918,0.90625,0.887499988079071,0.8939999938011169,376700000,336769797.66488075
2016-03-31,0.8980000019073486,0.8999999761581421,0.8837500214576721,0.890749990940094,379884000,338381669.55828667
2016-04-01,0.8852499723434448,0.9042500257492065,0.8784999847412109,0.9037500023841858,348292000,314768895.83039284
2016-04-04,0.9112499952316284,0.9160000085830688,0.8914999961853027,0.8949999809265137,393940000,352576292.4861908
2016-04-05,0.8870000243186951,0.9020000100135803,0.8834999799728394,0.893750011920929,339568000,303488904.047966
2016-04-06,0.8824999928474426,0.8955000042915344,0.8657500147819519,0.8949999809265137,453376000,405771511.35253906
2016-04-07,0.8892499804496765,0.8972499966621399,0.8820000290870667,0.8857499957084656,378104000,334905616.37735367
2016-04-08,0.8930000066757202,0.8987500071525574,0.8827499747276306,0.8914999961853027,255936000,228166943.02368164
2016-04-11,0.8967499732971191,0.9117500185966492,0.8939999938011169,0.8970000147819519,387524000,347609033.7283611
2016-04-12,0.8999999761581421,0.9012500047683716,0.8784999847412109,0.8960000276565552,292764000,262316552.09684372
2016-04-13,0.8999999761581421,0.918749988079071,0.8999999761581421,0.9185000061988831,350716000,322132648.17404747
2016-04-14,0.9160000085830688,0.925000011920929,0.9122499823570251,0.9210000038146973,416564000,383655445.58906555
2016-04-15,0.9207500219345093,0.9365000128746033,0.9177500009536743,0.9282500147819519,436972000,405619265.4592991
2016-04-18,0.9265000224113464,0.9265000224113464,0.9152500033378601,0.9242500066757202,307320000,284040512.05158234
2016-04-19,0.9277499914169312,0.9294999837875366,0.9020000100135803,0.9077500104904175,309152000,280632731.24313354
2016-04-20,0.90625,0.9167500138282776,0.9052500128746033,0.9112499952316284,200172000,182406734.04550552
2016-04-21,0.9114999771118164,0.9157500267028809,0.90625,0.9102500081062317,178280000,162279371.445179
2016-04-22,0.9132500290870667,0.9194999933242798,0.9037500023841858,0.9067500233650208,223540000,202694900.22301674
2016-04-25,0.9070000052452087,0.9162499904632568,0.9045000076293945,0.9112499952316284,191972000,174934484.08460617
2016-04-26,0.9167500138282776,0.9272500276565552,0.9079999923706055,0.9120000004768372,214536000,195656832.10229874
2016-04-27,0.9097499847412109,0.9332500100135803,0.9079999923706055,0.9327499866485596,352396000,328697364.2950058
2016-04-28,0.9269999861717224,0.9325000047683716,0.9027500152587891,0.9049999713897705,381224000,345007709.0930939
2016-04-29,0.9012500047683716,0.903249979019165,0.8784999847412109,0.8882499933242798,321904000,285931225.85105896
2016-05-02,0.8967499732971191,0.9054999947547913,0.8924999833106995,0.8999999761581421,256076000,230468393.8946724
2016-05-03,0.8897500038146973,0.8934999704360962,0.8815000057220459,0.8892499804496765,224024000,199213337.62025833
2016-05-04,0.8784999847412109,0.8792499899864197,0.8600000143051147,0.8690000176429749,525764000,456888925.27604103
2016-05-05,0.8762500286102295,0.8845000267028809,0.8677499890327454,0.8742499947547913,246884000,215838335.7050419
2016-05-06,0.8727499842643738,0.8855000138282776,0.8709999918937683,0.8832499980926514,183240000,161846729.65049744
2016-05-09,0.8855000138282776,0.8892499804496765,0.874750018119812,0.8820000290870667,333336000,294002361.69576645
2016-05-10,0.887499988079071,0.9004999995231628,0.8790000081062317,0.8989999890327454,269676000,242438721.04239464
2016-05-11,0.9017500281333923,0.9114999771118164,0.8967499732971191,0.9014999866485596,328176000,295850659.6183777
2016-05-12,0.9079999923706055,0.9120000004768372,0.8732500076293945,0.8892499804496765,670540000,596277681.8907261
2016-05-13,0.9797499775886536,1.024999976158142,0.9750000238418579,1.0245000123977661,2110256000,2161957298.1624603
2016-05-16,1.0167499780654907,1.0700000524520874,1.0134999752044678,1.0547499656677246,973032000,1026305468.5935974
2016-05-17,1.0499999523162842,1.0644999742507935,1.0364999771118164,1.0570000410079956,628392000,664210369.7690964
2016-05-18,1.0499999523162842,1.096250057220459,1.0499999523162842,1.0839999914169312,541072000,586522043.3559418
2016-05-19,1.0797499418258667,1.096500039100647,1.0782500505447388,1.0887500047683716,398880000,434280601.90200806
2016-05-20,1.0954999923706055,1.1127500534057617,1.09375,1.1082500219345093,391084000,433418851.5782356
2016-05-23,1.1130000352859497,1.1172499656677246,1.1032500267028809,1.1100000143051147,413636000,459135965.91711044
2016-05-24,1.1104999780654907,1.1375000476837158,1.1074999570846558,1.1339999437332153,415788000,471503568.60494614
2016-05-25,1.1375000476837158,1.1422499418258667,1.1202499866485596,1.1292500495910645,458076000,517282345.71647644
2016-05-26,1.131250023841858,1.1495000123977661,1.128000020980835,1.1412500143051147,309964000,353746419.4340706
2016-05-27,1.1425000429153442,1.1492500305175781,1.1387499570846558,1.1475000381469727,277416000,318334870.58258057
2016-05-31,1.152500033378601,1.1705000400543213,1.1517499685287476,1.1679999828338623,412524000,481828024.9185562
2016-06-01,1.162500023841858,1.18149995803833,1.159000039100647,1.1702500581741333,387132000,453041245.5210686
2016-06-02,1.1764999628067017,1.1885000467300415,1.1649999618530273,1.1785000562667847,329208000,387971646.52347565
2016-06-03,1.1670000553131104,1.1684999465942383,1.1414999961853027,1.1619999408721924,461076000,535770284.737587
2016-06-06,1.1649999618530273,1.1740000247955322,1.149999976158142,1.156000018119812,322512000,372823877.8438568
2016-06-07,1.1629999876022339,1.1694999933242798,1.1577500104904175,1.1582499742507935,193400000,224005545.02010345
2016-06-08,1.1584999561309814,1.162750005722046,1.1449999809265137,1.1545000076293945,234616000,270864173.789978
2016-06-09,1.1505000591278076,1.1862499713897705,1.1480000019073486,1.184499979019165,472168000,559282986.0935211
2016-06-10,1.1705000400543213,1.180999994277954,1.153499960899353,1.1549999713897705,400024000,462027708.55522156
2016-06-13,1.15625,1.1924999952316284,1.15625,1.1697499752044678,475588000,556319051.2075424
2016-06-14,1.1670000553131104,1.1775000095367432,1.1540000438690186,1.1720000505447388,298344000,349659183.07971954
2016-06-15,1.1817500591278076,1.1942499876022339,1.1687500476837158,1.184000015258789,301036000,356426628.5934448
2016-06-16,1.1752500534057617,1.190750002861023,1.1637500524520874,1.1887500286102295,246456000,292974577.0511627
2016-06-17,1.190250039100647,1.190500020980835,1.1632499694824219,1.1679999828338623,471000000,550127991.9147491
2016-06-20,1.186750054359436,1.2042499780654907,1.1859999895095825,1.1890000104904175,293768000,349290155.08174896
2016-06-21,1.194000005722046,1.1972500085830688,1.1799999475479126,1.1817500591278076,212508000,251131341.56513214
2016-06-22,1.184249997138977,1.1920000314712524,1.1787500381469727,1.1807500123977661,202620000,239243567.51203537
2016-06-23,1.1920000314712524,1.2135000228881836,1.191249966621399,1.212249994277954,297880000,361105028.29551697
2016-06-24,1.162500023841858,1.184000015258789,1.1325000524520874,1.1432499885559082,1017684000,1163467221.353531
2016-06-27,1.1337499618530273,1.1425000429153442,1.1142499446868896,1.13100004196167,449088000,507918546.8444824
2016-06-28,1.152500033378601,1.153749942779541,1.1317499876022339,1.1475000381469727,381920000,438253214.5690918
2016-06-29,1.1575000286102295,1.1752500534057617,1.1545000076293945,1.1662499904632568,318932000,371954441.9584274
2016-06-30,1.1682499647140503,1.1825000047683716,1.158750057220459,1.1752500534057617,430940000,506462258.01467896
2016-07-01,1.1687500476837158,1.184000015258789,1.162500023841858,1.1664999723434448,218488000,254866245.95737457
2016-07-05,1.159999966621399,1.1857500076293945,1.1507500410079956,1.183750033378601,371084000,439270697.3862648
2016-07-06,1.1755000352859497,1.1982500553131104,1.1694999933242798,1.191249966621399,273104000,325335130.88417053
2016-07-07,1.1992499828338623,1.2265000343322754,1.193750023841858,1.222249984741211,395400000,483277643.9666748
2016-07-08,1.2352499961853027,1.277250051498413,1.2304999828338623,1.2712500095367432,481932000,612656059.5960617
2016-07-11,1.2894999980926514,1.309999942779541,1.2879999876022339,1.3005000352859497,448776000,583633203.8354874
2016-07-12,1.315000057220459,1.3320000171661377,1.2984999418258667,1.3200000524520874,436760000,576523222.9089737
2016-07-13,1.3224999904632568,1.3300000429153442,1.3174999952316284,1.3194999694824219,324604000,428314968.0938721
2016-07-14,1.3265000581741333,1.3450000286102295,1.315500020980835,1.3329999446868896,316892000,422417018.47171783
2016-07-15,1.315999984741211,1.3235000371932983,1.2960000038146973,1.3174999952316284,428616000,564701577.9561996
2016-07-18,1.3337500095367432,1.3357499837875366,1.3192499876022339,1.3242499828338623,252992000,335024651.6571045
2016-07-19,1.3235000371932983,1.343250036239624,1.3209999799728394,1.3380000591278076,382652000,511988398.62537384
2016-07-20,1.3424999713897705,1.3627500534057617,1.3370000123977661,1.3554999828338623,296460000,401851524.9109268
2016-07-21,1.3524999618530273,1.3567500114440918,1.3259999752044678,1.3305000066757202,361308000,480720296.4119911
2016-07-22,1.3352500200271606,1.3667500019073486,1.3255000114440918,1.3667500019073486,315768000,431575914.60227966
2016-07-25,1.375,1.3952499628067017,1.36899995803833,1.3919999599456787,312528000,435038963.4819031
2016-07-26,1.4042500257492065,1.4229999780654907,1.402250051498413,1.4157500267028809,514508000,728414714.7388458
2016-07-27,1.4279999732971191,1.4305000305175781,1.3930000066757202,1.4014999866485596,446676000,626016408.036232
2016-07-28,1.4047499895095825,1.4149999618530273,1.40024995803833,1.4045000076293945,221916000,311681023.6930847
2016-07-29,1.409749984741211,1.431249976158142,1.3845000267028809,1.4275000095367432,409588000,584686873.9061356
2016-08-01,1.433500051498413,1.4387500286102295,1.409000039100647,1.4182499647140503,301120000,427063429.3746948
2016-08-02,1.4249999523162842,1.4257500171661377,1.3875000476837158,1.4010000228881836,282748000,396129954.47158813
2016-08-03,1.3992500305175781,1.4075000286102295,1.3914999961853027,1.4047499895095825,299828000,421183379.8546791
2016-08-04,1.4114999771118164,1.437250018119812,1.408750057220459,1.4307500123977661,272712000,390182697.3810196
2016-08-05,1.4472500085830688,1.4557499885559082,1.440250039100647,1.4550000429153442,371588000,540660555.9468269
2016-08-08,1.475000023841858,1.4785000085830688,1.4529999494552612,1.468500018119812,305064000,447986489.52770233
2016-08-09,1.4757499694824219,1.4865000247955322,1.468500018119812,1.472249984741211,372344000,548183448.3184814
2016-08-10,1.4852499961853027,1.4874999523162842,1.4579999446868896,1.46274995803833,375740000,549613669.2333221
2016-08-11,1.4704999923706055,1.4987499713897705,1.4674999713897705,1.4924999475479126,681064000,1016487984.2767715
2016-08-12,1.5475000143051147,1.5844999551773071,1.5157500505447388,1.5759999752044678,1425744000,2246972508.6479187
2016-08-15,1.5777499675750732,1.587499976158142,1.5532499551773071,1.5744999647140503,573304000,902667127.7704239
2016-08-16,1.5722500085830688,1.5747499465942383,1.5602500438690186,1.565000057220459,287652000,450175396.45957947
2016-08-17,1.565000057220459,1.56850004196167,1.5164999961853027,1.528749942779541,595212000,909930310.9416962
2016-08-18,1.5264999866485596,1.5549999475479126,1.5204999446868896,1.5525000095367432,331684000,514939413.1631851
2016-08-19,1.5517499446868896,1.5682499408721924,1.5449999570846558,1.55649995803833,291560000,453813127.7656555
2016-08-22,1.5612499713897705,1.565250039100647,1.5427500009536743,1.562999963760376,244748000,382541115.1304245
2016-08-23,1.5759999752044678,1.5829999446868896,1.5682499408721924,1.5727499723434448,339764000,534363821.6032982
2016-08-24,1.5782500505447388,1.5789999961853027,1.5412499904632568,1.5484999418258667,298448000,462146710.63804626
2016-08-25,1.5490000247955322,1.5497499704360962,1.5190000534057617,1.5382499694824219,406032000,624578711.6088867
2016-08-26,1.5422500371932983,1.559499979019165,1.5299999713897705,1.5507500171661377,300024000,465262223.1502533
2016-08-29,1.5570000410079956,1.563249945640564,1.5472500324249268,1.5497499704360962,274652000,425641928.8802147
2016-08-30,1.5477499961853027,1.555999994277954,1.5364999771118164,1.5407500267028809,285544000,439951925.6248474
2016-08-31,1.5437500476837158,1.5479999780654907,1.5290000438690186,1.5334999561309814,388544000,595832206.954956
2016-09-01,1.534749984741211,1.5844999551773071,1.5334999561309814,1.5787500143051147,428492000,676481751.1296272
2016-09-02,1.5820000171661377,1.5837500095367432,1.5455000400543213,1.563249945640564,323148000,505161093.43385696
2016-09-06,1.568750023841858,1.5779999494552612,1.5607500076293945,1.5779999494552612,306812000,484149320.4922676
2016-09-07,1.5729999542236328,1.5807499885559082,1.5457500219345093,1.5547499656677246,397988000,618771829.3361664
2016-09-08,1.5532499551773071,1.56850004196167,1.5355000495910645,1.565999984741211,315808000,494555323.18115234
2016-09-09,1.5487500429153442,1.5575000047683716,1.475000023841858,1.4880000352859497,697760000,1038266904.6211243
2016-09-12,1.468250036239624,1.5217499732971191,1.4329999685287476,1.5187499523162842,598260000,908607346.4727402
2016-09-13,1.5149999856948853,1.5325000286102295,1.4882500171661377,1.496749997138977,471768000,706118752.6502609
2016-09-14,1.500249981880188,1.5149999856948853,1.4877500534057617,1.5099999904632568,319048000,481762476.95732117
2016-09-15,1.5125000476837158,1.569000005722046,1.5089999437332153,1.5672500133514404,515212000,807466013.8788223
2016-09-16,1.5727499723434448,1.5812499523162842,1.5529999732971191,1.5709999799728394,902444000,1417739505.926609
2016-09-19,1.587499976158142,1.631500005722046,1.5802500247955322,1.5917500257492065,417128000,663963504.740715
2016-09-20,1.6100000143051147,1.6100000143051147,1.56850004196167,1.5772500038146973,331112000,522246403.26309204
2016-09-21,1.5820000171661377,1.624500036239624,1.5817500352859497,1.621500015258789,336212000,545167763.130188
2016-09-22,1.63100004196167,1.6360000371932983,1.6162500381469727,1.625499963760376,308732000,501843854.8116684
2016-09-23,1.627500057220459,1.6322499513626099,1.6165000200271606,1.6237499713897705,276132000,448369327.0998001
2016-09-26,1.6052500009536743,1.6150000095367432,1.5882500410079956,1.6085000038146973,230040000,370019340.87753296
2016-09-27,1.6022499799728394,1.6660000085830688,1.6015000343322754,1.6634999513626099,402752000,669977932.4111938
2016-09-28,1.6660000085830688,1.6707500219345093,1.6482499837875366,1.6694999933242798,319788000,533886063.8651848
2016-09-29,1.6667499542236328,1.690250039100647,1.6512500047683716,1.684999942779541,336684000,567312520.734787
2016-09-30,1.6942499876022339,1.7297500371932983,1.684249997138977,1.7130000591278076,429932000,736473541.4209366
2016-10-03,1.7130000591278076,1.7377500534057617,1.7082500457763672,1.7112499475479126,242596000,415142392.2753334
2016-10-04,1.7137500047683716,1.7424999475479126,1.6947499513626099,1.7074999809265137,281624000,480872974.6284485
2016-10-05,1.722000002861023,1.7395000457763672,1.7005000114440918,1.7057499885559082,305440000,521004276.5045166
2016-10-06,1.6852500438690186,1.6957499980926514,1.656499981880188,1.683500051498413,360212000,606416920.5503464
2016-10-07,1.6947499513626099,1.6992499828338623,1.6664999723434448,1.6712499856948853,286260000,478412020.90501785
2016-10-10,1.6799999475479126,1.6890000104904175,1.6617499589920044,1.6775000095367432,287876000,482911992.7453995
2016-10-11,1.6720000505447388,1.6744999885559082,1.6404999494552612,1.653249979019165,388540000,642353746.8481064
2016-10-12,1.6464999914169312,1.6694999933242798,1.6327500343322754,1.6607500314712524,419920000,697382153.2154083
2016-10-13,1.6412500143051147,1.6449999809265137,1.5924999713897705,1.6337499618530273,390116000,637352000.1182556
2016-10-14,1.653749942779541,1.6649999618530273,1.6399999856948853,1.649749994277954,330636000,545466739.1080856
2016-10-17,1.6495000123977661,1.6649999618530273,1.6380000114440918,1.6402499675750732,195328000,320386745.6665039
2016-10-18,1.6629999876022339,1.6747499704360962,1.65625,1.6652499437332153,269372000,448571707.8433037
2016-10-19,1.6540000438690186,1.6694999933242798,1.6454999446868896,1.6617499589920044,199060000,330787946.8369484
2016-10-20,1.681249976158142,1.6987500190734863,1.6575000286102295,1.6932499408721924,312084000,528436214.5471573
2016-10-21,1.687250018119812,1.691499948501587,1.6725000143051147,1.6885000467300415,279508000,471949271.06142044
2016-10-24,1.7000000476837158,1.7697499990463257,1.6997499465942383,1.7677500247955322,339836000,600745097.4264145
2016-10-25,1.7647500038146973,1.8075000047683716,1.756250023841858,1.7967499494552612,397460000,714136234.9104881
2016-10-26,1.781749963760376,1.8237500190734863,1.7799999713897705,1.8040000200271606,333792000,602160774.684906
2016-10-27,1.8177499771118164,1.8212499618530273,1.7597500085830688,1.7669999599456787,388664000,686769272.4323273
2016-10-28,1.7755000591278076,1.8025000095367432,1.7607500553131104,1.7640000581741333,290856000,513070000.9202957
2016-10-31,1.7697499990463257,1.7907500267028809,1.7687499523162842,1.7790000438690186,252388000,448998263.07201385
2016-11-01,1.7855000495910645,1.7952500581741333,1.7072499990463257,1.7262500524520874,473224000,816902954.8215866
2016-11-02,1.7395000457763672,1.7630000114440918,1.715999960899353,1.718999981880188,295848000,508562706.63928986
2016-11-03,1.7269999980926514,1.7285000085830688,1.6660000085830688,1.6990000009536743,309664000,526119136.2953186
2016-11-04,1.687749981880188,1.718250036239624,1.6644999980926514,1.6892499923706055,328780000,555391612.4916077
2016-11-07,1.7387499809265137,1.7929999828338623,1.7374999523162842,1.781749963760376,487580000,868745647.3302841
2016-11-08,1.7884999513626099,1.7942500114440918,1.7625000476837158,1.7790000438690186,429884000,764763654.8585892
2016-11-09,1.7307499647140503,1.7725000381469727,1.718000054359436,1.7489999532699585,456532000,798474446.6662407
2016-11-10,1.78725004196167,1.787500023841858,1.6690000295639038,1.6942499876022339,869280000,1472777629.2228699
2016-11-11,1.9877500534057617,2.219249963760376,1.962499976158142,2.1992499828338623,2175344000,4784125254.657745
2016-11-14,2.2022500038146973,2.2047500610351562,2.0905001163482666,2.0910000801086426,1348796000,2820332544.0502167
2016-11-15,2.1072499752044678,2.1862499713897705,2.098249912261963,2.154750108718872,626092000,1349071805.068016
2016-11-16,2.183500051498413,2.313999891281128,2.158750057220459,2.290750026702881,987984000,2263224374.382019
2016-11-17,2.3077499866485596,2.3697500228881836,2.266249895095825,2.3097500801086426,832988000,1923994099.729538
2016-11-18,2.3097500801086426,2.3582499027252197,2.2950000762939453,2.3340001106262207,576060000,1344524103.7273407
2016-11-21,2.352250099182129,2.358750104904175,2.309999942779541,2.32450008392334,436436000,1014495518.6271667
2016-11-22,2.3324999809265137,2.3434998989105225,2.309499979019165,2.341249942779541,330368000,773474061.0961914
2016-11-23,2.3429999351501465,2.3812499046325684,2.3192501068115234,2.349250078201294,443236000,1041272207.6616287
2016-11-25,2.3605000972747803,2.377500057220459,2.335249900817871,2.3540000915527344,195564000,460357673.90441895
2016-11-28,2.346750020980835,2.368499994277954,2.3399999141693115,2.352750062942505,278736000,655796141.544342
2016-11-29,2.3499999046325684,2.3610000610351562,2.3132500648498535,2.331249952316284,444568000,1036399128.8013458
2016-11-30,2.3399999141693115,2.3540000915527344,2.302500009536743,2.305000066757202,440500000,1015352529.4065475
2016-12-01,2.302500009536743,2.3042500019073486,2.1192500591278076,2.190999984741211,1035524000,2268833068.1991577
2016-12-02,2.15625,2.2200000286102295,2.128000020980835,2.211250066757202,478292000,1057623216.9294357
2016-12-05,2.2497498989105225,2.3152499198913574,2.2249999046325684,2.296999931335449,602284000,1383446306.6444397
2016-12-06,2.3052499294281006,2.343250036239624,2.289249897003174,2.334749937057495,498796000,1164563929.6045303
2016-12-07,2.321000099182129,2.382499933242798,2.302500009536743,2.3767499923706055,480804000,1142750903.3317566
2016-12-08,2.3797500133514404,2.4154999256134033,2.3262500762939453,2.3369998931884766,381544000,891668287.2467041
2016-12-09,2.3550000190734863,2.356750011444092,2.2677500247955322,2.2955000400543213,382312000,877597211.3132477
2016-12-12,2.2462499141693115,2.2487499713897705,2.188499927520752,2.2397499084472656,601332000,1346833291.9464111
2016-12-13,2.2522499561309814,2.3072500228881836,2.2512500286102295,2.279249906539917,387796000,883883996.7565536
2016-12-14,2.313499927520752,2.4277501106262207,2.289249897003174,2.411250114440918,983980000,2372621887.6075745
2016-12-15,2.422499895095825,2.498500108718872,2.4149999618530273,2.467750072479248,746548000,1842293881.1092377
2016-12-16,2.4957499504089355,2.5174999237060547,2.4432499408721924,2.5102500915527344,1089528000,2734987761.7492676
2016-12-19,2.492500066757202,2.5612499713897705,2.4749999046325684,2.540750026702881,744656000,1891984751.8844604
2016-12-20,2.614500045776367,2.653249979019165,2.6029999256134033,2.6292500495910645,848056000,2229751280.0559998
2016-12-21,2.6410000324249268,2.648750066757202,2.592750072479248,2.645750045776367,576136000,1524311848.373413
2016-12-22,2.6705000400543213,2.721750020980835,2.663249969482422,2.6777501106262207,718612000,1924263362.4973297
2016-12-23,2.6594998836517334,2.746000051498413,2.656749963760376,2.744499921798706,647692000,1777590643.3496475
2016-12-27,2.801500082015991,2.934000015258789,2.7804999351501465,2.933000087738037,1194272000,3502799880.783081
2016-12-28,2.990000009536743,2.9982500076293945,2.717250108718872,2.731250047683716,2295764000,6270305534.470558
2016-12-29,2.622499942779541,2.78725004196167,2.569999933242798,2.785749912261963,2175368000,6060031215.137482
2016-12-30,2.783750057220459,2.7980000972747803,2.6575000286102295,2.6684999465942383,1212932000,3236708977.2224426
2017-01-03,2.609999895095825,2.659250020980835,2.484499931335449,2.5502500534057617,1501996000,3830465379.2152405
2017-01-04,2.5850000381469727,2.637500047683716,2.538249969482422,2.6097500324249268,1199220000,3129664433.8846207
2017-01-05,2.6132500171661377,2.6454999446868896,2.526249885559082,2.5434999465942383,984296000,2503556823.4329224
2017-01-06,2.5712499618530273,2.606250047683716,2.5299999713897705,2.577500104904175,822856000,2120911426.3210297
2017-01-09,2.5875000953674316,2.700000047683716,2.5875000953674316,2.681999921798706,916248000,2457377064.348221
2017-01-10,2.6952500343322754,2.729749917984009,2.640749931335449,2.661750078201294,880920000,2344788878.889084
2017-01-11,2.6500000953674316,2.6549999713897705,2.603749990463257,2.628999948501587,525664000,1381970628.9291382
2017-01-12,2.60575008392334,2.617500066757202,2.5404999256134033,2.5859999656677246,625616000,1617842954.5211792
2017-01-13,2.5899999141693115,2.625,2.5764999389648438,2.585750102996826,457820000,1183808112.154007
2017-01-17,2.575000047683716,2.5799999237060547,2.5142500400543213,2.527750015258789,580612000,1467641991.859436
2017-01-18,2.50600004196167,2.580749988555908,2.477750062942505,2.5737500190734863,654424000,1684323782.4821472
2017-01-19,2.5767500400543213,2.6614999771118164,2.57450008392334,2.628999948501587,644872000,1695368454.7901154
2017-01-20,2.6519999504089355,2.6700000762939453,2.578000068664551,2.600250005722046,492024000,1279385408.815384
2017-01-23,2.5950000286102295,2.6475000381469727,2.5924999713897705,2.6272499561309814,369904000,971830267.7726746
2017-01-24,2.637500047683716,2.689500093460083,2.622499942779541,2.6832499504089355,428052000,1148570507.7724457
2017-01-25,2.726249933242798,2.7325000762939453,2.658250093460083,2.6947500705718994,522760000,1408707546.8921661
2017-01-26,2.697499990463257,2.7487499713897705,2.6675000190734863,2.7412500381469727,458800000,1257685517.501831
2017-01-27,2.7482500076293945,2.7972500324249268,2.721250057220459,2.794250011444092,471996000,1318874828.4015656
2017-01-30,2.7730000019073486,2.77524995803833,2.6977500915527344,2.750499963760376,496004000,1364258984.0250015
2017-01-31,2.723750114440918,2.7512500286102295,2.7049999237060547,2.7295000553131104,362756000,990142522.0651627
2017-02-01,2.7644999027252197,2.8529999256134033,2.746500015258789,2.848750114440918,590004000,1680773962.5205994
2017-02-02,2.8324999809265137,2.8935000896453857,2.801500082015991,2.8847498893737793,483240000,1394026536.540985
2017-02-03,2.8862500190734863,2.8975000381469727,2.8475000858306885,2.859499931335449,372744000,1065861442.4057007
2017-02-06,2.8499999046325684,2.9332499504089355,2.8499999046325684,2.9327499866485596,506768000,1486223845.2339172
2017-02-07,2.9674999713897705,3.0230000019073486,2.947499990463257,2.978250026702881,746224000,2222441647.9263306
2017-02-08,2.9600000381469727,2.9827499389648438,2.9094998836517334,2.965250015258789,449580000,1333117101.8600464
2017-02-09,2.9714999198913574,2.9765000343322754,2.890000104904175,2.9094998836517334,842568000,2451451497.9686737
2017-02-10,2.9982500076293945,3.0174999237060547,2.815000057220459,2.8405001163482666,1651092000,4689927018.101692
2017-02-13,2.834749937057495,2.8494999408721924,2.7049999237060547,2.7095000743865967,1180724000,3199171765.83004
2017-02-14,2.6997499465942383,2.7537500858306885,2.657249927520752,2.7195000648498535,850632000,2313293779.1633606
2017-02-15,2.7225000858306885,2.744999885559082,2.694000005722046,2.7249999046325684,373020000,1016479464.4260406
2017-02-16,2.7347500324249268,2.7360000610351562,2.6414999961853027,2.6812500953674316,647176000,1735240711.719513
2017-02-17,2.6675000190734863,2.6852500438690186,2.6197500228881836,2.6807498931884766,563740000,1511245944.7860718
2017-02-21,2.705749988555908,2.780750036239624,2.7054998874664307,2.776750087738037,551952000,1532632764.427185
2017-02-22,2.7855000495910645,2.7950000762939453,2.7497498989105225,2.7690000534057617,433772000,1201114691.165924
2017-02-23,2.637500047683716,2.659749984741211,2.492000102996826,2.5122499465942383,1592888000,4001732792.930603
2017-02-24,2.4267499446868896,2.549999952316284,2.3924999237060547,2.5364999771118164,1029904000,2612351472.427368
2017-02-27,2.555000066757202,2.625499963760376,2.5390000343322754,2.6102499961853027,715400000,1867372847.2709656
2017-02-28,2.619999885559082,2.630000114440918,2.5195000171661377,2.5369999408721924,625360000,1586538283.0238342
2017-03-01,2.594749927520752,2.609250068664551,2.527750015258789,2.5697500705718994,504804000,1297220114.624977
2017-03-02,2.5567500591278076,2.571000099182129,2.472249984741211,2.4749999046325684,754332000,1866971628.0612946
2017-03-03,2.464250087738037,2.469249963760376,2.4054999351501465,2.460750102996826,864692000,2127790928.0605316
2017-03-06,2.4240000247955322,2.452500104904175,2.3792500495910645,2.4417500495910645,883568000,2157452207.8170776
2017-03-07,2.4417500495910645,2.4882500171661377,2.4287500381469727,2.4684998989105225,603400000,1489492839.0026093
2017-03-08,2.5174999237060547,2.5325000286102295,2.461750030517578,2.4639999866485596,638712000,1573786359.4722748
2017-03-09,2.4477500915527344,2.4862499237060547,2.434999942779541,2.4635000228881836,478060000,1177700820.941925
2017-03-10,2.4902501106262207,2.5022499561309814,2.4595000743865967,2.4779999256134033,499740000,1238355682.8260422
2017-03-13,2.4885001182556152,2.5562500953674316,2.4877500534057617,2.546250104904175,774136000,1971143871.2100983
2017-03-14,2.5592501163482666,2.5687499046325684,2.5117499828338623,2.5445001125335693,522016000,1328269770.7443237
2017-03-15,2.5562500953674316,2.5747499465942383,2.507999897003174,2.5637500286102295,615036000,1576798562.596321
2017-03-16,2.57450008392334,2.595750093460083,2.5602500438690186,2.595249891281128,523100000,1357575218.129158
2017-03-17,2.61299991607666,2.6530001163482666,2.595249891281128,2.651750087738037,1119688000,2969132752.2392273
2017-03-20,2.6695001125335693,2.7402501106262207,2.653249979019165,2.7362499237060547,748568000,2048269132.888794
2017-03-21,2.71875,2.749000072479248,2.6397500038146973,2.647749900817871,913484000,2418677170.398712
2017-03-22,2.6364998817443848,2.7065000534057617,2.632499933242798,2.7017500400543213,616764000,1666342161.7040634
2017-03-23,2.6937499046325684,2.7139999866485596,2.6675000190734863,2.6772499084472656,533940000,1429490816.116333
2017-03-24,2.724250078201294,2.7322499752044678,2.6605000495910645,2.6867499351501465,439500000,1180826596.4984894
2017-03-27,2.6394999027252197,2.710249900817871,2.5894999504089355,2.706249952316284,506644000,1371105300.8413315
2017-03-28,2.7074999809265137,2.722249984741211,2.6817500591278076,2.6922500133514404,432444000,1164247364.7737503
2017-03-29,2.6997499465942383,2.712249994277954,2.6812500953674316,2.683500051498413,349992000,939203550.0240326
2017-03-30,2.6907498836517334,2.75,2.684999942779541,2.734999895095825,525532000,1437329964.8694992
2017-03-31,2.725250005722046,2.7472500801086426,2.7100000381469727,2.723249912261963,440808000,1200430347.3243713
2017-04-03,2.723750114440918,2.7412500381469727,2.685499906539917,2.7095000743865967,445232000,1206356137.1192932
2017-04-04,2.5850000381469727,2.6105000972747803,2.508500099182129,2.5195000171661377,1271280000,3202989981.8229675
2017-04-05,2.500499963760376,2.5592501163482666,2.487499952316284,2.5007500648498535,747048000,1868180334.4459534
2017-04-06,2.50600004196167,2.53125,2.460249900817871,2.5190000534057617,635120000,1599867313.9190674
2017-04-07,2.5255000591278076,2.54325008392334,2.493000030517578,2.5082499980926514,429068000,1076209810.1816177
2017-04-10,2.509000062942505,2.515749931335449,2.440000057220459,2.4442501068115234,756332000,1848664571.7849731
2017-04-11,2.413749933242798,2.4725000858306885,2.408750057220459,2.453000068664551,618148000,1516317086.4448547
2017-04-12,2.453000068664551,2.4674999713897705,2.427500009536743,2.4327499866485596,414092000,1007382307.4712753
2017-04-13,2.408250093460083,2.4302499294281006,2.3872499465942383,2.3872499465942383,506892000,1210077899.9290466
2017-04-17,2.40024995803833,2.4809999465942383,2.3949999809265137,2.48075008392334,497292000,1233657170.7344055
2017-04-18,2.466249942779541,2.4885001182556152,2.440000057220459,2.4822499752044678,370116000,918720431.8227768
2017-04-19,2.5,2.5244998931884766,2.4852499961853027,2.492000102996826,380828000,949023415.2240753
2017-04-20,2.5067501068115234,2.536250114440918,2.4852499961853027,2.5315001010894775,404016000,1022766544.8417664
2017-04-21,2.5209999084472656,2.5447499752044678,2.509000062942505,2.5420000553131104,341896000,869099650.9113312
2017-04-24,2.5739998817443848,2.5869998931884766,2.5527501106262207,2.5737500190734863,371820000,956971732.0919037
2017-04-25,2.5885000228881836,2.6332499980926514,2.5667500495910645,2.618499994277954,388440000,1017130137.7773285
2017-04-26,2.6322500705718994,2.6347498893737793,2.5985000133514404,2.6005001068115234,327004000,850373936.9277954
2017-04-27,2.6080000400543213,2.6494998931884766,2.589750051498413,2.6410000324249268,319700000,844327710.3662491
2017-04-28,2.634000062942505,2.6410000324249268,2.601749897003174,2.6075000762939453,348248000,908056686.5692139
2017-05-01,2.618499994277954,2.671250104904175,2.6112499237060547,2.6659998893737793,307732000,820413477.9567719
2017-05-02,2.6387500762939453,2.640000104904175,2.563999891281128,2.5869998931884766,629972000,1629737496.711731
2017-05-03,2.5799999237060547,2.615999937057495,2.565000057220459,2.606250047683716,336904000,878056066.0648346
2017-05-04,2.612499952316284,2.6237499713897705,2.588249921798706,2.596250057220459,209788000,544662107.0041656
2017-05-05,2.5845000743865967,2.603749990463257,2.5687499046325684,2.5964999198913574,228428000,593113283.700943
2017-05-08,2.6085000038146973,2.609999895095825,2.5577499866485596,2.5692501068115234,365240000,938392909.0118408
2017-05-09,2.575000047683716,2.6232500076293945,2.566499948501587,2.573499917984009,847672000,2181483822.4773407
2017-05-10,2.8572499752044678,3.0455000400543213,2.8505001068115234,3.032249927520752,2129096000,6455951191.684723
2017-05-11,3.0012500286102295,3.2607500553131104,2.9977500438690186,3.1624999046325684,1939792000,6134592015.007019
2017-05-12,3.165750026702881,3.240000009536743,3.1445000171661377,3.1972498893737793,962620000,3077736688.5089874
2017-05-15,3.239000082015991,3.3602499961853027,3.234499931335449,3.3577499389648438,1087540000,3651687368.621826
2017-05-16,3.4094998836517334,3.436000108718872,3.3340001106262207,3.4202499389648438,1120700000,3833074106.5979004
2017-05-17,3.3524999618530273,3.371500015258789,3.1887500286102295,3.193000078201294,1271368000,4059478123.4226227
2017-05-18,3.237499952316284,3.335750102996826,3.1762499809265137,3.3267500400543213,1156032000,3845829502.304077
2017-05-19,3.4257500171661377,3.4554998874664307,3.380500078201294,3.4000000953674316,1018372000,3462464897.119522
2017-05-22,3.4442501068115234,3.486999988555908,3.4332499504089355,3.4725000858306885,836608000,2905121351.8066406
2017-05-23,3.492500066757202,3.4947500228881836,3.3927500247955322,3.4257500171661377,681248000,2333785347.694397
2017-05-24,3.5239999294281006,3.526750087738037,3.4519999027252197,3.464250087738037,815996000,2826814214.5938873
2017-05-25,3.5,3.5007500648498535,3.4110000133514404,3.4565000534057617,608228000,2102340114.4828796
2017-05-26,3.4482500553131104,3.631999969482422,3.4277501106262207,3.5460000038146973,779140000,2762830442.972183
2017-05-30,3.5924999713897705,3.657249927520752,3.5762500762939453,3.6217501163482666,989652000,3584272246.1442947
2017-05-31,3.667249917984009,3.674999952316284,3.5512499809265137,3.608750104904175,887316000,3202101708.083153
2017-06-01,3.6247498989105225,3.6257500648498535,3.562999963760376,3.6089999675750732,503340000,1816554043.6792374
2017-06-02,3.6059999465942383,3.632499933242798,3.5850000381469727,3.5910000801086426,487456000,1750454535.0494385
2017-06-05,3.57450008392334,3.713249921798706,3.5627501010894775,3.7002499103546143,817376000,3024495470.726013
2017-06-06,3.695499897003174,3.7422499656677246,3.6700000762939453,3.683500051498413,758728000,2794774627.073288
2017-06-07,3.708250045776367,3.746999979019165,3.692500114440918,3.7279999256134033,612612000,2283817490.429878
2017-06-08,3.8364999294281006,4.0,3.7947499752044678,3.998500108718872,1161744000,4645233510.303497
2017-06-09,4.118500232696533,4.212500095367432,3.5687499046325684,3.740000009536743,3692928000,13811550755.218506
2017-06-12,3.6470000743865967,3.7925000190734863,3.5527501106262207,3.7492499351501465,1697532000,6364471740.915298
2017-06-13,3.859999895095825,3.8692500591278076,3.641249895095825,3.7850000858306885,1672504000,6330427783.55217
2017-06-14,3.7880001068115234,3.8515000343322754,3.7125000953674316,3.7929999828338623,1184640000,4493339499.664307
2017-06-15,3.6740000247955322,3.8399999141693115,3.6624999046325684,3.8092501163482666,963824000,3671446684.1392517
2017-06-16,3.819000005722046,3.867500066757202,3.75600004196167,3.7904999256134033,924960000,3506060811.1953735
2017-06-19,3.835249900817871,3.9382500648498535,3.8315000534057617,3.933000087738037,778176000,3060566276.275635
2017-06-20,3.975749969482422,4.043499946594238,3.9230000972747803,3.9272499084472656,1095444000,4302082348.709106
2017-06-21,3.9552500247955322,3.990499973297119,3.8924999237060547,3.9867498874664307,682652000,2721562784.178734
2017-06-22,3.994999885559082,4.008500099182129,3.934999942779541,3.959249973297119,469132000,1857410858.472824
2017-06-23,3.9670000076293945,3.9830000400543213,3.8304998874664307,3.845750093460083,1088588000,4186437402.739525
2017-06-26,3.878999948501587,3.9149999618530273,3.708250045776367,3.8037500381469727,1063960000,4047037890.586853
2017-06-27,3.7860000133514404,3.7947499752044678,3.658750057220459,3.6644999980926514,999492000,3662638432.0936203
2017-06-28,3.7330000400543213,3.7985000610351562,3.643749952316284,3.793750047683716,994948000,3774584022.4428177
2017-06-29,3.765000104904175,3.7679998874664307,3.6019999980926514,3.6670000553131104,1064424000,3903242866.876602
2017-06-30,3.684499979019165,3.6982500553131104,3.5875000953674316,3.614000082015991,731060000,2642050899.9586105
2017-07-03,3.6262500286102295,3.641249895095825,3.4644999504089355,3.4832499027252197,709072000,2469874975.025177
2017-07-05,3.547499895095825,3.6054999828338623,3.528249979019165,3.5762500762939453,820188000,2933197397.5753784
2017-07-06,3.546750068664551,3.634500026702881,3.49399995803833,3.5869998931884766,746284000,2676920628.288269
2017-07-07,3.6445000171661377,3.6875,3.6212499141693115,3.6689999103546143,654972000,2403092209.2847824
2017-07-10,3.743499994277954,3.8499999046325684,3.7170000076293945,3.8424999713897705,958492000,3683005482.577324
2017-07-11,3.846250057220459,3.904750108718872,3.8037500381469727,3.8970000743865967,757956000,2953754588.3817673
2017-07-12,3.9574999809265137,4.074999809265137,3.9140000343322754,4.062749862670898,1145208000,4652693644.729614
2017-07-13,4.074999809265137,4.15749979019165,3.96875,4.015749931335449,1369132000,5498091734.989166
2017-07-14,4.032249927520752,4.125249862670898,4.02524995803833,4.12375020980835,941948000,3884358262.6285553
2017-07-17,4.158249855041504,4.1875,4.043749809265137,4.106249809265137,930792000,3822064472.465515
2017-07-18,4.04449987411499,4.163750171661377,4.03249979019165,4.14900016784668,776640000,3222279490.3564453
2017-07-19,4.158249855041504,4.184999942779541,4.115250110626221,4.127500057220459,687044000,2835774149.312973
2017-07-20,4.148250102996826,4.187749862670898,4.097750186920166,4.1875,699596000,2929558250.0
2017-07-21,4.166749954223633,4.232500076293945,4.152249813079834,4.202499866485596,648332000,2724615143.438339
2017-07-24,4.209750175476074,4.2195000648498535,4.14300012588501,4.153749942779541,652524000,2710421527.662277
2017-07-25,4.130499839782715,4.148250102996826,4.0894999504089355,4.133749961853027,496556000,2052638346.0578918
2017-07-26,4.191999912261963,4.2482500076293945,4.146249771118164,4.18149995803833,640404000,2677849299.1275787
2017-07-27,4.20674991607666,4.218500137329102,3.938999891281128,4.043499946594238,782856000,3165478194.190979
2017-07-28,4.00724983215332,4.134500026702881,3.9820001125335693,4.109749794006348,513348000,2109731837.2535706
2017-07-31,4.123499870300293,4.159999847412109,4.015500068664551,4.062749862670898,559672000,2273807341.140747
2017-08-01,4.053249835968018,4.113999843597412,4.025000095367432,4.112249851226807,431384000,1773958789.8216248
2017-08-02,4.143750190734863,4.147749900817871,4.031750202178955,4.109749794006348,478444000,1966285130.443573
2017-08-03,4.109250068664551,4.165750026702881,4.0920000076293945,4.1620001792907715,442420000,1841352119.3218231
2017-08-04,4.184999942779541,4.2517499923706055,4.1620001792907715,4.18025016784668,589096000,2462568652.8778076
2017-08-07,4.209750175476074,4.3092498779296875,4.199999809265137,4.308750152587891,717412000,3091149064.468384
2017-08-08,4.347249984741211,4.363999843597412,4.217750072479248,4.257500171661377,755336000,3215843149.662018
2017-08-09,4.210750102996826,4.30525016784668,4.1917500495910645,4.302750110626221,530784000,2283830914.718628
2017-08-10,4.303999900817871,4.316500186920166,4.108250141143799,4.118500232696533,1328088000,5469730737.041473
2017-08-11,3.928499937057495,3.9749999046325684,3.8227500915527344,3.8989999294281006,1497196000,5837567098.3400345
2017-08-14,3.9917500019073486,4.213749885559082,3.9800000190734863,4.210000038146973,1279020000,5384674248.790741
2017-08-15,4.215250015258789,4.2417497634887695,4.139750003814697,4.174499988555908,764532000,3191538825.2506256
2017-08-16,4.1897501945495605,4.213500022888184,4.0960001945495605,4.128749847412109,596632000,2463344278.9611816
2017-08-17,4.120250225067139,4.137499809265137,4.0345001220703125,4.036749839782715,525444000,2121085982.8147888
2017-08-18,4.091750144958496,4.109000205993652,3.990999937057495,4.037499904632568,601204000,2427361092.6647186
2017-08-21,4.062250137329102,4.073750019073486,3.9342501163482666,3.978749990463257,623672000,2481434964.0522003
2017-08-22,4.012249946594238,4.06974983215332,3.9927499294281006,4.06374979019165,450456000,1830540475.49057
2017-08-23,4.03000020980835,4.15625,4.021249771118164,4.144999980926514,579520000,2402110388.946533
2017-08-24,4.177499771118164,4.182000160217285,4.103000164031982,4.129749774932861,469700000,1939743469.285965
2017-08-25,4.154250144958496,4.1645002365112305,4.088749885559082,4.095250129699707,357200000,1462823346.3287354
2017-08-28,4.114500045776367,4.127500057220459,4.0582499504089355,4.1242499351501465,389496000,1606378852.7412415
2017-08-29,4.0647501945495605,4.139500141143799,4.05649995803833,4.117499828338623,324096000,1334465224.3652344
2017-08-30,4.137499809265137,4.153250217437744,4.106750011444092,4.142000198364258,384400000,1592184876.2512207
2017-08-31,4.162499904632568,4.239999771118164,4.15500020980835,4.236000061035156,612684000,2595329461.3952637
2017-09-01,4.24875020980835,4.297500133514404,4.239999771118164,4.261499881744385,445432000,1898208415.3251648
2017-09-05,4.209499835968018,4.2144999504089355,4.089000225067139,4.147749900817871,695364000,2884195962.032318
2017-09-06,4.181000232696533,4.195000171661377,4.110000133514404,4.145249843597412,397672000,1648449795.80307
2017-09-07,4.16225004196167,4.197249889373779,4.12375020980835,4.1645002365112305,352868000,1469518869.4572449
2017-09-08,4.152750015258789,4.167749881744385,4.067749977111816,4.092249870300293,498856000,2041443401.298523
2017-09-11,4.138500213623047,4.235750198364258,4.132999897003174,4.224999904632568,567444000,2397450845.884323
2017-09-12,4.25,4.25,4.17425012588501,4.240250110626221,411488000,1744812037.5213623
2017-09-13,4.214749813079834,4.28849983215332,4.182000160217285,4.259250164031982,580960000,2474453975.2960205
2017-09-14,4.219749927520752,4.314000129699707,4.195000171661377,4.235000133514404,513712000,2175570388.5879517
2017-09-15,4.321499824523926,4.502749919891357,4.316249847412109,4.502749919891357,1364792000,6145317068.6683655
2017-09-18,4.628499984741211,4.78000020980835,4.621500015258789,4.68874979019165,1684460000,7898011471.586227
2017-09-19,4.637750148773193,4.746250152587891,4.615499973297119,4.683750152587891,874280000,4094909083.404541
2017-09-20,4.6875,4.735499858856201,4.605249881744385,4.645999908447266,724920000,3367978253.631592
2017-09-21,4.540999889373779,4.567500114440918,4.440249919891357,4.519000053405762,1075600000,4860636457.443237
2017-09-22,4.507500171661377,4.557750225067139,4.465000152587891,4.474999904632568,491232000,2198263153.152466
2017-09-25,4.443749904632568,4.445000171661377,4.254000186920166,4.275000095367432,874580000,3738829583.4064484
2017-09-26,4.411250114440918,4.4670000076293945,4.258749961853027,4.298999786376953,1125620000,4839040139.541626
2017-09-27,4.390500068664551,4.406750202178955,4.318749904632568,4.393249988555908,713720000,3135550381.832123
2017-09-28,4.4004998207092285,4.4045000076293945,4.343999862670898,4.392000198364258,435244000,1911591734.336853
2017-09-29,4.4770002365112305,4.493249893188477,4.431250095367432,4.469250202178955,619092000,2766877046.1673737
2017-10-02,4.519999980926514,4.549499988555908,4.425000190734863,4.474999904632568,503480000,2253072951.9844055
2017-10-03,4.481249809265137,4.514500141143799,4.439499855041504,4.484250068664551,390332000,1750346297.8019714
2017-10-04,4.490499973297119,4.544250011444092,4.453499794006348,4.521749973297119,427848000,1934621682.5752258
2017-10-05,4.546500205993652,4.550000190734863,4.488999843597412,4.51924991607666,437364000,1976557220.2949524
2017-10-06,4.491250038146973,4.546000003814697,4.474999904632568,4.53249979019165,318800000,1444960933.1130981
2017-10-09,4.56974983215332,4.66825008392334,4.550749778747559,4.634749889373779,563492000,2611644484.6630096
2017-10-10,4.785749912261963,4.823750019073486,4.68149995803833,4.723249912261963,974876000,4604582981.466293
2017-10-11,4.739999771118164,4.775000095367432,4.69350004196167,4.773499965667725,529508000,2527606419.8207855
2017-10-12,4.7769999504089355,4.827250003814697,4.7482500076293945,4.775750160217285,528292000,2522990603.64151
2017-10-13,4.838749885559082,4.875,4.791250228881836,4.864749908447266,628728000,3058604480.4382324
2017-10-16,4.894999980926514,4.951250076293945,4.830999851226807,4.948249816894531,576640000,2853358774.4140625
2017-10-17,4.927249908447266,4.972499847412109,4.908750057220459,4.943749904632568,478596000,2366058929.3575287
2017-10-18,4.952750205993652,4.953499794006348,4.833000183105469,4.939499855041504,567316000,2802257299.762726
2017-10-19,4.861000061035156,4.949999809265137,4.81125020980835,4.945000171661377,570772000,2822467637.9795074
2017-10-20,4.962250232696533,4.989749908447266,4.91349983215332,4.922500133514404,451620000,2223099510.2977753
2017-10-23,4.944499969482422,4.971250057220459,4.894999980926514,4.915500164031982,428696000,2107255258.3198547
2017-10-24,4.924749851226807,4.96875,4.898499965667725,4.9670000076293945,407244000,2022780951.1070251
2017-10-25,4.927000045776367,4.980500221252441,4.779250144958496,4.8414998054504395,828160000,4009536478.881836
2017-10-26,4.869500160217285,4.9039998054504395,4.845250129699707,4.892250061035156,322744000,1578944353.6987305
2017-10-27,4.945000171661377,5.046750068664551,4.918749809265137,5.046500205993652,572192000,2887567045.86792
2017-10-30,5.046500205993652,5.152249813079834,5.0304999351501465,5.0960001945495605,504056000,2568669474.0638733
2017-10-31,5.1282501220703125,5.197249889373779,5.122499942779541,5.170249938964844,411908000,2129667311.8591309
2017-11-01,5.233749866485596,5.2492499351501465,5.114999771118164,5.179999828338623,502576000,2603343593.727112
2017-11-02,5.150000095367432,5.195250034332275,5.091249942779541,5.148499965667725,342308000,1762372726.2477875
2017-11-03,5.179999828338623,5.217249870300293,5.133500099182129,5.217249870300293,353640000,1845028244.1329956
2017-11-06,5.179999828338623,5.249499797821045,5.167500019073486,5.240749835968018,389944000,2043598954.0367126
2017-11-07,5.263750076293945,5.322500228881836,5.251500129699707,5.300749778747559,427700000,2267130680.370331
2017-11-08,5.296249866485596,5.300000190734863,5.181000232696533,5.229000091552734,522988000,2734704299.8809814
2017-11-09,5.131750106811523,5.158249855041504,5.009250164031982,5.132999897003174,978564000,5022968911.211014
2017-11-10,5.327000141143799,5.466750144958496,5.290750026702881,5.403500080108643,1253256000,6771968896.396637
2017-11-13,5.403500080108643,5.4292497634887695,5.300250053405762,5.3157501220703125,582376000,3095765293.0908203
2017-11-14,5.324999809265137,5.369999885559082,5.280749797821045,5.354499816894531,529292000,2834093917.08374
2017-11-15,5.298749923706055,5.300000190734863,5.195000171661377,5.249499797821045,501948000,2634975924.516678
2017-11-16,5.32450008392334,5.355000019073486,5.28125,5.290249824523926,441768000,2337063084.4802856
2017-11-17,5.3480000495910645,5.383749961853027,5.268750190734863,5.283999919891357,515664000,2724768534.690857
2017-11-20,5.299749851226807,5.364250183105469,5.262499809265137,5.3520002365112305,396100000,2119927293.6820984
2017-11-21,5.392250061035156,5.413000106811523,5.360000133514404,5.401249885559082,399176000,2156049324.317932
2017-11-22,5.425000190734863,5.425000190734863,5.340250015258789,5.3732500076293945,356640000,1916315882.7209473
2017-11-24,5.389750003814697,5.425000190734863,5.364999771118164,5.423999786376953,180752000,980398809.387207
2017-11-27,5.432750225067139,5.434000015258789,5.350249767303467,5.353499889373779,422896000,2263973689.216614
2017-11-28,5.358749866485596,5.368249893188477,5.205999851226807,5.267749786376953,512752000,2701049238.4643555
2017-11-29,5.250249862670898,5.252999782562256,4.780749797821045,4.9105000495910645,1396788000,6858927543.268204
2017-11-30,4.980000019073486,5.066999912261963,4.916250228881836,5.017749786376953,823768000,4133461706.02417
2017-12-01,4.982749938964844,5.0032501220703125,4.8117499351501465,4.941999912261963,811548000,4010670144.7963715
2017-12-04,5.00124979019165,5.007500171661377,4.612500190734863,4.666500091552734,1240844000,5790398639.602661
2017-12-05,4.559999942779541,4.817500114440918,4.514500141143799,4.69350004196167,981488000,4606613969.1848755
2017-12-06,4.642499923706055,4.753499984741211,4.620999813079834,4.731500148773193,467032000,2209761977.481842
2017-12-07,4.798999786376953,4.840000152587891,4.752999782562256,4.799749851226807,542600000,2604344269.2756653
2017-12-08,4.850249767303467,4.869500160217285,4.778749942779541,4.78725004196167,466876000,2235052150.5908966
2017-12-11,4.801499843597412,4.869500160217285,4.7855000495910645,4.866499900817871,372748000,1813978105.0300598
2017-12-12,4.822500228881836,4.8460001945495605,4.747250080108643,4.770999908447266,455016000,2170881294.342041
2017-12-13,4.8125,4.81374979019165,4.646999835968018,4.6545000076293945,554280000,2579896264.228821
2017-12-14,4.6479997634887695,4.733500003814697,4.614999771118164,4.661749839782715,438164000,2042610956.7985535
2017-12-15,4.706250190734863,4.809500217437744,4.640500068664551,4.789000034332275,670036000,3208802427.0038605
2017-12-18,4.829999923706055,4.950500011444092,4.800000190734863,4.947500228881836,477704000,2363440649.3377686
2017-12-19,4.938000202178955,4.9432501792907715,4.874000072479248,4.902750015258789,373100000,1829216030.6930542
2017-12-20,4.942500114440918,4.951749801635742,4.863749980926514,4.920000076293945,288820000,1420994422.0352173
2017-12-21,4.923500061035156,4.948750019073486,4.888750076293945,4.897250175476074,300904000,1473602166.8014526
2017-12-22,4.860000133514404,4.891250133514404,4.78125,4.881750106811523,466276000,2276242912.80365
2017-12-26,4.82574987411499,4.943749904632568,4.795499801635742,4.935999870300293,355080000,1752674833.946228
2017-12-27,4.922500133514404,4.9992499351501465,4.907750129699707,4.9292497634887695,329488000,1624128646.0723877
2017-12-28,4.953249931335449,4.984499931335449,4.928750038146973,4.934999942779541,240248000,1185623866.2528992
2017-12-29,4.96150016784668,4.96150016784668,4.837500095367432,4.837500095367432,279964000,1354325876.6994476
2018-01-02,4.894499778747559,4.987500190734863,4.862500190734863,4.983749866485596,355616000,1772301192.5201416
2018-01-03,5.102499961853027,5.34250020980835,5.09375,5.3117499351501465,914704000,4858678912.68158
2018-01-04,5.394000053405762,5.451250076293945,5.317249774932861,5.339749813079834,583268000,3114505193.9754486
2018-01-05,5.354750156402588,5.422749996185303,5.2769999504089355,5.385000228881836,580124000,3123967872.779846
2018-01-08,5.510000228881836,5.625,5.4644999504089355,5.550000190734863,881216000,4890748968.078613
2018-01-09,5.555500030517578,5.5954999923706055,5.466000080108643,5.548500061035156,497000000,2757604530.3344727
2018-01-10,5.454999923706055,5.5954999923706055,5.400000095367432,5.5920000076293945,582664000,3258257092.4453735
2018-01-11,5.625,5.656750202178955,5.580249786376953,5.6020002365112305,406032000,2274591360.031128
2018-01-12,5.590000152587891,5.624750137329102,5.5335001945495605,5.57450008392334,359916000,2006351772.2053528
2018-01-16,5.601250171661377,5.687749862670898,5.417250156402588,5.502749919891357,702348000,3864845400.735855
2018-01-17,5.517499923706055,5.627999782562256,5.422500133514404,5.618000030517578,538408000,3024776160.430908
2018-01-18,5.598499774932861,5.665999889373779,5.566999912261963,5.611000061035156,408632000,2292834176.940918
2018-01-19,5.702250003814697,5.777249813079834,5.675000190734863,5.752749919891357,609380000,3505610746.1833954
2018-01-22,5.760749816894531,5.843999862670898,5.702499866485596,5.842249870300293,550944000,3218752512.5427246
2018-01-23,5.896249771118164,5.9957499504089355,5.877500057220459,5.972750186920166,475228000,2838418125.8296967
2018-01-24,5.97599983215332,6.012249946594238,5.838749885559082,5.894999980926514,579972000,3418934928.937912
2018-01-25,5.949999809265137,5.993750095367432,5.893750190734863,5.908750057220459,409884000,2421902108.4537506
2018-01-26,5.953000068664551,6.083499908447266,5.940000057220459,6.083250045776367,516356000,3141122660.636902
2018-01-29,6.06850004196167,6.202750205993652,6.015250205993652,6.171249866485596,455116000,2808634554.2354584
2018-01-30,6.027750015258789,6.1605000495910645,5.960249900817871,6.067999839782715,570832000,3463808484.5428467
2018-01-31,6.14424991607666,6.231750011444092,6.111249923706055,6.144999980926514,478576000,2940849510.871887
2018-02-01,5.9629998207092285,6.172500133514404,5.951499938964844,6.012499809265137,519224000,3121834200.9658813
2018-02-02,5.925000190734863,5.949250221252441,5.779250144958496,5.8379998207092285,718464000,4194392703.186035
2018-02-05,5.675000190734863,5.830749988555908,5.125,5.34250020980835,1165204000,6225102614.469528
2018-02-06,5.110000133514404,5.642499923706055,5.099999904632568,5.639500141143799,1114800000,6286914757.347107
2018-02-07,5.739500045776367,5.8742499351501465,5.667500019073486,5.71999979019165,802932000,4592770871.538162
2018-02-08,5.8470001220703125,5.880499839782715,5.437749862670898,5.438000202178955,1144000000,6221072231.292725
2018-02-09,5.956250190734863,5.972249984741211,5.438000202178955,5.802000045776367,1674604000,9716052484.657288
2018-02-12,5.883999824523926,5.88700008392334,5.6257500648498535,5.70074987411499,1093172000,6231900141.386032
2018-02-13,5.664000034332275,5.862500190734863,5.631249904632568,5.8157501220703125,625524000,3637891279.35791
2018-02-14,5.775000095367432,6.0647501945495605,5.763750076293945,6.0355000495910645,744988000,4496375110.944748
2018-02-15,6.119750022888184,6.209249973297119,6.038000106811523,6.162499904632568,698900000,4306971183.347702
2018-02-16,6.135000228881836,6.25,6.086750030517578,6.0960001945495605,637656000,3887151100.0556946
2018-02-20,6.118750095367432,6.296750068664551,6.114999771118164,6.2270002365112305,686240000,4273216642.303467
2018-02-21,6.292250156402588,6.29925012588501,6.033999919891357,6.037749767303467,892292000,5387435815.366745
2018-02-22,6.0682501792907715,6.140749931335449,5.987500190734863,6.053750038146973,534364000,3234906085.384369
2018-02-23,6.114250183105469,6.148250102996826,6.063000202178955,6.148250102996826,415300000,2553368267.774582
2018-02-26,6.195000171661377,6.19950008392334,6.101500034332275,6.1645002365112305,469312000,2893073934.9975586
2018-02-27,6.137499809265137,6.222750186920166,6.1282501220703125,6.151500225067139,455436000,2801614656.5036774
2018-02-28,6.162499904632568,6.202499866485596,6.038249969482422,6.050000190734863,523116000,3164851899.7764587
2018-03-01,6.047749996185303,6.102250099182129,5.703000068664551,5.80525016784668,1040120000,6038156804.580688
2018-03-02,5.696499824523926,5.920000076293945,5.546249866485596,5.91349983215332,913428000,5401556324.684143
2018-03-05,5.862750053405762,5.931250095367432,5.73799991607666,5.891250133514404,620776000,3657146692.882538
2018-03-06,5.977499961853027,6.073500156402588,5.934000015258789,6.053999900817871,636808000,3855235568.840027
2018-03-07,5.949999809265137,6.098750114440918,5.948750019073486,6.046000003814697,581208000,3513983570.2171326
2018-03-08,6.073750019073486,6.073750019073486,5.984749794006348,6.0295000076293945,411912000,2483623407.142639
2018-03-09,6.077499866485596,6.146249771118164,6.06125020980835,6.1332502365112305,505524000,3100505192.5621033
2018-03-12,6.175000190734863,6.324999809265137,6.166749954223633,6.24399995803833,605060000,3777994614.610672
2018-03-13,6.28725004196167,6.362500190734863,6.151000022888184,6.192749977111816,619772000,3838093038.8145447
2018-03-14,6.236249923706055,6.263750076293945,6.1554999351501465,6.218500137329102,505496000,3143426945.4193115
2018-03-15,6.232250213623047,6.315499782562256,6.190999984741211,6.233500003814697,401952000,2505567793.533325
2018-03-16,6.25,6.28125,6.211999893188477,6.26200008392334,399456000,2501393505.5236816
2018-03-19,6.204500198364258,6.233749866485596,5.925000190734863,6.025000095367432,713772000,4300476368.070602
2018-03-20,6.0279998779296875,6.278749942779541,6.0279998779296875,6.239500045776367,554696000,3461025717.391968
2018-03-21,6.232999801635742,6.300000190734863,6.1832499504089355,6.214000225067139,438688000,2726007330.734253
2018-03-22,6.150000095367432,6.197000026702881,6.008500099182129,6.046249866485596,551196000,3332668741.4073944
2018-03-23,6.059999942779541,6.0625,5.813000202178955,5.824250221252441,735620000,4284434947.757721
2018-03-26,5.949999809265137,6.113249778747559,5.897500038146973,6.111999988555908,611424000,3737023481.0028076
2018-03-27,6.193749904632568,6.25,5.496250152587891,5.638000011444092,1409000000,7943942016.124725
2018-03-28,5.603250026702881,5.734749794006348,5.425000190734863,5.533750057220459,945904000,5234396314.125061
2018-03-29,5.602749824523926,5.887499809265137,5.517499923706055,5.789750099182129,916628000,5307047053.913116
2018-04-02,5.718500137329102,5.866250038146973,5.4375,5.526249885559082,922092000,5095710809.474945
2018-04-03,5.695000171661377,5.758749961853027,5.533750057220459,5.633749961853027,667432000,3760145004.5394897
2018-04-04,5.375249862670898,5.666500091552734,5.349999904632568,5.656000137329102,789168000,4463534316.375732
2018-04-05,5.715000152587891,5.728250026702881,5.462250232696533,5.5345001220703125,701240000,3881012865.600586
2018-04-06,5.430749893188477,5.539999961853027,5.326749801635742,5.356249809265137,662988000,3551129348.5450745
2018-04-09,5.420000076293945,5.54925012588501,5.364999771118164,5.385250091552734,499524000,2690061666.732788
2018-04-10,5.618000030517578,5.724999904632568,5.5602498054504395,5.697750091552734,761676000,4339839498.7335205
2018-04-11,5.682750225067139,5.7245001792907715,5.623000144958496,5.656000137329102,460244000,2603140127.204895
2018-04-12,5.75,5.882999897003174,5.705249786376953,5.864999771118164,593920000,3483340664.0625
2018-04-13,5.9292497634887695,5.937749862670898,5.738749980926514,5.787499904632568,503036000,2911320802.0267487
2018-04-16,5.794250011444092,5.821000099182129,5.691999912261963,5.78725004196167,350792000,2030121016.719818
2018-04-17,5.840000152587891,5.960000038146973,5.783750057220459,5.938499927520752,447224000,2655839691.585541
2018-04-18,5.887499809265137,5.981249809265137,5.819250106811523,5.909249782562256,391364000,2312667631.9026947
2018-04-19,5.793749809265137,5.827499866485596,5.670000076293945,5.72599983215332,471996000,2702649016.7770386
2018-04-20,5.717249870300293,5.802499771118164,5.68625020980835,5.717750072479248,386200000,2208195077.9914856
2018-04-23,5.735750198364258,5.787499904632568,5.5707502365112305,5.5970001220703125,427508000,2392762328.186035
2018-04-24,5.623000144958496,5.71999979019165,5.464000225067139,5.53000020980835,414596000,2292715966.9857025
2018-04-25,5.5,5.5395002365112305,5.257500171661377,5.416500091552734,588492000,3187566971.8780518
2018-04-26,5.579999923706055,5.638750076293945,5.51324987411499,5.630499839782715,375824000,2116076971.786499
2018-04-27,5.737500190734863,5.757500171661377,5.615499973297119,5.658249855041504,400848000,2268098137.8936768
2018-04-30,5.674749851226807,5.724999904632568,5.603000164031982,5.622499942779541,327844000,1843302871.2406158
2018-05-01,5.614250183105469,5.681250095367432,5.554999828338623,5.678500175476074,253788000,1441135202.533722
2018-05-02,5.675000190734863,5.71999979019165,5.631249904632568,5.657750129699707,268248000,1517680156.791687
2018-05-03,5.690000057220459,5.851250171661377,5.64424991607666,5.824749946594238,443144000,2581202990.333557
2018-05-04,5.795750141143799,5.979750156402588,5.778250217437744,5.976500034332275,400660000,2394544503.7555695
2018-05-07,6.082250118255615,6.274750232696533,6.072249889373779,6.2170000076293945,687616000,4274908677.2460938
2018-05-08,6.217249870300293,6.262750148773193,6.167749881744385,6.260000228881836,506616000,3171416275.9552
2018-05-09,6.280250072479248,6.396749973297119,6.252749919891357,6.394499778747559,596760000,3815981687.965393
2018-05-10,6.447999954223633,6.512499809265137,6.429999828338623,6.5032501220703125,994080000,6464750881.347656
2018-05-11,6.319499969482422,6.494750022888184,6.263500213623047,6.363249778747559,1214456000,7727886873.298645
2018-05-14,6.401750087738037,6.462250232696533,6.360000133514404,6.383999824523926,523140000,3339725668.2014465
2018-05-15,6.31974983215332,6.322500228881836,6.037499904632568,6.138999938964844,963528000,5915098333.190918
2018-05-16,6.099999904632568,6.2129998207092285,6.062749862670898,6.15024995803833,553828000,3406180633.7604523
2018-05-17,6.1519999504089355,6.287499904632568,6.135749816894531,6.192749977111816,519784000,3218892354.1030884
2018-05-18,6.245250225067139,6.3092498779296875,6.143499851226807,6.148499965667725,483716000,2974127809.392929
2018-05-21,6.247000217437744,6.2507500648498535,6.012249946594238,6.105999946594238,640624000,3911650109.7869873
2018-05-22,6.119500160217285,6.144999980926514,6.006249904632568,6.067500114440918,518264000,3144566879.310608
2018-05-23,6.006999969482422,6.1897501945495605,6.006249904632568,6.188499927520752,442956000,2741233173.894882
2018-05-24,6.184750080108643,6.235000133514404,6.13100004196167,6.192249774932861,437372000,2708316668.5619354
2018-05-25,6.204999923706055,6.248499870300293,6.169000148773193,6.23199987411499,292112000,1820441947.227478
2018-05-29,6.213749885559082,6.2835001945495605,6.167500019073486,6.214749813079834,352684000,2191842823.076248
2018-05-30,6.24875020980835,6.333499908447266,6.223750114440918,6.324749946594238,390996000,2472951930.118561
2018-05-31,6.292500019073486,6.380000114440918,6.281750202178955,6.304749965667725,493868000,3113714256.044388
2018-06-01,6.349999904632568,6.446750164031982,6.341249942779541,6.440499782562256,421968000,2717684812.24823
2018-06-04,6.474999904632568,6.643499851226807,6.442500114440918,6.621250152587891,642024000,4251001507.965088
2018-06-05,6.624499797821045,6.664750099182129,6.579249858856201,6.6267499923706055,391712000,2595777493.0114746
2018-06-06,6.535749912261963,6.631999969482422,6.51924991607666,6.628749847412109,371356000,2461626028.3355713
2018-06-07,6.625,6.63700008392334,6.481249809265137,6.572500228881836,369448000,2428197064.5599365
2018-06-08,6.499000072479248,6.599999904632568,6.480000019073486,6.557000160217285,360456000,2363510049.7512817
2018-06-11,6.544250011444092,6.586249828338623,6.502500057220459,6.515500068664551,265372000,1729031284.2216492
2018-06-12,6.542250156402588,6.576749801635742,6.491499900817871,6.564499855041504,319160000,2095125773.7350464
2018-06-13,6.565999984741211,6.641749858856201,6.550749778747559,6.559999942779541,338208000,2218644460.647583
2018-06-14,6.605500221252441,6.730000019073486,6.5904998779296875,6.672749996185303,430016000,2869389262.359619
2018-06-15,6.614999771118164,6.686999797821045,6.583749771118164,6.631499767303467,432260000,2866532089.4145966
2018-06-18,6.586999893188477,6.644999980926514,6.559500217437744,6.6272501945495605,356268000,2361077172.311783
2018-06-19,6.5229997634887695,6.591000080108643,6.375500202178955,6.5042500495910645,594932000,3869586490.503311
2018-06-20,6.545750141143799,6.611249923706055,6.506999969482422,6.557750225067139,369780000,2424924878.2253265
2018-06-21,6.590000152587891,6.608500003814697,6.420000076293945,6.427750110626221,359516000,2310879008.7718964
2018-06-22,6.448750019073486,6.462250232696533,6.2582502365112305,6.273749828338623,434160000,2723811225.4714966
2018-06-25,6.166250228881836,6.170000076293945,5.888500213623047,5.978000164031982,665816000,3980248157.2151184
2018-06-26,6.09250020980835,6.141250133514404,5.9977498054504395,6.049749851226807,478884000,2897128407.754898
2018-06-27,6.09375,6.160749912261963,5.887499809265137,5.89300012588501,453892000,2674785613.138199
2018-06-28,5.882999897003174,6.0335001945495605,5.875249862670898,6.021500110626221,338012000,2035339295.39299
2018-06-29,6.087250232696533,6.099999904632568,5.921249866485596,5.922500133514404,392300000,2323396802.377701
2018-07-02,5.852250099182129,6.059750080108643,5.831500053405762,6.056000232696533,357572000,2165456115.205765
2018-07-03,6.091000080108643,6.0970001220703125,5.912499904632568,5.921000003814697,222732000,1318796172.8496552
2018-07-05,5.976749897003174,6.073249816894531,5.9375,6.0682501792907715,306216000,1858195296.901703
2018-07-06,6.043499946594238,6.1917500495910645,6.021999835968018,6.1832499504089355,296352000,1832418489.3035889
2018-07-09,6.2582502365112305,6.26800012588501,6.151750087738037,6.231249809265137,303880000,1893552192.0394897
2018-07-10,6.243750095367432,6.353499889373779,6.203000068664551,6.331250190734863,360016000,2279351368.6676025
2018-07-11,6.237500190734863,6.272500038146973,6.177499771118164,6.1882500648498535,367508000,2274231404.83284
2018-07-12,6.234000205993652,6.329249858856201,6.223999977111816,6.280749797821045,345508000,2170049301.1455536
2018-07-13,6.299499988555908,6.299499988555908,6.190499782562256,6.232999801635742,246988000,1539476155.0064087
2018-07-16,6.204999923706055,6.258500099182129,6.192500114440918,6.204999923706055,197036000,1222608364.9673462
2018-07-17,6.155250072479248,6.357500076293945,6.129499912261963,6.342249870300293,362136000,2296756999.031067
2018-07-18,6.334750175476074,6.348750114440918,6.241000175476074,6.292500019073486,277640000,1747049705.2955627
2018-07-19,6.273499965667725,6.334750175476074,6.2582502365112305,6.300749778747559,235752000,1485414361.8392944
2018-07-20,6.298250198364258,6.337500095367432,6.261250019073486,6.272250175476074,222352000,1394647371.017456
2018-07-23,6.245500087738037,6.247250080108643,6.081999778747559,6.235249996185303,301584000,1880451634.8495483
2018-07-24,6.283750057220459,6.371250152587891,6.199999809265137,6.217750072479248,354620000,2204938530.702591
2018-07-25,6.227250099182129,6.309500217437744,6.168749809265137,6.296750068664551,319112000,2009368507.9116821
2018-07-26,6.276500225067139,6.408249855041504,6.259500026702881,6.370999813079834,325124000,2071364943.227768
2018-07-27,6.4079999923706055,6.414999961853027,6.245999813079834,6.30049991607666,295420000,1861293685.207367
2018-07-30,6.3147501945495605,6.3207502365112305,6.067999839782715,6.103250026702881,340340000,2077180114.0880585
2018-07-31,6.092750072479248,6.197000026702881,6.053500175476074,6.121500015258789,283988000,1738432546.333313
2018-08-01,6.153250217437744,6.209000110626221,6.097249984741211,6.161749839782715,283556000,1747201137.5694275
2018-08-02,6.089749813079834,6.269499778747559,6.030250072479248,6.265500068664551,269668000,1689604872.516632
2018-08-03,6.290249824523926,6.326499938964844,6.273250102996826,6.302499771118164,214288000,1350550070.9533691
2018-08-06,6.289750099182129,6.354249954223633,6.24275016784668,6.350749969482422,207508000,1317831424.6673584
2018-08-07,6.400000095367432,6.442500114440918,6.373000144958496,6.423749923706055,258132000,1658175415.3060913
2018-08-08,6.425000190734863,6.50600004196167,6.389750003814697,6.4604997634887695,262100000,1693296988.0104065
2018-08-09,6.478499889373779,6.481249809265137,6.403749942779541,6.411499977111816,204280000,1309741215.3244019
2018-08-10,6.328750133514404,6.402500152587891,6.317500114440918,6.369750022888184,256396000,1633178426.8684387
2018-08-13,6.378499984741211,6.525000095367432,6.3767499923706055,6.4029998779296875,375208000,2402456778.198242
2018-08-14,6.509500026702881,6.550000190734863,6.42549991607666,6.535749912261963,466220000,3047097324.0947723
2018-08-15,6.5567498207092285,6.591000080108643,6.397500038146973,6.4770002365112305,591136000,3828788011.8103027
2018-08-16,6.547500133514404,6.550000190734863,6.375249862670898,6.435999870300293,801260000,5156909256.076813
2018-08-17,6.323500156402588,6.324250221252441,6.093249797821045,6.120500087738037,1143188000,6996882254.301071
2018-08-20,6.079500198364258,6.329999923706055,5.9679999351501465,6.196000099182129,854388000,5293788132.740021
2018-08-21,6.212500095367432,6.337500095367432,6.192500114440918,6.333000183105469,673988000,4268366127.4108887
2018-08-22,6.300000190734863,6.575500011444092,6.296500205993652,6.570499897003174,749856000,4926928770.767212
2018-08-23,6.531499862670898,6.736999988555908,6.517499923706055,6.671000003814697,720684000,4807682966.749191
2018-08-24,6.679500102996826,6.820250034332275,6.675000190734863,6.805500030517578,531512000,3617204932.220459
2018-08-27,6.8354997634887695,6.972499847412109,6.803750038146973,6.897500038146973,505776000,3488589979.2938232
2018-08-28,6.891499996185303,6.9145002365112305,6.738249778747559,6.859499931335449,475384000,3260896515.357971
2018-08-29,6.8480000495910645,6.987500190734863,6.827000141143799,6.962250232696533,420108000,2924897020.757675
2018-08-30,6.930749893188477,7.043000221252441,6.9079999923706055,6.945250034332275,346608000,2407279223.8998413
2018-08-31,6.925000190734863,7.03000020980835,6.914999961853027,7.017000198364258,306592000,2151356124.8168945
2018-09-04,7.003749847412109,7.130499839782715,6.974999904632568,7.09250020980835,391720000,2778274182.1861267
2018-09-05,7.074749946594238,7.110499858856201,6.878749847412109,6.9604997634887695,393156000,2736562245.0141907
2018-09-06,6.943999767303467,6.946499824523926,6.784749984741211,6.817999839782715,322796000,2200823076.282501
2018-09-07,6.724999904632568,6.923250198364258,6.679749965667725,6.796500205993652,295420000,2007822090.8546448
2018-09-10,6.819250106811523,6.898250102996826,6.775000095367432,6.868249893188477,220140000,1511976531.4865112
2018-09-11,6.821499824523926,6.909999847412109,6.80049991607666,6.820000171661377,243112000,1658023881.7329407
2018-09-12,6.779749870300293,6.799499988555908,6.547999858856201,6.704999923706055,419092000,2810011828.025818
2018-09-13,6.771500110626221,6.875,6.754000186920166,6.7835001945495605,305536000,2072603515.4418945
2018-09-14,6.874750137329102,6.977499961853027,6.837500095367432,6.910749912261963,386936000,2674017928.050995
2018-09-17,6.885000228881836,6.934500217437744,6.828750133514404,6.848249912261963,205528000,1407507107.9673767
2018-09-18,6.852250099182129,6.955999851226807,6.768750190734863,6.7754998207092285,299520000,2029397706.2988281
2018-09-19,6.756750106811523,6.817500114440918,6.706250190734863,6.799499988555908,224860000,1528935567.4266815
2018-09-20,6.676249980926514,6.718999862670898,6.602499961853027,6.6570000648498535,430584000,2866397715.9233093
2018-09-21,6.669000148773193,6.715000152587891,6.552750110626221,6.586249828338623,435128000,2865861715.3053284
2018-09-24,6.554999828338623,6.645999908447266,6.4670000076293945,6.642499923706055,293912000,1952310437.576294
2018-09-25,6.709249973297119,6.735499858856201,6.6227498054504395,6.710249900817871,280388000,1881473549.1905212
2018-09-26,6.715250015258789,6.75600004196167,6.6570000648498535,6.672999858856201,268548000,1792020766.096115
2018-09-27,6.708499908447266,6.730000019073486,6.653250217437744,6.684999942779541,214428000,1433451167.7303314
2018-09-28,6.8182501792907715,7.047999858856201,6.789999961853027,7.0254998207092285,709396000,4983861470.811844
2018-10-01,7.104000091552734,7.301499843597412,7.065000057220459,7.234000205993652,622060000,4499982168.140411
2018-10-02,7.206250190734863,7.318999767303467,7.139500141143799,7.1620001792907715,383964000,2749950236.841202
2018-10-03,7.232999801635742,7.240499973297119,7.0632500648498535,7.16825008392334,320552000,2297796900.9017944
2018-10-04,7.131750106811523,7.15625,6.9045000076293945,6.982250213623047,391220000,2731595928.5736084
2018-10-05,6.957250118255615,7.019999980926514,6.688499927520752,6.746500015258789,426636000,2878299780.5099487
2018-10-08,6.662499904632568,6.7789998054504395,6.501999855041504,6.64424991607666,408612000,2714920246.7079163
2018-10-09,6.623499870300293,6.718999862670898,6.570000171661377,6.638500213623047,273500000,1815629808.4259033
2018-10-10,6.531499862670898,6.577750205993652,6.139999866485596,6.142250061035156,684940000,4207072756.80542
2018-10-11,6.0542497634887695,6.189000129699707,5.856500148773193,5.8782501220703125,725436000,4264294255.554199
2018-10-12,6.137750148773193,6.238500118255615,5.991250038146973,6.16349983215332,608236000,3748862483.909607
2018-10-15,6.150000095367432,6.150000095367432,5.883500099182129,5.884500026702881,449760000,2646612732.0098877
2018-10-16,5.9982500076293945,6.1570000648498535,5.948500156402588,6.145750045776367,408712000,2511841792.7093506
2018-10-17,6.208499908447266,6.247000217437744,6.0269999504089355,6.076499938964844,329668000,2003227581.878662
2018-10-18,6.146500110626221,6.1852498054504395,5.927249908447266,5.988249778747559,524020000,3137962649.0592957
2018-10-19,6.044000148773193,6.06374979019165,5.692500114440918,5.729249954223633,613608000,3515513605.911255
2018-10-22,5.7820000648498535,5.882999897003174,5.676750183105469,5.7804999351501465,368844000,2132102718.0805206
2018-10-23,5.510749816894531,5.604750156402588,5.417749881744385,5.526500225067139,626436000,3461998694.990158
2018-10-24,5.487750053405762,5.534749984741211,4.971250057220459,4.985249996185303,884288000,4408396748.626709
2018-10-25,4.886750221252441,5.243750095367432,4.8420000076293945,5.196000099182129,951720000,4945137214.393616
2018-10-26,4.957749843597412,5.120999813079834,4.828000068664551,4.957250118255615,664784000,3295500562.614441
2018-10-29,5.09975004196167,5.103250026702881,4.40024995803833,4.640500068664551,758016000,3517573300.048828
2018-10-30,4.663750171661377,5.085000038146973,4.640500068664551,5.074999809265137,807192000,4096499246.040344
2018-10-31,5.241250038146973,5.3147501945495605,5.100249767303467,5.270750045776367,745772000,3930777803.138733
2018-11-01,5.307499885559082,5.462250232696533,5.179749965667725,5.452750205993652,566528000,3089135668.701172
2018-11-02,5.4432501792907715,5.550000190734863,5.255249977111816,5.373000144958496,452960000,2433754145.6604004
2018-11-05,5.359749794006348,5.3832502365112305,5.131999969482422,5.294250011444092,379332000,2008278445.3411102
2018-11-06,5.286250114440918,5.371250152587891,5.238999843597412,5.276500225067139,299012000,1577736885.2977753
2018-11-07,5.34375,5.4352498054504395,5.2795000076293945,5.344749927520752,483812000,2585854151.93367
2018-11-08,5.284999847412109,5.285749912261963,5.095749855041504,5.149750232696533,511352000,2633335080.9898376
2018-11-09,5.059999942779541,5.232999801635742,5.026000022888184,5.141749858856201,413240000,2124776711.6737366
2018-11-12,5.049499988555908,5.071750164031982,4.7164998054504395,4.738500118255615,617116000,2924204238.9774323
2018-11-13,4.837250232696533,5.105249881744385,4.830999851226807,4.982749938964844,644712000,3212438678.6499023
2018-11-14,5.15749979019165,5.171999931335449,4.8207502365112305,4.929749965667725,526580000,2595907736.9213104
2018-11-15,4.923749923706055,5.132500171661377,4.887499809265137,5.059750080108643,840708000,4253772370.3479767
2018-11-16,4.083000183105469,4.266499996185303,4.040249824523926,4.110750198364258,1963520000,8071540229.4921875
2018-11-19,4.044750213623047,4.045499801635742,3.6157500743865967,3.617500066757202,1697820000,6141863963.341713
2018-11-20,3.3515000343322754,3.8564999103546143,3.332750082015991,3.7269999980926514,1692032000,6306203260.772705
2018-11-21,3.865499973297119,3.882499933242798,3.590250015258789,3.6177499294281006,1025496000,3709988081.6287994
2018-11-23,3.582750082015991,3.7397499084472656,3.5697500705718994,3.625,411968000,1493384000.0
2018-11-26,3.7472500801086426,3.836750030517578,3.6640000343322754,3.8262500762939453,814832000,3117751002.166748
2018-11-27,3.799999952316284,3.9252500534057617,3.7637500762939453,3.843250036239624,738060000,2836549121.747017
2018-11-28,3.9619998931884766,4.006999969482422,3.828249931335449,4.0017499923706055,804524000,3219503910.861969
2018-11-29,4.0,4.037499904632568,3.9035000801086426,3.934000015258789,549172000,2160442656.3796997
2018-11-30,3.9437499046325684,4.096499919891357,3.8929998874664307,4.085750102996826,729564000,2980816188.1427765
2018-12-03,4.315000057220459,4.367000102996826,4.183499813079834,4.250999927520752,890804000,3786807739.435196
2018-12-04,4.205999851226807,4.210999965667725,3.9124999046325684,3.9277501106262207,812112000,3189772997.8408813
2018-12-06,3.7860000133514404,3.962249994277954,3.770250082015991,3.9572501182556152,692308000,2739635914.8693085
2018-12-07,3.9614999294281006,3.971750020980835,3.640500068664551,3.6902499198913574,681676000,2515554804.391861
2018-12-10,3.6449999809265137,3.821500062942505,3.641249895095825,3.7964999675750732,629472000,2389790427.5894165
2018-12-11,3.8889999389648438,3.897249937057495,3.625,3.7047500610351562,671912000,2489266023.010254
2018-12-12,3.7105000019073486,3.819499969482422,3.620500087738037,3.7225000858306885,654136000,2435021316.144943
2018-12-13,3.7697501182556152,3.8345000743865967,3.686000108718872,3.722249984741211,471384000,1754609086.807251
2018-12-14,3.6802499294281006,3.7647500038146973,3.637500047683716,3.661250114440918,471820000,1727451028.995514
2018-12-17,3.63100004196167,3.703749895095825,3.5309998989105225,3.5894999504089355,662868000,2379364653.1276703
2018-12-18,3.6337499618530273,3.7582499980926514,3.606250047683716,3.6735000610351562,564372000,2073220576.4465332
2018-12-19,3.6394999027252197,3.69350004196167,3.410749912261963,3.46274995803833,745364000,2581009159.723282
2018-12-20,3.4542500972747803,3.5450000762939453,3.3172500133514404,3.377500057220459,749588000,2531733512.8917694
2018-12-21,3.404249906539917,3.4375,3.2114999294281006,3.2392499446868896,863740000,2797869747.223854
2018-12-24,3.16225004196167,3.249500036239624,3.112499952316284,3.177000045776367,463840000,1473619701.2329102
2018-12-26,3.2235000133514404,3.3285000324249268,3.1115000247955322,3.327500104904175,695100000,2312945322.918892
2018-12-27,3.274749994277954,3.309499979019165,3.129499912261963,3.279249906539917,637044000,2089026477.4618149
2018-12-28,3.299999952316284,3.4347500801086426,3.2577500343322754,3.341249942779541,628728000,2100737394.0238953
2018-12-31,3.384999990463257,3.4177498817443848,3.30649995803833,3.3375000953674316,465140000,1552404794.3592072
2019-01-02,3.2660000324249268,3.4619998931884766,3.2512500286102295,3.4054999351501465,508752000,1732554903.0075073
2019-01-03,3.344749927520752,3.378999948501587,3.1922500133514404,3.1997499465942383,705552000,2257589974.319458
2019-01-04,3.2734999656677246,3.4432499408721924,3.242500066757202,3.404750108718872,585620000,1993889758.6679459
2019-01-07,3.4625000953674316,3.6222500801086426,3.410749912261963,3.5850000381469727,709160000,2542338627.052307
2019-01-08,3.667249917984009,3.6695001125335693,3.422499895095825,3.4957499504089355,786016000,2747715393.02063
2019-01-09,3.547499895095825,3.6122500896453857,3.496500015258789,3.564500093460083,617260000,2200223327.689171
2019-01-10,3.5450000762939453,3.6394999027252197,3.4839999675750732,3.6307499408721924,523156000,1899448616.0669327
2019-01-11,3.6082499027252197,3.7437500953674316,3.5802500247955322,3.720750093460083,874764000,3254778234.755516
2019-01-14,3.6679999828338623,3.7864999771118164,3.64424991607666,3.760999917984009,730168000,2746161788.1145477
2019-01-15,3.7939999103546143,3.833750009536743,3.728250026702881,3.7467501163482666,617012000,2311789782.7882767
2019-01-16,3.774250030517578,3.807499885559082,3.7155001163482666,3.7209999561309814,470104000,1749256963.376999
2019-01-17,3.6877501010894775,3.833250045776367,3.660249948501587,3.7929999828338623,493436000,1871602739.5296097
2019-01-18,3.843250036239624,3.94950008392334,3.791249990463257,3.9232499599456787,651336000,2555353935.9111786
2019-01-22,3.8927500247955322,3.9045000076293945,3.6887500286102295,3.719249963760376,661552000,2460477252.0256042
2019-01-23,3.7750000953674316,3.864500045776367,3.7007501125335693,3.7322499752044678,591020000,2205834380.3453445
2019-01-24,3.817500114440918,3.963749885559082,3.8127501010894775,3.946000099182129,708972000,2797603582.3173523
2019-01-25,3.885999917984009,4.021999835968018,3.7825000286102295,4.003749847412109,1154572000,4622617468.826294
2019-01-28,3.413749933242798,3.5409998893737793,3.2750000953674316,3.4502499103546143,2511528000,8665399256.853104
2019-01-29,3.403749942779541,3.452500104904175,3.27524995803833,3.2899999618530273,1153932000,3796436235.9809875
2019-01-30,3.3667500019073486,3.4492499828338623,3.2864999771118164,3.4347500801086426,974228000,3346229701.0440826
2019-01-31,3.43149995803833,3.6297500133514404,3.4094998836517334,3.59375,842852000,3028999375.0
2019-02-01,3.612499952316284,3.6697499752044678,3.564500093460083,3.6182498931884766,625048000,2261579859.237671
2019-02-04,3.6342499256134033,3.7669999599456787,3.611999988555908,3.7295000553131104,528592000,1971383893.2380676
2019-02-05,3.741499900817871,3.785749912261963,3.7074999809265137,3.7487499713897705,542424000,2033411954.4811249
2019-02-06,3.782249927520752,3.890000104904175,3.776750087738037,3.825000047683716,702464000,2686924833.4960938
2019-02-07,3.778249979019165,3.7804999351501465,3.6422500610351562,3.685499906539917,637120000,2348105700.454712
2019-02-08,3.6177499294281006,3.7149999141693115,3.603250026702881,3.7042500972747803,461604000,1709896661.9024277
2019-02-11,3.659749984741211,3.7144999504089355,3.612499952316284,3.661250114440918,495180000,1812977831.6688538
2019-02-12,3.700000047683716,3.7950000762939453,3.685499906539917,3.779249906539917,591060000,2233763449.7594833
2019-02-13,3.809000015258789,3.895750045776367,3.7952499389648438,3.822000026702881,605372000,2313731800.1651764
2019-02-14,3.821000099182129,3.8917500972747803,3.7774999141693115,3.8632500171661377,827264000,3195927662.2009277
2019-02-15,4.073750019073486,4.096749782562256,3.9105000495910645,3.933500051498413,1516748000,5966128336.110115
2019-02-19,3.9227499961853027,3.9972500801086426,3.9035000801086426,3.9159998893737793,551892000,2161209010.946274
2019-02-20,3.945499897003174,4.031499862670898,3.9342501163482666,3.963749885559082,540988000,2144341123.0888367
2019-02-21,3.9765000343322754,4.00124979019165,3.879499912261963,3.89424991607666,448548000,1746758011.3563538
2019-02-22,3.946500062942505,3.9987499713897705,3.9327499866485596,3.979749917984009,401740000,1598824732.0508957
2019-02-25,4.064000129699707,4.131999969482422,3.9584999084472656,3.967250108718872,656020000,2602595416.3217545
2019-02-26,3.9625000953674316,4.019000053405762,3.893749952316284,3.927500009536743,488464000,1918442364.6583557
2019-02-27,3.9130001068115234,3.9397499561309814,3.8277499675750732,3.8852500915527344,500256000,1943619669.7998047
2019-02-28,3.875,3.8975000381469727,3.8340001106262207,3.8564999103546143,324944000,1253146506.8702698
2019-03-01,3.906749963760376,3.953749895095825,3.8480000495910645,3.911250114440918,357188000,1397051605.8769226
2019-03-04,3.950000047683716,3.9730000495910645,3.862499952316284,3.9195001125335693,409992000,1606963690.1378632
2019-03-05,3.903749942779541,3.9514999389648438,3.8489999771118164,3.9130001068115234,362924000,1420121650.7644653
2019-03-06,3.9040000438690186,3.9124999046325684,3.7985000610351562,3.8012499809265137,403524000,1533895597.3033905
2019-03-07,3.7774999141693115,3.78725004196167,3.684999942779541,3.7314999103546143,450104000,1679563035.6502533
2019-03-08,3.6414999961853027,3.776750087738037,3.619999885559082,3.7660000324249268,422416000,1590818669.6968079
2019-03-11,3.789750099182129,4.051499843597412,3.7422499656677246,4.028500080108643,859728000,3463414316.871643
2019-03-12,4.05649995803833,4.109749794006348,3.979749917984009,4.063000202178955,579576000,2354817405.17807
2019-03-13,4.100749969482422,4.244999885559082,4.093249797821045,4.2154998779296875,768900000,3241297856.1401367
2019-03-14,4.22475004196167,4.23675012588501,4.131249904632568,4.138999938964844,519384000,2149730344.2993164
2019-03-15,4.182499885559082,4.288249969482422,4.178999900817871,4.245250225067139,661484000,2808165099.878311
2019-03-18,4.2769999504089355,4.331250190734863,4.196499824523926,4.223750114440918,486992000,2056932515.7318115
2019-03-19,4.318999767303467,4.4375,4.302000045776367,4.392749786376953,854972000,3755678070.3582764
2019-03-20,4.421999931335449,4.475749969482422,4.324999809265137,4.360000133514404,719148000,3135485376.016617
2019-03-21,4.3832502365112305,4.625,4.3782501220703125,4.598499774932861,824312000,3790598546.474457
2019-03-22,4.571000099182129,4.619999885559082,4.423500061035156,4.4375,747644000,3317670250.0
2019-03-25,4.396500110626221,4.461249828338623,4.277750015258789,4.3445000648498535,525212000,2281783568.0599213
2019-03-26,4.487249851226807,4.543749809265137,4.364999771118164,4.421750068664551,703508000,3110736547.306061
2019-03-27,4.447500228881836,4.4942498207092285,4.34250020980835,4.412499904632568,474372000,2093166404.7603607
2019-03-28,4.43874979019165,4.497499942779541,4.377749919891357,4.431250095367432,480264000,2128169895.8015442
2019-03-29,4.498499870300293,4.513500213623047,4.447750091552734,4.488999843597412,456896000,2051006072.5402832
2019-04-01,4.581500053405762,4.587500095367432,4.509250164031982,4.557000160217285,483824000,2204786045.516968
2019-04-02,4.581250190734863,4.619750022888184,4.538000106811523,4.574999809265137,440920000,2017208915.901184
2019-04-03,4.625,4.775000095367432,4.619999885559082,4.7154998779296875,783504000,3694613016.357422
2019-04-04,4.699999809265137,4.7492499351501465,4.643249988555908,4.706500053405762,457376000,2152640168.4265137
2019-04-05,4.75,4.791250228881836,4.713250160217285,4.773749828338623,481744000,2299725337.3031616
2019-04-08,4.743000030517578,4.820000171661377,4.71875,4.794750213623047,424192000,2033894682.6171875
2019-04-09,4.761000156402588,4.772250175476074,4.689000129699707,4.731500148773193,439972000,2081727583.4560394
2019-04-10,4.73075008392334,4.828499794006348,4.726250171661377,4.802499771118164,444772000,2136017428.199768
2019-04-11,4.804999828338623,4.836750030517578,4.738749980926514,4.78849983215332,374600000,1793772037.1246338
2019-04-12,4.827499866485596,4.831500053405762,4.741499900817871,4.750249862670898,471708000,2240730862.220764
2019-04-15,4.742499828338623,4.747499942779541,4.577499866485596,4.617499828338623,440092000,2032124734.4532013
2019-04-16,4.6570000648498535,4.724249839782715,4.624000072479248,4.705249786376953,394964000,1858404276.626587
2019-04-17,4.740499973297119,4.761499881744385,4.659749984741211,4.682250022888184,351004000,1643488487.033844
2019-04-18,4.689000129699707,4.723249912261963,4.629499912261963,4.65749979019165,380988000,1774451530.0655365
2019-04-22,4.633749961853027,4.727499961853027,4.6020002365112305,4.711750030517578,279936000,1318988456.5429688
2019-04-23,4.724999904632568,4.798250198364258,4.715250015258789,4.766749858856201,346856000,1653375789.0434265
2019-04-24,4.777249813079834,4.820250034332275,4.716000080108643,4.779250144958496,318204000,1520776513.1263733
2019-04-25,4.738749980926514,4.761250019073486,4.59250020980835,4.672749996185303,499296000,2333085382.095337
2019-04-26,4.517749786376953,4.522250175476074,4.332499980926514,4.452250003814697,868988000,3868951826.314926
2019-04-29,4.460249900817871,4.511250019073486,4.387499809265137,4.483250141143799,391920000,1757075395.3170776
2019-04-30,4.45074987411499,4.550749778747559,4.43149995803833,4.525000095367432,362920000,1642213034.6107483
2019-05-01,4.577750205993652,4.620250225067139,4.511499881744385,4.511750221252441,354280000,1598422868.385315
2019-05-02,4.521500110626221,4.6217498779296875,4.478000164031982,4.579750061035156,394684000,1807554073.0895996
2019-05-03,4.588250160217285,4.598249912261963,4.51324987411499,4.575250148773193,336824000,1541054056.110382
2019-05-06,4.387499809265137,4.508500099182129,4.349999904632568,4.496250152587891,422176000,1898208904.4189453
2019-05-07,4.447500228881836,4.447500228881836,4.279250144958496,4.327750205993652,555220000,2402853469.3717957
2019-05-08,4.300000190734863,4.428750038146973,4.288000106811523,4.3480000495910645,419168000,1822542484.7869873
2019-05-09,4.278500080108643,4.288249969482422,4.135000228881836,4.254749774932861,660248000,2809190029.399872
2019-05-10,4.223750114440918,4.289750099182129,4.099999904632568,4.2204999923706055,569500000,2403574745.65506
2019-05-13,4.087500095367432,4.110750198364258,3.9452500343322754,3.961250066757202,656912000,2602192703.853607
2019-05-14,4.00124979019165,4.08650016784668,3.962249994277954,4.051000118255615,524880000,2126288942.0700073
2019-05-15,3.994999885559082,4.026249885559082,3.9352500438690186,3.989500045776367,502320000,2004005662.9943848
2019-05-16,3.9839999675750732,4.047749996185303,3.9412500858306885,4.004749774932861,781088000,3128061992.202759
2019-05-17,3.9625000953674316,4.092750072479248,3.873500108718872,3.913249969482422,1022068000,3999607569.80896
2019-05-20,3.8137500286102295,3.8692500591278076,3.768749952316284,3.793750047683716,572064000,2170267827.278137
2019-05-21,3.8550000190734863,3.8924999237060547,3.815999984741211,3.876499891281128,361848000,1402703732.6602936
2019-05-22,3.8375000953674316,3.8637499809265137,3.7939999103546143,3.805000066757202,325868000,1239927761.754036
2019-05-23,3.7422499656677246,3.7422499656677246,3.6227500438690186,3.683000087738037,591844000,2179761503.927231
2019-05-24,3.7019999027252197,3.737499952316284,3.621999979019165,3.6287500858306885,357584000,1297582970.691681
2019-05-28,3.6465001106262207,3.679500102996826,3.581249952316284,3.583250045776367,428356000,1534906656.6085815
2019-05-29,3.535249948501587,3.570499897003174,3.4735000133514404,3.508500099182129,559800000,1964058355.5221558
2019-05-30,3.5077500343322754,3.543750047683716,3.4392499923706055,3.477750062942505,394300000,1371276849.8182297
2019-05-31,3.428499937057495,3.4962499141693115,3.3847498893737793,3.3864998817443848,389720000,1319786733.9134216
2019-06-03,3.397749900817871,3.4367499351501465,3.315000057220459,3.3445000648498535,478644000,1600824889.0399933
2019-06-04,3.4089999198913574,3.5802500247955322,3.3867499828338623,3.575000047683716,641836000,2294563730.6051254
2019-06-05,3.649250030517578,3.654750108718872,3.495500087738037,3.5320000648498535,511616000,1807027745.1782227
2019-06-06,3.536250114440918,3.6192500591278076,3.533750057220459,3.5945000648498535,408140000,1467059256.4678192
2019-06-07,3.6005001068115234,3.671999931335449,3.581249952316284,3.637500047683716,348856000,1268963716.6347504
2019-06-10,3.694000005722046,3.779750108718872,3.694000005722046,3.710750102996826,402780000,1494615926.4850616
2019-06-11,3.7709999084472656,3.809000015258789,3.7290000915527344,3.768749952316284,383872000,1446717581.6955566
2019-06-12,3.7249999046325684,3.731250047683716,3.6397500038146973,3.6549999713897705,358892000,1311750249.7320175
2019-06-13,3.6772499084472656,3.7249999046325684,3.6594998836517334,3.7065000534057617,308080000,1141898536.453247
2019-06-14,3.6127500534057617,3.6372499465942383,3.571000099182129,3.615999937057495,394428000,1426251623.1737137
2019-06-17,3.6142499446868896,3.6630001068115234,3.591249942779541,3.6257500648498535,276040000,1000852047.9011536
2019-06-18,3.6875,3.8777499198913574,3.676500082015991,3.822000026702881,581920000,2224098255.5389404
2019-06-19,3.8575000762939453,3.86899995803833,3.8017499446868896,3.828000068664551,331644000,1269533254.7721863
2019-06-20,3.919250011444092,3.9332499504089355,3.8380000591278076,3.8524999618530273,350168000,1349022206.6421509
2019-06-21,3.8375000953674316,3.88700008392334,3.7874999046325684,3.7939999103546143,434428000,1648219793.0555344
2019-06-24,3.815500020980835,3.846250057220459,3.7679998874664307,3.816499948501587,282948000,1079871027.428627
2019-06-25,3.821500062942505,3.8970000743865967,3.784250020980835,3.7869999408721924,311868000,1181044097.559929
2019-06-26,3.915250062942505,4.043000221252441,3.902250051498413,3.9814999103546143,584072000,2325482615.6406403
2019-06-27,4.067749977111816,4.099999904632568,4.031499862670898,4.080749988555908,445440000,1817729274.9023438
2019-06-28,4.125,4.134250164031982,4.058750152587891,4.10575008392334,397668000,1632725424.3736267
2019-07-01,4.3142499923706055,4.348750114440918,4.116499900817871,4.154250144958496,709756000,2948503965.8851624
2019-07-02,4.137499809265137,4.158750057220459,4.042500019073486,4.055749893188477,400228000,1623224668.2510376
2019-07-03,4.079249858856201,4.085000038146973,4.008500099182129,4.068749904632568,246636000,1003500201.4789581
2019-07-05,4.010000228881836,4.014500141143799,3.941999912261963,4.0057501792907715,396552000,1588488245.098114
2019-07-08,3.9457499980926514,3.964750051498413,3.9000000953674316,3.9302499294281006,329788000,1296149263.7262344
2019-07-09,3.8877499103546143,3.9609999656677246,3.875,3.9327499866485596,342860000,1348382660.4223251
2019-07-10,3.9765000343322754,4.0592498779296875,3.9625000953674316,4.001500129699707,452076000,1808982172.6341248
2019-07-11,4.074999809265137,4.197999954223633,4.037499904632568,4.1570000648498535,682560000,2837401964.263916
2019-07-12,4.184999942779541,4.261750221252441,4.184999942779541,4.190249919891357,506392000,2121909037.4336243
2019-07-15,4.21150016784668,4.227749824523926,4.153250217437744,4.1817498207092285,289840000,1212038368.0343628
2019-07-16,4.166749954223633,4.204249858856201,4.120999813079834,4.177000045776367,341444000,1426211603.630066
2019-07-17,4.178750038146973,4.249750137329102,4.149250030517578,4.24275016784668,348204000,1477342579.4448853
2019-07-18,4.2532501220703125,4.317749977111816,4.196249961853027,4.254499912261963,442192000,1881305825.202942
2019-07-19,4.293000221252441,4.299499988555908,4.204999923706055,4.210999965667725,344896000,1452357044.1589355
2019-07-22,4.232500076293945,4.296000003814697,4.224999904632568,4.2829999923706055,315940000,1353171017.589569
2019-07-23,4.322500228881836,4.393499851226807,4.3067498207092285,4.391499996185303,428176000,1880334902.3666382
2019-07-24,4.434999942779541,4.472249984741211,4.358500003814697,4.4664998054504395,366236000,1635793022.7489471
2019-07-25,4.424749851226807,4.4375,4.310999870300293,4.334499835968018,392700000,1702158085.5846405
2019-07-26,4.36175012588501,4.423749923706055,4.36175012588501,4.3767499923706055,274160000,1199929777.9083252
2019-07-29,4.369500160217285,4.386750221252441,4.281750202178955,4.370500087738037,248160000,1084583301.7730713
2019-07-30,4.323750019073486,4.398499965667725,4.3092498779296875,4.386250019073486,197772000,867477438.7722015
2019-07-31,4.354499816894531,4.355500221252441,4.17549991607666,4.2179999351501465,359416000,1516016664.691925
2019-08-01,4.228499889373779,4.319499969482422,4.070499897003174,4.123000144958496,421212000,1736657137.058258
2019-08-02,4.029749870300293,4.0995001792907715,3.9820001125335693,4.029749870300293,428348000,1726135297.44339
2019-08-05,3.8450000286102295,3.846250057220459,3.7225000858306885,3.7697501182556152,589156000,2220970900.6710052
2019-08-06,3.8450000286102295,3.890749931335449,3.7607500553131104,3.8087499141693115,361272000,1375994698.9917755
2019-08-07,3.747499942779541,3.859250068664551,3.7300000190734863,3.847249984741211,372560000,1433331454.3151855
2019-08-08,3.905250072479248,3.957750082015991,3.8475000858306885,3.9565000534057617,309300000,1223745466.518402
2019-08-09,3.915250062942505,3.918750047683716,3.8037500381469727,3.8545000553131104,341816000,1317529790.9069061
2019-08-12,3.802000045776367,3.8545000553131104,3.7642500400543213,3.786250114440918,279200000,1057121031.9519043
2019-08-13,3.784749984741211,3.947499990463257,3.745500087738037,3.901249885559082,351956000,1373068304.7218323
2019-08-14,3.8125,3.8237500190734863,3.707750082015991,3.7517499923706055,419880000,1575284786.7965698
2019-08-15,3.770750045776367,3.790750026702881,3.6847500801086426,3.719249963760376,477200000,1774826082.7064514
2019-08-16,3.983750104904175,4.03849983215332,3.921999931335449,3.989000082015991,1007960000,4020752522.6688385
2019-08-19,4.103000164031982,4.2855000495910645,4.086750030517578,4.269499778747559,815112000,3480120503.65448
2019-08-20,4.263999938964844,4.264500141143799,4.17549991607666,4.196750164031982,463188000,1943884314.9776459
2019-08-21,4.26324987411499,4.336249828338623,4.241499900817871,4.280749797821045,427244000,1828924666.6202545
2019-08-22,4.290500164031982,4.333250045776367,4.247499942779541,4.2870001792907715,303488000,1301053110.4125977
2019-08-23,4.210000038146973,4.264750003814697,4.040999889373779,4.060999870300293,568056000,2306875342.323303
2019-08-26,4.140250205993652,4.1645002365112305,4.097750186920166,4.136250019073486,318208000,1316187846.069336
2019-08-27,4.174749851226807,4.177499771118164,4.015500068664551,4.045000076293945,290968000,1176965582.1990967
2019-08-28,4.014500141143799,4.083499908447266,3.9749999046325684,4.0304999351501465,255612000,1030244149.4235992
2019-08-29,4.122499942779541,4.207499980926514,4.11899995803833,4.175000190734863,357976000,1494549868.2785034
2019-08-30,4.221499919891357,4.271500110626221,4.16949987411499,4.187749862670898,290616000,1217027114.0899658
2019-09-03,4.114500045776367,4.147749900817871,4.081250190734863,4.104249954223633,296140000,1215432581.4437866
2019-09-04,4.165249824523926,4.226500034332275,4.165249824523926,4.218999862670898,227728000,960784400.7263184
2019-09-05,4.321750164031982,4.499750137329102,4.320000171661377,4.493500232696533,695676000,3126020267.8813934
2019-09-06,4.46999979019165,4.527249813079834,4.427999973297119,4.466249942779541,376976000,1683669038.4292603
2019-09-09,4.497499942779541,4.5995001792907715,4.495999813079834,4.512499809265137,417524000,1884076970.363617
2019-09-10,4.479499816894531,4.606249809265137,4.469749927520752,4.579500198364258,352812000,1615702623.9852905
2019-09-11,4.594250202178955,4.656750202178955,4.565000057220459,4.608250141143799,361512000,1665937725.025177
2019-09-12,4.65500020980835,4.710000038146973,4.598750114440918,4.606750011444092,327840000,1510276923.751831
2019-09-13,4.539750099182129,4.577000141143799,4.504499912261963,4.548500061035156,324592000,1476406731.8115234
2019-09-16,4.4730000495910645,4.539999961853027,4.462500095367432,4.505249977111816,231832000,1044461112.6937866
2019-09-17,4.51200008392334,4.531000137329102,4.465250015258789,4.526750087738037,223048000,1009682553.5697937
2019-09-18,4.519750118255615,4.5355000495910645,4.412499904632568,4.499499797821045,258152000,1161554871.8070984
2019-09-19,4.505499839782715,4.52400016784668,4.412749767303467,4.423500061035156,245476000,1085863100.982666
2019-09-20,4.422500133514404,4.446249961853027,4.307000160217285,4.317249774932861,350244000,1512090830.171585
2019-09-23,4.317500114440918,4.416749954223633,4.31374979019165,4.370999813079834,249712000,1091491105.3237915
2019-09-24,4.402500152587891,4.432250022888184,4.277500152587891,4.3132500648498535,317268000,1368456221.5747833
2019-09-25,4.312749862670898,4.475500106811523,4.267749786376953,4.455749988555908,308432000,1374295880.4702759
2019-09-26,4.446000099182129,4.454750061035156,4.38224983215332,4.433499813079834,234564000,1039939450.1552582
2019-09-27,4.391499996185303,4.442500114440918,4.232999801635742,4.294000148773193,362056000,1554668517.8642273
2019-09-30,4.320000171661377,4.361999988555908,4.28849983215332,4.351749897003174,186184000,810226202.8236389
2019-10-01,4.375,4.525000095367432,4.345250129699707,4.349999904632568,366008000,1592134765.094757
2019-10-02,4.328000068664551,4.340000152587891,4.2532501220703125,4.326000213623047,293372000,1269127334.6710205
2019-10-03,4.33050012588501,4.539000034332275,4.300000190734863,4.532750129699707,450588000,2042402815.4411316
2019-10-04,4.534999847412109,4.578750133514404,4.4695000648498535,4.54925012588501,265524000,1207935090.4254913
2019-10-07,4.614500045776367,4.708499908447266,4.60575008392334,4.608250141143799,480984000,2216494585.887909
2019-10-08,4.515999794006348,4.515999794006348,4.412499904632568,4.430749893188477,444436000,1969184759.5291138
2019-10-09,4.507999897003174,4.567500114440918,4.479000091552734,4.517749786376953,292412000,1321044250.5340576
2019-10-10,4.515500068664551,4.626999855041504,4.510250091552734,4.57574987411499,309124000,1414474104.0859222
2019-10-11,4.660250186920166,4.733500003814697,4.641250133514404,4.649750232696533,446404000,2075667102.8766632
2019-10-14,4.640999794006348,4.6842498779296875,4.609749794006348,4.663249969482422,200040000,932836523.8952637
2019-10-15,4.754000186920166,4.982250213623047,4.739999771118164,4.909249782562256,664124000,3260350602.5943756
2019-10-16,4.875,4.980500221252441,4.84375,4.855249881744385,428944000,2082630305.2749634
2019-10-17,4.900000095367432,4.945250034332275,4.802499771118164,4.857250213623047,263436000,1279574567.276001
2019-10-18,4.857749938964844,4.890500068664551,4.6875,4.762249946594238,307440000,1464106123.5809326
2019-10-21,4.823999881744385,4.913750171661377,4.804999828338623,4.90024995803833,261868000,1283218656.0115814
2019-10-22,4.957499980926514,5.0632500648498535,4.882500171661377,4.890250205993652,328720000,1607523047.7142334
2019-10-23,4.807750225067139,4.891499996185303,4.775750160217285,4.8772501945495605,279916000,1365220365.4575348
2019-10-24,4.918749809265137,4.955249786376953,4.884500026702881,4.921500205993652,232020000,1141886477.7946472
2019-10-25,5.002500057220459,5.134500026702881,4.994750022888184,5.113500118255615,423092000,2163480992.0330048
2019-10-28,5.15749979019165,5.222499847412109,5.127999782562256,5.169750213623047,330792000,1710112012.664795
2019-10-29,5.155749797821045,5.16225004196167,5.053500175476074,5.072999954223633,211236000,1071600218.3303833
2019-10-30,5.099999904632568,5.10575008392334,5.006499767303467,5.074999809265137,205960000,1045246960.7162476
2019-10-31,5.053999900817871,5.074999809265137,4.945250034332275,5.0254998207092285,209732000,1054008128.3969879
2019-11-01,4.989999771118164,5.097249984741211,4.964749813079834,5.0647501945495605,283640000,1436565745.1820374
2019-11-04,5.146249771118164,5.275000095367432,5.123000144958496,5.262499809265137,376716000,1982467878.1471252
2019-11-05,5.262249946594238,5.28849983215332,5.191999912261963,5.240250110626221,300868000,1576623570.2838898
2019-11-06,5.216000080108643,5.2417497634887695,5.102749824523926,5.1907501220703125,269012000,1396374071.838379
2019-11-07,5.277750015258789,5.292500019073486,5.16349983215332,5.208499908447266,280340000,1460150864.3341064
2019-11-08,5.191500186920166,5.226250171661377,5.153749942779541,5.194499969482422,189100000,982279944.229126
2019-11-11,5.193749904632568,5.227749824523926,5.10699987411499,5.204500198364258,243436000,1266962710.2890015
2019-11-12,5.243000030517578,5.296500205993652,5.207749843597412,5.240250110626221,283504000,1485631867.362976
2019-11-13,5.208749771118164,5.236499786376953,5.147500038146973,5.214250087738037,300188000,1565255305.337906
2019-11-14,5.223249912261963,5.247000217437744,5.163000106811523,5.244750022888184,518080000,2717200091.85791
2019-11-15,5.242499828338623,5.29449987411499,5.015999794006348,5.104750156402588,1053628000,5378507697.790146
2019-11-18,5.097249984741211,5.333749771118164,5.094250202178955,5.307000160217285,574588000,3049338608.0589294
2019-11-19,5.275750160217285,5.299499988555908,5.141250133514404,5.199749946594238,414564000,2155629136.859894
2019-11-20,5.176750183105469,5.363749980926514,5.164000034332275,5.2795000076293945,472588000,2495028349.6055603
2019-11-21,5.275000095367432,5.330999851226807,5.232749938964844,5.254499912261963,288388000,1515334720.697403
2019-11-22,5.277249813079834,5.323999881744385,5.248499870300293,5.272250175476074,224100000,1181511264.3241882
2019-11-25,5.401000022888184,5.535250186920166,5.388000011444092,5.530250072479248,506476000,2800938935.7089996
2019-11-26,5.512499809265137,5.517250061035156,5.418499946594238,5.425000190734863,385244000,2089948773.4794617
2019-11-27,5.466750144958496,5.50124979019165,5.429500102996826,5.455999851226807,215784000,1177317471.8971252
2019-11-29,5.425000190734863,5.453499794006348,5.394499778747559,5.418499946594238,141556000,767021178.440094
2019-12-02,5.411499977111816,5.425000190734863,5.216000080108643,5.231249809265137,372036000,1946213254.0397644
2019-12-03,5.046750068664551,5.195499897003174,5.009250164031982,5.191500186920166,465232000,2415252014.9612427
2019-12-04,5.2754998207092285,5.297999858856201,5.20674991607666,5.235499858856201,273424000,1431511313.407898
2019-12-05,5.257500171661377,5.273250102996826,5.187749862670898,5.218500137329102,184884000,964817179.3899536
2019-12-06,5.288000106811523,5.337250232696533,5.2779998779296875,5.3042497634887695,232236000,1231837748.073578
2019-12-09,5.28125,5.359250068664551,5.272500038146973,5.3042497634887695,211880000,1123864439.8880005
2019-12-10,5.334499835968018,5.401500225067139,5.281499862670898,5.3495001792907715,256388000,1371547651.9680023
2019-12-11,5.360000133514404,5.439000129699707,5.357500076293945,5.433499813079834,233796000,1270330522.2988129
2019-12-12,5.4045000076293945,5.619999885559082,5.395500183105469,5.601749897003174,404348000,2265056367.3534393
2019-12-13,5.604750156402588,5.7245001792907715,5.545499801635742,5.59975004196167,454704000,2546228743.080139
2019-12-16,5.647500038146973,5.701499938964844,5.6192498207092285,5.628749847412109,320976000,1806693611.0229492
2019-12-17,5.647500038146973,5.730000019073486,5.638000011444092,5.707250118255615,321196000,1833145908.9832306
2019-12-18,5.742249965667725,5.798500061035156,5.733749866485596,5.737750053405762,343548000,1971192555.3474426
2019-12-19,5.772500038146973,5.900000095367432,5.767499923706055,5.886499881744385,445360000,2621611587.333679
2019-12-20,5.953249931335449,6.009749889373779,5.934000015258789,5.984250068664551,603044000,3608766098.4077454
2019-12-23,6.013000011444092,6.045249938964844,5.959750175476074,5.9704999923706055,355060000,2119885727.2911072
2019-12-24,5.954999923706055,5.982749938964844,5.920499801635742,5.9654998779296875,138864000,828393175.0488281
2019-12-26,5.968999862670898,6.007999897003174,5.949999809265137,5.979750156402588,182852000,1093409275.598526
2019-12-27,5.994999885559082,6.008500099182129,5.895249843597412,5.921750068664551,254644000,1507938124.4850159
2019-12-30,5.899750232696533,5.90500020980835,5.776500225067139,5.808000087738037,258056000,1498789270.641327
2019-12-31,5.772500038146973,5.892000198364258,5.7532501220703125,5.882500171661377,231004000,1358881069.6544647
2020-01-02,5.96875,5.9977498054504395,5.918000221252441,5.9977498054504395,237536000,1424681497.7874756
2020-01-03,5.877500057220459,5.9457502365112305,5.852499961853027,5.901750087738037,205384000,1212125040.019989
2020-01-06,5.808000087738037,5.9317498207092285,5.781750202178955,5.926499843597412,262636000,1556512212.92305
2020-01-07,5.954999923706055,6.044250011444092,5.909749984741211,5.9982500076293945,314856000,1888585004.4021606
2020-01-08,5.99399995803833,6.051000118255615,5.953750133514404,6.009500026702881,277108000,1665280533.399582
2020-01-09,6.096250057220459,6.148250102996826,6.021500110626221,6.075500011444092,255112000,1549932958.9195251
2020-01-10,6.1832499504089355,6.213749885559082,6.09375,6.107999801635742,316296000,1931935905.2581787
2020-01-13,6.191500186920166,6.324749946594238,6.168749809265137,6.299499988555908,319840000,2014832076.3397217
2020-01-14,6.256499767303467,6.2820000648498535,6.168749809265137,6.182000160217285,359088000,2219882073.5321045
2020-01-15,6.19474983215332,6.217249870300293,6.113249778747559,6.139249801635742,263104000,1615261179.8095703
2020-01-16,6.192999839782715,6.229249954223633,6.16949987411499,6.223249912261963,284192000,1768597839.0655518
2020-01-17,6.242499828338623,6.25,6.1842498779296875,6.23199987411499,253792000,1581631712.0513916
2020-01-21,6.195250034332275,6.232250213623047,6.164249897003174,6.198500156402588,217916000,1350752360.0826263
2020-01-22,6.24399995803833,6.339749813079834,6.224999904632568,6.252749919891357,239240000,1495907890.8348083
2020-01-23,6.293000221252441,6.329999923706055,6.203750133514404,6.321499824523926,244516000,1545707851.0932922
2020-01-24,6.4375,6.487500190734863,6.207499980926514,6.26200008392334,373512000,2338932175.3463745
2020-01-27,5.955999851226807,6.056250095367432,5.805749893188477,6.005000114440918,470536000,2825568733.848572
2020-01-28,6.071249961853027,6.231750011444092,6.017749786376953,6.199250221252441,310976000,1927818036.8041992
2020-01-29,6.184750080108643,6.2210001945495605,6.098499774932861,6.138500213623047,258848000,1588938503.2958984
2020-01-30,6.040249824523926,6.158750057220459,5.985000133514404,6.145249843597412,290504000,1785219660.5644226
2020-01-31,6.099249839782715,6.111249923706055,5.868750095367432,5.910749912261963,370420000,2189459982.5000763
2020-02-03,5.892499923706055,6.027750015258789,5.886250019073486,6.0082502365112305,255564000,1535492463.443756
2020-02-04,6.150750160217285,6.197500228881836,6.100500106811523,6.178249835968018,271544000,1677666673.4580994
2020-02-05,6.299749851226807,6.309999942779541,6.1852498054504395,6.269000053405762,208220000,1305331191.1201477
2020-02-06,6.303500175476074,6.356249809265137,6.2220001220703125,6.356249809265137,218284000,1387467633.365631
2020-02-07,6.315999984741211,6.338250160217285,6.264249801635742,6.289750099182129,189752000,1193492660.8200073
2020-02-10,6.3125,6.574999809265137,6.307499885559082,6.574250221252441,529608000,3481775511.177063
2020-02-11,6.683000087738037,6.8125,6.6207499504089355,6.697249889373779,638556000,4276569100.358963
2020-02-12,6.750249862670898,6.820000171661377,6.711249828338623,6.813499927520752,374644000,2552636866.8460846
2020-02-13,6.755249977111816,6.836999893188477,6.727749824523926,6.769499778747559,528016000,3574404195.175171
2020-02-14,7.18149995803833,7.3742499351501465,7.150000095367432,7.244750022888184,1041924000,7548478922.847748
2020-02-18,7.140999794006348,7.432750225067139,7.121500015258789,7.414249897003174,620164000,4598050873.125076
2020-02-19,7.53725004196167,7.885250091552734,7.53725004196167,7.867499828338623,694332000,5462656890.810013
2020-02-20,7.819250106811523,7.9079999923706055,7.408750057220459,7.71750020980835,810052000,6251576479.955673
2020-02-21,7.604750156402588,7.630000114440918,7.266499996185303,7.351749897003174,768180000,5647467235.879898
2020-02-24,6.754749774932861,7.046750068664551,6.699999809265137,6.831999778747559,856916000,5854449922.405243
2020-02-25,6.90749979019165,6.969749927520752,6.448999881744385,6.551249980926514,1055496000,6914818149.868011
2020-02-26,6.551499843597412,6.886250019073486,6.550000190734863,6.691249847412109,747732000,5003261630.905151
2020-02-27,6.372499942779541,6.675000190734863,6.222249984741211,6.315000057220459,906416000,5724017091.86554
2020-02-28,6.061500072479248,6.811500072479248,6.044750213623047,6.7517499923706055,1133252000,7651434182.353973
2020-03-02,6.922500133514404,6.9397501945495605,6.525000095367432,6.910749912261963,890744000,6155709019.84787
2020-03-03,6.966750144958496,7.026750087738037,6.561500072479248,6.647250175476074,652792000,4339271736.549377
2020-03-04,6.755000114440918,7.122250080108643,6.679999828338623,7.112750053405762,597408000,4249213783.9050293
2020-03-05,6.912499904632568,7.079999923706055,6.787499904632568,6.832250118255615,540328000,3691656041.89682
2020-03-06,6.6519999504089355,6.709750175476074,6.449999809265137,6.651000022888184,515412000,3428005223.7968445
2020-03-09,5.997499942779541,6.485000133514404,5.954500198364258,6.136000156402588,614160000,3768485856.0562134
2020-03-10,6.41349983215332,6.5269999504089355,6.149750232696533,6.5269999504089355,580648000,3789889467.2050476
2020-03-11,6.386499881744385,6.414999961853027,6.0642499923706055,6.161749839782715,499964000,3080653096.8971252
2020-03-12,5.636499881744385,5.9029998779296875,5.394999980926514,5.407750129699707,816540000,4415644290.904999
2020-03-13,5.762499809265137,6.0254998207092285,5.490250110626221,6.020999908447266,634836000,3822347497.8790283
2020-03-16,5.3102498054504395,5.652500152587891,4.849999904632568,4.909999847412109,726972000,3569432409.072876
2020-03-17,5.022749900817871,5.521500110626221,4.775000095367432,5.4317498207092285,833632000,4528080466.537476
2020-03-18,5.002500057220459,5.248499870300293,4.517000198364258,5.070499897003174,874268000,4432975803.953171
2020-03-19,5.048999786376953,5.41825008392334,4.834750175476074,5.324250221252441,765512000,4075777435.371399
2020-03-20,5.474999904632568,5.757999897003174,5.1282501220703125,5.143750190734863,804636000,4138846578.4721375
2020-03-23,5.142749786376953,5.4120001792907715,4.9629998207092285,5.317249774932861,643876000,3423649516.084671
2020-03-24,5.724999904632568,6.316500186920166,5.701250076293945,6.229499816894531,1101644000,6862691096.282959
2020-03-25,6.34499979019165,6.545499801635742,6.0914998054504395,6.140500068664551,793432000,4872069250.480652
2020-03-26,6.348499774932861,6.555500030517578,6.25,6.431000232696533,696108000,4476670709.981918
2020-03-27,6.25,6.578000068664551,6.2170000076293945,6.3182501792907715,638828000,4036275125.535965
2020-03-30,6.383999824523926,6.64900016784668,6.339749813079834,6.639750003814697,602252000,3998802719.297409
2020-03-31,6.679999828338623,6.885000228881836,6.443749904632568,6.590000152587891,949960000,6260236544.952393
2020-04-01,6.391250133514404,6.538249969482422,6.0320000648498535,6.076749801635742,656912000,3991889865.6921387
2020-04-02,6.105999946594238,6.400000095367432,6.057750225067139,6.386750221252441,675764000,4315935876.514435
2020-04-03,6.348999977111816,6.390749931335449,5.959750175476074,6.097750186920166,663212000,4044101096.967697
2020-04-06,6.38100004196167,6.747000217437744,6.323249816894531,6.710000038146973,727884000,4884101667.766571
2020-04-07,6.932499885559082,6.956250190734863,6.432499885559082,6.475749969482422,784520000,5080355366.05835
2020-04-08,6.585249900817871,6.698750019073486,6.514999866485596,6.673749923706055,542444000,3620135603.614807
2020-04-09,6.800000190734863,6.822999954223633,6.510499954223633,6.573750019073486,525564000,3454926355.024338
2020-04-13,6.513750076293945,6.755000114440918,6.425000190734863,6.746250152587891,398408000,2687760030.7922363
2020-04-14,6.875,7.132999897003174,6.847249984741211,7.098750114440918,530948000,3769067175.7621765
2020-04-15,6.929999828338623,7.104249954223633,6.884500026702881,7.020999908447266,366148000,2570725074.4781494
2020-04-16,7.177000045776367,7.474999904632568,7.163750171661377,7.367499828338623,745620000,5493355222.005844
2020-04-17,7.449999809265137,7.471499919891357,7.173500061035156,7.308000087738037,539120000,3939889007.3013306
2020-04-20,7.181000232696533,7.337500095367432,7.131750106811523,7.176249980926514,449388000,3224920626.428604
2020-04-21,7.057750225067139,7.1192498207092285,6.677750110626221,6.737750053405762,735160000,4953324329.26178
2020-04-22,6.930749893188477,7.196750164031982,6.885000228881836,7.153749942779541,483356000,3457807957.342148
2020-04-23,7.196000099182129,7.328499794006348,7.074999809265137,7.100249767303467,424160000,3011641941.2994385
2020-04-24,7.090000152587891,7.2417497634887695,7.014999866485596,7.239749908447266,352328000,2550766605.743408
2020-04-27,7.374750137329102,7.587500095367432,7.349999904632568,7.427000045776367,479388000,3560414697.944641
2020-04-28,7.574999809265137,7.605000019073486,7.278500080108643,7.283999919891357,442904000,3226112700.519562
2020-04-29,7.419250011444092,7.514500141143799,7.34375,7.46150016784668,379160000,2829102403.640747
2020-04-30,7.407249927520752,7.46150016784668,7.293000221252441,7.307000160217285,375916000,2746818272.228241
2020-05-01,7.108749866485596,7.222499847412109,7.020999908447266,7.069499969482422,342096000,2418447661.5600586
2020-05-04,7.021999835968018,7.296000003814697,7.021999835968018,7.282249927520752,317556000,2312522157.98378
2020-05-05,7.386750221252441,7.506750106811523,7.282249927520752,7.343500137329102,368896000,2708987826.6601562
2020-05-06,7.423250198364258,7.550000190734863,7.385250091552734,7.44474983215332,323464000,2408108559.7076416
2020-05-07,7.584499835968018,7.6852498054504395,7.5329999923706055,7.6217498779296875,373732000,2848491825.378418
2020-05-08,7.693749904632568,7.818749904632568,7.659749984741211,7.8125,339216000,2650125000.0
2020-05-11,7.807499885559082,8.112500190734863,7.778749942779541,8.065500259399414,469060000,3783203551.673889
2020-05-12,8.123499870300293,8.172499656677246,7.792749881744385,7.802499771118164,493060000,3847100537.147522
2020-05-13,7.917500019073486,8.078499794006348,7.594749927520752,7.78000020980835,625852000,4869128691.308975
2020-05-14,7.841750144958496,8.03600025177002,7.6875,8.030500411987305,602312000,4836866764.144897
2020-05-15,7.889750003814697,8.500499725341797,7.874000072479248,8.490750312805176,987660000,8385974453.94516
2020-05-18,8.760499954223633,8.916500091552734,8.680500030517578,8.750249862670898,774460000,6776718508.644104
2020-05-19,8.790249824523926,9.087499618530273,8.762749671936035,8.805500030517578,717320000,6316361281.890869
2020-05-20,8.991000175476074,9.043000221252441,8.888750076293945,8.970000267028809,587536000,5270198076.889038
2020-05-21,9.05150032043457,9.052499771118164,8.737500190734863,8.775250434875488,761068000,6678562297.969818
2020-05-22,8.825249671936035,9.093000411987305,8.713250160217285,9.026249885559082,1038764000,9376143436.122894
2020-05-26,9.156749725341797,9.181750297546387,8.67199993133545,8.71774959564209,770780000,6719467033.32901
2020-05-27,8.625,8.632749557495117,7.9967498779296875,8.525250434875488,1175892000,10024773784.366608
2020-05-28,8.412249565124512,8.760499954223633,8.379249572753906,8.487000465393066,734896000,6237062694.015503
2020-05-29,8.554499626159668,8.875499725341797,8.484999656677246,8.875499725341797,745256000,6614519423.309326
2020-06-01,8.833250045776367,8.840749740600586,8.689499855041504,8.806249618530273,389876000,3433345376.274109
2020-06-02,8.796250343322754,8.837249755859375,8.657999992370605,8.825249671936035,391320000,3453496701.6220093
2020-06-03,8.822250366210938,8.866250038146973,8.699999809265137,8.769499778747559,365440000,3204725999.145508
2020-06-04,8.727999687194824,8.943249702453613,8.677499771118164,8.766500473022461,424280000,3719450820.6939697
2020-06-05,8.794500350952148,8.996999740600586,8.708000183105469,8.920000076293945,481748000,4297192196.754456
2020-06-08,8.877249717712402,8.889749526977539,8.685750007629395,8.805000305175781,387736000,3414015598.3276367
2020-06-09,8.800000190734863,9.109749794006348,8.751250267028809,9.045999526977539,468488000,4237942226.3946533
2020-06-10,9.167750358581543,9.5,9.153499603271484,9.36674976348877,632180000,5921471865.48233
2020-06-11,9.149999618530273,9.261249542236328,8.78600025177002,8.796250343322754,583652000,5133949105.381012
2020-06-12,9.162500381469727,9.187250137329102,8.70324993133545,8.932499885559082,570908000,5099635644.664764
2020-06-15,8.815250396728516,9.182250022888184,8.743749618530273,9.173749923706055,400004000,3669536664.4821167
2020-06-16,9.225000381469727,9.26675033569336,8.838749885559082,9.068499565124512,535716000,4858140313.030243
2020-06-17,9.113750457763672,9.298999786376953,9.070249557495117,9.236000061035156,408304000,3771095768.9208984
2020-06-18,9.22700023651123,9.282500267028809,9.114500045776367,9.218000411987305,254408000,2345133048.812866
2020-06-19,9.242500305175781,9.444999694824219,9.227250099182129,9.261249542236328,524160000,4854376560.058594
2020-06-22,9.300000190734863,9.53125,9.273249626159668,9.526749610900879,398468000,3796104863.9564514
2020-06-23,9.550999641418457,9.642499923706055,9.407500267028809,9.449999809265137,375108000,3544770528.453827
2020-06-24,9.476249694824219,9.556500434875488,9.144499778747559,9.23550033569336,449372000,4150175256.8511963
2020-06-25,9.35575008392334,9.505000114440918,9.182250022888184,9.489999771118164,376072000,3568923193.92395
2020-06-26,9.5,9.5,9.125,9.154999732971191,592084000,5420528861.896515
2020-06-29,9.169750213623047,9.204500198364258,8.899999618530273,9.199999809265137,342248000,3148681534.7213745
2020-06-30,9.314000129699707,9.526249885559082,9.266500473022461,9.497750282287598,367892000,3494146346.851349
2020-07-01,9.520750045776367,9.575750350952148,9.413000106811523,9.529999732971191,326648000,3112955352.7755737
2020-07-02,9.638999938964844,9.737500190734863,9.57824993133545,9.612250328063965,364056000,3499397405.433655
2020-07-06,9.74174976348877,9.9087495803833,9.712499618530273,9.839249610900879,315892000,3108140238.0867004
2020-07-07,9.946249961853027,10.069999694824219,9.850749969482422,9.871749877929688,357800000,3532112106.323242
2020-07-08,9.993749618530273,10.225000381469727,9.965499877929688,10.215999603271484,365480000,3733743535.003662
2020-07-09,10.380249977111816,10.569999694824219,10.233499526977539,10.508999824523926,494548000,5197204845.218658
2020-07-10,10.588749885559082,10.65524959564209,10.37874984741211,10.479249954223633,497676000,5215271200.218201
2020-07-13,10.595000267028809,10.79224967956543,10.024999618530273,10.052249908447266,457076000,4594642179.153442
2020-07-14,10.074999809265137,10.402750015258789,9.785499572753906,10.376999855041504,542676000,5631348773.334503
2020-07-15,10.414250373840332,10.432999610900879,10.055749893188477,10.227250099182129,403984000,4131645404.067993
2020-07-16,10.015000343322754,10.20674991607666,9.895500183105469,10.134750366210938,344964000,3496124025.32959
2020-07-17,10.225500106811523,10.248499870300293,10.087750434875488,10.201499938964844,266284000,2716496209.7473145
2020-07-20,10.274250030517578,10.53125,10.156749725341797,10.510749816894531,284852000,2994008106.842041
2020-07-21,10.512999534606934,10.5600004196167,10.286749839782715,10.328499794006348,277036000,2861366268.9323425
2020-07-22,10.367500305175781,10.602499961853027,10.291500091552734,10.438750267028809,367292000,3834069463.077545
2020-07-23,10.449999809265137,10.54699993133545,10.03125,10.12975025177002,411660000,4170012988.6436462
2020-07-24,9.875,10.364749908447266,9.777000427246094,10.194499969482422,473292000,4824975279.556274
2020-07-27,10.232250213623047,10.441749572753906,10.21774959564209,10.421500205993652,292132000,3044453698.1773376
2020-07-28,10.374250411987305,10.381999969482422,10.209250450134277,10.215499877929688,271636000,2774897524.8413086
2020-07-29,10.39074993133545,10.516249656677246,10.347000122070312,10.465499877929688,284508000,2977518439.2700195
2020-07-30,10.375,10.623000144958496,10.295249938964844,10.61400032043457,308880000,3278452418.97583
2020-07-31,10.563249588012695,10.766500473022461,10.432999610900879,10.614749908447266,386080000,4098142644.6533203
2020-08-03,10.732500076293945,11.098750114440918,10.715250015258789,11.010250091552734,412720000,4544150417.785645
2020-08-04,11.050000190734863,11.227749824523926,10.906000137329102,11.227749824523926,310336000,3484374969.543457
2020-08-05,11.244000434875488,11.371749877929688,11.166250228881836,11.286749839782715,249924000,2820829666.957855
2020-08-06,11.349749565124512,11.357999801635742,11.178750038146973,11.33549976348877,244316000,2769443960.216522
2020-08-07,11.3125,11.50475025177002,11.037500381469727,11.19950008392334,342516000,3836007970.7450867
2020-08-10,11.334250450134277,11.408249855041504,10.856499671936035,11.164999961853027,427796000,4776342323.680878
2020-08-11,11.073749542236328,11.136750221252441,10.79574966430664,10.850000381469727,354512000,3846455335.2355957
2020-08-12,10.990750312805176,11.467000007629395,10.958250045776367,11.440250396728516,464412000,5312989567.245483
2020-08-13,11.545999526977539,11.721750259399414,11.35575008392334,11.442999839782715,374460000,4284945720.0050354
2020-08-14,11.529999732971191,11.704750061035156,11.440500259399414,11.564000129699707,366436000,4237465951.526642
2020-08-17,11.851249694824219,12.409749984741211,11.81725025177002,12.336999893188477,621300000,7664978033.6380005
2020-08-18,12.449999809265137,12.496000289916992,12.086250305175781,12.260749816894531,503448000,6172649973.815918
2020-08-19,12.296500205993652,12.3149995803833,12.097999572753906,12.138500213623047,622624000,7557721557.006836
2020-08-20,11.975000381469727,12.375,11.87874984741211,12.140999794006348,921388000,11186571518.19992
2020-08-21,12.201749801635742,12.80875015258789,12.195249557495117,12.683500289916992,999868000,12681826067.878723
2020-08-24,12.883749961853027,12.912500381469727,12.507499694824219,12.720250129699707,490564000,6240096784.626007
2020-08-25,12.630749702453613,12.761249542236328,12.573749542236328,12.75,289076000,3685719000.0
2020-08-26,12.799249649047852,12.868499755859375,12.677749633789062,12.77299976348877,321244000,4103249536.0221863
2020-08-27,12.781499862670898,12.850000381469727,12.566499710083008,12.628250122070312,317604000,4010782751.7700195
2020-08-28,12.675000190734863,13.14799976348877,12.642499923706055,13.147749900817871,537160000,7062445336.723328
2020-08-31,13.18274974822998,13.574999809265137,13.037750244140625,13.374500274658203,500840000,6698484717.559814
2020-09-01,13.479999542236328,13.993749618530273,13.43649959564209,13.821000099182129,511316000,7066898486.713409
2020-09-02,14.703749656677246,14.726750373840332,13.899999618530273,14.346500396728516,874012000,12539013504.745483
2020-09-03,13.828749656677246,13.884499549865723,12.87874984741211,13.01550006866455,945128000,12301313548.89679
2020-09-04,12.7837495803833,13.175000190734863,11.704750061035156,12.6225004196167,1463684000,18475351904.18625
2020-09-08,11.73449993133545,12.550000190734863,11.70425033569336,11.913000106811523,795728000,9479507748.99292
2020-09-09,12.399999618530273,12.809249877929688,12.231749534606934,12.71500015258789,736200000,9360783112.335205
2020-09-10,12.989250183105469,13.065250396728516,12.166999816894531,12.311750411987305,698684000,8602023024.848938
2020-09-11,12.48550033569336,12.65250015258789,11.895750045776367,12.16450023651123,636928000,7747910806.640625
2020-09-14,13.081000328063965,13.3149995803833,12.631250381469727,12.872249603271484,1201744000,15469148727.233887
2020-09-15,13.279999732971191,13.298749923706055,12.827750205993652,12.991000175476074,727556000,9451680123.66867
2020-09-16,12.957249641418457,13.09274959564209,12.513750076293945,12.51449966430664,556384000,6962867381.225586
2020-09-17,12.13224983215332,12.589750289916992,12.034749984741211,12.463500022888184,792512000,9877473330.13916
2020-09-18,12.59375,12.632499694824219,11.988750457763672,12.189249992370605,698460000,8513703549.671173
2020-09-21,11.925000190734863,12.522500038146973,11.904500007629395,12.517250061035156,721044000,9025488053.009033
2020-09-22,12.574999809265137,12.64799976348877,12.155500411987305,12.637749671936035,646452000,8169698550.922394
2020-09-23,12.575499534606934,12.72700023651123,12.07925033569336,12.123749732971191,647012000,7844211562.2291565
2020-09-24,12.072250366210938,12.569499969482422,12.013999938964844,12.347999572753906,731240000,9029351207.580566
2020-09-25,12.447500228881836,12.883500099182129,12.245750427246094,12.873749732971191,588016000,7569970822.982788
2020-09-28,13.040249824523926,13.051750183105469,12.75,13.03499984741211,573808000,7479587192.443848
2020-09-29,12.9375,13.442749977111816,12.933250427246094,13.225749969482422,621460000,8219274576.034546
2020-09-30,13.157500267028809,13.6225004196167,13.150250434875488,13.530500411987305,689184000,9325004395.935059
2020-10-01,13.758000373840332,13.762749671936035,13.460749626159668,13.614500045776367,525004000,7147666982.032776
2020-10-02,13.225000381469727,13.519499778747559,13.050999641418457,13.062250137329102,552496000,7216840951.873779
2020-10-05,13.236000061035156,13.64424991607666,13.222749710083008,13.642499923706055,479820000,6545944313.392639
2020-10-06,13.829999923706055,14.142000198364258,13.664999961853027,13.736499786376953,784420000,10775185162.42981
2020-10-07,13.999750137329102,14.119250297546387,13.863499641418457,13.96399974822998,418084000,5838124870.738983
2020-10-08,14.074999809265137,14.084500312805176,13.758000373840332,13.838749885559082,378900000,5243502331.638336
2020-10-09,13.767000198364258,13.824250221252441,13.660750389099121,13.762749671936035,346892000,4774187759.197235
2020-10-12,13.989500045776367,14.347000122070312,13.912500381469727,14.22599983215332,434744000,6184668071.029663
2020-10-13,14.296500205993652,14.34850025177002,14.018750190734863,14.248250007629395,344604000,4910003945.62912
2020-10-14,14.290499687194824,14.34274959564209,13.960000038146973,14.095250129699707,276100000,3891698560.810089
2020-10-15,13.810750007629395,14.005749702453613,13.767749786376953,13.970000267028809,267224000,3733119351.3565063
2020-10-16,14.036749839782715,14.121500015258789,13.792499542236328,13.81149959564209,242392000,3347797009.9868774
2020-10-19,13.902999877929688,13.983499526977539,13.406749725341797,13.497750282287598,298068000,4023247431.1408997
2020-10-20,13.583499908447266,13.799750328063965,13.506999969482422,13.645500183105469,229212000,3127712387.9699707
2020-10-21,13.625,13.791500091552734,13.477499961853027,13.524749755859375,219596000,2969980947.3876953
2020-10-22,13.522500038146973,13.611749649047852,13.231749534606934,13.361000061035156,290480000,3881103297.729492
2020-10-23,13.449999809265137,13.593250274658203,13.291250228881836,13.590250015258789,233484000,3173105934.562683
2020-10-26,13.427000045776367,13.692749977111816,13.03849983215332,13.141249656677246,336896000,4427234444.3359375
2020-10-27,13.305999755859375,13.442000389099121,13.191499710083008,13.396750450134277,250520000,3356153922.767639
2020-10-28,13.197999954223633,13.260000228881836,12.609000205993652,12.626999855041504,376520000,4754317985.420227
2020-10-29,12.838500022888184,13.192749977111816,12.75,13.02400016784668,320080000,4168721973.724365
2020-10-30,12.850000381469727,12.93649959564209,12.300000190734863,12.534000396728516,416820000,5224422045.36438
2020-11-02,12.657750129699707,12.836750030517578,12.395000457763672,12.580750465393066,299652000,3769847038.455963
2020-11-03,12.708499908447266,13.104999542236328,12.602749824523926,13.019499778747559,272900000,3553021489.6202087
2020-11-04,13.389249801635742,13.827500343322754,13.336999893188477,13.794249534606934,410228000,5658787398.082733
2020-11-05,14.162500381469727,14.33899974822998,13.991000175476074,14.15999984741211,319028000,4517436431.32019
2020-11-06,14.109749794006348,14.588749885559082,13.895000457763672,14.562000274658203,383348000,5582313681.289673
2020-11-09,14.552499771118164,14.691499710083008,13.610750198364258,13.630749702453613,582976000,7946399938.537598
2020-11-10,13.606499671936035,13.606499671936035,12.628250122070312,12.770000457763672,644068000,8224748654.830933
2020-11-11,13.053750038146973,13.4350004196167,12.948249816894531,13.418000221252441,404744000,5430855081.550598
2020-11-12,13.479000091552734,13.765999794006348,13.315999984741211,13.45674991607666,365812000,4922640600.299835
2020-11-13,13.627249717712402,13.668749809265137,13.059249877929688,13.29699993133545,346312000,4604910640.220642
2020-11-16,13.172499656677246,13.649499893188477,13.156000137329102,13.515250205993652,413776000,5592286169.2352295
2020-11-17,13.552499771118164,13.5962495803833,13.303750038146973,13.422249794006348,312028000,4188117758.7242126
2020-11-18,13.465250015258789,13.60575008392334,13.1850004196167,13.428750038146973,510924000,6861070684.490204
2020-11-19,13.212750434875488,13.487500190734863,13.100000381469727,13.440250396728516,565936000,7606321548.522949
2020-11-20,13.454000473022461,13.494500160217285,13.0649995803833,13.087750434875488,341088000,4464074620.330811
2020-11-23,13.171250343322754,13.382499694824219,13.01550006866455,13.140000343322754,361356000,4748217964.061737
2020-11-24,13.142499923706055,13.161999702453613,12.885000228881836,12.95775032043457,346500000,4489860486.030579
2020-11-25,13.032500267028809,13.269499778747559,13.020000457763672,13.234749794006348,259916000,3439923227.458954
2020-11-27,13.375,13.407500267028809,13.170499801635742,13.261249542236328,167276000,2218288778.427124
2020-11-30,13.265000343322754,13.412500381469727,12.972249984741211,13.40149974822998,286952000,3845587155.7540894
2020-12-01,13.492250442504883,13.5287504196167,13.228249549865723,13.390000343322754,296948000,3976133821.949005
2020-12-02,13.350500106811523,13.673500061035156,13.23425006866455,13.544500350952148,283360000,3837969619.445801
2020-12-03,13.587499618530273,13.65999984741211,13.329000473022461,13.395999908447266,199520000,2672769901.7333984
2020-12-04,13.44849967956543,13.5600004196167,13.388750076293945,13.558250427246094,202244000,2742074799.407959
2020-12-07,13.601249694824219,13.731249809265137,13.5,13.606749534606934,223244000,3037625193.1037903
2020-12-08,13.585000038146973,13.598750114440918,13.281499862670898,13.350000381469727,271920000,3630132103.729248
2020-12-09,13.30049991607666,13.413999557495117,12.868249893188477,12.930749893188477,401300000,5189109932.136536
2020-12-10,12.869000434875488,13.068750381469727,12.849499702453613,12.972249984741211,207764000,2695166545.829773
2020-12-11,12.967249870300293,13.020000457763672,12.822999954223633,13.013250350952148,209264000,2723204821.4416504
2020-12-14,13.088000297546387,13.388750076293945,13.077500343322754,13.30875015258789,270156000,3595438706.222534
2020-12-15,13.439749717712402,13.46399974822998,13.186750411987305,13.36050033569336,193016000,2578790332.7941895
2020-12-16,13.422499656677246,13.437250137329102,13.212499618530273,13.242500305175781,223116000,2954613698.0895996
2020-12-17,13.36674976348877,13.379500389099121,13.178500175476074,13.3412504196167,231384000,3086951887.0925903
2020-12-18,13.378999710083008,13.404999732971191,13.070500373840332,13.272000312805176,342064000,4539873514.99939
2020-12-21,13.074749946594238,13.369999885559082,12.967499732971191,13.332249641418457,302332000,4030765698.589325
2020-12-22,13.319250106811523,13.337249755859375,13.053999900817871,13.278249740600586,185580000,2464177586.8606567
2020-12-23,13.255999565124512,13.274999618530273,13.005000114440918,13.009249687194824,179144000,2330529025.9628296
2020-12-24,13.037249565124512,13.132499694824219,12.938750267028809,12.993749618530273,97884000,1271880187.6602173
2020-12-28,13.0625,13.0625,12.763250350952148,12.899999618530273,212564000,2742075518.913269
2020-12-29,12.925000190734863,13.072500228881836,12.842249870300293,12.943249702453613,170372000,2205167338.306427
2020-12-30,12.990249633789062,13.213749885559082,12.896750450134277,13.145750045776367,225396000,2962999477.31781
2020-12-31,13.136500358581543,13.151000022888184,12.914999961853027,13.055000305175781,192424000,2512095378.7231445
2021-01-04,13.104249954223633,13.65250015258789,12.962499618530273,13.113499641418457,560640000,7351952438.964844
2021-01-05,13.099749565124512,13.443499565124512,13.086999893188477,13.404749870300293,322760000,4326517068.138123
2021-01-06,13.22249984741211,13.244999885559082,12.586000442504883,12.614500045776367,580424000,7321758574.569702
2021-01-07,12.967499732971191,13.377750396728516,12.886500358581543,13.343999862670898,461480000,6157989056.625366
2021-01-08,13.362500190734863,13.420999526977539,13.041999816894531,13.276749610900879,292528000,3883821010.1776123
2021-01-11,13.418749809265137,13.961000442504883,13.362500190734863,13.621500015258789,518344000,7060622803.909302
2021-01-12,13.7524995803833,13.754500389099121,13.345000267028809,13.484749794006348,291476000,3930480930.957794
2021-01-13,13.489999771118164,13.625,13.385000228881836,13.531749725341797,210028000,2842046331.314087
2021-01-14,13.574999809265137,13.599749565124512,13.180500030517578,13.200249671936035,283120000,3737254687.1185303
2021-01-15,13.227999687194824,13.325249671936035,12.84850025177002,12.85949993133545,277780000,3572111890.926361
2021-01-19,13.016249656677246,13.093999862670898,12.843999862670898,13.025250434875488,226188000,2946155345.363617
2021-01-20,13.111749649047852,13.430500030517578,13.056750297546387,13.365750312805176,258572000,3456008789.88266
2021-01-21,13.418499946594238,13.999250411987305,13.253000259399414,13.867500305175781,337780000,4684164253.082275
2021-01-22,13.739999771118164,13.841750144958496,13.627249717712402,13.712499618530273,246820000,3384519155.845642
2021-01-25,13.781749725341797,13.828499794006348,13.236499786376953,13.653249740600586,251112000,3428494848.8616943
2021-01-26,13.580499649047852,13.644749641418457,13.387499809265137,13.435250282287598,163980000,2203112341.2895203
2021-01-27,13.229999542236328,13.232749938964844,12.793749809265137,12.917750358581543,371272000,4795999011.131287
2021-01-28,12.99625015258789,13.339750289916992,12.96049976348877,13.050999641418457,228316000,2979752034.1300964
2021-01-29,13.074999809265137,13.334750175476074,12.911499977111816,12.989749908447266,271552000,3527392567.138672
2021-02-01,13.053250312805176,13.270750045776367,12.902750015258789,13.237000465393066,217204000,2875129449.0852356
2021-02-02,13.398750305175781,13.571999549865723,13.285499572753906,13.556750297546387,220440000,2988450035.5911255
2021-02-03,13.63599967956543,13.931750297546387,13.516500473022461,13.530500411987305,245408000,3320493045.1049805
2021-02-04,13.531000137329102,13.673500061035156,13.337750434875488,13.664250373840332,201340000,2751160170.2690125
2021-02-05,13.725000381469727,13.737250328063965,13.54574966430664,13.590999603271484,169152000,2298944764.892578
2021-02-08,13.727250099182129,14.473750114440918,13.727250099182129,14.438750267028809,434624000,6275427396.057129
2021-02-09,14.340749740600586,14.583250045776367,14.22249984741211,14.263250350952148,287560000,4101540270.9198
2021-02-10,14.463250160217285,14.904999732971191,14.341500282287598,14.764249801635742,485352000,7165858169.723511
2021-02-11,14.980250358581543,15.272250175476074,14.925000190734863,15.250749588012695,450828000,6875464935.264587
2021-02-12,15.050000190734863,15.291250228881836,14.774999618530273,14.961250305175781,374756000,5606818319.366455
2021-02-16,15.064249992370605,15.3725004196167,14.949999809265137,15.330249786376953,321960000,4935727221.221924
2021-02-17,15.170999526977539,15.22350025177002,14.779999732971191,14.906000137329102,274756000,4095512973.7319946
2021-02-18,14.729000091552734,14.873250007629395,14.574999809265137,14.829000473022461,233868000,3468028682.624817
2021-02-19,15.024499893188477,15.177000045776367,14.846750259399414,14.92650032043457,271724000,4055888373.069763
2021-02-22,14.774749755859375,15.13325023651123,14.324999809265137,14.35575008392334,325884000,4678309260.349274
2021-02-23,14.075249671936035,14.238750457763672,13.38949966430664,14.142000198364258,391780000,5540552837.715149
2021-02-24,14.122750282287598,14.506750106811523,13.755999565124512,14.49899959564209,448320000,6500191498.718262
2021-02-25,14.045499801635742,14.374750137329102,13.2162504196167,13.307499885559082,824436000,10971181975.650787
2021-02-26,13.7524995803833,13.854499816894531,13.361000061035156,13.714500427246094,500932000,6870032128.02124
2021-03-01,13.875,13.925000190734863,13.553250312805176,13.841750144958496,353184000,4888684683.1970215
2021-03-02,13.899999618530273,13.920499801635742,13.395999908447266,13.40625,264116000,3540805125.0
2021-03-03,13.426250457763672,13.451499938964844,12.798749923706055,12.804750442504883,377592000,4834971329.086304
2021-03-04,12.800749778747559,12.975000381469727,12.083749771118164,12.37024974822998,573344000,7092408471.64917
2021-03-05,12.550000190734863,12.550000190734863,11.67924976348877,12.46150016784668,542840000,6764600751.113892
2021-03-08,12.449999809265137,12.4712495803833,11.566499710083008,11.593250274658203,543112000,6296433343.170166
2021-03-09,12.130249977111816,12.61674976348877,12.059249877929688,12.52025032043457,521824000,6533367103.210449
2021-03-10,12.840499877929688,12.979999542236328,12.457500457763672,12.468250274658203,384376000,4792496167.5720215
2021-03-11,12.949999809265137,13.046250343322754,12.73449993133545,12.993499755859375,299916000,3896958472.7783203
2021-03-12,12.648249626159668,12.888750076293945,12.59000015258789,12.855999946594238,243964000,3136401170.9709167
2021-03-15,12.864749908447266,13.20674991607666,12.767250061035156,13.19124984741211,221988000,2928299171.1273193
2021-03-16,13.356499671936035,13.512499809265137,13.11674976348877,13.291250228881836,272128000,3616921342.2851562
2021-03-17,13.039750099182129,13.45324993133545,12.989500045776367,13.3412504196167,243864000,3253450692.3294067
2021-03-18,13.136500358581543,13.184000015258789,12.717000007629395,12.72249984741211,293896000,3739091815.1550293
2021-03-19,12.75,12.921500205993652,12.612500190734863,12.845749855041504,299208000,3843551122.6272583
2021-03-22,12.912750244140625,13.394499778747559,12.906749725341797,13.186249732971191,297804000,3926917915.4777527
2021-03-23,13.254249572753906,13.344499588012695,13.021249771118164,13.07075023651123,222048000,2902333948.5168457
2021-03-24,13.151249885559082,13.159250259399414,12.636750221252441,12.642999649047852,245840000,3108155033.721924
2021-03-25,12.499500274658203,12.714750289916992,12.272000312805176,12.535249710083008,295144000,3699703740.4327393
2021-03-26,12.554499626159668,12.856249809265137,12.373499870300293,12.839249610900879,363968000,4673076002.380371
2021-03-29,12.820249557495117,13.0625,12.699999809265137,12.948249816894531,273520000,3541605289.916992
2021-03-30,12.842000007629395,12.975250244140625,12.704999923706055,12.871749877929688,200204000,2576975812.561035
2021-03-31,13.01550006866455,13.470499992370605,12.982500076293945,13.348250389099121,314776000,4201708864.479065
2021-04-01,13.572250366210938,13.869999885559082,13.511249542236328,13.811750411987305,308276000,4257831170.0057983
2021-04-05,13.867500305175781,14.013999938964844,13.732999801635742,13.987500190734863,255672000,3576212148.765564
2021-04-06,13.999750137329102,14.05424976348877,13.773500442504883,13.861499786376953,191744000,2657859415.0390625
2021-04-07,13.880749702453613,14.243499755859375,13.71150016784668,14.143500328063965,251284000,3554035336.4372253
2021-04-08,14.252750396728516,14.471500396728516,14.24899959564209,14.317000389099121,244416000,3499303967.102051
2021-04-09,14.21399974822998,14.407999992370605,14.175000190734863,14.399999618530273,195172000,2810476725.5477905
2021-04-12,14.289750099182129,15.352499961853027,14.139249801635742,15.208999633789062,869324000,13221548397.644043
2021-04-13,15.231499671936035,15.699999809265137,15.125749588012695,15.679499626159668,676212000,10602665801.204681
2021-04-14,15.625,15.720499992370605,15.227499961853027,15.277000427246094,385500000,5889283664.703369
2021-04-15,15.662500381469727,16.214250564575195,15.631500244140625,16.137250900268555,598480000,9657821918.792725
2021-04-16,16.05299949645996,16.16575050354004,15.865249633789062,15.912500381469727,335208000,5333997427.871704
2021-04-19,15.536499977111816,15.807499885559082,15.232999801635742,15.361749649047852,404420000,6212598793.067932
2021-04-20,15.323249816894531,15.496999740600586,14.963000297546387,15.171250343322754,334132000,5069200219.715118
2021-04-21,15.118749618530273,15.362500190734863,15.102250099182129,15.36050033569336,216776000,3329787820.7702637
2021-04-22,15.375,15.43850040435791,14.783499717712402,14.850250244140625,277788000,4125221314.819336
2021-04-23,14.934249877929688,15.335000038146973,14.900250434875488,15.265250205993652,227500000,3472844421.863556
2021-04-26,15.1850004196167,15.479000091552734,15.125,15.477999687194824,197796000,3061486426.1283875
2021-04-27,15.578499794006348,15.670499801635742,15.354499816894531,15.381750106811523,164572000,2531405378.578186
2021-04-28,15.364500045776367,15.53225040435791,15.215499877929688,15.276749610900879,209416000,3199195796.5164185
2021-04-29,15.399999618530273,15.43649959564209,15.071499824523926,15.324749946594238,173196000,2654185391.7503357
2021-04-30,15.174500465393066,15.364999771118164,14.996999740600586,15.009499549865723,201912000,3030598073.112488
2021-05-03,15.125,15.246749877929688,14.787500381469727,14.836750030517578,203912000,3025391372.2229004
2021-05-04,14.637249946594238,14.637499809265137,14.010250091552734,14.351249694824219,405324000,5816905931.304932
2021-05-05,14.708999633789062,14.81350040435791,14.387499809265137,14.458499908447266,292024000,4222228977.2644043
2021-05-06,14.49524974822998,14.571249961853027,14.218000411987305,14.52299976348877,193380000,2808457694.2634583
2021-05-07,14.808250427246094,14.970749855041504,14.67175006866455,14.812250137329102,229328000,3396863699.493408
2021-05-10,14.787249565124512,14.805999755859375,14.25,14.26574993133545,268904000,3836117219.5358276
2021-05-11,13.824999809265137,14.35474967956543,13.75,14.306249618530273,285584000,4085635991.0583496
2021-05-12,14.009499549865723,14.260250091552734,13.709250450134277,13.758500099182129,303408000,4174438998.0926514
2021-05-13,14.0337495803833,14.080750465393066,13.458999633789062,13.665249824523926,285404000,3900116960.9184265
2021-05-14,13.890000343322754,14.32800006866455,13.748499870300293,14.243000030517578,258616000,3683467695.892334
2021-05-17,14.156999588012695,14.169249534606934,13.853500366210938,14.165499687194824,216980000,3073630122.127533
2021-05-18,14.267000198364258,14.404250144958496,14.003999710083008,14.01574993133545,186256000,2610517519.2108154
2021-05-19,13.566499710083008,14.079500198364258,13.54325008392334,14.065750122070312,344000000,4838618041.9921875
2021-05-20,14.302499771118164,14.68375015258789,14.270500183105469,14.612500190734863,321592000,4699263161.338806
2021-05-21,15.163749694824219,15.222000122070312,14.869500160217285,14.99174976348877,672992000,10089327656.829834
2021-05-24,15.212499618530273,15.744999885559082,15.175999641418457,15.612000465393066,554816000,8661787650.20752
2021-05-25,15.765999794006348,15.818499565124512,15.482500076293945,15.647749900817871,435408000,6813155488.815308
2021-05-26,15.73425006866455,15.793749809265137,15.586250305175781,15.699999809265137,370440000,5815907929.344177
2021-05-27,15.699749946594238,15.75,15.460000038146973,15.48799991607666,581476000,9005900239.200592
2021-05-28,15.50100040435791,16.27750015258789,15.50100040435791,16.24449920654297,644536000,10470164540.588379
2021-06-01,16.270000457763672,16.38825035095215,15.903249740600586,16.26449966430664,472804000,7689920499.282837
2021-06-02,16.25225067138672,16.918750762939453,16.23550033569336,16.778249740600586,594168000,9969099091.873169
2021-06-03,16.70075035095215,17.259000778198242,16.58300018310547,16.969749450683594,580008000,9842590439.39209
2021-06-04,17.112499237060547,17.660999298095703,17.095500946044922,17.578250885009766,617120000,10847890186.157227
2021-06-07,17.571250915527344,17.8125,17.192750930786133,17.618999481201172,575756000,10144244665.298462
2021-06-08,17.527250289916992,17.62150001525879,17.250999450683594,17.457000732421875,323848000,5653414773.193359
2021-06-09,17.515750885009766,17.575000762939453,17.25575065612793,17.35824966430664,381656000,6624880133.880615
2021-06-10,17.350000381469727,17.492000579833984,17.176000595092773,17.424999237060547,287772000,5014426880.447388
2021-06-11,17.47949981689453,17.939250946044922,17.443750381469727,17.82525062561035,416308000,7420794437.446594
2021-06-14,17.9060001373291,18.039499282836914,17.662750244140625,18.018749237060547,321376000,5790793554.80957
2021-06-15,17.915000915527344,18.016250610351562,17.72800064086914,17.78849983215332,243032000,4323174691.207886
2021-06-16,17.79075050354004,17.954750061035156,17.58449935913086,17.81024932861328,307124000,5469955014.801025
2021-06-17,17.774499893188477,18.834999084472656,17.756250381469727,18.657249450683594,809656000,15105953961.242676
2021-06-18,18.784000396728516,19.375,18.583999633789062,18.638750076293945,968856000,18058264843.917847
2021-06-21,18.43524932861328,18.536500930786133,17.822750091552734,18.427249908447266,672384000,12390188002.441406
2021-06-22,18.471500396728516,18.9637508392334,18.38599967956543,18.886749267578125,580144000,10957034267.089844
2021-06-23,19.007749557495117,19.15275001525879,18.90774917602539,19.057249069213867,332356000,6333791071.647644
2021-06-24,19.227750778198242,19.420000076293945,19.08824920654297,19.20549964904785,320924000,6163505769.371033
2021-06-25,19.280500411987305,19.345500946044922,18.894500732421875,19.0310001373291,278364000,5297545322.227478
2021-06-28,19.361249923706055,20.078750610351562,19.319000244140625,19.985000610351562,495436000,9901288762.390137
2021-06-29,19.88249969482422,20.0987491607666,19.656999588012695,20.026750564575195,367632000,7362474363.555908
2021-06-30,19.999250411987305,20.162500381469727,19.863750457763672,20.002500534057617,326568000,6532176594.406128
2021-07-01,20.125,20.45599937438965,20.018999099731445,20.211999893188477,480136000,9704508780.715942
2021-07-02,20.440250396728516,20.505250930786133,20.287750244140625,20.48699951171875,342764000,7022205900.634766
2021-07-06,20.737499237060547,20.841999053955078,20.350250244140625,20.69849967956543,446708000,9246185394.859314
2021-07-07,20.853500366210938,20.875,20.332000732421875,20.371749877929688,418428000,8524110557.922363
2021-07-08,19.85650062561035,20.132999420166016,19.70075035095215,19.90275001525879,503300000,10017054082.679749
2021-07-09,19.962499618530273,20.080249786376953,19.754249572753906,20.050249099731445,296624000,5947385088.95874
2021-07-12,20.239999771118164,20.53274917602539,20.1877498626709,20.512500762939453,321984000,6604697045.654297
2021-07-13,20.40049934387207,20.46125030517578,20.11400032043457,20.25,290708000,5886837000.0
2021-07-14,20.357749938964844,20.417749404907227,19.752750396728516,19.84149932861328,380100000,7541753894.805908
2021-07-15,19.811750411987305,19.847000122070312,18.85849952697754,18.966249465942383,550564000,10442134170.967102
2021-07-16,19.030500411987305,19.156999588012695,18.072999954223633,18.160999298095703,688224000,12498835580.932617
2021-07-19,17.915250778198242,19.04199981689453,17.86549949645996,18.77975082397461,749060000,14067160152.20642
2021-07-20,18.729999542236328,18.83799934387207,18.163999557495117,18.61199951171875,434687000,8090394231.750488
2021-07-21,18.881999969482422,19.527000427246094,18.742000579833984,19.40999984741211,371017000,7201439913.387299
2021-07-22,19.642000198364258,19.886999130249023,19.275999069213867,19.5939998626709,323826000,6345046599.529266
2021-07-23,19.6560001373291,19.700000762939453,19.25,19.558000564575195,195672000,3826953086.4715576
2021-07-26,19.31100082397461,19.441999435424805,18.913999557495117,19.29400062561035,203943000,3934876369.588852
2021-07-27,19.264999389648438,19.621999740600586,18.740999221801758,19.20800018310547,248863000,4780160549.568176
2021-07-28,19.319000244140625,19.645999908447266,18.9950008392334,19.503000259399414,202191000,3943331125.448227
2021-07-29,19.518999099731445,19.85300064086914,19.327999114990234,19.66200065612793,190781000,3751136147.1767426
2021-07-30,19.417999267578125,19.6299991607666,19.26300048828125,19.499000549316406,183497000,3578008103.7979126
2021-08-02,19.700000762939453,19.961000442504883,19.361000061035156,19.75,217444000,4294519000.0
2021-08-03,19.739999771118164,20.222000122070312,19.219999313354492,19.815000534057617,301811000,5980385126.1844635
2021-08-04,19.989999771118164,20.31800079345703,19.827999114990234,20.27400016784668,231309000,4689558704.824448
2021-08-05,20.5,20.732999801635742,20.341999053955078,20.636999130249023,211435000,4363383911.104202
2021-08-06,20.52400016784668,20.56999969482422,20.209999084472656,20.365999221801758,178497000,3635269763.0939484
2021-08-09,20.445999145507812,20.507999420166016,20.14299964904785,20.295000076293945,146443000,2972060696.172714
2021-08-10,20.32200050354004,20.43000030517578,19.834999084472656,19.93600082397461,179238000,3573288915.687561
2021-08-11,20.042999267578125,20.048999786376953,19.43000030517578,19.698999404907227,185925000,3662536464.357376
2021-08-12,19.8700008392334,20.02899932861328,19.6200008392334,19.905000686645508,151652000,3018633164.1311646
2021-08-13,19.905000686645508,20.214000701904297,19.85099983215332,20.187999725341797,183063000,3695675793.7202454
2021-08-16,20.135000228881836,20.28700065612793,19.452999114990234,19.950000762939453,210876000,4206976360.88562
2021-08-17,19.684999465942383,19.770000457763672,19.267000198364258,19.45800018310547,204585000,3980814967.4606323
2021-08-18,19.5,19.634000778198242,19.0,19.040000915527344,285913000,5443783781.761169
2021-08-19,19.493999481201172,20.4950008392334,18.761999130249023,19.79800033569336,766555000,15176256147.327423
2021-08-20,19.990999221801758,20.864999771118164,19.933000564575195,20.81599998474121,675741000,14066224645.68901
2021-08-23,20.97100067138672,21.996999740600586,20.950000762939453,21.95800018310547,575807000,12643570211.43341
2021-08-24,21.753000259399414,21.958999633789062,21.53499984741211,21.792999267578125,297299000,6479036889.251709
2021-08-25,21.73699951171875,22.469999313354492,21.722000122070312,22.21299934387207,347701000,7723482084.863663
2021-08-26,22.200000762939453,22.34000015258789,21.790000915527344,22.06800079345703,237940000,5250860108.795166
2021-08-27,22.18400001525879,22.722000122070312,22.16699981689453,22.63599967956543,304722000,6897687094.356537
2021-08-30,22.829999923706055,23.042999267578125,22.551000595092773,22.687999725341797,262580000,5957414967.880249
2021-08-31,22.69499969482422,22.69499969482422,22.1200008392334,22.385000228881836,259850000,5816742309.474945
2021-09-01,22.485000610351562,22.69700050354004,22.35700035095215,22.44099998474121,201767000,4527853243.92128
2021-09-02,22.51799964904785,22.593000411987305,22.295000076293945,22.395999908447266,187834000,4206730246.8032837
2021-09-03,22.325000762939453,22.986000061035156,22.200000762939453,22.843000411987305,280532000,6408192591.575623
2021-09-07,22.83300018310547,22.89900016784668,22.52199935913086,22.66200065612793,198107000,4489500963.983536
2021-09-08,22.51300048828125,22.610000610351562,21.976999282836914,22.339000701904297,254434000,5683801304.588318
2021-09-09,22.312000274658203,22.538000106811523,22.131000518798828,22.177000045776367,196856000,4365675521.011353
2021-09-10,22.347999572753906,22.625999450683594,22.270000457763672,22.47800064086914,248376000,5582995887.176514
2021-09-13,22.68400001525879,22.964000701904297,21.857999801635742,22.152000427246094,297500000,6590220127.105713
2021-09-14,22.274999618530273,22.40999984741211,22.086000442504883,22.242000579833984,199755000,4442950825.824738
2021-09-15,22.30900001525879,22.367000579833984,21.965999603271484,22.340999603271484,166538000,3720625391.9296265
2021-09-16,22.183000564575195,22.277000427246094,21.927000045776367,22.242000579833984,156033000,3470486076.473236
2021-09-17,22.299999237060547,22.320999145507812,21.829999923706055,21.899999618530273,294503000,6449615587.656021
2021-09-20,21.145999908447266,21.433000564575195,20.66200065612793,21.113000869750977,349440000,7377727023.925781
2021-09-21,21.41699981689453,21.424999237060547,20.950000762939453,21.246000289916992,204688000,4348801307.342529
2021-09-22,21.365999221801758,21.959999084472656,21.195999145507812,21.94099998474121,268726000,5896117161.899567
2021-09-23,22.139999389648438,22.53499984741211,21.889999389648438,22.48200035095215,248555000,5588013597.230911
2021-09-24,22.06999969482422,22.14900016784668,21.861000061035156,22.08099937438965,217655000,4806039918.832779
2021-09-27,21.709999084472656,21.798999786376953,21.325000762939453,21.65999984741211,245215000,5311356862.58316
2021-09-28,21.214000701904297,21.41900062561035,20.650999069213867,20.698999404907227,343069000,7101185026.842117
2021-09-29,20.940000534057617,21.017000198364258,20.466999053955078,20.517000198364258,218394000,4480789741.321564
2021-09-30,20.76799964904785,21.06599998474121,20.687999725341797,20.715999603271484,221009000,4578422356.3194275
2021-10-01,20.75,20.858999252319336,20.202999114990234,20.742000579833984,240978000,4998365815.727234
2021-10-04,20.503999710083008,20.54199981689453,19.55500030517578,19.73200035095215,345635000,6820069941.301346
2021-10-05,19.950000762939453,20.648000717163086,19.854000091552734,20.451000213623047,279282000,5711596241.661072
2021-10-06,20.1200008392334,20.719999313354492,20.079999923706055,20.700000762939453,297202000,6152081626.747131
2021-10-07,21.091999053955078,21.32200050354004,20.972000122070312,21.075000762939453,256919000,5414568121.013641
2021-10-08,21.10099983215332,21.20599937438965,20.774999618530273,20.83099937438965,151258000,3150855303.3714294
2021-10-11,20.575000762939453,21.062999725341797,20.51099967956543,20.69499969482422,163388000,3381314610.1379395
2021-10-12,20.827999114990234,21.05699920654297,20.527999877929688,20.67099952697754,162134000,3351471837.3069763
2021-10-13,20.917999267578125,20.989999771118164,20.71299934387207,20.93899917602539,180652000,3782672079.147339
2021-10-14,21.288000106811523,21.7549991607666,21.121999740600586,21.746000289916992,243589000,5297086464.62059
2021-10-15,21.809999465942383,21.930999755859375,21.66200065612793,21.86199951171875,226994000,4962542717.163086
2021-10-18,21.749000549316406,22.291000366210938,21.643999099731445,22.222000122070312,189494000,4210935691.131592
2021-10-19,22.275999069213867,22.378999710083008,22.03700065612793,22.290000915527344,161473000,3599233317.832947
2021-10-20,22.30500030517578,22.433000564575195,21.98200035095215,22.10300064086914,146276000,3233138521.7437744
2021-10-21,22.097000122070312,22.711000442504883,22.08300018310547,22.691999435424805,187590000,4256792174.091339
2021-10-22,22.822999954223633,23.1299991607666,22.56100082397461,22.72599983215332,249384000,5667500742.141724
2021-10-25,22.972999572753906,23.354999542236328,22.770000457763672,23.166000366210938,230235000,5333624094.314575
2021-10-26,23.98900032043457,25.259000778198242,23.923999786376953,24.716999053955078,485898000,12009940406.318665
2021-10-27,24.474000930786133,25.09000015258789,24.281999588012695,24.451000213623047,245990000,6014701542.549133
2021-10-28,24.878000259399414,24.950000762939453,24.523000717163086,24.94099998474121,234204000,5841281960.426331
2021-10-29,25.000999450683594,25.708999633789062,25.0,25.566999435424805,292503000,7478424035.860062
2021-11-01,25.64900016784668,25.893999099731445,25.226999282836914,25.82699966430664,265740000,6863266890.792847
2021-11-02,25.82200050354004,26.67799949645996,25.799999237060547,26.400999069213867,294112000,7764850638.244629
2021-11-03,26.670000076293945,26.784000396728516,26.235000610351562,26.597999572753906,239910000,6381126077.49939
2021-11-04,27.229000091552734,31.364999771118164,27.118000030517578,29.801000595092773,1153631000,34379358117.51747
2021-11-05,30.187000274658203,31.399999618530273,29.40999984741211,29.75200080871582,851260000,25326688208.42743
2021-11-08,30.14900016784668,31.100000381469727,29.906999588012695,30.804000854492188,503101000,15497523633.895874
2021-11-09,32.28200149536133,32.310001373291016,29.964000701904297,30.656999588012695,646746000,19827291855.54886
2021-11-10,29.356000900268555,30.850000381469727,28.777999877929688,29.458999633789062,636206000,18741992321.014404
2021-11-11,30.468000411987305,30.59000015258789,29.777000427246094,30.389999389648438,332172000,10094706877.2583
2021-11-12,30.010000228881836,30.68000030517578,29.6299991607666,30.389999389648438,413054000,12552710807.891846
2021-11-15,30.552000045776367,30.643999099731445,29.246999740600586,30.024999618530273,384909000,11556892578.168869
2021-11-16,29.759000778198242,30.389999389648438,29.70599937438965,30.202999114990234,264484000,7988210017.929077
2021-11-17,30.417999267578125,30.509000778198242,28.799999237060547,29.26099967956543,428508000,12538572450.691223
2021-11-18,32.367000579833984,32.7599983215332,31.320999145507812,31.674999237060547,781711000,24760695328.601837
2021-11-19,32.24300003051758,33.0880012512207,31.905000686645508,32.98500061035156,533867000,17609603320.846558
2021-11-22,33.516998291015625,34.64699935913086,31.899999618530273,31.95599937438965,754335000,24105528788.080215
2021-11-23,31.53499984741211,32.36000061035156,30.8799991607666,31.746000289916992,532163000,16894046752.283096
2021-11-24,31.461000442504883,32.85499954223633,30.92799949645996,32.67399978637695,435162000,14218483095.039368
2021-11-26,32.599998474121094,32.709999084472656,31.350000381469727,31.503000259399414,283069000,8917522780.427933
2021-11-29,32.36600112915039,33.4119987487793,32.0359992980957,33.375999450683594,454964000,15184878214.08081
2021-11-30,33.16899871826172,33.35300064086914,31.86400032043457,32.67599868774414,622066000,20326627799.690247
2021-12-01,33.21900177001953,33.28900146484375,31.3799991607666,31.434999465942383,484368000,15226107821.31958
2021-12-02,31.214000701904297,32.47800064086914,31.024999618530273,32.125999450683594,472890000,15192063880.233765
2021-12-03,32.0,32.12900161743164,30.1299991607666,30.69300079345703,544325000,16706967656.898499
2021-12-06,29.8799991607666,30.240999221801758,28.038000106811523,30.03700065612793,658938000,19792521138.347626
2021-12-07,30.957000732421875,32.44900131225586,30.650999069213867,32.426998138427734,593053000,19230928526.988983
2021-12-08,31.999000549316406,32.290000915527344,31.42099952697754,31.826000213623047,475551000,15134886227.588654
2021-12-09,31.733999252319336,32.20500183105469,30.42799949645996,30.489999771118164,488507000,14894578318.189621
2021-12-10,31.149999618530273,31.30500030517578,29.861000061035156,30.197999954223633,488825000,14761537327.623367
2021-12-13,30.249000549316406,30.29400062561035,28.115999221801758,28.160999298095703,598344000,16849964964.019775
2021-12-14,27.698999404907227,28.67799949645996,27.25,28.336999893188477,667035000,18901770723.752975
2021-12-15,28.399999618530273,30.5,27.83799934387207,30.458999633789062,698297000,21269428067.276
2021-12-16,31.152000427246094,31.15999984741211,28.093000411987305,28.386999130249023,707366000,20079998026.76773
2021-12-17,27.985000610351562,28.922000885009766,27.760000228881836,27.801000595092773,713758000,19843186582.752228
2021-12-20,27.30500030517578,28.143999099731445,27.145000457763672,27.7189998626709,461847000,12801936929.574966
2021-12-21,28.374000549316406,29.1200008392334,27.400999069213867,29.075000762939453,524385000,15246494275.074005
2021-12-22,28.891000747680664,29.55500030517578,28.448999404907227,29.399999618530273,395184000,11618409449.249268
2021-12-23,29.7549991607666,30.05900001525879,29.430999755859375,29.639999389648438,343022000,10167171870.635986
2021-12-27,29.65999984741211,31.086999893188477,29.639999389648438,30.94499969482422,403686000,12492063146.80481
2021-12-28,31.312000274658203,31.329999923706055,30.011999130249023,30.32200050354004,420591000,12753160513.784409
2021-12-29,30.273000717163086,30.54800033569336,29.365999221801758,30.000999450683594,343139000,10294512950.508118
2021-12-30,29.82699966430664,30.457000732421875,29.540000915527344,29.586000442504883,308864000,9138050440.673828
2021-12-31,29.673999786376953,30.030000686645508,29.33099937438965,29.410999298095703,266530000,7838913642.921448
2022-01-03,29.815000534057617,30.711000442504883,29.78499984741211,30.121000289916992,391547000,11793787300.516129
2022-01-04,30.277000427246094,30.468000411987305,28.349000930786133,29.290000915527344,527154000,15440341142.623901
2022-01-05,28.948999404907227,29.416000366210938,27.533000946044922,27.604000091552734,498064000,13748558701.599121
2022-01-06,27.639999389648438,28.437999725341797,27.065000534057617,28.17799949645996,454186000,12798052879.299164
2022-01-07,28.141000747680664,28.422000885009766,27.05699920654297,27.246999740600586,409939000,11169607826.662064
2022-01-10,26.58099937438965,27.4689998626709,25.643999099731445,27.399999618530273,594681000,16294259173.147202
2022-01-11,27.322999954223633,28.065000534057617,26.839000701904297,27.816999435424805,404089000,11240543484.861374
2022-01-12,28.066999435424805,28.594999313354492,27.607999801635742,27.999000549316406,383413000,10735180797.615051
2022-01-13,28.378999710083008,28.479999542236328,26.49799919128418,26.575000762939453,540171000,14355044737.117767
2022-01-14,26.299999237060547,27.19700050354004,26.209999084472656,26.941999435424805,395832000,10664505520.523071
2022-01-18,26.260000228881836,26.63800048828125,25.770000457763672,25.902999877929688,424270000,10989865758.209229
2022-01-19,26.07900047302246,26.542999267578125,25.052000045776367,25.066999435424805,488315000,12240591829.309464
2022-01-20,25.304000854492188,25.57900047302246,24.077999114990234,24.149999618530273,435181000,10509620983.991623
2022-01-21,23.506999969482422,24.822999954223633,23.26300048828125,23.374000549316406,718958000,16804924686.935425
2022-01-24,22.329999923706055,23.3799991607666,20.88800048828125,23.371999740600586,913982000,21361587066.913605
2022-01-25,22.54599952697754,22.94300079345703,22.0,22.323999404907227,664616000,14836887188.491821
2022-01-26,23.239999771118164,24.05699920654297,22.299999237060547,22.77199935913086,755959000,17214697863.529205
2022-01-27,23.56800079345703,23.9950008392334,21.674999237060547,21.944000244140625,573353000,12581658371.97876
2022-01-28,22.011999130249023,22.857999801635742,21.29599952697754,22.84000015258789,543774000,12419798242.973328
2022-01-31,23.18199920654297,24.509000778198242,23.052000045776367,24.486000061035156,564680000,13826754514.465332
2022-02-01,25.104000091552734,25.145000457763672,23.889999389648438,24.63800048828125,518925000,12785274403.381348
2022-02-02,25.79400062561035,25.816999435424805,24.55299949645996,25.242000579833984,543419000,13716982713.092804
2022-02-03,24.45800018310547,25.07699966430664,23.780000686645508,23.947999954223633,410178000,9822942725.223541
2022-02-04,23.972000122070312,24.635000228881836,23.631999969482422,24.319000244140625,354829000,8629086537.628174
2022-02-07,24.371999740600586,25.18199920654297,24.20199966430664,24.72800064086914,376868000,9319192145.523071
2022-02-08,24.358999252319336,25.229999542236328,23.979999542236328,25.107999801635742,410359000,10303293690.599442
2022-02-09,25.621999740600586,26.725000381469727,25.35300064086914,26.704999923706055,524282000,14000950770.000458
2022-02-10,25.9950008392334,26.924999237060547,25.600000381469727,25.823999404907227,513200000,13252876494.598389
2022-02-11,25.916000366210938,26.152000427246094,23.773000717163086,23.948999404907227,605472000,14500448567.687988
2022-02-14,23.93400001525879,24.875,23.7549991607666,24.267000198364258,440424000,10687769295.36438
2022-02-15,24.948999404907227,26.545000076293945,24.784000396728516,26.4950008392334,699869000,18543029742.35344
2022-02-16,26.259000778198242,26.582000732421875,25.552000045776367,26.51099967956543,732676000,19423973201.22528
2022-02-17,25.6299991607666,25.78499984741211,24.165000915527344,24.506999969482422,810595000,19865251640.262604
2022-02-18,24.667999267578125,24.986000061035156,23.100000381469727,23.642000198364258,761255000,17997590861.005783
2022-02-22,23.03499984741211,24.06399917602539,23.0,23.389999389648438,633422000,14815740193.389893
2022-02-23,23.802000045776367,24.155000686645508,22.301000595092773,22.386999130249023,566511000,12682481264.276505
2022-02-24,21.014999389648438,23.799999237060547,20.889999389648438,23.74799919128418,735801000,17473801552.94609
2022-02-25,23.72100067138672,24.216999053955078,23.381000518798828,24.156999588012695,528866000,12775815744.113922
2022-02-28,23.992000579833984,24.665000915527344,23.707000732421875,24.385000228881836,477319000,11639423924.24965
2022-03-01,24.291000366210938,24.37700080871582,23.131999969482422,23.476999282836914,412056000,9673838416.488647
2022-03-02,23.756000518798828,24.409000396728516,23.415000915527344,24.219999313354492,389642000,9437128972.454071
2022-03-03,24.261999130249023,24.326000213623047,23.4689998626709,23.714000701904297,365095000,8657863086.26175
2022-03-04,23.384000778198242,23.68000030517578,22.48200035095215,22.93600082397461,431415000,9894934795.475006
2022-03-07,22.816999435424805,23.033000946044922,21.329999923706055,21.351999282836914,450821000,9625929668.68782
2022-03-08,21.30900001525879,22.37299919128418,20.649999618530273,21.513999938964844,557467000,11993345003.974915
2022-03-09,22.386999130249023,23.219999313354492,22.246999740600586,23.013999938964844,492742000,11339964357.925415
2022-03-10,22.5310001373291,22.788000106811523,21.881999969482422,22.658000946044922,428066000,9699119832.969666
2022-03-11,23.02199935913086,23.145000457763672,22.04599952697754,22.100000381469727,367209000,8115319040.079117
2022-03-14,21.868999481201172,22.261999130249023,21.159000396728516,21.329999923706055,385354000,8219600790.599823
2022-03-15,21.51799964904785,23.038000106811523,21.32200050354004,22.972999572753906,491996000,11302623897.79663
2022-03-16,23.5,24.597000122070312,23.172000885009766,24.496000289916992,671422000,16447153506.656647
2022-03-17,24.1200008392334,24.841999053955078,23.9060001373291,24.766000747680664,471941000,11688091158.86116
2022-03-18,24.798999786376953,26.569000244140625,24.624000549316406,26.452999114990234,730719000,19329709060.30655
2022-03-21,26.506999969482422,27.152000427246094,25.966999053955078,26.733999252319336,591727000,15819229175.577164
2022-03-22,26.726999282836914,27.238000869750977,26.07200050354004,26.52400016784668,547007000,14508813759.813309
2022-03-23,26.125999450683594,26.61199951171875,25.575000762939453,25.634000778198242,502120000,12871344470.748901
2022-03-24,26.166000366210938,28.31999969482422,25.906999588012695,28.149999618530273,877379000,24698218515.306473
2022-03-25,27.88599967956543,28.357999801635742,27.270999908447266,27.691999435424805,579016000,16034110745.101929
2022-03-28,27.756000518798828,28.25,27.20599937438965,28.2189998626709,425494000,12007015127.567291
2022-03-29,28.69499969482422,28.945999145507812,27.979999542236328,28.6560001373291,488984000,14012325571.151733
2022-03-30,28.304000854492188,28.496000289916992,27.503000259399414,27.690000534057617,463487000,12833955277.528763
2022-03-31,27.781999588012695,28.24799919128418,27.270000457763672,27.285999298095703,523440000,14282583472.595215
2022-04-01,27.375,27.496000289916992,26.267000198364258,26.711999893188477,517235000,13816381264.753342
2022-04-04,26.72800064086914,27.558000564575195,26.613000869750977,27.360000610351562,397120000,10865203442.382812
2022-04-05,27.253999710083008,27.319000244140625,25.81999969482422,25.930999755859375,436615000,11321863458.404541
2022-04-06,24.93400001525879,25.299999237060547,24.003000259399414,24.406999588012695,703833000,17178451741.02974
2022-04-07,24.44099998474121,24.722000122070312,23.47800064086914,24.20800018310547,557992000,13507870438.171387
2022-04-08,23.91699981689453,23.92300033569336,23.062000274658203,23.118999481201172,524781000,12132411666.744232
2022-04-11,22.214000701904297,22.31999969482422,21.65999984741211,21.91699981689453,575207000,12606811713.676453
2022-04-12,22.53700065612793,22.725000381469727,21.281999588012695,21.503999710083008,662258000,14241195840.000153
2022-04-13,21.72800064086914,22.5,21.454999923706055,22.202999114990234,516943000,11477684971.500397
2022-04-14,22.5049991607666,22.777000427246094,21.163000106811523,21.257999420166016,569097000,12097863696.018219
2022-04-18,21.200000762939453,22.08799934387207,21.07900047302246,21.783000946044922,525701000,11451345380.336761
2022-04-19,21.719999313354492,22.37299919128418,21.31399917602539,22.197999954223633,512781000,11382712614.526749
2022-04-20,22.517000198364258,22.670000076293945,21.200000762939453,21.48200035095215,468974000,10074499632.587433
2022-04-21,21.708999633789062,22.392000198364258,20.0,20.183000564575195,656209000,13244266617.479324
2022-04-22,20.30299949645996,20.486000061035156,19.5,19.514999389648438,624713000,12191273813.705444
2022-04-25,19.20199966430664,19.94499969482422,19.09600067138672,19.902000427246094,641566000,12768446806.106567
2022-04-26,19.718000411987305,19.788000106811523,18.670000076293945,18.788000106811523,653143000,12271250753.763199
2022-04-27,18.597999572753906,19.16699981689453,18.290000915527344,18.415000915527344,499460000,9197556357.269287
2022-04-28,18.966999053955078,20.03700065612793,18.489999771118164,19.781999588012695,570327000,11282208479.032516
2022-04-29,19.402000427246094,20.128000259399414,18.517000198364258,18.547000885009766,500435000,9281568387.889862
2022-05-02,18.541000366210938,19.573999404907227,18.391000747680664,19.533000946044922,572049000,11173833658.184052
2022-05-03,19.399999618530273,19.825000762939453,19.132999420166016,19.601999282836914,475751000,9325670760.808945
2022-05-04,19.92300033569336,20.399999618530273,18.750999450683594,20.333999633789062,648855000,13193817332.382202
2022-05-05,19.867000579833984,19.924999237060547,18.5,18.8439998626709,626331000,11802581277.986526
2022-05-06,18.736000061035156,19.511999130249023,17.989999771118164,18.674999237060547,633297000,11826820991.832733
2022-05-09,18.034000396728516,18.2549991607666,16.82699966430664,16.950000762939453,644455000,10923512741.680145
2022-05-10,17.68899917602539,18.197999954223633,17.024999618530273,17.594999313354492,761474000,13398134507.137299
2022-05-11,17.347000122070312,17.753000259399414,16.56800079345703,16.6299991607666,670167000,11144876647.573471
2022-05-12,16.2189998626709,16.788000106811523,15.567000389099121,16.174999237060547,708728000,11463674859.283447
2022-05-13,16.788000106811523,17.92799949645996,16.593000411987305,17.70599937438965,670437000,11870757102.567673
2022-05-16,17.509000778198242,17.788000106811523,17.106000900268555,17.263999938964844,521446000,9002243712.173462
2022-05-17,18.073999404907227,18.371000289916992,17.634000778198242,18.177000045776367,585830000,10648631936.81717
2022-05-18,17.704999923706055,18.118000030517578,16.86400032043457,16.937999725341797,545161000,9233936868.26706
2022-05-19,16.937000274658203,17.687000274658203,16.733999252319336,17.124000549316406,621310000,10639312781.295776
2022-05-20,17.332000732421875,17.40999984741211,15.755000114440918,16.694000244140625,739105000,12338619050.445557
2022-05-23,16.27400016784668,16.915000915527344,16.179000854492188,16.898000717163086,639889000,10812844780.90477
2022-05-24,16.510000228881836,16.597000122070312,15.779999732971191,16.15399932861328,588550000,9507436304.855347
2022-05-25,16.020000457763672,17.111000061035156,16.0,16.975000381469727,781132000,13259715997.97821
2022-05-26,16.035999298095703,18.091999053955078,16.02199935913086,17.85099983215332,996575000,17789860157.728195
2022-05-27,18.18600082397461,18.881000518798828,18.100000381469727,18.81100082397461,738379000,13889647977.405548
2022-05-31,18.979999542236328,19.200000762939453,18.350000381469727,18.672000885009766,664100000,12400075787.734985
2022-06-01,18.724000930786133,19.05299949645996,18.121999740600586,18.31999969482422,544514000,9975496313.827515
2022-06-02,18.29199981689453,19.618999481201172,18.197999954223633,19.591999053955078,648656000,12708467738.342285
2022-06-03,19.082000732421875,19.332000732421875,18.52199935913086,18.719999313354492,598779000,11209142468.85109
2022-06-06,19.138999938964844,19.336999893188477,18.56399917602539,18.785999298095703,422406000,7935318819.511414
2022-06-07,18.472000122070312,19.0,18.187999725341797,18.926000595092773,388914000,7360586595.439911
2022-06-08,18.798999786376953,19.18000030517578,18.53499984741211,18.648000717163086,363252000,6773923556.510925
2022-06-09,18.481000900268555,18.933000564575195,18.041000366210938,18.04800033569336,395574000,7139319684.791565
2022-06-10,17.600000381469727,17.69700050354004,16.868999481201172,16.974000930786133,465248000,7897119985.046387
2022-06-13,16.0,16.312000274658203,15.605999946594238,15.647000312805176,604153000,9453182179.982185
2022-06-14,15.730999946594238,16.06599998474121,15.411999702453613,15.836000442504883,469680000,7437852687.835693
2022-06-15,16.094999313354492,16.868000030517578,15.925999641418457,16.527000427246094,563936000,9320170512.939453
2022-06-16,15.859999656677246,15.942000389099121,15.401000022888184,15.60099983215332,545749000,8514230057.397842
2022-06-17,15.64799976348877,15.994999885559082,15.32800006866455,15.880000114440918,630334000,10009703992.136002
2022-06-21,16.475000381469727,17.007999420166016,16.406999588012695,16.56599998474121,483089000,8002852366.628647
2022-06-22,16.22599983215332,16.66200065612793,16.18000030517578,16.360000610351562,437135000,7151528866.80603
2022-06-23,16.518999099731445,16.584999084472656,15.852999687194824,16.225000381469727,463680000,7523208176.879883
2022-06-24,16.5,17.139999389648438,16.309999465942383,17.125999450683594,472153000,8086092018.638611
2022-06-27,17.312000274658203,17.329999923706055,16.625999450683594,16.868999481201172,427968000,7219391969.970703
2022-06-28,16.899999618530273,17.20199966430664,15.944999694824219,15.982000350952148,461149000,7370083479.841232
2022-06-29,15.814000129699707,15.819999694824219,15.170000076293945,15.541999816894531,482352000,7496714695.678711
2022-06-30,15.361000061035156,15.567000389099121,14.862000465393066,15.159000396728516,686070000,10400135402.183533
2022-07-01,14.89900016784668,15.062999725341797,14.392000198364258,14.52299976348877,577610000,8388629893.388748
2022-07-05,14.175000190734863,14.970999717712402,14.055000305175781,14.96399974822998,651397000,9747504543.997765
2022-07-06,15.010000228881836,15.319000244140625,14.788999557495117,15.130000114440918,529066000,8004768640.546799
2022-07-07,15.456000328063965,15.944999694824219,15.388999938964844,15.857999801635742,492903000,7816455676.225662
2022-07-08,15.430000305175781,16.03700065612793,15.388999938964844,15.838000297546387,467972000,7411740675.243378
2022-07-11,15.526000022888184,15.527000427246094,15.038000106811523,15.152000427246094,437321000,6626287978.843689
2022-07-12,15.267999649047852,15.430999755859375,14.876999855041504,15.081999778747559,458483000,6914840504.559517
2022-07-13,14.59000015258789,15.375,14.46500015258789,15.163999557495117,521918000,7914364321.048737
2022-07-14,15.107999801635742,15.472999572753906,14.727999687194824,15.371999740600586,456235000,7013244301.652908
2022-07-15,15.659000396728516,15.781999588012695,15.444999694824219,15.76200008392334,385935000,6083107502.388954
2022-07-18,16.302000045776367,16.89699935913086,16.00200080871582,16.10099983215332,670517000,10795994104.455948
2022-07-19,16.486000061035156,17.110000610351562,16.172000885009766,16.992000579833984,702366000,11934603479.255676
2022-07-20,16.94700050354004,17.933000564575195,16.801000595092773,17.80699920654297,760538000,13542899562.545776
2022-07-21,17.885000228881836,18.143999099731445,17.545000076293945,18.049999237060547,557049000,10054734025.00534
2022-07-22,17.89299964904785,17.966999053955078,17.136999130249023,17.319000244140625,536671000,9294605180.023193
2022-07-25,17.018999099731445,17.124000549316406,16.64900016784668,17.02400016784668,480748000,8184254032.691956
2022-07-26,16.888999938964844,16.91900062561035,16.47800064086914,16.533000946044922,397865000,6577902421.398163
2022-07-27,17.031999588012695,17.93600082397461,16.913000106811523,17.790000915527344,569776000,10136315561.645508
2022-07-28,17.975000381469727,18.139999389648438,17.440000534057617,17.983999252319336,474646000,8536033309.116364
2022-07-29,17.812999725341797,18.243999481201172,17.691999435424805,18.163000106811523,435460000,7909260026.512146
2022-08-01,18.18199920654297,18.84600067138672,17.989999771118164,18.44099998474121,476469000,8786564821.72966
2022-08-02,18.121999740600586,18.937999725341797,18.091999053955078,18.525999069213867,489527000,9068976746.355057
2022-08-03,18.18400001525879,18.968000411987305,18.136999130249023,18.89299964904785,418146000,7900032231.250763
2022-08-04,18.849000930786133,19.27400016784668,18.760000228881836,19.21500015258789,409652000,7871463242.507935
2022-08-05,18.809999465942383,19.229000091552734,18.666000366210938,18.98900032043457,386068000,7331045375.709534
2022-08-08,17.50200080871582,18.23900032043457,17.242000579833984,17.792999267578125,981859000,17470216467.86499
2022-08-09,17.25200080871582,17.44700050354004,16.724000930786133,17.086000442504883,668263000,11417941913.70964
2022-08-10,17.697999954223633,18.118000030517578,17.316999435424805,18.097000122070312,597422000,10811546006.92749
2022-08-11,18.131000518798828,18.707000732421875,17.875999450683594,17.941999435424805,509327000,9138344746.44661
2022-08-12,18.15999984741211,18.718000411987305,17.952999114990234,18.708999633789062,478094000,8944660470.916748
2022-08-15,18.701000213623047,19.163999557495117,18.613000869750977,19.031999588012695,457666000,8710299123.447418
2022-08-16,18.920000076293945,19.142000198364258,18.500999450683594,18.878999710083008,451240000,8518959829.177856
2022-08-17,18.523000717163086,18.687999725341797,18.145000457763672,18.334999084472656,446799000,8192059255.943298
2022-08-18,18.301000595092773,18.864999771118164,18.183000564575195,18.773000717163086,415447000,7799186828.943253
2022-08-19,18.4060001373291,18.520000457763672,17.770000457763672,17.849000930786133,441588000,7881904623.023987
2022-08-22,17.489999771118164,17.558000564575195,16.965999603271484,17.034000396728516,409593000,6977007324.497223
2022-08-23,16.98900032043457,17.46500015258789,16.969999313354492,17.180999755859375,369986000,6356729375.671387
2022-08-24,17.011999130249023,17.4060001373291,16.895000457763672,17.222000122070312,522661000,9001267805.801392
2022-08-25,16.8439998626709,17.94700050354004,16.83300018310547,17.913000106811523,770691000,13805387965.31868
2022-08-26,17.85700035095215,17.923999786376953,16.23699951171875,16.260000228881836,769127000,12506005196.0392
2022-08-29,16.020000457763672,16.33799934387207,15.767000198364258,15.800999641418457,496132000,7839381554.096222
2022-08-30,15.960000038146973,16.038999557495117,15.182000160217285,15.468000411987305,530181000,8200839926.427841
2022-08-31,15.383999824523926,15.539999961853027,14.958999633789062,15.093999862670898,573710000,8659578661.212921
2022-09-01,14.208999633789062,14.380000114440918,13.270000457763672,13.937000274658203,1178865000,16429841828.784943
2022-09-02,14.100000381469727,14.170999526977539,13.590999603271484,13.647000312805176,743157000,10141863811.463356
2022-09-06,13.730999946594238,13.779000282287598,13.35099983215332,13.46500015258789,535751000,7213887296.749115
2022-09-07,13.562999725341797,13.838000297546387,13.345999717712402,13.71399974822998,512657000,7030577968.928337
2022-09-08,13.458999633789062,14.008000373840332,13.369000434875488,13.989999771118164,624873000,8741973126.97792
2022-09-09,14.156999588012695,14.473999977111816,14.12600040435791,14.38700008392334,486612000,7000886884.838104
2022-09-12,14.369000434875488,14.54699993133545,14.197999954223633,14.505000114440918,484159000,7022726350.4076
2022-09-13,13.802000045776367,13.92199993133545,13.098999977111816,13.130999565124512,714956000,9388086925.08316
2022-09-14,13.253999710083008,13.289999961853027,12.913000106811523,13.128000259399414,588507000,7725920048.658371
2022-09-15,13.015000343322754,13.232999801635742,12.789999961853027,12.928999900817871,523625000,6769947573.065758
2022-09-16,12.741999626159668,13.211999893188477,12.616999626159668,13.197999954223633,670751000,8852571667.295456
2022-09-19,13.01200008392334,13.463000297546387,13.010000228881836,13.381999969482422,569685000,7623524652.6145935
2022-09-20,13.21500015258789,13.482999801635742,13.057000160217285,13.175999641418457,524818000,6915001779.809952
2022-09-21,13.213000297546387,14.031000137329102,13.109999656677246,13.26099967956543,807679000,10710630960.191727
2022-09-22,13.069999694824219,13.14900016784668,12.428000450134277,12.560999870300293,759162000,9535833783.536911
2022-09-23,12.420000076293945,12.611000061035156,12.256999969482422,12.515999794006348,663309000,8301975307.362556
2022-09-26,12.491000175476074,12.659000396728516,12.21399974822998,12.227999687194824,547343000,6692910032.788277
2022-09-27,12.506999969482422,12.736000061035156,12.258000373840332,12.413000106811523,553854000,6874989761.1579895
2022-09-28,12.40999984741211,12.822999954223633,12.354000091552734,12.736000061035156,542414000,6908184737.106323
2022-09-29,12.447999954223633,12.5,11.946000099182129,12.220000267028809,532763000,6510364002.263069
2022-09-30,12.086999893188477,12.633000373840332,12.074999809265137,12.138999938964844,565638000,6866279647.476196
2022-10-03,12.347000122070312,12.678000450134277,12.104999542236328,12.51200008392334,547478000,6850044781.946182
2022-10-04,12.878999710083008,13.220000267028809,12.878999710083008,13.166999816894531,584182000,7691924287.033081
2022-10-05,12.91100025177002,13.321000099182129,12.621000289916992,13.208999633789062,507131000,6698693193.283081
2022-10-06,13.220000267028809,13.656000137329102,13.102999687194824,13.130000114440918,644157000,8457781483.717918
2022-10-07,12.505000114440918,12.670000076293945,12.022000312805176,12.076000213623047,672478000,8120844471.656799
2022-10-10,12.036999702453613,12.12399959564209,11.407999992370605,11.670000076293945,698699000,8153817383.306503
2022-10-11,11.560999870300293,11.845999717712402,11.282999992370605,11.586000442504883,667482000,7733446747.364044
2022-10-12,11.579000473022461,11.734999656677246,11.345000267028809,11.5,492590000,5664785000.0
2022-10-13,10.970999717712402,12.07800006866455,10.812999725341797,11.960000038146973,850103000,10167231912.428856
2022-10-14,12.057000160217285,12.111000061035156,11.204000473022461,11.22700023651123,713432000,8009701232.73468
2022-10-17,11.517999649047852,11.947999954223633,11.517000198364258,11.887999534606934,580774000,6904241041.711807
2022-10-18,12.343999862670898,12.491999626159668,11.618000030517578,11.967000007629395,659362000,7890585059.030533
2022-10-19,11.878999710083008,12.350000381469727,11.833999633789062,12.050999641418457,523131000,6304251493.414879
2022-10-20,12.11299991607666,12.769000053405762,12.104999542236328,12.194000244140625,652398000,7955341371.276855
2022-10-21,12.097999572753906,12.498000144958496,11.88700008392334,12.465999603271484,609494000,7597951962.19635
2022-10-24,12.508000373840332,12.710000038146973,12.064000129699707,12.598999977111816,517457000,6519440731.156349
2022-10-25,12.694000244140625,13.300000190734863,12.663999557495117,13.26099967956543,505482000,6703196640.026093
2022-10-26,12.869000434875488,13.387999534606934,12.708000183105469,12.895999908447266,532953000,6872961839.206696
2022-10-27,13.630000114440918,13.838000297546387,13.121999740600586,13.175999641418457,583113000,7683096678.906441
2022-10-28,13.104000091552734,13.850000381469727,13.060999870300293,13.833999633789062,521040000,7208067169.189453
2022-10-31,13.777999877929688,13.838000297546387,13.29699993133545,13.496999740600586,486341000,6564144350.84343
2022-11-01,13.810999870300293,13.925000190734863,13.519000053405762,13.543000221252441,432817000,5861640726.761818
2022-11-02,13.850000381469727,14.210000038146973,13.211000442504883,13.218999862670898,672628000,8891469439.628601
2022-11-03,13.043000221252441,13.781000137329102,12.956000328063965,13.420999526977539,500065000,6711372128.458023
2022-11-04,13.986000061035156,14.229000091552734,13.696999549865723,14.156000137329102,612576000,8671625940.124512
2022-11-07,14.227999687194824,14.411999702453613,13.954000473022461,14.300999641418457,410061000,5864282213.959694
2022-11-08,14.800999641418457,14.890999794006348,14.215999603271484,14.60200023651123,595292000,8692453924.793243
2022-11-09,14.161999702453613,14.211000442504883,13.758999824523926,13.776000022888184,454414000,6260007274.400711
2022-11-10,14.800000190734863,15.77299976348877,14.54699993133545,15.75,700819000,11037899250.0
2022-11-11,15.807000160217285,16.388999938964844,15.482000350952148,16.32699966430664,655487000,10702136028.957367
2022-11-14,16.218000411987305,16.540000915527344,15.92199993133545,16.295000076293945,527852000,8601348380.271912
2022-11-15,16.722000122070312,16.99799919128418,16.381999969482422,16.666000366210938,545876000,9097569615.905762
2022-11-16,16.16200065612793,16.36199951171875,15.873000144958496,15.90999984741211,649547000,10334292670.886993
2022-11-17,15.71500015258789,16.266000747680664,15.53499984741211,15.677000045776367,710894000,11144685270.542145
2022-11-18,15.965999603271484,16.00200080871582,15.119999885559082,15.409000396728516,492072000,7582337643.218994
2022-11-21,15.147000312805176,15.47700023651123,15.079999923706055,15.317000389099121,404739000,6199387420.483589
2022-11-22,15.32800006866455,16.058000564575195,15.121999740600586,16.038000106811523,472866000,7583824958.507538
2022-11-23,16.097999572753906,16.527000427246094,16.04800033569336,16.518999099731445,427241000,7057593694.368362
2022-11-25,16.31800079345703,16.48699951171875,16.172000885009766,16.270000457763672,167934000,2732286256.8740845
2022-11-28,16.025999069213867,16.35700035095215,15.725000381469727,15.82699966430664,303741000,4807308705.036163
2022-11-29,15.82699966430664,15.932000160217285,15.520000457763672,15.638999938964844,298384000,4666427357.788086
2022-11-30,15.696999549865723,16.93000030517578,15.597000122070312,16.92300033569336,565298000,9566538243.766785
2022-12-01,16.999000549316406,17.264999389648438,16.635000228881836,17.135000228881836,470977000,8070191002.79808
2022-12-02,16.659000396728516,16.933000564575195,16.44499969482422,16.875999450683594,371389000,6267560559.989929
2022-12-05,16.679000854492188,16.9950008392334,16.472000122070312,16.610000610351562,352255000,5850955764.99939
2022-12-06,16.530000686645508,16.572999954223633,15.819000244140625,15.987000465393066,352694000,5638519142.141342
2022-12-07,15.772000312805176,16.18600082397461,15.666999816894531,16.1200008392334,372388000,6002894872.520447
2022-12-08,16.273000717163086,17.179000854492188,15.958999633789062,17.16900062561035,515456000,8849864386.47461
2022-12-09,17.15999984741211,17.58300018310547,16.975000381469727,17.000999450683594,465338000,7911211082.382202
2022-12-12,17.03700065612793,17.538000106811523,16.797000885009766,17.53499984741211,457328000,8019246410.217285
2022-12-13,18.5310001373291,18.790000915527344,17.711000442504883,18.07200050354004,656589000,11865876738.61885
2022-12-14,17.98699951171875,18.25200080871582,17.420000076293945,17.673999786376953,496888000,8781998405.853271
2022-12-15,17.145999908447266,17.31999969482422,16.700000762939453,16.95199966430664,478542000,8112243823.356628
2022-12-16,16.86400032043457,17.041000366210938,16.40999984741211,16.570999145507812,478232000,7924782063.354492
2022-12-19,16.57200050354004,16.608999252319336,16.145000457763672,16.253999710083008,354039000,5754549803.358078
2022-12-20,16.06399917602539,16.309999465942383,15.85200023651123,16.084999084472656,403260000,6486436730.804443
2022-12-21,16.11400032043457,16.62700080871582,16.101999282836914,16.500999450683594,325025000,5363237346.458435
2022-12-22,16.0939998626709,16.13800048828125,14.881999969482422,15.33899974822998,565045000,8667225112.73861
2022-12-23,15.196000099182129,15.33899974822998,14.883000373840332,15.206000328063965,349326000,5311851270.601273
2022-12-27,15.074000358581543,15.100000381469727,14.055999755859375,14.121000289916992,464902000,6564881276.7829895
2022-12-28,13.927000045776367,14.26200008392334,13.883999824523926,14.03600025177002,351066000,4927562464.387894
2022-12-29,14.402000427246094,14.682999610900879,14.22700023651123,14.602999687194824,354923000,5182940457.978249
2022-12-30,14.333999633789062,14.628999710083008,14.232999801635742,14.61400032043457,310490000,4537500959.49173
2023-01-03,14.85099983215332,14.996000289916992,14.095999717712402,14.3149995803833,401277000,5744280086.61747
2023-01-04,14.567000389099121,14.852999687194824,14.241000175476074,14.74899959564209,431324000,6361597501.590729
2023-01-05,14.491000175476074,14.564000129699707,14.14799976348877,14.265000343322754,389168000,5551481653.6102295
2023-01-06,14.473999977111816,15.010000228881836,14.034000396728516,14.859000205993652,405044000,6018548879.436493
2023-01-09,15.284000396728516,16.055999755859375,15.140999794006348,15.628000259399414,504231000,7880122198.797226
2023-01-10,15.506999969482422,15.961999893188477,15.472000122070312,15.909000396728516,384101000,6110662961.38382
2023-01-11,15.84000015258789,16.027999877929688,15.562999725341797,16.000999450683594,353285000,5652913090.934753
2023-01-12,16.100000381469727,16.636999130249023,15.491999626159668,16.51099967956543,551409000,9104313822.309494
2023-01-13,16.277999877929688,16.922000885009766,16.165000915527344,16.89900016784668,447287000,7558703088.075638
2023-01-17,16.89900016784668,17.72800064086914,16.89900016784668,17.70199966430664,511102000,9047527432.426453
2023-01-18,17.66699981689453,17.87299919128418,17.281999588012695,17.37700080871582,439624000,7639346603.530884
2023-01-19,17.035999298095703,17.19700050354004,16.731000900268555,16.764999389648438,452932000,7593404703.552246
2023-01-20,17.01099967956543,17.856000900268555,16.825000762939453,17.839000701904297,564967000,10078446709.552765
2023-01-23,18.06399917602539,19.2450008392334,17.81800079345703,19.19300079345703,655163000,12574543978.843689
2023-01-24,18.82699966430664,19.4950008392334,18.81999969482422,19.264999389648438,496204000,9559369757.141113
2023-01-25,18.913000106811523,19.3700008392334,18.579999923706055,19.322999954223633,449537000,8686403430.42183
2023-01-26,19.701000213623047,20.166000366210938,19.277999877929688,19.802000045776367,489535000,9693772092.409134
2023-01-27,19.461999893188477,20.628000259399414,19.405000686645508,20.364999771118164,542142000,11040721705.913544
2023-01-30,19.950000762939453,20.139999389648438,19.149999618530273,19.16200065612793,488611000,9362764302.591324
2023-01-31,19.170000076293945,19.687000274658203,18.950000762939453,19.53700065612793,498017000,9729758455.762863
2023-02-01,19.69099998474121,21.191999435424805,19.611000061035156,20.94300079345703,660477000,13832370335.06012
2023-02-02,21.0,21.948999404907227,20.700000762939453,21.708999633789062,564276000,12249867477.355957
2023-02-03,21.0,21.7450008392334,20.788999557495117,21.100000381469727,429366000,9059622763.79013
2023-02-06,20.805999755859375,21.56999969482422,20.785999298095703,21.089000701904297,452197000,9536382850.399017
2023-02-07,21.381999969482422,22.259000778198242,21.149999618530273,22.17300033569336,664150000,14726198172.950745
2023-02-08,22.386999130249023,22.878000259399414,22.007999420166016,22.204999923706055,559651000,12427050412.302017
2023-02-09,22.606000900268555,23.020000457763672,22.1200008392334,22.336999893188477,523876000,11701818156.044006
2023-02-10,21.690000534057617,22.077999114990234,20.81100082397461,21.264999389648438,550737000,11711421968.856812
2023-02-13,21.538000106811523,22.04800033569336,20.961999893188477,21.788000106811523,474919000,10347535222.726822
2023-02-14,21.577999114990234,23.048999786376953,21.365999221801758,22.97100067138672,675474000,15516313707.504272
2023-02-15,22.548999786376953,22.854999542236328,22.106000900268555,22.763999938964844,420575000,9573969274.33014
2023-02-16,22.132999420166016,22.549999237060547,21.927000045776367,22.00200080871582,412026000,9065396385.211945
2023-02-17,21.631000518798828,21.739999771118164,20.975000381469727,21.38800048828125,465888000,9964412771.484375
2023-02-21,21.0,21.493999481201172,20.618000030517578,20.655000686645508,410015000,8468860106.534958
2023-02-22,20.707000732421875,21.104000091552734,20.42099952697754,20.753999710083008,513184000,10650620587.219238
2023-02-23,23.440000534057617,23.88800048828125,23.024999618530273,23.663999557495117,1117995000,26456233185.281754
2023-02-24,23.225000381469727,23.474000930786133,22.94700050354004,23.285999298095703,589716000,13732126362.075806
2023-02-27,23.670000076293945,23.8799991607666,23.45400047302246,23.500999450683594,452994000,10645811745.162964
2023-02-28,23.371999740600586,23.825000762939453,23.20599937438965,23.215999603271484,455963000,10585636827.106476
2023-03-01,23.191999435424805,23.256000518798828,22.507999420166016,22.697999954223633,460026000,10441670126.94168
2023-03-02,22.488000869750977,23.3799991607666,22.43199920654297,23.31399917602539,389415000,9078820989.131927
2023-03-03,23.31999969482422,23.899999618530273,23.1299991607666,23.889999389648438,412393000,9852068518.295288
2023-03-06,23.891000747680664,24.24799919128418,23.48699951171875,23.554000854492188,437429000,10303203039.779663
2023-03-07,23.600000381469727,24.125,23.240999221801758,23.288000106811523,515154000,11996906407.024384
2023-03-08,23.48699951171875,24.200000762939453,23.423999786376953,24.180999755859375,513573000,12418708587.615967
2023-03-09,24.174999237060547,24.45400047302246,23.382999420166016,23.43600082397461,501257000,11747459465.02304
2023-03-10,23.409000396728516,23.62700080871582,22.72599983215332,22.96500015258789,474866000,10905297762.458801
2023-03-13,22.75200080871582,23.29800033569336,22.297000885009766,22.965999603271484,421890000,9689125572.624207
2023-03-14,23.496000289916992,24.2189998626709,23.459999084472656,24.062999725341797,474910000,11427759199.562073
2023-03-15,23.76099967956543,24.285999298095703,23.360000610351562,24.22800064086914,524486000,12707247144.126892
2023-03-16,24.027000427246094,25.58799934387207,23.893999099731445,25.541000366210938,583253000,14896865086.593628
2023-03-17,25.98200035095215,26.39900016784668,25.667999267578125,25.725000381469727,848547000,21828871898.694992
2023-03-20,25.614999771118164,26.02400016784668,25.1299991607666,25.899999618530273,432747000,11208147134.92012
2023-03-21,26.18000030517578,26.392000198364258,25.381000518798828,26.198999404907227,547408000,14341541866.241455
2023-03-22,26.424999237060547,27.589000701904297,26.23699951171875,26.468000411987305,797295000,21102804388.475418
2023-03-23,27.114999771118164,27.499000549316406,26.690000534057617,27.19099998474121,564889000,15359896790.380478
2023-03-24,27.0310001373291,27.16699981689453,26.354999542236328,26.77899932861328,454920000,12182302374.572754
2023-03-27,26.836999893188477,27.0,26.364999771118164,26.5310001373291,361026000,9578380855.579376
2023-03-28,26.44700050354004,26.51300048828125,25.850000381469727,26.40999984741211,356104000,9404706585.662842
2023-03-29,26.825000762939453,27.077999114990234,26.597000122070312,26.983999252319336,393694000,10623438601.642609
2023-03-30,27.229000091552734,27.499000549316406,27.101999282836914,27.382999420166016,364516000,9981541416.641235
2023-03-31,27.139999389648438,27.833999633789062,27.104999542236328,27.777000427246094,433933000,12053357126.39618
2023-04-03,27.509000778198242,28.0,27.336000442504883,27.96500015258789,398716000,11150093000.839233
2023-04-04,27.965999603271484,28.0,27.30699920654297,27.452999114990234,368592000,10118955849.79248
2023-04-05,26.82900047302246,26.99799919128418,26.395000457763672,26.881000518798828,515015000,13844118482.189178
2023-04-06,26.583999633789062,27.079999923706055,26.427000045776367,27.03700065612793,397654000,10751371458.911896
2023-04-10,26.822999954223633,27.621000289916992,26.66900062561035,27.57900047302246,395279000,10901399727.975845
2023-04-11,27.724000930786133,27.790000915527344,27.125999450683594,27.16900062561035,314378000,8541336078.678131
2023-04-12,27.3700008392334,27.468000411987305,26.447999954223633,26.4950008392334,446259000,11823632579.515457
2023-04-13,26.733999252319336,26.886999130249023,26.32900047302246,26.46299934387207,353615000,9357713512.983322
2023-04-14,26.503999710083008,26.882999420166016,26.219999313354492,26.757999420166016,395660000,10587070050.582886
2023-04-17,26.565000534057617,27.006000518798828,26.433000564575195,27.00200080871582,321471000,8680360201.978683
2023-04-18,27.533000946044922,28.110000610351562,27.35700035095215,27.66699981689453,604812000,16733333493.255615
2023-04-19,27.361000061035156,28.0,27.23200035095215,27.930999755859375,358660000,10017732372.436523
2023-04-20,27.67099952697754,28.030000686645508,27.0,27.104000091552734,427713000,11592733191.158295
2023-04-21,26.95199966430664,27.183000564575195,26.722000122070312,27.118999481201172,345103000,9358848077.960968
2023-04-24,27.01300048828125,27.365999221801758,26.67099952697754,27.04199981689453,339282000,9174863781.87561
2023-04-25,27.077999114990234,27.246999740600586,26.225000381469727,26.240999221801758,378527000,9932926712.430954
2023-04-26,27.00200080871582,27.329999923706055,26.704999923706055,26.95599937438965,406337000,10953219917.791367
2023-04-27,27.363000869750977,27.4950008392334,26.625,27.22599983215332,377161000,10268585322.694778
2023-04-28,27.225000381469727,27.757999420166016,27.070999145507812,27.749000549316406,292216000,8108701944.519043
2023-05-01,27.84000015258789,29.058000564575195,27.780000686645508,28.90999984741211,570329000,16488211302.9747
2023-05-02,28.68000030517578,28.836000442504883,28.08300018310547,28.209999084472656,402730000,11361012931.289673
2023-05-03,27.84000015258789,28.367000579833984,27.472000122070312,27.802000045776367,383387000,10658925391.550064
2023-05-04,27.650999069213867,27.858999252319336,27.239999771118164,27.562000274658203,321850000,8870829788.398743
2023-05-05,27.826000213623047,28.7549991607666,27.731000900268555,28.68000030517578,361494000,10367648030.319214
2023-05-08,28.52199935913086,29.219999313354492,28.350000381469727,29.150999069213867,344979000,10056482507.89833
2023-05-09,28.89900016784668,28.972999572753906,28.450000762939453,28.570999145507812,314869000,8996121929.9469
2023-05-10,29.0049991607666,29.113000869750977,28.461000442504883,28.885000228881836,369350000,10668674834.537506
2023-05-11,28.895999908447266,28.950000762939453,28.246000289916992,28.577999114990234,322149000,9206373836.894989
2023-05-12,28.52899932861328,28.780000686645508,28.04599952697754,28.34000015258789,274222000,7771451521.842957
2023-05-15,28.507999420166016,28.9689998626709,28.152000427246094,28.952999114990234,293926000,8510039217.87262
2023-05-16,28.840999603271484,29.8700008392334,28.832000732421875,29.21299934387207,449405000,13128467970.132828
2023-05-17,29.583999633789062,30.198999404907227,29.43000030517578,30.17799949645996,432535000,13053041012.20131
2023-05-18,30.40999984741211,31.827999114990234,30.31999969482422,31.67799949645996,748725000,23718110172.986984
2023-05-19,31.535999298095703,31.579999923706055,30.916000366210938,31.263999938964844,473908000,14816259683.074951
2023-05-22,30.900999069213867,31.520000457763672,30.68000030517578,31.176000595092773,372000000,11597472221.374512
2023-05-23,31.0,31.288000106811523,30.631000518798828,30.687999725341797,356253000,10932691966.152191
2023-05-24,30.209999084472656,30.60700035095215,29.805999755859375,30.538000106811523,721419000,22030693499.055862
2023-05-25,38.52299880981445,39.47999954223633,36.6349983215332,37.97999954223633,1543911000,58637739073.25363
2023-05-26,37.88999938964844,39.16999816894531,37.54999923706055,38.94599914550781,714397000,27822904951.553345
2023-05-30,40.595001220703125,41.9379997253418,39.94900131225586,40.111000061035156,923401000,37038537567.359924
2023-05-31,39.487998962402344,40.29499816894531,37.821998596191406,37.83399963378906,1002580000,37931611352.84424
2023-06-01,38.48899841308594,40.04999923706055,38.34000015258789,39.77000045776367,635873000,25288669501.07956
2023-06-02,40.09700012207031,40.5,39.05799865722656,39.32699966430664,482731000,18984361874.95041
2023-06-05,38.909000396728516,39.564998626708984,38.707000732421875,39.17100143432617,396094000,15515398642.12799
2023-06-06,38.83000183105469,39.15999984741211,38.14799880981445,38.65399932861328,388729000,15025930505.012512
2023-06-07,38.915000915527344,39.499000549316406,37.35599899291992,37.474998474121094,511998000,19187124268.75305
2023-06-08,37.7239990234375,38.86399841308594,37.505001068115234,38.5099983215332,417772000,16088399018.78357
2023-06-09,39.0369987487793,39.71099853515625,38.56700134277344,38.77000045776367,427717000,16582588285.793304
2023-06-12,39.20000076293945,39.529998779296875,38.61800003051758,39.481998443603516,388701000,15346692277.02713
2023-06-13,40.18600082397461,41.10100173950195,39.7400016784668,41.02199935913086,613208000,25155018183.013916
2023-06-14,40.82400131225586,43.0,40.551998138427734,42.99700164794922,740465000,31837774825.24872
2023-06-15,42.60200119018555,43.28900146484375,42.14699935913086,42.65299987792969,568622000,24253434096.588135
2023-06-16,43.45000076293945,43.72100067138672,42.6609992980957,42.69200134277344,655709000,27993529508.468628
2023-06-20,42.99800109863281,43.9900016784668,42.67399978637695,43.80799865722656,451153000,19764110018.203735
2023-06-21,43.500999450683594,43.6150016784668,42.08000183105469,43.04499816894531,551603000,23743750124.98474
2023-06-22,42.25299835205078,43.42599868774414,42.23400115966797,43.025001525878906,417737000,17973135062.416077
2023-06-23,42.4640007019043,42.808998107910156,42.01499938964844,42.20899963378906,358140000,15116731128.845215
2023-06-26,42.46099853515625,42.763999938964844,40.099998474121094,40.63199996948242,594322000,24148491485.862732
2023-06-27,40.79899978637695,41.939998626708984,40.448001861572266,41.875999450683594,462175000,19354040046.11969
2023-06-28,40.65999984741211,41.845001220703125,40.518001556396484,41.117000579833984,582639000,23956368100.833893
2023-06-29,41.55799865722656,41.599998474121094,40.599998474121094,40.821998596191406,380514000,15533341973.831177
2023-06-30,41.68000030517578,42.54999923706055,41.500999450683594,42.301998138427734,501148000,21199561763.076782
2023-07-03,42.516998291015625,42.89799880981445,42.20199966430664,42.41299819946289,198209000,8406637960.11734
2023-07-05,42.1349983215332,43.176998138427734,42.084999084472656,42.31700134277344,323618000,13694543340.545654
2023-07-06,41.84400177001953,42.17900085449219,41.34600067138672,42.10300064086914,303582000,12781713140.556335
2023-07-07,42.321998596191406,43.2140007019043,42.18000030517578,42.50299835205078,355881000,15126009556.526184
2023-07-10,42.65700149536133,42.81100082397461,41.64899826049805,42.18000030517578,353908000,14927839548.00415
2023-07-11,42.48099899291992,42.757999420166016,42.06700134277344,42.404998779296875,298244000,12647036455.932617
2023-07-12,43.03300094604492,43.935001373291016,42.777000427246094,43.902000427246094,481277000,21129023059.62372
2023-07-13,44.518001556396484,46.154998779296875,44.492000579833984,45.97700119018555,478204000,21986385877.15149
2023-07-14,46.58300018310547,48.0880012512207,45.060001373291016,45.46900177001953,772075000,35105479541.58783
2023-07-17,46.28900146484375,46.49599838256836,45.262001037597656,46.46099853515625,510488000,23717782220.214844
2023-07-18,46.70100021362305,47.895999908447266,45.73400115966797,47.49399948120117,569164000,27031874720.718384
2023-07-19,47.4640007019043,47.81800079345703,46.742000579833984,47.07699966430664,427502000,20125511510.490417
2023-07-20,46.50699996948242,47.08700180053711,45.0620002746582,45.52000045776367,537865000,24483615046.215057
2023-07-21,45.78799819946289,45.86600112915039,44.099998474121094,44.308998107910156,963769000,42703638797.46246
2023-07-24,44.73099899291992,45.10900115966797,44.040000915527344,44.61199951171875,382516000,17064803605.22461
2023-07-25,44.941001892089844,46.18299865722656,44.92300033569336,45.67900085449219,348081000,15899992296.432495
2023-07-26,46.020999908447266,46.053001403808594,44.630001068115234,45.45199966430664,364237000,16555300001.728058
2023-07-27,46.51900100708008,47.39500045776367,45.75,45.900001525878906,455976000,20929299095.76416
2023-07-28,46.667999267578125,47.027000427246094,46.38100051879883,46.75,331194000,15483319500.0
2023-07-31,46.75400161743164,47.130001068115234,46.50600051879883,46.729000091552734,251055000,11731549117.984772
2023-08-01,46.459999084472656,46.900001525878906,46.027000427246094,46.50699996948242,237858000,11062061998.74115
2023-08-02,45.83100128173828,45.84000015258789,43.387001037597656,44.26900100708008,530142000,23468856731.895447
2023-08-03,43.79999923706055,45.11800003051758,43.79999923706055,44.51499938964844,324176000,14430694442.138672
2023-08-04,44.98500061035156,45.641998291015625,44.393001556396484,44.68000030517578,362666000,16203916990.67688
2023-08-07,45.111000061035156,45.540000915527344,44.5629997253418,45.41699981689453,322154000,14631268159.01184
2023-08-08,44.85300064086914,45.242000579833984,44.055999755859375,44.66400146484375,353843000,15804044270.324707
2023-08-09,44.27399826049805,44.3120002746582,42.13399887084961,42.55400085449219,586449000,24955751247.11609
2023-08-10,42.15999984741211,43.57400131225586,41.834999084472656,42.38800048828125,492705000,20884779780.578613
2023-08-11,41.750999450683594,42.018001556396484,40.638999938964844,40.85499954223633,533085000,21779187430.973053
2023-08-14,40.486000061035156,43.79999923706055,40.31100082397461,43.75299835205078,690286000,30202082220.443726
2023-08-15,44.560001373291016,45.268001556396484,43.709999084472656,43.939998626708984,676512000,29725936350.95215
2023-08-16,44.52000045776367,44.67499923706055,43.40599822998047,43.486000061035156,527451000,22936734218.193054
2023-08-17,43.970001220703125,44.0620002746582,43.000999450683594,43.34400177001953,452395000,19608609680.747986
2023-08-18,42.6349983215332,43.577999114990234,41.65999984741211,43.29899978637695,583768000,25276570507.2937
2023-08-21,44.49399948120117,47.064998626708984,44.22200012207031,46.96699905395508,692573000,32528075435.79483
2023-08-22,48.1349983215332,48.1870002746582,45.33300018310547,45.667999267578125,755293000,34492720170.806885
2023-08-23,45.86600112915039,47.20000076293945,45.20800018310547,47.11600112915039,779046000,36705532215.660095
2023-08-24,50.215999603271484,50.26599884033203,47.159000396728516,47.16299819946289,1156044000,54522501090.49988
2023-08-25,47.012001037597656,47.80500030517578,45.02399826049805,46.018001556396484,925341000,42582343578.19748
2023-08-28,46.481998443603516,46.97999954223633,44.88800048828125,46.834999084472656,685192000,32090966692.68799
2023-08-29,46.66600036621094,49.08100128173828,46.39099884033203,48.784000396728516,701397000,34216951526.26419
2023-08-30,49.04399871826172,49.926998138427734,48.42499923706055,49.263999938964844,735206000,36219188339.12659
2023-08-31,49.380001068115234,49.74399948120117,48.95800018310547,49.35499954223633,528570000,26087572108.039856
2023-09-01,49.762001037597656,49.79999923706055,48.141998291015625,48.50899887084961,463830000,22499928946.266174
2023-09-05,48.222999572753906,48.85100173950195,47.86000061035156,48.54800033569336,382653000,18577037972.45407
2023-09-06,48.441001892089844,48.54899978637695,46.58000183105469,47.06100082397461,468670000,22056079256.17218
2023-09-07,45.525001525878906,46.34400177001953,45.152000427246094,46.24100112915039,433330000,20037613019.29474
2023-09-08,45.94200134277344,46.60599899291992,45.270999908447266,45.571998596191406,473069000,21558699803.901672
2023-09-11,46.14799880981445,46.16299819946289,44.3120002746582,45.178001403808594,473966000,21412836613.357544
2023-09-12,44.737998962402344,45.67300033569336,44.53099822998047,44.869998931884766,349256000,15671116346.954346
2023-09-13,44.599998474121094,45.93000030517578,44.50299835205078,45.48500061035156,398355000,18119177418.136597
2023-09-14,45.95000076293945,45.98699951171875,45.13100051879883,45.58100128173828,370097000,16869391831.367493
2023-09-15,45.340999603271484,45.5989990234375,43.80799865722656,43.900001525878906,506831000,22249881673.362732
2023-09-18,42.74800109863281,44.242000579833984,42.0,43.965999603271484,500271000,21994914587.52823
2023-09-19,43.83300018310547,43.965999603271484,43.00199890136719,43.52000045776367,373064000,16235745450.775146
2023-09-20,43.599998474121094,43.90299987792969,42.222999572753906,42.23899841308594,367108000,15506274229.431152
2023-09-21,41.58300018310547,42.099998474121094,40.97999954223633,41.016998291015625,450736000,18487837741.69922
2023-09-22,41.571998596191406,42.1150016784668,41.23099899291992,41.61000061035156,479236000,19941010252.50244
2023-09-25,41.590999603271484,42.5359992980957,41.176998138427734,42.22200012207031,419091000,17694860253.15857
2023-09-26,42.000999450683594,42.81999969482422,41.654998779296875,41.9109992980957,402282000,16860040619.636536
2023-09-27,42.33000183105469,42.87200164794922,41.62900161743164,42.46799850463867,444935000,18895498914.661407
2023-09-28,42.459999084472656,43.44599914550781,42.1150016784668,43.0890007019043,424663000,18298304305.072784
2023-09-29,43.82699966430664,44.14400100708008,43.30699920654297,43.499000549316406,397830000,17305207388.534546
2023-10-02,44.029998779296875,45.17499923706055,43.861000061035156,44.78200149536133,433298000,19403951683.937073
2023-10-03,44.80799865722656,45.130001068115234,43.24599838256836,43.516998291015625,470850000,20489978645.324707
2023-10-04,43.742000579833984,44.143001556396484,43.29199981689453,44.04100036621094,361821000,15934958793.502808
2023-10-05,44.04999923706055,44.900001525878906,43.88800048828125,44.6879997253418,393483000,17583968195.926666
2023-10-06,44.19300079345703,45.78900146484375,44.0260009765625,45.762001037597656,434436000,19880660682.769775
2023-10-09,44.84199905395508,45.60499954223633,44.36800003051758,45.27299880981445,409675000,18547215787.410736
2023-10-10,45.310001373291016,46.25899887084961,45.0880012512207,45.79800033569336,368582000,16880318559.73053
2023-10-11,46.19599914550781,46.85900115966797,46.04999923706055,46.805999755859375,378137000,17699080329.681396
2023-10-12,46.777000427246094,47.60900115966797,46.33000183105469,46.94499969482422,481325000,22595801978.111267
2023-10-13,46.959999084472656,47.11600112915039,45.279998779296875,45.46099853515625,474115000,21553741320.495605
2023-10-16,45.0629997253418,46.224998474121094,44.9119987487793,46.095001220703125,375099000,17290188862.88452
2023-10-17,44.0,44.75400161743164,42.47999954223633,43.9379997253418,812333000,35692287130.88608
2023-10-18,42.590999603271484,43.21900177001953,41.82500076293945,42.19599914550781,627294000,26469297087.982178
2023-10-19,42.81100082397461,43.297000885009766,41.88199996948242,42.10100173950195,501233000,21102411404.895782
2023-10-20,41.88999938964844,42.470001220703125,41.077999114990234,41.387001037597656,477266000,19752608437.210083
2023-10-23,41.229000091552734,43.24800109863281,40.94499969482422,42.974998474121094,478530000,20564826019.821167
2023-10-24,43.07699966430664,43.696998596191406,42.691001892089844,43.66299819946289,401463000,17529078246.15097
2023-10-25,43.39799880981445,43.650001525878906,41.55500030517578,41.77899932861328,398379000,16643875973.53363
2023-10-26,41.85300064086914,42.25600051879883,39.880001068115234,40.32600021362305,541001000,21816406441.570282
2023-10-27,41.130001068115234,41.20600128173828,40.01499938964844,40.5,416784000,16879752000.0
2023-10-30,41.08700180053711,41.76599884033203,40.48099899291992,41.1609992980957,388028000,15971620235.64148
2023-10-31,40.45000076293945,40.87900161743164,39.22999954223633,40.779998779296875,517969000,21122775187.713623
2023-11-01,40.88399887084961,42.38100051879883,40.86899948120117,42.32500076293945,437593000,18521124058.856964
2023-11-02,43.327999114990234,43.88399887084961,42.89400100708008,43.50600051879883,409172000,17801437244.277954
2023-11-03,44.02000045776367,45.308998107910156,43.722999572753906,45.005001068115234,424610000,19109573503.53241
2023-11-06,45.28499984741211,45.935001373291016,44.89899826049805,45.750999450683594,400733000,18333935262.87079
2023-11-07,45.71900177001953,46.21799850463867,45.15800094604492,45.95500183105469,343165000,15770148203.353882
2023-11-08,46.099998474121094,46.867000579833984,45.96799850463867,46.57400131225586,346719000,16148091160.98404
2023-11-09,47.46699905395508,48.22999954223633,46.75,46.95000076293945,540496000,25376287612.365723
2023-11-10,47.5,48.47200012207031,47.28300094604492,48.334999084472656,421245000,20360876689.338684
2023-11-13,48.31999969482422,49.11600112915039,48.0989990234375,48.619998931884766,384136000,18676691909.698486
2023-11-14,49.68000030517578,49.83399963378906,49.040000915527344,49.65599822998047,416954000,20704267085.983276
2023-11-15,49.935001373291016,49.959999084472656,48.20000076293945,48.88800048828125,475497000,23246097568.17627
2023-11-16,48.67900085449219,49.525001525878906,48.33000183105469,49.47999954223633,339756000,16811126724.472046
2023-11-17,49.52399826049805,49.71699905395508,49.00699996948242,49.29800033569336,325205000,16031956199.169159
2023-11-20,49.3120002746582,50.54800033569336,49.180999755859375,50.409000396728516,414120000,20875375244.293213
2023-11-21,50.125999450683594,50.516998291015625,49.22200012207031,49.944000244140625,565747000,28255668306.121826
2023-11-22,49.85200119018555,50.334999084472656,47.689998626708984,48.715999603271484,899420000,43816144363.17444
2023-11-24,48.470001220703125,48.92100143432617,47.744998931884766,47.7760009765625,294645000,14076959807.739258
2023-11-27,47.79999923706055,48.529998779296875,47.652000427246094,48.242000579833984,395662000,19087526433.418274
2023-11-28,48.236000061035156,48.323001861572266,47.472999572753906,47.82099914550781,401491000,19199700767.929077
2023-11-29,48.37900161743164,48.762001037597656,47.86000061035156,48.13999938964844,382005000,18389720466.84265
2023-11-30,48.02399826049805,48.11000061035156,46.422000885009766,46.77000045776367,526247000,24612572430.89676
2023-12-01,46.525001525878906,47.20000076293945,46.1870002746582,46.76499938964844,369317000,17271109279.586792
2023-12-04,46.07699966430664,46.07699966430664,45.0099983215332,45.5099983215332,437543000,19912581195.598602
2023-12-05,45.465999603271484,46.599998474121094,45.270999908447266,46.566001892089844,371718000,17309421091.323853
2023-12-06,47.21500015258789,47.387001037597656,45.4119987487793,45.50299835205078,380590000,17317986142.807007
2023-12-07,45.70000076293945,46.62900161743164,45.604000091552734,46.59600067138672,350823000,16346948743.537903
2023-12-08,46.595001220703125,47.74100112915039,46.54999923706055,47.50600051879883,359224000,17065295530.36499
2023-12-11,47.49100112915039,47.53099822998047,45.83000183105469,46.62699890136719,509728000,23767086895.996094
2023-12-12,46.04600143432617,47.66600036621094,46.04600143432617,47.65700149536133,372387000,17746847815.85312
2023-12-13,47.62900161743164,48.59400177001953,47.608001708984375,48.0880012512207,447792000,21533422256.28662
2023-12-14,48.38999938964844,48.66999816894531,47.422000885009766,48.349998474121094,391232000,18916066603.027344
2023-12-15,48.194000244140625,49.40399932861328,48.119998931884766,48.88999938964844,479948000,23464657427.06299
2023-12-18,49.400001525878906,50.43299865722656,49.150001525878906,50.07699966430664,412587000,20661119060.497284
2023-12-19,49.42399978637695,49.70000076293945,48.89500045776367,49.604000091552734,464444000,23038280218.52112
2023-12-20,49.654998779296875,49.999000549316406,48.097999572753906,48.111000061035156,397894000,19143078258.285522
2023-12-21,48.81100082397461,49.095001220703125,48.41899871826172,48.9900016784668,300425000,14717821254.253387
2023-12-22,49.19499969482422,49.382999420166016,48.46699905395508,48.83000183105469,252507000,12329917272.354126
2023-12-26,48.96799850463867,49.599998474121094,48.959999084472656,49.27899932861328,244200000,12033931636.047363
2023-12-27,49.51100158691406,49.68000030517578,49.084999084472656,49.41699981689453,233648000,11546183173.217773
2023-12-28,49.643001556396484,49.88399887084961,49.4119987487793,49.52199935913086,246587000,12211481255.970001
2023-12-29,49.8129997253418,49.99700164794922,48.750999450683594,49.52199935913086,389293000,19278567696.51413
2024-01-02,49.24399948120117,49.29499816894531,47.595001220703125,48.167999267578125,411254000,19809282370.788574
2024-01-03,47.48500061035156,48.183998107910156,47.31999969482422,47.569000244140625,320896000,15264701902.34375
2024-01-04,47.766998291015625,48.5,47.507999420166016,47.99800109863281,306535000,14713067266.76941
2024-01-05,48.46200180053711,49.547000885009766,48.305999755859375,49.09700012207031,415039000,20377169833.66394
2024-01-08,49.512001037597656,52.275001525878906,49.479000091552734,52.25299835205078,642510000,33573073971.176147
2024-01-09,52.4010009765625,54.32500076293945,51.689998626708984,53.13999938964844,773100000,41082533528.13721
2024-01-10,53.61600112915039,54.599998474121094,53.48899841308594,54.349998474121094,533796000,29011811785.491943
2024-01-11,54.999000549316406,55.34600067138672,53.560001373291016,54.821998596191406,596759000,32715521060.264587
2024-01-12,54.619998931884766,54.970001220703125,54.33000183105469,54.709999084472656,352994000,19312301416.82434
2024-01-16,55.018001556396484,56.834999084472656,54.900001525878906,56.38199996948242,449580000,25348219546.279907
2024-01-17,56.34700012207031,56.47100067138672,54.7400016784668,56.053001403808594,474394000,26591207547.958374
2024-01-18,57.2599983215332,57.599998474121094,56.106998443603516,57.106998443603516,491650000,28076655784.79767
2024-01-19,57.98899841308594,59.5,57.224998474121094,59.49100112915039,543501000,32333418604.694366
2024-01-22,60.04899978637695,60.33100128173828,59.06999969482422,59.65399932861328,452955000,27020577265.89203
2024-01-23,59.56999969482422,59.90999984741211,58.584999084472656,59.87300109863281,294654000,17641819265.716553
2024-01-24,60.30400085449219,62.8489990234375,59.9379997253418,61.36199951171875,560271000,34379348828.430176
2024-01-25,62.349998474121094,62.71900177001953,60.849998474121094,61.617000579833984,482777000,29747270688.93051
2024-01-26,60.959999084472656,61.78300094604492,60.573001861572266,61.03099822998047,390309000,23820947888.145447
2024-01-29,61.231998443603516,62.48899841308594,60.90700149536133,62.46500015258789,348733000,21783606898.212433
2024-01-30,62.900001525878906,63.49300003051758,62.2599983215332,62.77399826049805,410735000,25783478175.525665
2024-01-31,61.439998626708984,62.26900100708008,60.70000076293945,61.527000427246094,453795000,27920645158.88214
2024-02-01,62.099998474121094,63.191001892089844,61.650001525878906,63.027000427246094,369146000,23266165099.716187
2024-02-02,63.9739990234375,66.5999984741211,63.689998626708984,66.16000366210938,476578000,31530402225.28076
2024-02-05,68.2249984741211,69.49700164794922,67.20500183105469,69.33200073242188,680078000,47151168394.104004
2024-02-06,69.62999725341797,69.75399780273438,66.30000305175781,68.2229995727539,683111000,46603881461.14349
2024-02-07,68.31900024414062,70.22000122070312,67.5999984741211,70.0989990234375,495575000,34739311441.04004
2024-02-08,70.0739974975586,70.79399871826172,69.45500183105469,69.64099884033203,414422000,28860762021.40808
2024-02-09,70.53299713134766,72.18499755859375,70.21199798583984,72.13300323486328,436637000,31495938133.461
2024-02-12,72.5999984741211,74.61100006103516,71.25,72.24800109863281,613710000,44339320754.24194
2024-02-13,70.4000015258789,73.44999694824219,69.62000274658203,72.12799835205078,602580000,43462889246.97876
2024-02-14,73.2020034790039,74.23600006103516,71.93800354003906,73.9000015258789,504917000,37313367070.4422
2024-02-15,73.86900329589844,73.9749984741211,72.4000015258789,72.65799713134766,420122000,30525223070.81604
2024-02-16,74.0999984741211,74.4020004272461,72.5009994506836,72.61299896240234,495327000,35967178937.049866
2024-02-20,71.9469985961914,71.95600128173828,67.73400115966797,69.4520034790039,704833000,48952063968.11676
2024-02-21,68.00599670410156,68.88800048828125,66.24800109863281,67.47200012207031,673755000,45459597442.24548
2024-02-22,75.0250015258789,78.57499694824219,74.22000122070312,78.53800201416016,865100000,67943225542.44995
2024-02-23,80.79000091552734,82.39399719238281,77.56999969482422,78.81700134277344,829388000,65369875109.680176
2024-02-26,79.69999694824219,80.64600372314453,78.50499725341797,79.09200286865234,503973000,39860233961.72333
2024-02-27,79.38099670410156,79.4800033569336,77.16200256347656,78.70099639892578,391705000,30827573794.441223
2024-02-28,77.62000274658203,78.93299865722656,77.125,77.66300201416016,393110000,30530102721.7865
2024-02-29,79.09400177001953,79.98999786376953,78.3499984741211,79.11199951171875,507289000,40132647120.30029
2024-03-01,80.0,82.30000305175781,79.43499755859375,82.27899932861328,479135000,39422748343.315125
2024-03-04,84.12999725341797,87.69499969482422,83.71900177001953,85.23699951171875,615616000,52473260691.40625
2024-03-05,85.2699966430664,86.09700012207031,83.41699981689453,85.96399688720703,520639000,44756209375.35858
2024-03-06,88.02200317382812,89.7239990234375,87.02999877929688,88.69999694824219,582520000,51669522222.29004
2024-03-07,90.15799713134766,92.76699829101562,89.60199737548828,92.66899871826172,608119000,56353778831.5506
2024-03-08,95.13800048828125,97.4000015258789,86.50599670410156,87.52799987792969,1142269000,99980520892.56287
2024-03-11,86.42900085449219,88.7969970703125,84.16600036621094,85.77400207519531,678364000,58185995143.73779
2024-03-12,88.04900360107422,91.95999908447266,86.1500015258789,91.91300201416016,668075000,61404778820.61005
2024-03-13,91.05500030517578,91.50399780273438,88.43499755859375,90.88800048828125,635713000,57778683454.40674
2024-03-14,89.5770034790039,90.64600372314453,86.5999984741211,87.94400024414062,602318000,52970254339.05029
2024-03-15,86.93000030517578,89.5459976196289,86.25700378417969,87.83699798583984,642086000,56398906688.73596
2024-03-18,90.38800048828125,92.40499877929688,87.08499908447266,88.45500183105469,668976000,59174273304.93164
2024-03-19,86.69999694824219,90.54399871826172,85.01000213623047,89.39800262451172,672171000,60090744822.12067
2024-03-20,89.7969970703125,90.41000366210938,88.2229995727539,90.37200164794922,479063000,43293882225.4715
2024-03-21,92.30000305175781,92.64800262451172,90.40499877929688,91.43499755859375,480372000,43922812647.2168
2024-03-22,91.14099884033203,94.77799987792969,90.83399963378906,94.28900146484375,586719000,55321148650.45166
2024-03-25,93.94100189208984,96.76599884033203,93.51000213623047,95.00199890136719,552136000,52454023665.40527
2024-03-26,95.85099792480469,96.375,92.50199890136719,92.56099700927734,513648000,47543770991.82129
2024-03-27,93.11199951171875,93.23999786376953,89.12300109863281,90.25,586067000,52892546750.0
2024-03-28,90.0,91.30000305175781,89.19300079345703,90.35600280761719,435212000,39324016693.90869
2024-04-01,90.29900360107422,92.2249984741211,89.2040023803711,90.36299896240234,452441000,40883925613.54828
2024-04-02,88.447998046875,90.09400177001953,87.62000274658203,89.4520034790039,433064000,38738442434.63135
2024-04-03,88.48400115966797,90.3740005493164,88.4000015258789,88.96399688720703,370067000,32922639436.058044
2024-04-04,90.40599822998047,90.63400268554688,85.87999725341797,85.90499877929688,434965000,37365667794.036865
2024-04-05,86.86599731445312,88.48100280761719,85.9260025024414,88.00800323486328,399678000,35174862716.90369
2024-04-08,88.69999694824219,88.83000183105469,86.73200225830078,87.13300323486328,283220000,24677809176.17798
2024-04-09,87.44200134277344,87.63500213623047,83.02200317382812,85.35399627685547,501700000,42822099932.09839
2024-04-10,83.9260025024414,87.4000015258789,83.70899963378906,87.03900146484375,431929000,37594668863.708496
2024-04-11,87.41999816894531,90.73899841308594,86.9260025024414,90.61599731445312,431637000,39113217232.8186
2024-04-12,89.6989974975586,90.17500305175781,87.52999877929688,88.18599700927734,426805000,37638224453.54462
2024-04-15,89.0979995727539,90.61299896240234,85.92900085449219,86.0009994506836,443077000,38105064833.610535
2024-04-16,86.43299865722656,88.11799621582031,86.06400299072266,87.41500091552734,370453000,32383149334.15985
2024-04-17,88.33999633789062,88.7750015258789,83.94999694824219,84.03500366210938,495400000,41630940814.208984
2024-04-18,84.97000122070312,86.19000244140625,82.4020004272461,84.6709976196289,447260000,37869950395.355225
2024-04-19,83.1500015258789,84.3239974975586,75.60600280761719,76.19999694824219,875198000,66690084929.107666
2024-04-22,78.10399627685547,80.072998046875,76.4000015258789,79.51799774169922,596341000,47419842291.28265
2024-04-23,80.76899719238281,82.76899719238281,80.26399993896484,82.4229965209961,438559000,36147346931.251526
2024-04-24,83.94999694824219,84.08200073242188,79.18299865722656,79.677001953125,512208000,40811197816.40625
2024-04-25,78.86799621582031,83.322998046875,78.2229995727539,82.63200378417969,424641000,35088936718.91785
2024-04-26,83.81800079345703,88.33100128173828,83.38700103759766,87.73500061035156,551011000,48342950421.310425
2024-04-29,87.59500122070312,87.99199676513672,85.26599884033203,87.75700378417969,388971000,34134929518.936157
2024-04-30,87.23999786376953,88.81900024414062,86.30000305175781,86.4020004272461,363709000,31425185173.39325
2024-05-01,85.0770034790039,86.0,81.25499725341797,83.04100036621094,559863000,46491583588.027954
2024-05-02,84.4489974975586,86.23699951171875,83.19999694824219,85.81700134277344,377898000,32430073173.431396
2024-05-03,87.78900146484375,89.28099822998047,87.04000091552734,88.78900146484375,398341000,35368299632.507324
2024-05-06,89.38999938964844,92.22000122070312,89.05500030517578,92.13999938964844,376203000,34663344190.38391
2024-05-07,91.0979995727539,91.78099822998047,89.01100158691406,90.55400085449219,437342000,39603067841.70532
2024-05-08,89.48300170898438,91.19400024414062,89.41999816894531,90.41200256347656,325721000,29449087886.97815
2024-05-09,90.52899932861328,91.0719985961914,88.23100280761719,88.74700164794922,378013000,33547520333.946228
2024-05-10,90.30500030517578,91.4010009765625,89.22699737548828,89.87799835205078,335325000,30138339797.40143
2024-05-13,90.47799682617188,90.99800109863281,88.52899932861328,90.39900207519531,289680000,26186782921.14258
2024-05-14,89.5989990234375,91.6510009765625,88.93399810791016,91.35600280761719,296507000,27087694324.47815
2024-05-15,92.47200012207031,94.86199951171875,91.5989990234375,94.62999725341797,417735000,39530261902.656555
2024-05-16,94.91000366210938,95.81900024414062,94.10299682617188,94.35900115966797,323952000,30567787143.676758
2024-05-17,94.36900329589844,94.73999786376953,91.80599975585938,92.47899627685547,359691000,33263862649.81842
2024-05-20,93.75,95.19999694824219,93.44000244140625,94.77999877929688,318764000,30212451530.88379
2024-05-21,93.5989990234375,95.4000015258789,93.18000030517578,95.38600158691406,328946000,31376843678.009033
2024-05-22,95.45899963378906,96.0199966430664,93.2490005493164,94.94999694824219,548648000,52094125925.65918
2024-05-23,102.02799987792969,106.31999969482422,101.5199966430664,103.79900360107422,835065000,86678914942.13104
2024-05-24,104.4489974975586,106.4749984741211,103.0,106.46900177001953,429494000,45727797446.21277
2024-05-28,110.24400329589844,114.93900299072266,109.88300323486328,113.9010009765625,652728000,74346372565.42969
2024-05-29,113.05000305175781,115.49199676513672,110.9010009765625,114.82499694824219,557442000,64008275948.82202
2024-05-30,114.6500015258789,115.81900024414062,109.66300201416016,110.5,484553000,53543106500.0
2024-05-31,112.5199966430664,112.71700286865234,106.94000244140625,109.63300323486328,613263000,67233864462.82196
2024-06-03,113.62100219726562,115.0,112.00299835205078,115.0,438392000,50415080000.0
2024-06-04,115.71600341796875,116.5999984741211,114.04499816894531,116.43699645996094,403324000,46961835160.217285
2024-06-05,118.37100219726562,122.4489974975586,117.46800231933594,122.44000244140625,528402000,64697542170.043945
2024-06-06,124.0479965209961,125.58699798583984,118.31999969482422,120.99800109863281,664696000,80426887338.25684
2024-06-07,119.7699966430664,121.69200134277344,118.02200317382812,120.88800048828125,412386000,49852518969.36035
2024-06-10,120.37000274658203,123.0999984741211,117.01000213623047,121.79000091552734,313434100,38173139325.95749
2024-06-11,121.7699966430664,122.87000274658203,118.73999786376953,120.91000366210938,222551200,26908666407.006836
2024-06-12,123.05999755859375,126.87999725341797,122.56999969482422,125.19999694824219,299595000,37509293085.70862
2024-06-13,129.38999938964844,129.8000030517578,127.16000366210938,129.61000061035156,260704500,33789910404.1214
2024-06-14,129.9600067138672,132.83999633789062,128.32000732421875,131.8800048828125,309320400,40793175862.353516
2024-06-17,132.99000549316406,133.72999572753906,129.5800018310547,130.97999572753906,288504400,37788305079.37622
2024-06-18,131.13999938964844,136.3300018310547,130.69000244140625,135.5800018310547,294335100,39905953396.943665
2024-06-20,139.8000030517578,140.75999450683594,129.52000427246094,130.77999877929688,517768400,67713750719.958496
2024-06-21,127.12000274658203,130.6300048828125,124.30000305175781,126.56999969482422,649445800,82200354707.80487
2024-06-24,123.23999786376953,124.45999908447266,118.04000091552734,118.11000061035156,476060900,56227553189.564514
2024-06-25,121.19999694824219,126.5,119.31999969482422,126.08999633789062,414192600,52225543417.1814
2024-06-26,126.12999725341797,128.1199951171875,122.5999984741211,126.4000015258789,362975900,45880154313.85727
2024-06-27,124.0999984741211,126.41000366210938,122.91999816894531,123.98999786376953,252571700,31316364543.44864
2024-06-28,124.58000183105469,127.70999908447266,122.75,123.54000091552734,315516700,38978933406.86417
2024-07-01,123.47000122070312,124.83999633789062,118.83000183105469,124.30000305175781,284885500,35411268519.40155
2024-07-02,121.12999725341797,123.41000366210938,121.02999877929688,122.66999816894531,218374000,26787938180.145264
2024-07-03,121.66000366210938,128.27999877929688,121.36000061035156,128.27999877929688,215749000,27676281456.63452
2024-07-05,127.37999725341797,128.85000610351562,125.68000030517578,125.83000183105469,214176700,26949854553.16925
2024-07-08,127.48999786376953,130.77000427246094,127.04000091552734,128.1999969482422,237677300,30470229134.666443
2024-07-09,130.35000610351562,133.82000732421875,128.64999389648438,131.3800048828125,285366600,37491465301.3916
2024-07-10,134.02999877929688,135.10000610351562,132.4199981689453,134.91000366210938,248978600,33589703837.786865
2024-07-11,135.75,136.14999389648438,127.05000305175781,127.4000015258789,374782700,47747316551.87302
2024-07-12,128.25999450683594,131.9199981689453,127.22000122070312,129.24000549316406,252680500,32656429208.01544
2024-07-15,130.55999755859375,131.38999938964844,127.18000030517578,128.44000244140625,208326200,26757417636.608887
2024-07-16,128.44000244140625,129.0399932861328,124.58000183105469,126.36000061035156,214769500,27138274151.0849
2024-07-17,121.3499984741211,121.8499984741211,116.72000122070312,117.98999786376953,390086200,46026269904.685974
2024-07-18,121.8499984741211,122.4000015258789,116.55999755859375,121.08999633789062,320979500,38867406479.537964
2024-07-19,120.3499984741211,121.5999984741211,117.37000274658203,117.93000030517578,217223800,25617202800.291443
2024-07-22,120.3499984741211,124.06999969482422,119.86000061035156,123.54000091552734,258068900,31881832142.269135
2024-07-23,122.77999877929688,124.69000244140625,122.0999984741211,122.58999633789062,173911000,21319748853.118896
2024-07-24,119.16999816894531,119.94999694824219,113.44000244140625,114.25,327776900,37448510825.0
2024-07-25,113.04000091552734,116.62999725341797,106.30000305175781,112.27999877929688,460067000,51656322198.394775
2024-07-26,116.19000244140625,116.19999694824219,111.58000183105469,113.05999755859375,293399100,33171701529.693604
2024-07-29,113.69000244140625,116.27999877929688,111.30000305175781,111.58999633789062,248152100,27691291930.23987
2024-07-30,111.5199966430664,111.98999786376953,102.54000091552734,103.7300033569336,486833300,50499219843.26706
2024-07-31,112.9000015258789,118.33999633789062,110.87999725341797,117.0199966430664,473174200,55370843295.58563
2024-08-01,117.52999877929688,120.16000366210938,106.80999755859375,109.20999908447266,523462300,57167317303.75595
2024-08-02,103.76000213623047,108.72000122070312,101.37000274658203,107.2699966430664,482027500,51707088306.86569
2024-08-05,92.05999755859375,103.41000366210938,90.69000244140625,100.44999694824219,552842400,55533017392.85889
2024-08-06,103.83999633789062,107.70999908447266,100.55000305175781,104.25,409012100,42639511425.0
2024-08-07,107.80999755859375,108.80000305175781,98.69000244140625,98.91000366210938,411440400,40695571470.739746
2024-08-08,102.0,105.5,97.5199966430664,104.97000122070312,391910000,41138793178.40576
2024-08-09,105.63999938964844,106.5999984741211,103.43000030517578,104.75,290844200,30465929950.0
2024-08-12,106.31999969482422,111.06999969482422,106.26000213623047,109.0199966430664,325559900,35492539205.117035
2024-08-13,112.44000244140625,116.2300033569336,111.58000183105469,116.13999938964844,312646700,36310787547.1756
2024-08-14,118.52999877929688,118.5999984741211,114.06999969482422,118.08000183105469,339246400,40058215533.17871
2024-08-15,118.76000213623047,123.23999786376953,117.47000122070312,122.86000061035156,318086700,39080132156.144714
2024-08-16,121.94000244140625,125.0,121.18000030517578,124.58000183105469,302589900,37696650296.058655
2024-08-19,124.27999877929688,130.0,123.41999816894531,130.0,318333600,41383368000.0
2024-08-20,128.39999389648438,129.8800048828125,125.88999938964844,127.25,300087400,38186121650.0
2024-08-21,127.31999969482422,129.35000610351562,126.66000366210938,128.5,257883600,33138042600.0
2024-08-22,130.02000427246094,130.75,123.0999984741211,123.73999786376953,376189100,46549638430.37338
2024-08-23,125.86000061035156,129.60000610351562,125.22000122070312,129.3699951171875,323230300,41816302332.72705
2024-08-26,129.57000732421875,131.25999450683594,124.37000274658203,126.45999908447266,331964700,41980255658.07724
2024-08-27,125.05000305175781,129.1999969482422,123.87999725341797,128.3000030517578,303134600,38892170105.09338
2024-08-28,128.1199951171875,128.3300018310547,122.63999938964844,125.61000061035156,448101100,56285979444.49921
2024-08-29,121.36000061035156,124.43000030517578,116.70999908447266,117.58999633789062,453023300,53271008187.979126
2024-08-30,119.52999877929688,121.75,117.22000122070312,119.37000274658203,333751600,39839929408.67615
2024-09-03,116.01000213623047,116.20999908447266,107.29000091552734,108.0,477155100,51532750800.0
2024-09-04,105.41000366210938,113.2699966430664,104.12000274658203,106.20999908447266,372470300,39560070221.993256
2024-09-05,104.98999786376953,109.6500015258789,104.76000213623047,107.20999908447266,306850700,32897463266.069794
2024-09-06,108.04000091552734,108.1500015258789,100.94999694824219,102.83000183105469,413638100,42534406580.39398
2024-09-09,104.87999725341797,106.55000305175781,103.69000244140625,106.47000122070312,273912000,29163410974.365234
2024-09-10,107.80999755859375,109.4000015258789,104.94999694824219,108.0999984741211,268283700,29001467560.63156
2024-09-11,109.38999938964844,117.19000244140625,107.41999816894531,116.91000366210938,441422400,51606694400.53711
2024-09-12,116.83999633789062,120.79000091552734,115.37999725341797,119.13999938964844,366052700,43611518454.57916
2024-09-13,119.08000183105469,119.95999908447266,117.5999984741211,119.0999984741211,238358300,28388473166.294098
2024-09-16,116.79000091552734,118.18000030517578,114.36000061035156,116.77999877929688,248772300,29051628890.322876
2024-09-17,118.16999816894531,118.80000305175781,114.83000183105469,115.58999633789062,231925900,26808313931.661987
2024-09-18,115.88999938964844,117.69999694824219,113.22000122070312,113.37000274658203,310318900,35180854545.316315
2024-09-19,117.3499984741211,119.66000366210938,117.25,117.87000274658203,293506400,34595600174.139404
2024-09-20,117.05999755859375,118.62000274658203,115.38999938964844,116.0,382462400,44365638400.0
2024-09-23,116.55000305175781,116.98999786376953,114.86000061035156,116.26000213623047,206228500,23976125850.551605
2024-09-24,116.5199966430664,121.80000305175781,115.37999725341797,120.87000274658203,354966800,42904838090.945435
2024-09-25,122.0199966430664,124.94000244140625,121.61000061035156,123.51000213623047,284692900,35162420687.16965
2024-09-26,126.80000305175781,127.66999816894531,121.80000305175781,124.04000091552734,302582900,37532383193.02292
2024-09-27,123.97000122070312,124.02999877929688,119.26000213623047,121.4000015258789,271009200,32900517293.52722
2024-09-30,118.30999755859375,121.5,118.1500015258789,121.44000244140625,226553700,27512681881.10962
2024-10-01,121.7699966430664,122.44000244140625,115.79000091552734,117.0,302094500,35345056500.0
2024-10-02,116.44000244140625,119.37999725341797,115.13999938964844,118.8499984741211,221845900,26366384876.49002
2024-10-03,120.91999816894531,124.36000061035156,120.33999633789062,122.8499984741211,277118000,34043945877.15149
2024-10-04,124.94000244140625,125.04000091552734,121.83000183105469,124.91999816894531,243678100,30440267805.812073
2024-10-07,124.98999786376953,130.63999938964844,124.94999694824219,127.72000122070312,346250200,44223075966.6687
2024-10-08,130.25999450683594,133.47999572753906,129.4199981689453,132.88999938964844,285722500,37969662850.608826
2024-10-09,134.11000061035156,134.52000427246094,131.3800048828125,132.64999389648438,246191600,32657314237.365723
2024-10-10,131.91000366210938,135.0,131.0,134.80999755859375,242311300,32665985761.419678
2024-10-11,134.00999450683594,135.77999877929688,133.66000366210938,134.8000030517578,170209500,22944241119.43817
2024-10-14,136.47000122070312,139.60000610351562,136.3000030517578,138.07000732421875,232347700,32080248640.76538
2024-10-15,137.8699951171875,138.57000732421875,128.74000549316406,131.60000610351562,377831000,49722561906.09741
2024-10-16,133.97999572753906,136.6199951171875,131.5800018310547,135.72000122070312,264879700,35949473207.33948
2024-10-17,139.33999633789062,140.88999938964844,136.8699951171875,136.92999267578125,306435900,41960265542.596436
2024-10-18,138.6699981689453,138.89999389648438,137.27999877929688,138.0,176090200,24300447600.0
2024-10-21,138.1300048828125,143.7100067138672,138.0,143.7100067138672,264554500,38019128971.18378
2024-10-22,142.91000366210938,144.4199981689453,141.77999877929688,143.58999633789062,226311600,32496081815.222168
2024-10-23,142.02999877929688,142.42999267578125,137.4600067138672,139.55999755859375,285930000,39904390101.92871
2024-10-24,140.82000732421875,141.35000610351562,138.4600067138672,140.41000366210938,172354900,24200352140.182495
2024-10-25,140.92999267578125,144.1300048828125,140.8000030517578,141.5399932861328,205122100,29032980656.837463
2024-10-28,143.0,143.13999938964844,140.0500030517578,140.52000427246094,173586700,24392403825.642395
2024-10-29,140.2899932861328,142.25999450683594,138.89999389648438,141.25,157593600,22260096000.0
2024-10-30,139.5399932861328,140.3300018310547,136.80999755859375,139.33999633789062,179418100,25000117396.951294
2024-10-31,137.60000610351562,137.61000061035156,132.11000061035156,132.75999450683594,270039600,35850455812.628174
2024-11-01,134.6999969482422,137.30999755859375,134.57000732421875,135.39999389648438,207127800,28045102855.792236
2024-11-04,137.2100067138672,138.9600067138672,135.57000732421875,136.0500030517578,187528200,25513212182.29065
2024-11-05,137.4499969482422,140.3699951171875,137.3300018310547,139.91000366210938,160537400,22460788221.905518
2024-11-06,142.9600067138672,146.49000549316406,141.9600067138672,145.61000061035156,242043900,35244012426.73187
2024-11-07,146.38999938964844,148.92999267578125,146.1699981689453,148.8800048828125,207323300,30866293916.3208
2024-11-08,148.77000427246094,149.77000427246094,146.25999450683594,147.6300048828125,175665800,25933542911.743164
2024-11-11,148.67999267578125,148.85000610351562,143.57000732421875,145.25999450683594,182325600,26484615654.455566
2024-11-12,146.77999877929688,149.64999389648438,146.00999450683594,148.2899932861328,198634700,29455538329.393005
2024-11-13,149.07000732421875,149.3300018310547,145.89999389648438,146.27000427246094,191903300,28069696510.899353
2024-11-14,147.63999938964844,149.0,145.5500030517578,146.75999450683594,194463300,28539432839.78119
2024-11-15,144.8699951171875,145.24000549316406,140.0800018310547,141.97999572753906,250132900,35513868073.316956
2024-11-18,139.5,141.5500030517578,137.14999389648438,140.14999389648438,221205300,31001921444.869995
2024-11-19,141.32000732421875,147.1300048828125,140.99000549316406,147.00999450683594,227834900,33494007397.465515
2024-11-20,147.41000366210938,147.55999755859375,142.72999572753906,145.88999938964844,309871700,45207182123.86932
2024-11-21,149.35000610351562,152.88999938964844,140.6999969482422,146.6699981689453,400946600,58806837087.84485
2024-11-22,145.92999267578125,147.16000366210938,141.10000610351562,141.9499969482422,236406200,33557859368.545532
2024-11-25,141.99000549316406,142.0500030517578,135.82000732421875,136.02000427246094,344941900,46918998711.75079
2024-11-26,137.6999969482422,139.3000030517578,135.6699981689453,136.9199981689453,190287700,26054191535.572815
2024-11-27,135.00999450683594,137.22000122070312,131.8000030517578,135.33999633789062,226370900,30637036777.005005
2024-11-29,136.77999877929688,139.35000610351562,136.0500030517578,138.25,141863200,19612587400.0
2024-12-02,138.8300018310547,140.4499969482422,137.82000732421875,138.6300048828125,171682800,23800387402.29492
2024-12-03,138.25999450683594,140.5399932861328,137.9499969482422,140.25999450683594,164414000,23060706736.846924
2024-12-04,142.0,145.7899932861328,140.2899932861328,145.13999938964844,231224300,33559894760.871887
2024-12-05,145.11000061035156,146.5399932861328,143.9499969482422,145.05999755859375,172621200,25040430850.561523
2024-12-06,144.60000610351562,145.6999969482422,141.30999755859375,142.44000244140625,188505600,26850738124.21875
2024-12-09,138.97000122070312,139.9499969482422,137.1300048828125,138.80999755859375,189308600,26277926303.8208
2024-12-10,139.00999450683594,141.82000732421875,133.7899932861328,135.07000732421875,210020900,28367524501.239014
2024-12-11,137.36000061035156,140.1699981689453,135.2100067138672,139.30999755859375,184905200,25759142960.57129
2024-12-12,137.0800018310547,138.44000244140625,135.8000030517578,137.33999633789062,159211400,21866093092.95044
2024-12-13,138.94000244140625,139.60000610351562,132.5399932861328,134.25,231514900,31080875325.0
2024-12-16,134.17999267578125,134.39999389648438,130.4199981689453,132.0,237951100,31409545200.0
2024-12-17,129.08999633789062,131.58999633789062,126.86000061035156,130.38999938964844,259410300,33824508858.668518
2024-12-18,133.86000061035156,136.6999969482422,128.27999877929688,128.91000366210938,277444500,35765371511.032104
2024-12-19,131.75999450683594,134.02999877929688,129.5500030517578,130.67999267578125,209719200,27406103519.970703
2024-12-20,129.80999755859375,135.27999877929688,128.22000122070312,134.6999969482422,306528600,41289401484.54895
2024-12-23,136.27999877929688,139.7899932861328,135.1199951171875,139.6699981689453,176053500,24589392022.636414
2024-12-24,140.0,141.89999389648438,138.64999389648438,140.22000122070312,105157000,14745114668.365479
2024-12-26,139.6999969482422,140.85000610351562,137.72999572753906,139.92999267578125,116205600,16260648756.884766
2024-12-27,138.5500030517578,139.02000427246094,134.7100067138672,137.00999450683594,170582600,23371521088.961792
2024-12-30,134.8300018310547,140.27000427246094,134.02000427246094,137.49000549316406,167734700,23061844824.394226
2024-12-31,138.02999877929688,138.07000732421875,133.8300018310547,134.2899932861328,155659200,20903472922.924805
2025-01-02,136.0,138.8800048828125,134.6300048828125,138.30999755859375,198247200,27419569747.998047
2025-01-03,140.00999450683594,144.89999389648438,139.72999572753906,144.47000122070312,229322500,33130221854.934692
2025-01-06,148.58999633789062,152.16000366210938,147.82000732421875,149.42999267578125,265377400,39655342938.31787
2025-01-07,153.02999877929688,153.1300048828125,140.00999450683594,140.13999938964844,351782200,49298757293.289185
2025-01-08,142.5800018310547,143.9499969482422,137.55999755859375,140.11000061035156,227349900,31853994627.763367
2025-01-10,137.4499969482422,139.9199981689453,134.22000122070312,135.91000366210938,207602500,28215256535.26306
2025-01-13,129.99000549316406,133.49000549316406,129.50999450683594,133.22999572753906,204808900,27286688871.961975
2025-01-14,136.0500030517578,136.3800048828125,130.0500030517578,131.75999450683594,195590500,25771003205.589294
2025-01-15,133.64999389648438,136.4499969482422,131.2899932861328,136.24000549316406,185217300,25234005969.429016
2025-01-16,138.63999938964844,138.75,133.49000549316406,133.57000732421875,209235600,27947600624.487305
2025-01-17,136.69000244140625,138.5,135.4600067138672,137.7100067138672,201188800,27705710998.754883
2025-01-21,139.16000366210938,141.8300018310547,137.08999633789062,140.8300018310547,197749000,27848992032.089233
2025-01-22,144.66000366210938,147.7899932861328,143.6699981689453,147.07000732421875,237651400,34951393138.61084
2025-01-23,145.0500030517578,147.22999572753906,143.72000122070312,147.22000122070312,155915500,22953880100.326538
2025-01-24,148.3699951171875,148.97000122070312,141.8800048828125,142.6199951171875,234657600,33466865766.210938
2025-01-27,124.80000305175781,128.39999389648438,116.69999694824219,118.41999816894531,818830900,96965953678.67584
2025-01-28,121.80999755859375,129.0,116.25,128.99000549316406,579666400,74771172120.20264
2025-01-29,126.5,126.88999938964844,120.05000305175781,123.69999694824219,467120600,57782816794.46106
2025-01-30,123.0999984741211,125.0,118.0999984741211,124.6500015258789,392925500,48978164174.55673
2025-01-31,123.77999877929688,127.8499984741211,119.19000244140625,120.06999969482422,388161100,46606503158.54263
2025-02-03,114.75,118.56999969482422,113.01000213623047,116.66000366210938,371235700,43308358121.50574
2025-02-04,116.95999908447266,121.19999694824219,116.69999694824219,118.6500015258789,256550000,30439657891.464233
2025-02-05,121.76000213623047,125.0,120.76000213623047,124.83000183105469,262230800,32734271244.158936
2025-02-06,127.41999816894531,128.77000427246094,125.20999908447266,128.67999267578125,251483600,32360907806.0791
2025-02-07,129.22000122070312,130.3699951171875,125.0,129.83999633789062,228186300,29627708356.35681
2025-02-10,130.08999633789062,135.0,129.9600067138672,133.57000732421875,216989100,28983235676.275635
2025-02-11,132.5800018310547,134.47999572753906,131.02000427246094,132.8000030517578,178902400,23758239265.966797
2025-02-12,130.02000427246094,132.24000549316406,129.0800018310547,131.13999938964844,160278600,21018935506.173706
2025-02-13,131.55999755859375,136.5,131.1699981689453,135.2899932861328,197430000,26710303374.4812
2025-02-14,136.47999572753906,139.25,135.5,138.85000610351562,195479600,27142343653.112793
2025-02-18,141.27000427246094,143.44000244140625,137.92999267578125,139.39999389648438,219176600,30553216702.252197
2025-02-19,139.50999450683594,141.36000061035156,137.22000122070312,139.22999572753906,167536000,23326036564.208984
2025-02-20,140.02999877929688,140.66000366210938,136.7899932861328,140.11000061035156,143903600,20162333483.831787
2025-02-21,140.0399932861328,141.4600067138672,134.02999877929688,134.42999267578125,228217600,30679290296.484375
2025-02-24,136.55999755859375,138.58999633789062,130.0800018310547,130.27999877929688,251381100,32749929401.138306
2025-02-25,129.97999572753906,130.1999969482422,124.44000244140625,126.62999725341797,271428700,34371015535.49881
2025-02-26,129.99000549316406,133.72999572753906,128.49000549316406,131.27999877929688,322553800,42344862470.25757
2025-02-27,135.0,135.00999450683594,120.01000213623047,120.1500015258789,443175800,53247573046.232605
2025-02-28,118.0199966430664,125.08999633789062,116.4000015258789,124.91999816894531,389091100,48605259499.55292
2025-03-03,123.51000213623047,123.69999694824219,112.27999877929688,114.05999755859375,411381400,46922161479.65088
2025-03-04,110.6500015258789,119.30999755859375,110.11000061035156,115.98999786376953,398163300,46182960316.43143
2025-03-05,117.58000183105469,118.27999877929688,114.51000213623047,117.30000305175781,284337900,33352836537.730408
2025-03-06,113.52999877929688,115.3499984741211,110.22000122070312,110.56999969482422,321181900,35513082584.98306
2025-03-07,111.25,113.4800033569336,107.55999755859375,112.69000244140625,341755500,38512428129.36401
2025-03-10,109.9000015258789,111.8499984741211,105.45999908447266,106.9800033569336,366487400,39206823282.273865
2025-03-11,106.98999786376953,112.23999786376953,104.7699966430664,108.76000213623047,354865700,38595194290.07492
2025-03-12,114.12000274658203,116.76000213623047,112.87999725341797,115.73999786376953,323857500,37483266358.16574
2025-03-13,117.02999877929688,117.76000213623047,113.79000091552734,115.58000183105469,299033100,34562246245.54596
2025-03-14,118.61000061035156,121.87999725341797,118.1500015258789,121.66999816894531,277593500,33774800636.71112
2025-03-17,122.73999786376953,122.88999938964844,118.02999877929688,119.52999877929688,255501500,30540093983.10852
2025-03-18,118.0,119.0199966430664,114.54000091552734,115.43000030517578,299686900,34592858958.457184
2025-03-19,117.2699966430664,120.44999694824219,115.68000030517578,117.5199966430664,273426200,32133046106.126404
2025-03-20,116.55000305175781,120.19999694824219,116.47000122070312,118.52999877929688,248829700,29493784037.252808
2025-03-21,116.94000244140625,117.98999786376953,115.41999816894531,117.69999694824219,266498500,31366872636.71112
2025-03-24,119.87999725341797,122.22000122070312,119.33999633789062,121.41000366210938,228452500,27736418861.618042
2025-03-25,120.55000305175781,121.29000091552734,118.91999816894531,120.69000244140625,167447200,20209202976.80664
2025-03-26,118.7300033569336,118.83999633789062,112.70999908447266,113.76000213623047,293463300,33384385634.905243
2025-03-27,111.3499984741211,114.44999694824219,110.66000366210938,111.43000030517578,236902100,26398001075.296783
2025-03-28,111.48999786376953,112.87000274658203,109.06999969482422,109.66999816894531,229872500,25210116654.09088
2025-03-31,105.12999725341797,110.95999908447266,103.6500015258789,108.37999725341797,299212700,32428671604.187775
2025-04-01,108.5199966430664,110.19999694824219,106.47000122070312,110.1500015258789,222614000,24520932439.682007
2025-04-02,107.29000091552734,111.9800033569336,106.79000091552734,110.41999816894531,220601200,24358784100.06714
2025-04-03,103.51000213623047,105.62999725341797,101.5999984741211,101.80000305175781,338769400,34486725953.84216
2025-04-04,98.91000366210938,100.12999725341797,92.11000061035156,94.30999755859375,532273800,50198740778.50342
2025-04-07,87.45999908447266,101.75,86.62000274658203,97.63999938964844,611041300,59662072159.04999
2025-04-08,103.80999755859375,105.8499984741211,94.45999908447266,96.30000305175781,476243400,45862240873.37952
2025-04-09,98.88999938964844,115.0999984741211,97.52999877929688,114.33000183105469,612918300,70074950361.28693
2025-04-10,109.37000274658203,110.86000061035156,99.1500015258789,107.56999969482422,437812400,47095479734.39026
2025-04-11,108.5,111.55000305175781,107.4800033569336,110.93000030517578,313417300,34767381184.64737
2025-04-14,114.11000061035156,114.29000091552734,109.06999969482422,110.70999908447266,264705000,29305490307.655334
2025-04-15,110.97000122070312,113.62000274658203,110.5,112.19999694824219,228966900,25690085481.248474
2025-04-16,104.55000305175781,106.79000091552734,100.44999694824219,104.48999786376953,397016900,41484295032.8804
2025-04-17,104.44999694824219,104.47000122070312,100.05000305175781,101.48999786376953,292517500,29687600450.115204
2025-04-21,98.7699966430664,99.44000244140625,95.04000091552734,96.91000366210938,288501100,27958642657.522583
2025-04-22,98.77999877929688,99.80999755859375,97.27999877929688,98.88999938964844,241004800,23832964524.902344
2025-04-23,104.5199966430664,104.80000305175781,102.0199966430664,102.70999908447266,247526000,25423395233.38318
2025-04-24,103.4800033569336,106.54000091552734,103.11000061035156,106.43000030517578,220815000,23501340517.38739
2025-04-25,106.8499984741211,111.91999816894531,105.7300033569336,111.01000213623047,251064700,27870692883.33206
2025-04-28,109.69000244140625,110.37000274658203,106.0199966430664,108.7300033569336,207708500,22584145902.26364
2025-04-29,107.66999816894531,110.19999694824219,107.44000244140625,109.0199966430664,170444300,18581837013.829803
2025-04-30,104.47000122070312,108.91999816894531,104.08000183105469,108.91999816894531,235044600,25601057401.620483
2025-05-01,113.08000183105469,114.94000244140625,111.30000305175781,111.61000061035156,236121500,26353520759.117126
2025-05-02,114.18000030517578,115.4000015258789,113.37000274658203,114.5,190194800,21777304600.0
2025-05-05,112.91000366210938,114.66999816894531,112.66000366210938,113.81999969482422,133163200,15156635383.361816
2025-05-06,111.4800033569336,114.73999786376953,110.81999969482422,113.54000091552734,158525600,17998996769.13452
2025-05-07,113.05000305175781,117.68000030517578,112.27999877929688,117.05999755859375,206758800,24203184623.217773
2025-05-08,118.25,118.68000030517578,115.8499984741211,117.37000274658203,198428100,23289506641.999054
2025-05-09,117.3499984741211,118.2300033569336,115.20999908447266,116.6500015258789,132972200,15511207332.899475
2025-05-12,121.97000122070312,123.0,120.27999877929688,123.0,225023300,27677865900.0
2025-05-13,124.9800033569336,131.22000122070312,124.47000122070312,129.92999267578125,330430100,42932780472.857666
2025-05-14,133.1999969482422,135.44000244140625,131.67999267578125,135.33999633789062,281180800,38055008442.28516
2025-05-15,134.2899932861328,136.3000030517578,132.66000366210938,134.8300018310547,226632600,30556873872.976685
2025-05-16,136.22000122070312,136.35000610351562,133.4600067138672,135.39999389648438,226542500,30673853117.29431
2025-05-19,132.38999938964844,135.8699951171875,132.38999938964844,135.57000732421875,193154600,26185970536.706543
2025-05-20,134.2899932861328,134.5800018310547,132.6199951171875,134.3800048828125,161514200,21704278984.643555
2025-05-21,133.05999755859375,137.39999389648438,130.58999633789062,131.8000030517578,270608700,35666227485.832214
2025-05-22,132.22999572753906,134.25,131.5500030517578,132.8300018310547,187344000,24884903863.03711
2025-05-23,130.0,132.67999267578125,129.16000366210938,131.2899932861328,198821300,26103247142.140198
2025-05-27,134.14999389648438,135.66000366210938,133.30999755859375,135.5,192953600,26145212800.0
2025-05-28,136.02999877929688,137.25,134.7899932861328,134.80999755859375,304021100,40985083748.76099
2025-05-29,142.25,143.49000549316406,137.91000366210938,139.19000244140625,369241900,51394780962.46948
2025-05-30,138.72000122070312,139.6199951171875,132.9199981689453,135.1300048828125,333170900,45021385343.811035
2025-06-02,135.49000549316406,138.1199951171875,135.39999389648438,137.3800048828125,197663100,27154957643.151855
2025-06-03,138.77999877929688,142.0,137.9499969482422,141.22000122070312,225578800,31856238411.364746
2025-06-04,142.19000244140625,142.38999938964844,139.5399932861328,141.9199981689453,167120800,23717783629.992676
2025-06-05,142.1699981689453,144.0,138.8300018310547,139.99000549316406,231397900,32393393292.10663
2025-06-06,142.50999450683594,143.27000427246094,141.50999450683594,141.72000122070312,153986200,21822924451.971436
2025-06-09,143.19000244140625,145.0,141.94000244140625,142.6300048828125,185114500,26402882038.879395
2025-06-10,142.69000244140625,144.2899932861328,141.52999877929688,143.9600067138672,155881900,22440759370.570374
2025-06-11,144.61000061035156,144.99000549316406,141.8699951171875,142.8300018310547,167694000,23951734327.056885
2025-06-12,141.97000122070312,145.0,141.85000610351562,145.0,162365000,23542925000.0
2025-06-13,142.47999572753906,143.5800018310547,140.85000610351562,141.97000122070312,180820600,25671100802.72827
2025-06-16,143.35000610351562,146.17999267578125,143.1999969482422,144.69000244140625,183133700,26497615500.10376
2025-06-17,144.49000549316406,145.22000122070312,143.77999877929688,144.1199951171875,139108000,20048244280.76172
2025-06-18,144.00999450683594,145.64999389648438,143.1199951171875,145.47999572753906,161494100,23494160978.022766
2025-06-20,145.4499969482422,146.1999969482422,142.64999389648438,143.85000610351562,242956200,34949250852.88696
2025-06-23,142.5,144.77999877929688,142.02999877929688,144.1699981689453,154308900,22246713830.451965
2025-06-24,145.55999755859375,147.9600067138672,145.5,147.89999389648438,187566100,27741025045.187378
2025-06-25,149.27000427246094,154.4499969482422,149.25999450683594,154.30999755859375,269146500,41531995757.90405
2025-06-26,155.97999572753906,156.72000122070312,154.0,155.02000427246094,198145700,30716547260.569763
2025-06-27,156.0399932861328,158.7100067138672,155.25999450683594,157.75,263234500,41525242375.0
2025-06-30,158.39999389648438,158.66000366210938,155.9600067138672,157.99000549316406,194580300,30741742665.86151
2025-07-01,156.2899932861328,157.1999969482422,151.49000549316406,153.3000030517578,213143600,32674914530.462646
2025-07-02,152.97999572753906,157.60000610351562,152.97000122070312,157.25,171224100,26924989725.0
2025-07-03,158.3699951171875,160.97999572753906,157.77000427246094,159.33999633789062,143716100,22899722847.695923
2025-07-07,158.1999969482422,159.30999755859375,157.33999633789062,158.24000549316406,140139000,22175596129.80652
2025-07-08,159.3300018310547,160.22000122070312,158.38999938964844,160.0,138133000,22101280000.0
2025-07-09,161.22000122070312,164.4199981689453,161.16000366210938,162.8800048828125,183656400,29913955328.759766
2025-07-10,164.32000732421875,164.5,161.61000061035156,164.10000610351562,167704100,27520243833.584595
2025-07-11,163.72000122070312,167.88999938964844,163.47000122070312,164.9199981689453,193633300,31934003481.44684
2025-07-14,165.3699951171875,165.49000549316406,162.02000427246094,164.07000732421875,136975800,22473620509.240723
2025-07-15,171.19000244140625,172.39999389648438,169.1999969482422,170.6999969482422,230627400,39368096476.18103
2025-07-16,171.05999755859375,171.75,168.89999389648438,171.3699951171875,158831500,27218953379.455566
2025-07-17,172.02000427246094,174.16000366210938,170.8300018310547,173.0,160841100,27825510300.0
2025-07-18,173.63999938964844,174.25,171.25999450683594,172.41000366210938,146456400,25250548460.339355
2025-07-21,172.75,173.3800048828125,171.0,171.3800048828125,123126100,21101351619.20166
2025-07-22,171.33999633789062,171.38999938964844,164.5800018310547,167.02999877929688,193114300,32255881293.26477
2025-07-23,169.52999877929688,171.25999450683594,167.97000122070312,170.77999877929688,154082200,26314157927.911377
2025-07-24,172.44000244140625,173.8300018310547,171.3000030517578,173.74000549316406,128984600,22409785112.53357
2025-07-25,173.61000061035156,174.72000122070312,172.9600067138672,173.5,122316800,21221964800.0
2025-07-28,174.02000427246094,177.0,173.97000122070312,176.75,140023500,24749153625.0
2025-07-29,177.9600067138672,179.3800048828125,175.02000427246094,175.50999450683594,154077500,27042141178.627014
2025-07-30,176.50999450683594,179.88999938964844,176.0399932861328,179.27000427246094,174312200,31248948838.742065
2025-07-31,182.89999389648438,183.3000030517578,175.92999267578125,177.8699951171875,221685400,39431181015.55176
2025-08-01,174.08999633789062,176.5399932861328,170.88999938964844,173.72000122070312,204529000,35530778129.66919
2025-08-04,175.16000366210938,180.1999969482422,174.52000427246094,180.0,148174600,26671428000.0
2025-08-05,179.6199951171875,180.25999450683594,175.89999389648438,178.25999450683594,156407600,27881217916.827393
2025-08-06,176.3300018310547,179.89999389648438,176.25,179.4199981689453,137192300,24615042214.793396
2025-08-07,181.57000732421875,183.8800048828125,178.8000030517578,180.77000427246094,151878400,27455059016.89453
2025-08-08,181.5500030517578,183.3000030517578,180.39999389648438,182.6999969482422,123396700,22544576713.423157
2025-08-11,182.0500030517578,183.83999633789062,180.25,182.05999755859375,138323200,25183121454.296875
2025-08-12,182.9600067138672,184.47999572753906,179.4600067138672,183.16000366210938,145485700,26647161344.784546
2025-08-13,182.6199951171875,183.97000122070312,179.35000610351562,181.58999633789062,179871700,32662901344.29016
2025-08-14,179.75,183.02000427246094,179.4600067138672,182.02000427246094,129554000,23581419633.514404
2025-08-15,181.8800048828125,181.89999389648438,178.0399932861328,180.4499969482422,156602200,28258866512.088013
2025-08-18,180.60000610351562,182.94000244140625,180.58999633789062,182.00999450683594,132008000,24026775354.8584
2025-08-19,182.42999267578125,182.5,175.49000549316406,175.63999938964844,185229200,32533656574.94507
2025-08-20,175.1699981689453,176.0,168.8000030517578,175.39999389648438,215142700,37736028266.87317
2025-08-21,174.85000610351562,176.89999389648438,173.80999755859375,174.97999572753906,140040900,24504356083.680725
2025-08-22,172.61000061035156,178.58999633789062,171.1999969482422,177.99000549316406,172789400,30754786255.160522
2025-08-25,178.35000610351562,181.91000366210938,176.57000732421875,179.80999755859375,163012800,29311331170.01953
2025-08-26,180.05999755859375,182.38999938964844,178.80999755859375,181.77000427246094,168688200,30662454834.713745
2025-08-27,181.97999572753906,182.49000549316406,179.10000610351562,181.60000610351562,235518900,42770233677.493286
2025-08-28,180.82000732421875,184.47000122070312,176.41000366210938,180.1699981689453,281787800,50769707410.03113
2025-08-29,178.11000061035156,178.14999389648438,173.14999389648438,174.17999267578125,243257900,42370659240.32593
2025-09-02,170.0,172.3800048828125,167.22000122070312,170.77999877929688,231164900,39478341339.816284
2025-09-03,171.05999755859375,172.41000366210938,168.8800048828125,170.6199951171875,164424900,28054175635.144043
2025-09-04,170.57000732421875,171.86000061035156,169.41000366210938,171.66000366210938,141670100,24319089884.8114
2025-09-05,168.02999877929688,169.02999877929688,164.07000732421875,167.02000427246094,224441400,37486203586.917114
2025-09-08,167.5500030517578,170.9600067138672,167.35000610351562,168.30999755859375,163769100,27563976821.173096
2025-09-09,169.08999633789062,170.97999572753906,166.74000549316406,170.75999450683594,157548400,26902963918.56079
2025-09-10,176.63999938964844,179.2899932861328,175.47000122070312,177.3300018310547,226852000,40227665575.37842
2025-09-11,179.67999267578125,180.27999877929688,176.47999572753906,177.1699981689453,151159300,26780892904.219055
2025-09-12,177.77000427246094,178.60000610351562,176.4499969482422,177.82000732421875,124911000,22211674934.87549
2025-09-15,175.6699981689453,178.85000610351562,174.50999450683594,177.75,147061600,26140199400.0
2025-09-16,177.0,177.5,174.3800048828125,174.8800048828125,140737800,24612227151.19629
2025-09-17,172.63999938964844,173.1999969482422,168.41000366210938,170.2899932861328,211843800,36074879279.70886
2025-09-18,173.97999572753906,177.10000610351562,172.9600067138672,176.24000549316406,191763300,33796365045.387268
2025-09-19,175.77000427246094,178.0800018310547,175.17999267578125,176.6699981689453,237182100,41902961172.706604
2025-09-22,175.3000030517578,184.5500030517578,174.7100067138672,183.61000061035156,269637000,49508049734.573364
2025-09-23,181.97000122070312,182.4199981689453,176.2100067138672,178.42999267578125,192559600,34358408017.651367
2025-09-24,179.77000427246094,179.77999877929688,175.39999389648438,176.97000122070312,143564100,25406538952.249146
2025-09-25,174.47999572753906,180.25999450683594,173.1300048828125,177.69000244140625,191586700,34043041190.740967
2025-09-26,178.1699981689453,179.77000427246094,174.92999267578125,178.19000244140625,148573700,26474347965.72876
2025-09-29,180.42999267578125,184.0,180.32000732421875,181.85000610351562,193063500,35108598653.36609
2025-09-30,182.0800018310547,187.35000610351562,181.47999572753906,186.5800018310547,236981000,44215915413.92517
2025-10-01,185.24000549316406,188.13999938964844,183.89999389648438,187.24000549316406,173844900,32550720030.958557
2025-10-02,189.60000610351562,191.0500030517578,188.05999755859375,188.88999938964844,136805800,25841247478.500366
2025-10-03,189.19000244140625,190.36000061035156,185.3800048828125,187.6199951171875,137596900,25815929706.140137
2025-10-06,185.5,187.22999572753906,183.3300018310547,185.5399932861328,157678100,29255593615.37018
2025-10-07,186.22999572753906,189.05999755859375,184.0,185.0399932861328,140088000,25921882579.467773
2025-10-08,186.57000732421875,189.60000610351562,186.5399932861328,189.11000061035156,130168900,24616240758.44879
2025-10-09,192.22999572753906,195.3000030517578,191.05999755859375,192.57000732421875,182997200,35239772144.31152
2025-10-10,193.50999450683594,195.6199951171875,182.0500030517578,183.16000366210938,268774400,49228720088.28125
2025-10-13,187.97000122070312,190.11000061035156,185.9600067138672,188.32000732421875,153482800,28903882020.1416
2025-10-14,184.77000427246094,184.8000030517578,179.6999969482422,180.02999877929688,205641400,37021620990.9729
2025-10-15,184.8000030517578,184.8699951171875,177.2899932861328,179.8300018310547,214450500,38564633807.67059
2025-10-16,182.22999572753906,183.27999877929688,179.77000427246094,181.80999755859375,179723300,32675492734.222412
2025-10-17,180.17999267578125,184.10000610351562,179.75,183.22000122070312,173135200,31721831555.34668
2025-10-20,183.1300048828125,185.1999969482422,181.72999572753906,182.63999938964844,128544700,23477403929.54254
2025-10-21,182.7899932861328,182.7899932861328,179.8000030517578,181.16000366210938,124240200,22507355086.9812
2025-10-22,181.13999938964844,183.44000244140625,176.75999450683594,180.27999877929688,162249600,29250357689.941406
2025-10-23,180.4199981689453,183.02999877929688,179.7899932861328,182.16000366210938,111363700,20286011999.82605
2025-10-24,183.83999633789062,187.47000122070312,183.5,186.25999450683594,131296700,24455322620.765686
2025-10-27,189.99000549316406,192.0,188.42999267578125,191.49000549316406,153452700,29384658365.940857
2025-10-28,193.0500030517578,203.14999389648438,191.91000366210938,201.02999877929688,297986200,59904165422.247314
2025-10-29,207.97999572753906,212.19000244140625,204.77999877929688,207.0399932861328,308829600,63940078310.55908
2025-10-30,205.14999389648438,206.16000366210938,201.41000366210938,202.88999938964844,178864400,36289798006.829834
2025-10-31,206.4499969482422,207.97000122070312,202.07000732421875,202.49000549316406,179802200,36408148465.68298
2025-11-03,208.0800018310547,211.33999633789062,205.55999755859375,206.8800048828125,180267300,37293699904.211426
2025-11-04,203.0,203.97000122070312,197.92999267578125,198.69000244140625,188919300,37536376178.22876
2025-11-05,198.77000427246094,202.9199981689453,194.64999389648438,195.2100067138672,171350300,33449293213.423157
2025-11-06,196.4199981689453,197.6199951171875,186.3800048828125,188.0800018310547,223029800,41947445192.37976
2025-11-07,184.89999389648438,188.32000732421875,178.91000366210938,188.14999389648438,264942300,49848892127.92053
2025-11-10,195.11000061035156,199.94000244140625,193.7899932861328,199.0500030517578,198897100,39590468361.98578
2025-11-11,195.16000366210938,195.4199981689453,191.3000030517578,193.16000366210938,176483300,34089514874.301147
2025-11-12,195.72000122070312,195.88999938964844,191.1300048828125,193.8000030517578,154935300,30026461612.825012
2025-11-13,191.0500030517578,191.44000244140625,183.85000610351562,186.86000061035156,207423100,38759080592.60101
2025-11-14,182.86000061035156,191.00999450683594,180.5800018310547,190.1699981689453,186591900,35484181281.34003
2025-11-17,185.97000122070312,189.0,184.32000732421875,186.60000610351562,173628900,32399153799.746704
2025-11-18,183.3800048828125,184.8000030517578,179.64999389648438,181.36000061035156,213598900,38738296634.37042
2025-11-19,184.7899932861328,187.86000061035156,182.8300018310547,186.52000427246094,247246400,46116399584.350586
2025-11-20,195.9499969482422,196.0,179.85000610351562,180.63999938964844,343504800,62050706862.34131
2025-11-21,181.24000549316406,184.55999755859375,172.92999267578125,178.8800048828125,346926200,62058160349.975586
2025-11-24,179.49000549316406,183.5,176.47999572753906,182.5500030517578,256618300,46845671448.1369
2025-11-25,174.91000366210938,178.16000366210938,169.5500030517578,177.82000732421875,320600300,57009147694.14673
2025-11-26,181.6300048828125,182.91000366210938,178.24000549316406,180.25999450683594,183852000,33141160510.0708
2025-11-28,179.00999450683594,179.2899932861328,176.5,177.0,121332800,21475905600.0
2025-12-01,174.75999450683594,180.3000030517578,173.67999267578125,179.9199981689453,188131000,33848529175.52185
2025-12-02,181.75999450683594,185.66000366210938,180.0,181.4600067138672,182632200,33140440238.168335
2025-12-03,181.0800018310547,182.4499969482422,179.11000061035156,179.58999633789062,165138000,29657132815.246582
2025-12-04,181.6199951171875,184.52000427246094,179.9600067138672,183.3800048828125,167364900,30691376179.211426
2025-12-05,183.88999938964844,184.66000366210938,180.91000366210938,182.41000366210938,143971100,26261768878.237915
2025-12-08,182.63999938964844,188.0,182.39999389648438,185.5500030517578,204378100,37922357078.71246
2025-12-09,185.55999755859375,185.72000122070312,183.32000732421875,184.97000122070312,144719700,26768803085.65979
2025-12-10,184.97000122070312,185.47999572753906,182.0399932861328,183.77999877929688,162785400,29916700613.287354
2025-12-11,180.27999877929688,181.32000732421875,176.6199951171875,180.92999267578125,182136600,32953973703.9917
2025-12-12,181.11000061035156,182.82000732421875,174.6199951171875,175.02000427246094,204274900,35752193870.75653
2025-12-15,177.94000244140625,178.4199981689453,175.02999877929688,176.2899932861328,164775600,29048289417.718506
2025-12-16,176.25999450683594,178.49000549316406,174.89999389648438,177.72000122070312,148588100,26407077313.381958
2025-12-17,176.10000610351562,176.1300048828125,170.30999755859375,170.94000244140625,222775500,38081244513.8855
2025-12-18,174.52999877929688,176.14999389648438,171.82000732421875,174.13999938964844,176096000,30665357332.51953
2025-12-19,176.6699981689453,181.4499969482422,176.33999633789062,180.99000549316406,324925900,58808340425.87128
2025-12-22,183.9199981689453,184.16000366210938,182.35000610351562,183.69000244140625,129064400,23707839951.098633
2025-12-23,182.97000122070312,189.3300018310547,182.89999389648438,189.2100067138672,174873600,33087835030.078125
2025-12-24,187.94000244140625,188.91000366210938,186.58999633789062,188.61000061035156,65528500,12359330424.995422
2025-12-26,189.9199981689453,192.69000244140625,188.0,190.52999877929688,139740300,26624719188.41858
2025-12-29,187.7100067138672,188.75999450683594,185.91000366210938,188.22000122070312,120006100,22587548288.49182
2025-12-30,188.24000549316406,188.99000549316406,186.92999267578125,187.5399932861328,97687300,18320275586.14044
2025-12-31,189.57000732421875,190.55999755859375,186.49000549316406,186.5,120100500,22398743250.0
2026-01-02,189.83999633789062,192.92999267578125,188.25999450683594,188.85000610351562,148240500,27995219329.788208
2026-01-05,191.75999450683594,193.6300048828125,186.14999389648438,188.1199951171875,183529700,34525606267.85889
2026-01-06,190.52000427246094,192.1699981689453,186.82000732421875,187.24000549316406,176862600,33115754195.53528
2026-01-07,188.57000732421875,191.3699951171875,186.55999755859375,189.11000061035156,153543200,29036554645.715332
2026-01-08,189.11000061035156,189.5500030517578,183.7100067138672,185.0399932861328,172457000,31911442122.146606
2026-01-09,185.0800018310547,186.33999633789062,183.6699981689453,184.86000061035156,131327500,24277201730.155945
2026-01-12,183.22000122070312,187.1199951171875,183.02000427246094,184.94000244140625,137968500,25515894726.83716
2026-01-13,185.0,188.11000061035156,183.39999389648438,185.80999755859375,160128900,29753550518.060303
2026-01-14,184.32000732421875,184.4600067138672,180.8000030517578,183.13999938964844,159586100,29226598256.596375
2026-01-15,186.5,189.6999969482422,186.3300018310547,187.0500030517578,206188600,38567578259.23767
2026-01-16,189.0800018310547,190.44000244140625,186.0800018310547,186.22999572753906,187967200,35005130852.91748
2026-01-20,181.89999389648438,182.3800048828125,177.61000061035156,178.07000732421875,223345300,39771099206.829834
2026-01-21,179.0500030517578,185.3800048828125,178.39999389648438,183.32000732421875,200381000,36733846387.63428
2026-01-22,184.75,186.1699981689453,183.92999267578125,184.83999633789062,139636600,25810428632.635498
2026-01-23,187.5,189.60000610351562,186.82000732421875,187.6699981689453,142748100,26789535665.620422
2026-01-26,187.16000366210938,189.1199951171875,185.99000549316406,186.47000122070312,124799600,23271381564.34326
2026-01-27,187.24000549316406,190.0,185.6999969482422,188.52000427246094,143711600,27092511446.002197
2026-01-28,191.27000427246094,192.35000610351562,189.83999633789062,191.52000427246094,148552700,28450813738.685608
2026-01-29,191.33999633789062,193.47999572753906,186.05999755859375,192.50999450683594,171764400,33066363700.46997
2026-01-30,191.2100067138672,194.49000549316406,189.47000122070312,191.1300048828125,179489500,34305829011.413574
2026-02-02,187.1999969482422,190.3000030517578,184.8800048828125,185.61000061035156,165794100,30773043002.192688
2026-02-03,186.24000549316406,186.27000427246094,176.22999572753906,180.33999633789062,204019600,36792893916.85791
2026-02-04,179.4600067138672,179.5800018310547,171.91000366210938,174.19000244140625,207014100,36059786584.40552
2026-02-05,174.92999267578125,176.82000732421875,171.02999877929688,171.8800048828125,206312900,35461062259.38721
2026-02-06,176.69000244140625,187.0,174.60000610351562,185.41000366210938,231346200,42893899789.21509
2026-02-09,184.25999450683594,193.66000366210938,183.9499969482422,190.0399932861328,196387400,37321460177.48108
2026-02-10,191.3800048828125,192.47999572753906,188.1199951171875,188.5399932861328,136764800,25785634473.779297
2026-02-11,192.4499969482422,193.25999450683594,188.77000427246094,190.0500030517578,144192700,27403823075.0412
2026-02-12,193.02999877929688,193.61000061035156,186.50999450683594,186.94000244140625,189932500,35505982013.70239
2026-02-13,187.47999572753906,187.5,181.58999633789062,182.80999755859375,161888000,29594744884.765625
2026-02-17,181.75,187.14999389648438,179.17999267578125,184.97000122070312,162276900,30016358391.09192
2026-02-18,188.75,190.3699951171875,186.75999450683594,187.97999572753906,164749100,30969535114.115906
2026-02-19,187.05999755859375,188.42999267578125,185.66000366210938,187.89999389648438,126554500,23779589777.57263
2026-02-20,186.57000732421875,190.3300018310547,185.94000244140625,189.82000732421875,178422300,33868122292.803955
2026-02-23,191.39999389648438,193.9499969482422,189.5800018310547,191.5500030517578,171584800,32867068963.635254
2026-02-24,191.49000549316406,193.77000427246094,187.39999389648438,192.85000610351562,175123600,33772587328.86963
2026-02-25,194.4499969482422,197.6300048828125,193.7899932861328,195.55999755859375,250637100,49014590664.09302
2026-02-26,194.27000427246094,194.2899932861328,184.32000732421875,184.88999938964844,360807900,66709772410.780334
2026-02-27,181.25,182.58999633789062,176.3800048828125,177.19000244140625,311636500,55218872195.8313
2026-03-02,175.00999450683594,183.4600067138672,174.63999938964844,182.47999572753906,209095300,38155709450.6485
2026-03-03,178.49000549316406,180.89999389648438,176.9199981689453,180.0500030517578,178099400,32066797513.516235
2026-03-04,180.44000244140625,184.6999969482422,180.05999755859375,183.0399932861328,177731200,32531917654.73633
2026-03-05,181.1699981689453,184.05999755859375,177.8800048828125,183.33999633789062,198779700,36444269470.047
2026-03-06,179.83999633789062,182.75999450683594,176.82000732421875,177.82000732421875,189021900,33611875642.437744
2026-03-09,176.8300018310547,182.91000366210938,175.55999755859375,182.64999389648438,177213600,32368062958.374023
2026-03-10,182.39999389648438,186.44000244140625,182.00999450683594,184.77000427246094,179118500,33095726010.276794
2026-03-11,185.91000366210938,187.6199951171875,184.4499969482422,186.02999877929688,145280400,27026512634.65576
2026-03-12,184.0500030517578,184.94000244140625,181.75,183.13999938964844,155762700,28526380782.929993
2026-03-13,184.9199981689453,186.08999633789062,179.94000244140625,180.25,160988400,29018159100.0
2026-03-16,182.97000122070312,188.8800048828125,181.41000366210938,183.22000122070312,217307400,39815062093.26782
2026-03-17,185.05999755859375,185.39999389648438,181.67999267578125,181.92999267578125,182497800,33201823417.34619
2026-03-18,182.47999572753906,183.3800048828125,180.3300018310547,180.39999389648438,156683100,28265630283.68225
2026-03-19,178.00999450683594,179.97999572753906,175.7899932861328,178.55999755859375,170968500,30528134942.596436
2026-03-20,178.0,178.25999450683594,171.72000122070312,172.6999969482422,241323500,41676567713.53912
2026-03-23,177.25999450683594,178.3699951171875,174.75999450683594,175.63999938964844,182836300,32113367620.40558
2026-03-24,174.8300018310547,176.22000122070312,173.97999572753906,175.1999969482422,147667800,25871398109.353638
2026-03-25,177.10000610351562,181.22000122070312,176.85000610351562,178.67999267578125,162602100,29053742037.06665
2026-03-26,176.07000732421875,176.50999450683594,171.13999938964844,171.24000549316406,186152200,31876703750.564575
2026-03-27,170.0,170.97000122070312,167.00999450683594,167.52000427246094,196212700,32869552342.311096
2026-03-30,168.77999877929688,169.4499969482422,164.27000427246094,165.1699981689453,185627000,30660011250.10681
2026-03-31,166.97000122070312,174.6199951171875,166.9600067138672,174.39999389648438,226181300,39446017339.4989
2026-04-01,176.0,177.3699951171875,174.75,175.75,168132000,29549199000.0
2026-04-02,172.17999267578125,177.49000549316406,171.3699951171875,177.38999938964844,143143200,25392172160.632324
2026-04-06,177.16000366210938,177.7899932861328,175.75999450683594,177.63999938964844,107564300,19107722186.34796
2026-04-07,175.72999572753906,178.22999572753906,173.66000366210938,178.10000610351562,132534900,23604466498.928833
2026-04-08,184.5,185.25999450683594,180.3000030517578,182.0800018310547,147732700,26899170286.506653
2026-04-09,181.83999633789062,184.0800018310547,180.6199951171875,183.91000366210938,116428500,21412365861.3739
2026-04-10,184.30999755859375,190.0,184.3000030517578,188.6300048828125,160459500,30267476268.493652
2026-04-13,186.02999877929688,189.66000366210938,185.74000549316406,189.30999755859375,133648200,25300940415.71045
2026-04-14,190.83999633789062,196.50999450683594,190.77000427246094,196.50999450683594,161307000,31698437683.914185
2026-04-15,196.5399932861328,200.39999389648438,195.74000549316406,198.8699951171875,185338400,36858246703.02734
2026-04-16,197.42999267578125,199.85000610351562,195.80999755859375,198.35000610351562,134012900,26581459532.94983
2026-04-17,199.89999389648438,201.6999969482422,199.27000427246094,201.67999267578125,160324400,32334223817.749023
2026-04-20,199.97999572753906,202.1699981689453,197.83999633789062,202.05999755859375,119381400,24122205392.541504
2026-04-21,202.1300048828125,202.75,199.0,199.8800048828125,107945300,21576107091.07666
2026-04-22,200.99000549316406,202.5,199.0,202.5,107501000,21768952500.0
2026-04-23,202.4600067138672,203.8300018310547,197.22000122070312,199.63999938964844,113561800,22671477682.687378
2026-04-24,199.9600067138672,210.9499969482422,199.80999755859375,208.27000427246094,214134400,44597772402.88086
2026-04-27,209.64999389648438,216.8300018310547,207.3800048828125,216.61000061035156,187172400,40543413678.24097
2026-04-28,209.49000549316406,214.72999572753906,208.1999969482422,213.1699981689453,180275400,38429306687.90588
2026-04-29,212.6999969482422,212.72000122070312,207.5800018310547,209.25,123711800,25886694150.0
2026-04-30,209.92999267578125,210.3000030517578,198.6999969482422,199.57000732421875,225239200,44950988793.70117
2026-05-01,201.27999877929688,203.0,197.1199951171875,198.4499969482422,128647000,25529996757.400513
2026-05-04,199.5,201.72999572753906,194.74000549316406,198.47999572753906,125368100,24883059952.36969
2026-05-05,199.3000030517578,200.24000549316406,196.02999877929688,196.5,113406600,22284396900.0
2026-05-06,199.88999938964844,208.27000427246094,198.61000061035156,207.8300018310547,188362800,39147441068.90259
2026-05-07,208.33999633789062,214.1999969482422,206.5,211.5,168307900,35597120850.0
2026-05-08,213.02999877929688,217.8000030517578,212.88999938964844,215.1999969482422,136421400,29357884863.674927
2026-05-11,214.0399932861328,222.3000030517578,213.88999938964844,219.44000244140625,160685800,35260892344.29932
2026-05-12,218.5500030517578,223.75,214.9199981689453,220.77999877929688,159176600,35143009553.69263
2026-05-13,224.92999267578125,227.83999633789062,221.57000732421875,225.8300018310547,150405400,33966051757.400513
2026-05-14,229.85000610351562,236.5399932861328,229.3000030517578,235.74000549316406,180782900,42617761839.07013
2026-05-15,229.75999450683594,231.5,224.24000549316406,225.32000732421875,180977600,40777874157.51953
2026-05-18,229.8699951171875,230.0,218.3699951171875,222.32000732421875,146280900,32521170759.39331
2026-05-19,219.6199951171875,224.47999572753906,217.91000366210938,220.61000061035156,140948200,31094582488.027954
2026-05-20,223.17999267578125,226.1300048828125,220.5,223.47000122070312,184201600,41163531776.85547
2026-05-21,222.2899932861328,227.39999389648438,217.92999267578125,219.50999450683594,203381800,44644337800.790405
2026-05-22,220.89999389648438,221.00999450683594,214.8000030517578,215.3300018310547,169275700,36450136790.953064
2026-05-26,216.5399932861328,218.17999267578125,212.0,214.86000061035156,187202600,40222350750.2594
2026-05-27,214.1199951171875,214.14999389648438,208.77999877929688,212.60000610351562,167601200,35632016142.95654
2026-05-28,211.27999877929688,215.52000427246094,211.22000122070312,214.25,143996000,30851143000.0
2026-05-29,214.5800018310547,217.86000061035156,211.1300048828125,211.13999938964844,289410600,61106153907.35779
2026-06-01,215.72999572753906,224.8699951171875,215.6999969482422,224.36000061035156,212850700,47755183181.91376
2026-06-02,227.17999267578125,232.27999877929688,221.35000610351562,222.82000732421875,193362900,43085122794.23218
2026-06-03,221.72000122070312,222.82000732421875,214.50999450683594,214.75,160907000,34554778250.0
2026-06-04,213.91000366210938,221.60000610351562,210.97000122070312,218.66000366210938,169022200,36958394870.97778
2026-06-05,214.52999877929688,214.8699951171875,204.3300018310547,205.10000610351562,219655500,45051344390.67078
2026-06-08,210.17999267578125,210.47000122070312,206.0,208.63999938964844,138372800,28870100907.543945
2026-06-09,210.6199951171875,211.39999389648438,199.33999633789062,208.19000244140625,180962500,37674583316.80298
2026-06-10,204.42999267578125,207.22000122070312,199.9199981689453,200.4199981689453,161746600,32417253275.83313
2026-06-11,201.49000549316406,205.66000366210938,199.5399932861328,204.8699951171875,158643200,32501231609.375
2026-06-12,204.86000061035156,207.07000732421875,203.44000244140625,205.19000244140625,112001800,22981649615.441895
2026-06-15,208.9199981689453,212.7100067138672,208.33999633789062,212.4499969482422,149936700,31854051457.429504
2026-06-16,211.17999267578125,211.49000549316406,207.2899932861328,207.41000366210938,125694100,26070213741.305542
2026-06-17,208.52999877929688,209.2100067138672,203.0800018310547,204.64999389648438,128363500,26269589491.531372
2026-06-18,207.3300018310547,211.38999938964844,206.5,210.69000244140625,241272000,50833598269.04297
2026-06-22,211.44000244140625,213.99000549316406,207.72000122070312,208.64999389648438,122041400,25463937365.11841
2026-06-23,202.1699981689453,203.77000427246094,200.0,200.0399932861328,153496200,30705378817.4469
2026-06-24,200.1199951171875,201.6699981689453,196.5800018310547,199.0,151810700,30210329300.0
2026-06-25,200.0800018310547,200.8000030517578,192.1300048828125,195.74000549316406,149550000,29272917821.502686
2026-06-26,193.1199951171875,195.5500030517578,191.22000122070312,192.52999877929688,179304100,34521418154.122925
2026-06-29,193.85000610351562,196.17999267578125,189.8000030517578,194.97000122070312,148835700,29018496610.684204
2026-06-30,197.24000549316406,200.6300048828125,195.11000061035156,200.08999633789062,166476700,33310322293.344116
2026-07-01,196.1999969482422,199.85000610351562,193.4499969482422,197.5800018310547,146147600,28875843075.604248
2026-07-02,197.13999938964844,200.05999755859375,192.35000610351562,194.8300018310547,142068700,27679245081.13556
2026-07-06,194.4199981689453,197.5500030517578,193.99000549316406,195.5500030517578,108999000,21314754782.63855
2026-07-07,192.3699951171875,198.41000366210938,191.13999938964844,196.92999267578125,124154600,24449764468.66455
2026-07-08,195.17999267578125,205.16000366210938,195.05999755859375,204.1199951171875,147419100,30091185972.180176
2026-07-09,204.4600067138672,204.58999633789062,198.9600067138672,202.77999877929688,132037400,26774543810.821533
2026-07-10,202.0,211.0,201.9199981689453,210.9600067138672,148421000,31310895156.47888
2026-07-13,208.5399932861328,210.57000732421875,203.0,203.52999877929688,121411000,24710780681.793213
2026-07-14,208.1999969482422,212.5500030517578,203.8000030517578,211.8000030517578,124379600,26343599659.576416
2026-07-15,211.9600067138672,213.80999755859375,206.0399932861328,212.5,124797200,26519405000.0
2026-07-16,210.1699981689453,211.0800018310547,205.85000610351562,207.39999389648438,122986100,25507316389.352417
2026-07-17,202.63999938964844,206.64999389648438,197.97000122070312,202.80999755859375,144281900,29261811786.749268
2026-07-20,205.8699951171875,207.74000549316406,202.27999877929688,203.27999877929688,88701500,18031240811.7218
2026-07-21,207.5399932861328,208.64999389648438,204.00999450683594,207.2899932861328,108685600,22529437294.299316
2026-07-22,205.80999755859375,214.38999938964844,204.9499969482422,212.05999755859375,137645600,29189125599.95117
2026-07-23,209.4600067138672,210.8699951171875,205.9600067138672,208.75999450683594,110505300,23069085820.976257
2026-07-24,207.4499969482422,211.91000366210938,204.80999755859375,206.83999633789062,114836800,23752843291.45508
2026-07-27,208.1999969482422,208.75,195.44000244140625,196.50999450683594,154353700,30332044739.109802
2026-07-28,195.0,198.6999969482422,192.74000549316406,197.00999450683594,134111500,26421305878.303528
2026-07-29,195.85000610351562,197.07000732421875,190.00999450683594,190.00999450683594,147680800,28060827996.765137
2026-07-30,193.4499969482422,197.25,191.52000427246094,195.0399932861328,129010200,25162148541.84265
2026-07-31,198.44000244140625,202.0,194.9499969482422,200.75,139961200,28097210900.0
2026-08-03,197.69000244140625,208.74000549316406,196.85000610351562,206.63999938964844,128406900,26534001737.626648
2026-08-04,211.3000030517578,213.05999755859375,209.0500030517578,211.94000244140625,134922000,28595369009.399414
2026-08-05,216.86000061035156,222.22000122070312,216.39999389648438,219.22000122070312,158187400,34677842021.09985
2026-08-06,221.52999877929688,223.6300048828125,217.0,218.99000549316406,113940600,24951852619.89441
2026-08-07,221.5399932861328,224.75999450683594,220.66000366210938,223.9600067138672,105669400,23665719533.450317
2026-08-10,223.39999389648438,224.13999938964844,216.77000427246094,217.5500030517578,115846600,25202428183.535767
2026-08-11,222.1699981689453,222.1999969482422,216.1999969482422,217.5,101273100,22026899250.0
2026-08-12,221.0399932861328,225.10000610351562,220.1999969482422,224.08999633789062,108783600,24377316525.62256
2026-08-13,225.05999755859375,227.22999572753906,223.7100067138672,225.3000030517578,98867200,22274780461.71875
2026-08-14,226.77000427246094,227.49000549316406,224.5,225.16000366210938,75680900,17040311721.151733
2026-08-17,225.97999572753906,227.9199981689453,224.86000061035156,225.00999450683594,93678700,21078643772.40753
2026-08-18,220.4499969482422,221.63999938964844,218.69000244140625,219.74000549316406,103128200,22661391234.500122
2026-08-19,221.6699981689453,222.8699951171875,216.75999450683594,217.55999755859375,96797300,21059220351.678467
2026-08-20,218.36000061035156,219.86000061035156,215.66000366210938,216.85000610351562,92457000,20049301014.312744
2026-08-21,218.4199981689453,218.74000549316406,214.5,214.72000122070312,98545600,21159711352.29492
