timestamps,open,high,low,close,volume,amount
2015-01-05,11150.98046875,11587.2802734375,11150.98046875,11520.58984375,516300,5948080536.328125
2015-01-06,11424.919921875,11749.1396484375,11374.509765625,11667.9697265625,454300,5300758646.777344
2015-01-07,11612.73046875,11714.7802734375,11505.0302734375,11613.3603515625,329900,3831247579.9804688
2015-01-08,11624.58984375,11656.7099609375,11371.9296875,11465.1396484375,320000,3668844687.5
2015-01-09,11424.5302734375,11738.25,11313.25,11324.759765625,352800,3995375245.3125
2015-01-12,11279.73046875,11376.08984375,11116.0595703125,11285.1796875,298800,3372011690.625
2015-01-13,11250.8798828125,11418.4501953125,11244.419921875,11355.8095703125,217200,2466481838.671875
2015-01-14,11366.9501953125,11429.3095703125,11153.169921875,11237.7802734375,207200,2328468072.65625
2015-01-15,11240.83984375,11483.75,11161.51953125,11483.6796875,225100,2584976297.65625
2015-01-16,11496.759765625,11583.73046875,11436.2802734375,11532.7998046875,242900,2801317072.5585938
2015-01-19,10939.0400390625,11204.490234375,10634.6201171875,10770.9296875,363500,3915232941.40625
2015-01-20,10761.2802734375,11026.0498046875,10750.849609375,10996.48046875,312900,3440798738.671875
2015-01-21,11051.9501953125,11395.099609375,11000.740234375,11372.1796875,338100,3844933952.34375
2015-01-22,11358.4404296875,11499.4404296875,11342.080078125,11471.2099609375,257900,2958425048.9257812
2015-01-23,11507.4404296875,11554.51953125,11379.9599609375,11436.2900390625,255900,2926546620.9960938
2015-01-26,11564.2197265625,11711.8896484375,11512.009765625,11686.9697265625,364400,4258731768.359375
2015-01-27,11670.240234375,11705.91015625,11368.990234375,11551.8701171875,380100,4390865831.542969
2015-01-28,11484.990234375,11530.08984375,11309.2099609375,11354.2001953125,249600,2834008368.75
2015-01-29,11187.2998046875,11319.4697265625,11161.4296875,11249.0400390625,251300,2826883761.8164062
2015-01-30,11290.4501953125,11354.08984375,11132.7998046875,11150.6904296875,240200,2678395841.2109375
2015-02-02,10952.1396484375,11140.9697265625,10921.4404296875,10963.1396484375,230400,2525907375.0
2015-02-03,11077.48046875,11216.6796875,10993.5498046875,11209.1904296875,235800,2643127103.3203125
2015-02-04,11241.98046875,11364.3798828125,11111.5302734375,11116.5498046875,236400,2627952373.828125
2015-02-05,11367.1396484375,11386.73046875,11065.580078125,11065.580078125,295000,3264346123.046875
2015-02-06,11022.490234375,11054.9404296875,10715.4296875,10791.099609375,241300,2603892335.7421875
2015-02-09,10792.0,10975.849609375,10760.0498046875,10868.1396484375,216900,2357299489.7460938
2015-02-10,10887.6796875,11136.6201171875,10875.2900390625,11136.6201171875,204700,2279666137.9882812
2015-02-11,11174.3095703125,11318.4599609375,11167.1201171875,11265.6298828125,284900,3209577953.6132812
2015-02-12,11268.58984375,11348.3203125,11185.0,11302.73046875,274200,3099208694.53125
2015-02-13,11362.0,11564.6796875,11338.009765625,11443.0498046875,269600,3085046227.34375
2015-02-16,11474.8798828125,11606.009765625,11437.740234375,11595.25,261400,3030998350.0
2015-02-17,11658.0498046875,11772.150390625,11644.5400390625,11718.5595703125,21100,247261606.93359375
2015-02-25,11755.1796875,11755.1796875,11500.6904296875,11539.7001953125,20400,235409883.984375
2015-02-26,11526.509765625,11752.009765625,11470.4296875,11750.7802734375,239600,2815486953.515625
2015-02-27,11736.2900390625,11819.419921875,11719.66015625,11757.6796875,263700,3100500133.59375
2015-03-02,11869.9599609375,11955.8203125,11781.6103515625,11884.01953125,341600,4059581071.875
2015-03-03,11800.990234375,11800.990234375,11515.5498046875,11526.2197265625,320200,3690695556.4453125
2015-03-04,11530.9404296875,11688.2802734375,11521.7001953125,11655.080078125,293600,3421931510.9375
2015-03-05,11597.490234375,11628.150390625,11484.7998046875,11566.3896484375,262300,3033864004.7851562
2015-03-06,11600.66015625,11626.1103515625,11381.91015625,11392.400390625,227900,2596328049.0234375
2015-03-09,11280.01953125,11547.830078125,11169.0498046875,11533.23046875,252200,2908680724.21875
2015-03-10,11501.98046875,11649.25,11479.2802734375,11556.650390625,243200,2810577375.0
2015-03-11,11554.66015625,11682.5400390625,11491.6904296875,11525.08984375,216800,2498639478.125
2015-03-12,11593.6904296875,11645.5595703125,11516.25,11635.58984375,273200,3178843145.3125
2015-03-13,11680.4697265625,11751.2001953125,11654.1904296875,11713.6103515625,244500,2863977730.9570312
2015-03-16,11791.419921875,12021.8203125,11748.080078125,12017.76953125,327400,3934617744.53125
2015-03-17,12083.4404296875,12190.2802734375,12046.7998046875,12169.51953125,486500,5920471251.953125
2015-03-18,12206.7197265625,12505.33984375,12190.25,12496.240234375,626900,7833893002.9296875
2015-03-19,12549.5498046875,12552.7099609375,12337.6796875,12429.1103515625,537800,6684375547.0703125
2015-03-20,12427.41015625,12659.830078125,12387.8896484375,12544.4501953125,519800,6520605211.5234375
2015-03-23,12644.1904296875,12813.830078125,12644.1904296875,12780.3203125,481900,6158836358.59375
2015-03-24,12841.150390625,12841.4501953125,12495.919921875,12801.2001953125,599700,7676879757.128906
2015-03-25,12776.0,12841.900390625,12656.51953125,12757.099609375,484000,6174436210.9375
2015-03-26,12703.349609375,12856.2099609375,12601.75,12712.98046875,424000,5390303718.75
2015-03-27,12779.330078125,12930.240234375,12717.4296875,12874.419921875,340800,4387602309.375
2015-03-30,12917.1396484375,13242.3095703125,12894.490234375,13193.3203125,509200,6718038703.125
2015-03-31,13420.919921875,13538.2900390625,13106.9697265625,13160.66015625,579800,7630550758.59375
2015-04-01,13187.419921875,13454.8095703125,13142.400390625,13394.73046875,455800,6105318147.65625
2015-04-02,13486.900390625,13537.3798828125,13235.2802734375,13426.099609375,482600,6479435671.484375
2015-04-03,13336.8701171875,13502.4697265625,13296.9501953125,13494.6396484375,440200,5940340373.2421875
2015-04-07,13626.6201171875,13769.759765625,13625.259765625,13768.73046875,539700,7430983833.984375
2015-04-08,13814.98046875,13846.5498046875,13513.150390625,13841.7197265625,580400,8033734129.296875
2015-04-09,13898.490234375,13914.009765625,13505.849609375,13796.73046875,596800,8233888743.75
2015-04-10,13718.9296875,14034.3095703125,13650.3203125,14013.33984375,443100,6209310884.765625
2015-04-13,14100.349609375,14175.3603515625,13972.41015625,14149.509765625,539800,7637905371.484375
2015-04-14,14132.6103515625,14221.509765625,13920.0595703125,14042.4599609375,522100,7331568345.605469
2015-04-15,14023.400390625,14023.400390625,13646.6103515625,13646.6103515625,580400,7920492648.046875
2015-04-16,13549.8701171875,14024.6796875,13492.76953125,13967.7998046875,440800,6157006153.90625
2015-04-17,14120.76953125,14249.4697265625,14039.0400390625,14149.33984375,677700,9589007612.109375
2015-04-20,14132.830078125,14288.330078125,13814.9599609375,13871.599609375,778900,10804588935.742188
2015-04-21,13882.4404296875,14439.0,13882.4404296875,14439.0,691200,9980236800.0
2015-04-22,14529.240234375,14756.150390625,14510.9296875,14749.1298828125,728300,10741791293.652344
2015-04-23,14842.2099609375,14893.009765625,14647.1396484375,14743.2197265625,729200,10750755824.609375
2015-04-24,14615.5400390625,14771.2900390625,14422.5400390625,14598.7001953125,665300,9712515239.941406
2015-04-27,14749.01953125,14910.3095703125,14644.009765625,14809.419921875,625600,9264773103.125
2015-04-28,14946.9501953125,14979.8095703125,14580.419921875,14707.25,635800,9350869550.0
2015-04-29,14669.2197265625,14907.9599609375,14542.3203125,14871.9501953125,514800,7656079960.546875
2015-04-30,14909.0595703125,15009.73046875,14818.6396484375,14818.6396484375,489200,7249278516.015625
2015-05-04,14846.48046875,14958.7900390625,14714.91015625,14860.5302734375,524400,7792862075.390625
2015-05-05,14831.91015625,14831.91015625,14145.5,14233.099609375,578300,8231001504.1015625
2015-05-06,14347.5498046875,14569.650390625,14032.01953125,14136.169921875,458000,6474365824.21875
2015-05-07,14080.3603515625,14226.080078125,14027.599609375,14114.73046875,396600,5597902103.90625
2015-05-08,14271.4599609375,14481.4404296875,14165.0703125,14481.25,424900,6153083125.0
2015-05-11,14572.8203125,14946.650390625,14447.7802734375,14944.8798828125,519400,7762370611.1328125
2015-05-12,14975.23046875,15088.9599609375,14879.599609375,15066.2900390625,470800,7093209350.390625
2015-05-13,15075.01953125,15245.8095703125,14962.3798828125,15173.08984375,555900,8434720644.140625
2015-05-14,15210.75,15299.7900390625,15003.7197265625,15024.4697265625,623100,9361747086.621094
2015-05-15,14955.41015625,14955.41015625,14590.759765625,14694.9501953125,517300,7601697736.035156
2015-05-18,14612.8798828125,14759.08984375,14564.73046875,14672.6298828125,384900,5647495241.894531
2015-05-19,14723.2099609375,15173.919921875,14704.330078125,15127.3798828125,452400,6843626658.984375
2015-05-20,15206.5595703125,15618.1298828125,15206.5595703125,15337.080078125,2117400,32474733357.421875
2015-05-21,15402.9501953125,15872.58984375,15402.9501953125,15872.5302734375,1968200,31240314084.179688
2015-05-22,16084.0400390625,16191.150390625,15731.009765625,16045.7998046875,2467400,39591406438.08594
2015-05-25,15894.1396484375,16368.91015625,15810.150390625,16351.0595703125,2433100,39783763040.52734
2015-05-26,16456.23046875,16904.150390625,16397.5,16903.470703125,2687300,45424696820.50781
2015-05-27,16988.900390625,17061.919921875,16610.779296875,16963.51953125,2624000,44512275250.0
2015-05-28,16953.599609375,17153.80078125,15909.099609375,15912.9501953125,3152900,50171940670.80078
2015-05-29,15920.330078125,16386.060546875,15299.650390625,16100.4501953125,2319700,37348214318.06641
2015-06-01,16247.3896484375,16921.0703125,16245.5498046875,16917.529296875,2057900,34814583540.03906
2015-06-02,17051.220703125,17485.580078125,16963.740234375,17485.580078125,2188200,38261946326.953125
2015-06-03,17626.919921875,17696.48046875,17098.4296875,17538.5,2273500,39873779750.0
2015-06-04,17579.359375,17608.720703125,16426.310546875,17501.05078125,2299700,40247166481.640625
2015-06-05,17727.859375,17901.859375,17302.560546875,17649.08984375,2606100,45995293041.796875
2015-06-08,17648.720703125,17648.720703125,17145.69921875,17452.310546875,2506000,43735490230.46875
2015-06-09,17410.640625,17609.279296875,17184.3203125,17399.0,2097100,36487442900.0
2015-06-10,17297.0390625,17852.359375,17165.900390625,17677.5703125,2138700,37807019627.34375
2015-06-11,17692.900390625,17889.91015625,17606.4296875,17889.689453125,2069700,37026290261.13281
2015-06-12,17978.05078125,18198.0703125,17921.91015625,18098.26953125,2264300,40979911699.609375
2015-06-15,18182.640625,18211.759765625,17668.669921875,17702.55078125,2467500,43681044052.734375
2015-06-16,17502.369140625,17502.369140625,16911.91015625,17075.9296875,2117900,36165111485.15625
2015-06-17,17073.080078125,17474.080078125,16564.369140625,17405.5703125,1828100,31819123088.28125
2015-06-18,17367.130859375,17442.76953125,16709.599609375,16734.83984375,1641100,27463545667.578125
2015-06-19,16386.98046875,16578.880859375,15700.490234375,15725.4697265625,1799300,28294837679.003906
2015-06-23,15720.3203125,16047.3203125,14938.8203125,16045.990234375,1777300,28518538443.554688
2015-06-24,16178.5498046875,16345.75,15867.91015625,16312.3095703125,2092300,34130245313.964844
2015-06-25,16370.0,16399.33984375,15499.2197265625,15692.4404296875,2028400,31830546167.578125
2015-06-26,15196.5595703125,15229.0,14321.0498046875,14398.7900390625,1870700,26935816526.07422
2015-06-29,14703.9697265625,14712.16015625,13250.349609375,13566.26953125,2293900,31119665677.734375
2015-06-30,13274.650390625,14352.0498046875,12723.16015625,14337.9697265625,2371100,33996760018.652344
2015-07-01,14185.099609375,14696.98046875,13578.3798828125,13650.8203125,2111500,28823707089.84375
2015-07-02,13655.73046875,13732.490234375,12727.23046875,12924.1904296875,1992500,25751449431.152344
2015-07-03,12475.6103515625,13154.1298828125,11953.080078125,12246.0595703125,1991000,24381904604.492188
2015-07-06,13140.1396484375,13140.1396484375,11584.4697265625,12075.76953125,2515100,30371767948.046875
2015-07-07,11660.5595703125,11767.66015625,11282.6201171875,11375.599609375,1763200,20057457231.25
2015-07-08,10870.1396484375,11112.6201171875,10850.3798828125,11040.8896484375,2179400,24062514899.804688
2015-07-09,10953.330078125,11513.3603515625,10933.0,11510.33984375,1225600,14107072512.5
2015-07-10,11733.4501953125,12062.900390625,11696.76953125,12038.150390625,1072200,12907304848.828125
2015-07-13,12367.6201171875,12658.0703125,12261.25,12614.16015625,1498100,18897273330.078125
2015-07-14,12796.490234375,13091.9296875,12635.2001953125,12728.509765625,1707500,21733930424.804688
2015-07-15,12783.080078125,12792.3095703125,12093.900390625,12132.419921875,2034400,24682195089.0625
2015-07-16,11963.349609375,12600.650390625,11637.4697265625,12357.6103515625,1769000,21860612711.914062
2015-07-17,12460.509765625,13097.4501953125,12435.599609375,13004.9599609375,1755000,22823704731.445312
2015-07-20,13115.48046875,13427.8603515625,12942.9501953125,13202.400390625,2002100,26432525822.070312
2015-07-21,13038.150390625,13436.91015625,12928.1298828125,13315.5595703125,1678100,22344840514.941406
2015-07-22,13307.9296875,13482.0400390625,13098.8095703125,13416.5400390625,1815600,24359070094.921875
2015-07-23,13432.6103515625,13792.3701171875,13356.0595703125,13754.5302734375,2044100,28115635331.933594
2015-07-24,13789.3095703125,13970.83984375,13424.1796875,13518.51953125,2219800,30008409655.46875
2015-07-27,13242.6904296875,13579.6396484375,12488.3701171875,12493.0498046875,2023500,25279686279.785156
2015-07-28,11986.25,12676.26953125,11719.0,12316.7802734375,2137200,26323422800.390625
2015-07-29,12472.2802734375,12823.150390625,12078.3203125,12823.0703125,1572900,20169407294.53125
2015-07-30,12766.33984375,12988.5595703125,12382.2998046875,12395.919921875,1593000,19746700435.546875
2015-07-31,12228.41015625,12580.9599609375,12213.4599609375,12374.25,1273700,15761082225.0
2015-08-03,12178.5703125,12305.6103515625,11909.009765625,12161.580078125,1371600,16680823235.15625
2015-08-04,12163.1201171875,12711.5595703125,12105.9404296875,12711.5595703125,1404700,17855927728.41797
2015-08-05,12694.5703125,12842.3095703125,12447.0400390625,12524.6904296875,1371100,17172603048.144531
2015-08-06,12274.7197265625,12595.1201171875,12231.8896484375,12421.849609375,999900,12420607424.414062
2015-08-07,12543.66015625,12769.1298828125,12522.4697265625,12753.0498046875,1250200,15943862865.820312
2015-08-10,12877.3095703125,13373.2998046875,12821.8896484375,13302.9599609375,1710800,22758703901.171875
2015-08-11,13316.8896484375,13508.2998046875,13240.08984375,13323.08984375,1839200,24503826840.625
2015-08-12,13201.5400390625,13396.33984375,13117.099609375,13117.099609375,1427300,18722036272.460938
2015-08-13,13069.98046875,13395.1796875,12962.0,13395.1796875,1458300,19534190538.28125
2015-08-14,13497.16015625,13606.330078125,13378.58984375,13445.8701171875,1682300,22619987298.14453
2015-08-17,13417.330078125,13585.9599609375,13309.5400390625,13573.900390625,1751600,23776043924.21875
2015-08-18,13608.51953125,13652.5400390625,12634.9501953125,12683.8603515625,2080300,26386234689.35547
2015-08-19,12328.599609375,13028.5,12049.919921875,12960.66015625,1728200,22398612882.03125
2015-08-20,12864.83984375,13040.3603515625,12582.240234375,12584.580078125,1493100,18790036514.648438
2015-08-21,12355.26953125,12511.419921875,11891.83984375,11902.0498046875,1444400,17191320737.890625
2015-08-24,11399.66015625,11446.099609375,10964.08984375,10970.2900390625,1163900,12768320576.464844
2015-08-25,10212.4697265625,10529.919921875,10168.419921875,10197.9404296875,1348200,13748863287.304688
2015-08-26,10199.900390625,10559.240234375,9776.2099609375,9899.7197265625,1786100,17681889403.61328
2015-08-27,10076.08984375,10254.349609375,9713.990234375,10254.349609375,1510400,15488169650.0
2015-08-28,10397.9697265625,10826.1904296875,10311.3701171875,10800.0,1780400,19228320000.0
2015-08-31,10706.23046875,10706.23046875,10398.330078125,10549.16015625,1504600,15872266371.09375
2015-09-01,10388.5,10388.5,9954.580078125,10162.51953125,1500700,15250893060.546875
2015-09-02,9694.48046875,10319.490234375,9682.7099609375,10054.7998046875,1548300,15567846537.597656
2015-09-07,10121.830078125,10404.2197265625,9933.5400390625,9991.759765625,1279700,12786454972.070312
2015-09-08,9898.6396484375,10341.2998046875,9763.9501953125,10320.23046875,1067800,11019942094.53125
2015-09-09,10367.349609375,10702.1796875,10335.01953125,10620.1298828125,1680900,17851376320.01953
2015-09-10,10449.9296875,10618.8701171875,10406.01953125,10424.650390625,1140900,11893483630.664062
2015-09-11,10408.41015625,10555.6201171875,10332.41015625,10463.6904296875,945200,9890280194.140625
2015-09-14,10517.6796875,10544.2802734375,9739.419921875,9778.23046875,1254300,12264834476.953125
2015-09-15,9533.4501953125,9719.66015625,9259.650390625,9290.8095703125,1049600,9751633725.0
2015-09-16,9330.75,9933.830078125,9297.2001953125,9890.4296875,1212500,11992145996.09375
2015-09-17,9872.0400390625,10147.169921875,9739.8896484375,9739.8896484375,1423500,13864732914.550781
2015-09-18,9806.7197265625,9914.580078125,9691.0595703125,9850.76953125,957300,9430141672.265625
2015-09-21,9732.1201171875,10176.73046875,9701.330078125,10176.73046875,1180700,12015665664.453125
2015-09-22,10200.5498046875,10357.419921875,10121.740234375,10238.6904296875,1342100,13741346425.683594
2015-09-23,10071.330078125,10250.4501953125,10040.9501953125,10132.2998046875,1167000,11824393872.070312
2015-09-24,10178.099609375,10288.1796875,10124.1298828125,10238.0400390625,1065900,10912726877.636719
2015-09-25,10184.8798828125,10249.240234375,9835.83984375,9904.759765625,1111900,11013102383.398438
2015-09-28,9919.5595703125,10124.3095703125,9796.9296875,10115.5498046875,769600,7784927129.6875
2015-09-29,9962.580078125,10070.25,9873.7802734375,9949.919921875,856000,8517131453.125
2015-09-30,10004.7998046875,10048.8603515625,9890.7099609375,9988.25,718700,7178555275.0
2015-10-08,10332.240234375,10477.2099609375,10265.0,10394.73046875,1159600,12053729451.5625
2015-10-09,10386.8095703125,10589.51953125,10363.98046875,10540.1904296875,1179900,12436370687.988281
2015-10-12,10599.8798828125,11069.6796875,10593.5400390625,10961.3603515625,1724200,18899577518.164062
2015-10-13,10885.1103515625,11073.0,10850.7197265625,11042.1298828125,1402100,15482170308.691406
2015-10-14,10997.080078125,11095.33984375,10880.1103515625,10901.48046875,1420800,15488823450.0
2015-10-15,10862.1103515625,11229.3798828125,10862.1103515625,11229.3798828125,1526800,17145017205.078125
2015-10-16,11301.9404296875,11384.240234375,11172.0400390625,11374.830078125,1802800,20506543664.84375
2015-10-19,11426.51953125,11498.240234375,11245.009765625,11391.009765625,1782300,20302196705.273438
2015-10-20,11372.1796875,11597.16015625,11335.7802734375,11597.080078125,1629100,18892803155.273438
2015-10-21,11592.2001953125,11641.8896484375,10872.5703125,10915.990234375,2103400,22960693858.984375
2015-10-22,10921.1796875,11320.009765625,10910.8798828125,11305.099609375,1598300,18068940705.664062
2015-10-23,11397.2001953125,11653.08984375,11345.5302734375,11603.4599609375,1916900,22242672399.121094
2015-10-26,11765.650390625,11789.01953125,11534.830078125,11687.76953125,1923000,22475580808.59375
2015-10-27,11588.9404296875,11820.7197265625,11229.099609375,11758.41015625,1869800,21985875310.15625
2015-10-28,11689.2900390625,11834.0703125,11446.4296875,11494.349609375,1727200,19853040645.3125
2015-10-29,11565.7099609375,11694.7802734375,11406.099609375,11566.66015625,1382900,15995534330.078125
2015-10-30,11542.009765625,11711.0400390625,11369.400390625,11546.0498046875,1420100,16396545327.636719
2015-11-02,11306.2001953125,11637.990234375,11266.0400390625,11304.8798828125,1336600,15110102451.367188
2015-11-03,11341.2998046875,11416.83984375,11200.599609375,11288.1396484375,1052600,11881895793.945312
2015-11-04,11351.25,11884.900390625,11351.25,11884.900390625,1719400,20434897731.640625
2015-11-05,11908.6904296875,12091.5302734375,11853.4599609375,11939.8095703125,2368500,28279438967.285156
2015-11-06,11952.509765625,12292.419921875,11952.509765625,12273.349609375,2004600,24603156626.953125
2015-11-09,12227.41015625,12538.349609375,12145.0595703125,12453.240234375,2243500,27938844465.820312
2015-11-10,12390.5302734375,12597.16015625,12349.0302734375,12500.5302734375,2092500,26157359597.16797
2015-11-11,12509.5302734375,12687.2001953125,12445.2900390625,12677.5400390625,1975700,25047015855.17578
2015-11-12,12735.5,12758.669921875,12483.33984375,12635.3896484375,2013200,25437566440.234375
2015-11-13,12492.9404296875,12574.9599609375,12272.3798828125,12402.0400390625,1777700,22047106577.441406
2015-11-16,12180.990234375,12620.3798828125,12171.66015625,12620.3798828125,1401600,17688724443.75
2015-11-17,12744.7900390625,12827.2001953125,12478.9697265625,12511.5498046875,2080400,26029028213.671875
2015-11-18,12516.1396484375,12580.91015625,12257.0400390625,12283.759765625,1575200,19349378382.8125
2015-11-19,12326.16015625,12609.83984375,12309.7900390625,12609.83984375,1492700,18822707934.765625
2015-11-20,12650.25,12766.259765625,12565.7998046875,12702.0302734375,1865700,23698177881.152344
2015-11-23,12699.150390625,12806.3203125,12539.98046875,12586.6904296875,1674400,21075154455.46875
2015-11-24,12580.7197265625,12694.8603515625,12438.919921875,12694.8603515625,1332600,16917170904.492188
2015-11-25,12696.1298828125,12904.7900390625,12666.1904296875,12893.23046875,1537400,19822052522.65625
2015-11-26,12952.0,12970.4697265625,12747.8896484375,12767.5,1714200,21886048500.0
2015-11-27,12697.509765625,12733.4501953125,11880.3203125,11961.7001953125,1869000,22356417665.039062
2015-11-30,11991.7001953125,12121.2197265625,11455.5,12037.8603515625,1574600,18954814909.570312
2015-12-01,12022.83984375,12206.169921875,11938.6298828125,12081.169921875,1280700,15472354318.945312
2015-12-02,12068.98046875,12188.009765625,11830.990234375,12186.26953125,1403100,17098554779.296875
2015-12-03,12205.4404296875,12447.3798828125,12205.4404296875,12447.3798828125,1305900,16255033388.964844
2015-12-04,12384.5,12474.4599609375,12268.490234375,12329.1796875,1289300,15896011371.09375
2015-12-07,12351.41015625,12467.849609375,12262.1298828125,12443.0498046875,1137500,14153969152.832031
2015-12-08,12371.1103515625,12371.1103515625,12151.150390625,12164.9697265625,1176700,14314519877.246094
2015-12-09,12112.2001953125,12257.580078125,12091.759765625,12179.830078125,1085300,13218769583.789062
2015-12-10,12180.76953125,12318.0400390625,12158.650390625,12181.0302734375,1106700,13480746203.613281
2015-12-11,12120.599609375,12228.2900390625,12051.4404296875,12134.01953125,976100,11844016464.453125
2015-12-14,12023.8095703125,12400.58984375,12004.490234375,12400.58984375,1117600,13858899209.375
2015-12-15,12412.4697265625,12553.7900390625,12412.4697265625,12495.25,1149100,14358291775.0
2015-12-16,12533.1103515625,12595.1201171875,12471.08984375,12511.0302734375,1143400,14305112014.648438
2015-12-17,12602.669921875,12825.48046875,12602.669921875,12825.48046875,1698600,21785361124.21875
2015-12-18,12825.01953125,12904.080078125,12763.4296875,12830.25,1508700,19356998175.0
2015-12-21,12824.4296875,13047.1298828125,12816.7197265625,13028.3095703125,1620800,21116284151.5625
2015-12-22,13064.6904296875,13139.1298828125,12980.3798828125,13139.1298828125,1537700,20204040020.80078
2015-12-23,13142.5302734375,13187.0498046875,12974.6298828125,13007.8701171875,1625200,21140390514.453125
2015-12-24,12977.25,13003.7802734375,12770.3603515625,12932.3701171875,1182300,15289941189.550781
2015-12-25,12960.259765625,13012.740234375,12898.4697265625,12980.5703125,1043300,13542629007.03125
2015-12-28,13025.66015625,13064.5,12686.33984375,12686.33984375,1356400,17207751364.0625
2015-12-29,12676.6103515625,12806.16015625,12598.1103515625,12806.16015625,1012200,12962395310.15625
2015-12-30,12826.48046875,12899.9404296875,12768.169921875,12889.830078125,1091500,14069249530.273438
2015-12-31,12893.1201171875,12921.7099609375,12664.5302734375,12664.8896484375,1023900,12967580511.035156
2016-01-04,12650.7197265625,12659.41015625,11625.41015625,11626.0400390625,1058400,12305000777.34375
2016-01-05,11116.900390625,11687.48046875,11063.6396484375,11468.0595703125,1518000,17408514427.734375
2016-01-06,11520.76953125,11730.48046875,11413.98046875,11724.8798828125,1340400,15716028994.921875
2016-01-07,11504.900390625,11504.900390625,10745.4697265625,10760.26953125,379100,4079218179.296875
2016-01-08,11008.8896484375,11121.7802734375,10376.2900390625,10888.91015625,1492800,16254965081.25
2016-01-11,10656.8701171875,10809.5703125,10212.4599609375,10212.4599609375,1418200,14483310716.601562
2016-01-12,10243.5703125,10414.9404296875,10065.08984375,10293.7001953125,1137600,11710113342.1875
2016-01-13,10347.080078125,10435.240234375,9978.8203125,9978.8203125,1084200,10819036982.8125
2016-01-14,9678.2197265625,10357.9501953125,9668.900390625,10344.9404296875,1186500,12274271819.824219
2016-01-15,10268.9501953125,10363.8203125,9940.8896484375,9997.919921875,1143700,11434621014.648438
2016-01-18,9807.25,10273.58984375,9807.25,10155.9599609375,973900,9890889405.957031
2016-01-19,10137.3798828125,10519.669921875,10105.5498046875,10501.7900390625,1175800,12348004727.929688
2016-01-20,10434.3603515625,10554.0400390625,10297.8203125,10366.849609375,1130700,11721796853.320312
2016-01-21,10207.419921875,10475.509765625,9975.9697265625,9975.9697265625,1019400,10169503539.257812
2016-01-22,10095.419921875,10171.919921875,9837.740234375,10111.5703125,858200,8677749642.1875
2016-01-25,10194.75,10291.5,10103.650390625,10192.5302734375,785200,8003174770.703125
2016-01-26,10079.2197265625,10104.4697265625,9463.3095703125,9483.5498046875,1086800,10306721927.734375
2016-01-27,9525.6103515625,9556.830078125,8986.51953125,9422.4296875,1137900,10721782741.40625
2016-01-28,9309.8701171875,9430.5595703125,9045.5,9082.58984375,861100,7821018114.453125
2016-01-29,9077.1103515625,9491.0595703125,9056.0400390625,9418.2001953125,914500,8612944078.613281
2016-02-01,9389.6201171875,9457.4296875,9196.150390625,9322.009765625,758100,7067015603.3203125
2016-02-02,9332.6904296875,9646.9501953125,9332.6904296875,9610.9296875,834200,8017437545.3125
2016-02-03,9509.5,9679.5400390625,9453.16015625,9638.8701171875,786100,7577115799.121094
2016-02-04,9667.91015625,9844.01953125,9667.91015625,9793.0703125,888800,8704080893.75
2016-02-05,9802.25,9830.080078125,9670.01953125,9673.48046875,717300,6938787540.234375
2016-02-15,9385.51953125,9725.1796875,9385.51953125,9668.83984375,688100,6653128696.484375
2016-02-16,9727.759765625,10071.01953125,9727.759765625,10045.3701171875,1039300,10440153162.792969
2016-02-17,10043.6904296875,10178.5498046875,9982.169921875,10161.76953125,1203600,12230705807.8125
2016-02-18,10231.259765625,10273.6298828125,10099.099609375,10116.400390625,1183600,11973771502.34375
2016-02-19,10091.669921875,10225.990234375,10066.0400390625,10162.3203125,941200,9564775878.125
2016-02-22,10290.0498046875,10371.1396484375,10239.580078125,10370.990234375,1230300,12759429285.351562
2016-02-23,10374.3603515625,10397.51953125,10171.669921875,10299.669921875,1139300,11734413941.992188
2016-02-24,10256.3896484375,10355.3203125,10100.5,10307.6298828125,1079900,11131209510.449219
2016-02-25,10290.9599609375,10290.9599609375,9510.099609375,9551.080078125,1372300,13106947191.210938
2016-02-26,9625.3701171875,9676.240234375,9392.669921875,9573.7001953125,1016000,9726879398.4375
2016-02-29,9528.7197265625,9528.7197265625,9000.8896484375,9097.3603515625,1111500,10111716030.761719
2016-03-01,9116.5595703125,9384.3095703125,9011.509765625,9322.0,1093100,10189878200.0
2016-03-02,9308.490234375,9781.91015625,9308.490234375,9766.3701171875,1472300,14379026723.535156
2016-03-03,9770.740234375,9946.9404296875,9749.0,9762.009765625,1589200,15513785919.53125
2016-03-04,9721.23046875,9797.5595703125,9447.1103515625,9536.7099609375,1424800,13587904352.34375
2016-03-07,9642.25,9805.3701171875,9614.6904296875,9703.830078125,1045300,10143413580.664062
2016-03-08,9690.5703125,9732.73046875,9348.759765625,9732.73046875,1182600,11509927052.34375
2016-03-09,9525.25,9672.490234375,9466.490234375,9523.1396484375,905200,8620346009.765625
2016-03-10,9526.1904296875,9600.23046875,9382.16015625,9390.349609375,736700,6917870557.2265625
2016-03-11,9286.5302734375,9430.9501953125,9254.240234375,9363.41015625,624000,5842767937.5
2016-03-14,9466.419921875,9763.3701171875,9466.419921875,9665.1298828125,1049000,10138721247.070312
2016-03-15,9636.6298828125,9677.48046875,9536.26953125,9574.1904296875,842600,8067212856.0546875
2016-03-16,9629.8203125,9661.9296875,9418.5498046875,9469.0302734375,748100,7083781547.558594
2016-03-17,9515.6298828125,9820.990234375,9511.7099609375,9791.849609375,1156800,11327211628.125
2016-03-18,9841.0400390625,10170.6904296875,9833.1103515625,10126.58984375,1659800,16808113822.65625
2016-03-21,10255.900390625,10394.1396484375,10234.650390625,10394.1396484375,1799200,18701136055.46875
2016-03-22,10308.91015625,10435.1298828125,10254.6904296875,10344.080078125,1393400,14413441180.859375
2016-03-23,10317.9296875,10442.3798828125,10277.25,10442.3798828125,1207800,12612306422.460938
2016-03-24,10346.5595703125,10473.2197265625,10263.5595703125,10283.6796875,1324500,13620733746.09375
2016-03-25,10256.41015625,10371.51953125,10223.16015625,10339.6796875,1031500,10665379597.65625
2016-03-28,10399.169921875,10494.2001953125,10248.26953125,10276.83984375,1172400,12048567032.8125
2016-03-29,10259.7099609375,10279.0,10024.0595703125,10094.7099609375,1007200,10167391872.65625
2016-03-30,10187.6396484375,10445.6904296875,10187.6396484375,10445.6904296875,1120700,11706485264.550781
2016-03-31,10494.51953125,10552.580078125,10426.4501953125,10455.3701171875,1212400,12676090730.078125
2016-04-01,10410.6796875,10442.2998046875,10224.3701171875,10379.650390625,1026800,10657825021.09375
2016-04-05,10393.650390625,10656.150390625,10373.5400390625,10640.26953125,1302800,13862143145.3125
2016-04-06,10604.23046875,10696.0302734375,10570.1396484375,10683.8603515625,1242500,13274696486.816406
2016-04-07,10719.26953125,10743.23046875,10504.8798828125,10504.8798828125,1279800,13444145274.023438
2016-04-08,10425.009765625,10457.009765625,10288.7998046875,10413.5400390625,1058700,11024814839.355469
2016-04-11,10513.8701171875,10667.0400390625,10513.8701171875,10609.599609375,1208400,12820640167.96875
2016-04-12,10600.7998046875,10624.58984375,10430.3095703125,10533.41015625,1015600,10697731354.6875
2016-04-13,10599.2197265625,10810.41015625,10599.2197265625,10684.919921875,1666400,17805350557.8125
2016-04-14,10741.650390625,10771.9599609375,10651.919921875,10771.6103515625,1229700,13245849249.316406
2016-04-15,10774.490234375,10784.599609375,10680.740234375,10733.6396484375,1027100,11024521282.910156
2016-04-18,10665.4404296875,10665.4404296875,10508.98046875,10568.9296875,974800,10302592659.375
2016-04-19,10618.83984375,10649.25,10531.5400390625,10602.4599609375,858300,9100091384.472656
2016-04-20,10632.0703125,10647.08984375,10011.5703125,10164.740234375,1476300,15006206008.007812
2016-04-21,10120.1103515625,10242.3603515625,10049.349609375,10058.7998046875,1063400,10696527712.304688
2016-04-22,9995.1201171875,10151.759765625,9976.0498046875,10151.759765625,828700,8412763317.7734375
2016-04-25,10122.1298828125,10137.75,9986.3896484375,10106.7900390625,731700,7395138271.582031
2016-04-26,10095.9599609375,10209.900390625,10076.740234375,10209.900390625,696600,7112216612.109375
2016-04-27,10221.830078125,10279.08984375,10159.5,10174.16015625,746200,7591958308.59375
2016-04-28,10178.240234375,10198.9501953125,9990.669921875,10149.91015625,764000,7754531359.375
2016-04-29,10111.6103515625,10196.919921875,10100.1796875,10141.5400390625,625900,6347589910.449219
2016-05-03,10144.150390625,10441.919921875,10105.7998046875,10441.919921875,968500,10112999444.335938
2016-05-04,10401.669921875,10498.3203125,10389.76953125,10422.7998046875,932200,9716133977.929688
2016-05-05,10403.5498046875,10480.2197265625,10372.2197265625,10474.009765625,805700,8438909668.1640625
2016-05-06,10473.2998046875,10501.4404296875,10100.5400390625,10100.5400390625,1193100,12050954320.605469
2016-05-09,10018.509765625,10018.509765625,9747.8701171875,9790.48046875,955800,9357741232.03125
2016-05-10,9770.2998046875,9836.98046875,9738.51953125,9793.2099609375,642100,6288220115.917969
2016-05-11,9848.3203125,9904.5302734375,9743.080078125,9781.150390625,725800,7099158953.515625
2016-05-12,9664.2802734375,9801.2001953125,9544.1201171875,9796.580078125,728700,7138767902.9296875
2016-05-13,9769.1298828125,9880.6904296875,9710.169921875,9759.26953125,649300,6336693706.640625
2016-05-16,9729.7900390625,9910.080078125,9690.330078125,9910.080078125,698200,6919217910.546875
2016-05-17,9918.4404296875,10007.3798828125,9839.8603515625,9908.7900390625,840200,8325365390.8203125
2016-05-18,9835.580078125,9835.580078125,9591.1796875,9694.7802734375,853600,8275464441.40625
2016-05-19,9684.1201171875,9847.2197265625,9684.1201171875,9733.740234375,748400,7284731191.40625
2016-05-20,9657.75,9816.75,9628.98046875,9816.75,695300,6825586275.0
2016-05-23,9839.7802734375,9937.830078125,9839.759765625,9918.16015625,771900,7655827824.609375
2016-05-24,9903.169921875,9903.169921875,9765.650390625,9821.7001953125,713400,7006800919.3359375
2016-05-25,9883.9404296875,9930.8095703125,9756.51953125,9784.599609375,704700,6895207344.7265625
2016-05-26,9766.080078125,9826.1396484375,9605.4501953125,9826.1396484375,776300,7628032209.082031
2016-05-27,9798.33984375,9878.740234375,9775.2197265625,9813.6298828125,765800,7515277764.2578125
2016-05-30,9756.8701171875,9847.7001953125,9681.240234375,9768.83984375,631400,6168045477.34375
2016-05-31,9786.0,10159.9296875,9786.0,10159.9296875,1277200,12976262196.875
2016-06-01,10184.23046875,10284.3603515625,10177.2197265625,10209.1396484375,1302100,13293320736.230469
2016-06-02,10192.509765625,10274.0302734375,10181.1796875,10274.0302734375,1064600,10937732629.101562
2016-06-03,10275.9404296875,10412.9501953125,10258.01953125,10344.91015625,1220300,12623893863.671875
2016-06-06,10383.4501953125,10403.8095703125,10296.1796875,10363.080078125,989700,10256340353.320312
2016-06-07,10365.8095703125,10371.8701171875,10297.419921875,10347.83984375,919000,9509664816.40625
2016-06-08,10330.1796875,10372.98046875,10232.1298828125,10316.8203125,948500,9785504066.40625
2016-06-13,10190.7802734375,10256.6201171875,9862.580078125,9862.580078125,1103100,10879412084.179688
2016-06-14,9830.5498046875,9927.58984375,9795.9404296875,9895.150390625,769400,7613328710.546875
2016-06-15,9790.8798828125,10215.6103515625,9779.1103515625,10173.849609375,1080800,10995896657.8125
2016-06-16,10154.1796875,10199.51953125,10090.23046875,10115.1201171875,1061000,10732142444.335938
2016-06-17,10135.3798828125,10261.9697265625,10113.9501953125,10182.5302734375,1021800,10404509433.398438
2016-06-20,10183.76953125,10241.91015625,10101.6298828125,10221.849609375,877600,8970695217.1875
2016-06-21,10285.0400390625,10357.1796875,10093.150390625,10131.8603515625,1097400,11118703549.804688
2016-06-22,10108.9599609375,10297.98046875,10104.8798828125,10297.98046875,875500,9015881900.390625
2016-06-23,10288.4697265625,10312.6103515625,10183.009765625,10255.26953125,976200,10011194116.40625
2016-06-24,10235.0498046875,10315.349609375,9901.900390625,10147.7001953125,1266900,12856121377.441406
2016-06-27,10090.0498046875,10377.5703125,10090.0498046875,10377.5703125,1091300,11325042482.03125
2016-06-28,10330.1201171875,10475.759765625,10309.23046875,10463.4501953125,1236400,12937009821.484375
2016-06-29,10499.91015625,10527.6904296875,10434.240234375,10460.9697265625,1138500,11909814033.691406
2016-06-30,10474.9404296875,10509.990234375,10435.5302734375,10489.990234375,993300,10419707299.804688
2016-07-01,10506.2197265625,10555.9501953125,10436.599609375,10458.4296875,954100,9978387764.84375
2016-07-04,10369.6904296875,10631.5703125,10362.849609375,10609.8603515625,1288700,13672927035.058594
2016-07-05,10598.419921875,10626.01953125,10546.7001953125,10602.76953125,1259500,13354188224.609375
2016-07-06,10567.669921875,10641.650390625,10538.099609375,10641.650390625,1231900,13109449116.210938
2016-07-07,10612.23046875,10662.7001953125,10526.8095703125,10620.580078125,1357300,14415313340.039062
2016-07-08,10613.7099609375,10672.919921875,10560.3095703125,10611.7998046875,1108200,11759996543.554688
2016-07-11,10633.6298828125,10734.33984375,10587.9599609375,10594.8203125,1318500,13969270582.03125
2016-07-12,10583.169921875,10757.849609375,10487.5498046875,10757.849609375,1463500,15744112903.320312
2016-07-13,10794.5,10890.01953125,10772.830078125,10853.5595703125,1545300,16772005604.003906
2016-07-14,10834.900390625,10866.4404296875,10786.490234375,10854.1396484375,1206800,13098775727.734375
2016-07-15,10854.5,10869.0703125,10774.5400390625,10823.2099609375,1146100,12404480936.230469
2016-07-18,10793.1796875,10835.2998046875,10708.740234375,10762.0,1125100,12108326200.0
2016-07-19,10753.8701171875,10783.2197265625,10661.3896484375,10778.25,1021500,11009982375.0
2016-07-20,10775.5595703125,10818.9501953125,10740.58984375,10759.8603515625,955800,10284274524.023438
2016-07-21,10758.33984375,10872.33984375,10746.8798828125,10787.2099609375,1044000,11261847199.21875
2016-07-22,10782.240234375,10801.4697265625,10700.1103515625,10709.0703125,1041000,11148142195.3125
2016-07-25,10684.5498046875,10778.73046875,10668.6396484375,10718.3603515625,935200,10023810600.78125
2016-07-26,10714.75,10852.2099609375,10713.7001953125,10852.2099609375,910700,9883107611.425781
2016-07-27,10858.7001953125,10873.259765625,10289.9599609375,10405.849609375,1628000,16940723164.0625
2016-07-28,10386.830078125,10481.6904296875,10262.2998046875,10396.3095703125,1109800,11537824361.132812
2016-07-29,10384.400390625,10411.1298828125,10294.5,10329.4404296875,851700,8797584413.964844
2016-08-01,10289.8896484375,10290.0498046875,10086.650390625,10185.48046875,861700,8776828519.921875
2016-08-02,10173.33984375,10250.5498046875,10157.849609375,10250.5498046875,614300,6296912745.019531
2016-08-03,10229.4697265625,10295.759765625,10205.98046875,10281.25,710700,7306884375.0
2016-08-04,10272.7197265625,10376.2099609375,10235.7001953125,10366.5,829800,8602121700.0
2016-08-05,10368.7998046875,10420.419921875,10333.3203125,10342.2802734375,811300,8390691985.839844
2016-08-08,10315.0,10468.8798828125,10259.2998046875,10468.8798828125,888600,9302646663.867188
2016-08-09,10466.0400390625,10564.7802734375,10457.8203125,10564.7802734375,919700,9716428417.480469
2016-08-10,10558.490234375,10594.76953125,10510.91015625,10511.16015625,924000,9712311984.375
2016-08-11,10496.4404296875,10526.349609375,10390.9599609375,10390.9599609375,891900,9267697189.160156
2016-08-12,10373.0498046875,10528.099609375,10364.4697265625,10528.099609375,912000,9601626843.75
2016-08-15,10556.400390625,10862.9599609375,10552.9501953125,10822.1103515625,1615600,17484201483.984375
2016-08-16,10845.6201171875,10913.2197265625,10845.0703125,10882.9501953125,1413600,15384138396.09375
2016-08-17,10879.990234375,10936.580078125,10832.7802734375,10890.6904296875,1244000,13548018894.53125
2016-08-18,10873.650390625,10946.740234375,10834.009765625,10879.2001953125,1315900,14315939537.011719
2016-08-19,10865.3798828125,10911.76953125,10819.7998046875,10872.7099609375,1079800,11740352215.820312
2016-08-22,10869.0595703125,10894.83984375,10731.2001953125,10731.400390625,1029100,11043684141.992188
2016-08-23,10720.5,10793.3701171875,10680.099609375,10750.2900390625,904400,9722562311.328125
2016-08-24,10751.349609375,10815.259765625,10732.919921875,10760.4404296875,877800,9445514609.179688
2016-08-25,10694.33984375,10699.25,10564.3603515625,10679.150390625,972100,10381202094.726562
2016-08-26,10703.3203125,10785.009765625,10675.599609375,10693.75,877900,9388043125.0
2016-08-29,10690.9501953125,10757.259765625,10682.259765625,10724.400390625,765400,8208456058.984375
2016-08-30,10732.76953125,10787.3203125,10713.75,10729.1201171875,723000,7757153844.7265625
2016-08-31,10730.5498046875,10776.3203125,10679.650390625,10757.8798828125,791100,8510558775.292969
2016-09-01,10759.759765625,10765.509765625,10669.509765625,10669.509765625,829100,8846090546.679688
2016-09-02,10666.099609375,10727.8798828125,10592.080078125,10640.419921875,759800,8084591056.640625
2016-09-05,10682.7099609375,10756.4296875,10674.9599609375,10695.4501953125,734400,7854738623.4375
2016-09-06,10714.5400390625,10861.5,10623.990234375,10861.5,1021100,11090677650.0
2016-09-07,10860.1201171875,10903.6396484375,10827.25,10838.7197265625,1051200,11393662176.5625
2016-09-08,10830.0498046875,10863.9599609375,10795.8701171875,10851.1904296875,790100,8573525558.496094
2016-09-09,10855.2900390625,10877.08984375,10762.7900390625,10762.7900390625,849700,9145142696.191406
2016-09-12,10578.7802734375,10619.8896484375,10460.509765625,10461.580078125,1031700,10793212166.601562
2016-09-13,10519.01953125,10545.2001953125,10460.1298828125,10514.580078125,741100,7792355295.8984375
2016-09-14,10466.830078125,10519.9599609375,10425.6904296875,10454.240234375,663300,6934297547.4609375
2016-09-19,10476.6298828125,10570.580078125,10476.6298828125,10557.25,579200,6114759200.0
2016-09-20,10563.0400390625,10563.73046875,10520.080078125,10544.5302734375,547100,5768912512.597656
2016-09-21,10543.3896484375,10600.6904296875,10538.9404296875,10583.400390625,602500,6376498735.3515625
2016-09-22,10644.7099609375,10697.3896484375,10634.4599609375,10662.2099609375,756600,8067028056.4453125
2016-09-23,10670.58984375,10679.8203125,10607.8603515625,10609.7001953125,686200,7280376274.0234375
2016-09-26,10588.349609375,10588.509765625,10392.7001953125,10392.7001953125,790000,8210233154.296875
2016-09-27,10375.349609375,10476.9697265625,10352.01953125,10476.9697265625,618400,6478958078.90625
2016-09-28,10490.0498046875,10492.9296875,10436.1201171875,10467.16015625,513500,5374886740.234375
2016-09-29,10477.0400390625,10553.01953125,10477.0400390625,10512.25,555200,5836401200.0
2016-09-30,10504.2900390625,10590.3701171875,10499.4697265625,10567.580078125,509700,5386295565.8203125
2016-10-10,10612.2099609375,10741.6904296875,10584.7001953125,10741.6904296875,817200,8778109419.140625
2016-10-11,10743.41015625,10782.3095703125,10727.4501953125,10782.3095703125,857700,9247986918.457031
2016-10-12,10751.4296875,10792.1201171875,10733.3095703125,10788.58984375,786800,8488462489.0625
2016-10-13,10784.740234375,10818.0400390625,10757.490234375,10787.490234375,813900,8779938301.757812
2016-10-14,10774.3701171875,10774.3701171875,10692.0703125,10759.6796875,739300,7954631192.96875
2016-10-17,10770.33984375,10783.669921875,10624.8203125,10651.5,799700,8518004550.0
2016-10-18,10637.6904296875,10797.01953125,10637.6904296875,10797.01953125,829000,8950729191.40625
2016-10-19,10811.26953125,10824.41015625,10733.6904296875,10757.919921875,833900,8971029422.851562
2016-10-20,10763.4599609375,10802.66015625,10752.919921875,10784.330078125,757300,8166973168.1640625
2016-10-21,10783.5595703125,10802.5400390625,10678.1201171875,10748.900390625,835800,8983930946.484375
2016-10-24,10755.490234375,10871.16015625,10740.1796875,10842.6396484375,931900,10104255888.378906
2016-10-25,10846.759765625,10871.66015625,10841.2001953125,10871.509765625,865700,9411466004.101562
2016-10-26,10871.240234375,10871.240234375,10793.6298828125,10817.509765625,883100,9552942874.023438
2016-10-27,10805.7998046875,10808.1396484375,10745.2802734375,10788.9697265625,722100,7790715039.550781
2016-10-28,10783.2802734375,10836.76953125,10710.9296875,10711.0400390625,769100,8237860894.042969
2016-10-31,10685.3603515625,10719.0400390625,10630.2998046875,10704.2998046875,664800,7116218510.15625
2016-11-01,10714.8203125,10797.0595703125,10706.8701171875,10796.1396484375,669100,7223697038.769531
2016-11-02,10771.349609375,10785.1103515625,10686.9404296875,10692.650390625,799000,8543427662.109375
2016-11-03,10662.16015625,10804.259765625,10655.1396484375,10743.9599609375,882900,9485842249.511719
2016-11-04,10737.91015625,10784.83984375,10684.4697265625,10702.5703125,743900,7961642055.46875
2016-11-07,10704.259765625,10729.990234375,10663.5595703125,10695.1796875,867500,9278068378.90625
2016-11-08,10734.0703125,10785.8798828125,10722.3603515625,10763.1298828125,803500,8648174860.839844
2016-11-09,10768.8603515625,10785.08984375,10575.16015625,10697.1103515625,1049400,11225547602.929688
2016-11-10,10777.099609375,10848.98046875,10777.099609375,10821.66015625,1009900,10928794591.796875
2016-11-11,10823.9296875,10878.1396484375,10792.830078125,10878.1396484375,1260100,13707543770.996094
2016-11-14,10855.98046875,10952.6103515625,10847.8203125,10907.5302734375,1326200,14465566648.632812
2016-11-15,10910.150390625,10958.099609375,10877.400390625,10958.099609375,1063900,11658322174.414062
2016-11-16,10970.7001953125,10998.919921875,10956.8701171875,10968.080078125,1092200,11979337061.328125
2016-11-17,10942.099609375,10961.7998046875,10887.51953125,10945.419921875,853000,9336443193.359375
2016-11-18,10946.8798828125,10963.66015625,10876.91015625,10889.1103515625,789400,8595863711.523438
2016-11-21,10877.080078125,10955.4404296875,10861.8095703125,10899.919921875,823000,8970634095.703125
2016-11-22,10910.419921875,10985.599609375,10910.419921875,10985.599609375,957800,10522007305.859375
2016-11-23,11011.0,11041.51953125,10952.0,10973.7998046875,1080100,11852801169.042969
2016-11-24,10960.650390625,11030.1201171875,10947.26953125,10967.4697265625,1027500,11269075144.042969
2016-11-25,10966.3603515625,11036.5302734375,10830.400390625,11036.5302734375,1028300,11348864080.175781
2016-11-28,11078.76953125,11108.8701171875,11045.6796875,11068.8701171875,1113300,12322973101.464844
2016-11-29,11039.6201171875,11124.8095703125,11026.2998046875,11034.7001953125,1133700,12510039611.425781
2016-11-30,11023.66015625,11072.0595703125,10983.1796875,11012.1904296875,978300,10773225897.363281
2016-12-01,11037.1103515625,11090.9296875,11036.6103515625,11088.16015625,954100,10579213605.078125
2016-12-02,11074.5400390625,11078.2900390625,10905.3896484375,10912.6298828125,1011000,11032668811.523438
2016-12-05,10776.1201171875,10894.080078125,10762.849609375,10784.330078125,913800,9854720825.390625
2016-12-06,10798.7998046875,10833.8095703125,10774.3603515625,10779.76953125,698300,7527513063.671875
2016-12-07,10780.2099609375,10855.7197265625,10751.2001953125,10855.7197265625,745200,8089682340.234375
2016-12-08,10865.2197265625,10865.2197265625,10804.740234375,10812.2998046875,783800,8474680586.9140625
2016-12-09,10802.1796875,10835.91015625,10766.5595703125,10789.6201171875,775900,8371666248.925781
2016-12-12,10774.58984375,10775.5703125,10292.5400390625,10302.849609375,1151300,11861670755.273438
2016-12-13,10280.4404296875,10364.0595703125,10192.1298828125,10332.2802734375,818100,8452838491.699219
2016-12-14,10318.0703125,10333.66015625,10213.9501953125,10232.8203125,792200,8106440251.5625
2016-12-15,10202.240234375,10331.98046875,10195.0,10256.1103515625,755900,7752593814.746094
2016-12-16,10258.6396484375,10346.5302734375,10239.2099609375,10334.759765625,679900,7026603164.6484375
2016-12-19,10330.6103515625,10330.6103515625,10262.6904296875,10283.16015625,655600,6741639798.4375
2016-12-20,10275.4404296875,10276.6298828125,10204.01953125,10245.330078125,635800,6513980863.671875
2016-12-21,10266.1904296875,10320.33984375,10266.1904296875,10313.5703125,624900,6444950088.28125
2016-12-22,10310.7197265625,10323.0703125,10257.3203125,10306.919921875,586600,6046039226.171875
2016-12-23,10304.6396484375,10311.3896484375,10196.7197265625,10199.8603515625,632900,6455491616.503906
2016-12-26,10163.509765625,10233.419921875,10062.3701171875,10233.419921875,614000,6283319832.03125
2016-12-27,10229.91015625,10270.98046875,10221.669921875,10230.5703125,525900,5380256927.34375
2016-12-28,10229.009765625,10246.76953125,10169.7998046875,10187.16015625,519500,5292229701.171875
2016-12-29,10177.0302734375,10222.51953125,10151.2802734375,10159.4501953125,493500,5013688671.386719
2016-12-30,10175.5,10204.08984375,10145.1103515625,10177.1396484375,504400,5133349238.671875
2017-01-03,10205.1396484375,10275.1298828125,10205.1396484375,10262.849609375,621900,6382466172.0703125
2017-01-04,10264.4296875,10384.8701171875,10255.75,10384.8701171875,723000,7508261094.7265625
2017-01-05,10382.599609375,10396.900390625,10365.4404296875,10371.4697265625,680900,7061933736.816406
2017-01-06,10362.849609375,10363.1201171875,10286.51953125,10289.3603515625,618600,6364998313.4765625
2017-01-09,10281.3095703125,10337.7001953125,10258.3701171875,10331.7900390625,619300,6398477571.191406
2017-01-10,10327.009765625,10357.1396484375,10301.6904296875,10306.33984375,646100,6658926173.046875
2017-01-11,10294.2998046875,10331.3701171875,10213.8603515625,10215.48046875,619900,6332576342.578125
2017-01-12,10207.4296875,10236.08984375,10127.419921875,10131.23046875,624200,6323914058.59375
2017-01-13,10135.6796875,10155.2197265625,9997.400390625,10008.2998046875,597900,5983962453.222656
2017-01-16,9993.5595703125,9993.5595703125,9482.83984375,9712.7998046875,827000,8032485438.4765625
2017-01-17,9684.5302734375,9827.91015625,9611.1904296875,9826.7900390625,577000,5670057852.5390625
2017-01-18,9801.080078125,9858.7900390625,9774.759765625,9804.759765625,463900,4548428055.2734375
2017-01-19,9781.6396484375,9821.2197265625,9746.2998046875,9768.5703125,454800,4442745778.125
2017-01-20,9763.0400390625,9925.169921875,9762.7802734375,9906.1396484375,529000,5240347874.0234375
2017-01-23,9919.41015625,10010.080078125,9919.41015625,9976.1904296875,568200,5668471402.1484375
2017-01-24,9972.6103515625,9978.26953125,9928.080078125,9941.5498046875,510800,5078143640.234375
2017-01-25,9931.6201171875,9991.5,9922.490234375,9977.9599609375,432900,4319458867.089844
2017-01-26,9989.849609375,10053.3603515625,9989.349609375,10052.0498046875,451700,4540510896.777344
2017-02-03,10061.2900390625,10066.7001953125,9985.2998046875,10004.83984375,451400,4516184705.46875
2017-02-06,10004.2197265625,10080.580078125,9984.6396484375,10078.73046875,518600,5226829621.09375
2017-02-07,10072.509765625,10093.669921875,10011.76953125,10055.5703125,534700,5376713446.09375
2017-02-08,10043.6103515625,10130.1201171875,10003.91015625,10130.1201171875,575200,5826845091.40625
2017-02-09,10124.4501953125,10194.419921875,10116.4501953125,10182.73046875,689800,7024047477.34375
2017-02-10,10184.5703125,10212.48046875,10155.3603515625,10186.3798828125,756000,7700903191.40625
2017-02-13,10188.7099609375,10279.1201171875,10187.08984375,10270.830078125,779900,8010220377.9296875
2017-02-14,10273.08984375,10286.3701171875,10234.3701171875,10264.919921875,651000,6682462869.140625
2017-02-15,10259.9501953125,10294.76953125,10160.1103515625,10177.25,789300,8032903425.0
2017-02-16,10175.1201171875,10253.9599609375,10163.240234375,10253.9599609375,692900,7104968856.933594
2017-02-17,10261.08984375,10296.1396484375,10183.3701171875,10197.919921875,749400,7642321189.453125
2017-02-20,10203.01953125,10334.58984375,10203.01953125,10329.0,763000,7881027000.0
2017-02-21,10338.8701171875,10407.1396484375,10330.2802734375,10405.75,819700,8529593275.0
2017-02-22,10403.919921875,10444.3798828125,10385.099609375,10444.3798828125,809700,8456814391.113281
2017-02-23,10439.830078125,10454.16015625,10379.0498046875,10432.6396484375,866500,9039882255.371094
2017-02-24,10423.6396484375,10446.5,10396.75,10443.73046875,765700,7996764419.921875
2017-02-27,10443.2998046875,10447.6796875,10345.4697265625,10353.5498046875,740800,7669909695.3125
2017-02-28,10354.8701171875,10402.2802734375,10340.08984375,10391.33984375,643600,6687866323.4375
2017-03-01,10387.6298828125,10446.3798828125,10378.1201171875,10418.6201171875,750700,7821258121.972656
2017-03-02,10429.98046875,10443.8701171875,10362.0,10367.3095703125,722200,7487270971.6796875
2017-03-03,10339.8896484375,10404.8701171875,10308.2197265625,10397.0498046875,698300,7260259878.613281
2017-03-06,10406.23046875,10522.2802734375,10406.23046875,10522.2802734375,782500,8233684313.964844
2017-03-07,10527.830078125,10552.1396484375,10495.5,10552.1396484375,756400,7981638430.078125
2017-03-08,10549.990234375,10549.990234375,10473.8798828125,10498.3095703125,637700,6694772012.988281
2017-03-09,10484.2802734375,10484.6796875,10402.3603515625,10421.0595703125,674100,7024836256.347656
2017-03-10,10415.3798828125,10476.58984375,10415.3798828125,10451.009765625,615400,6431551409.765625
2017-03-13,10450.650390625,10559.8798828125,10402.7197265625,10559.8798828125,764200,8069860206.4453125
2017-03-14,10561.5,10577.48046875,10515.51953125,10531.73046875,720400,7587058629.6875
2017-03-15,10515.58984375,10551.7099609375,10499.849609375,10543.009765625,696000,7337934796.875
2017-03-16,10573.76953125,10628.1796875,10573.76953125,10624.419921875,858600,9122126944.921875
2017-03-17,10632.0498046875,10650.4599609375,10514.669921875,10515.41015625,878800,9240942445.3125
2017-03-20,10512.8896484375,10534.1103515625,10459.740234375,10532.330078125,698400,7355779326.5625
2017-03-21,10527.41015625,10586.6201171875,10513.6298828125,10586.6201171875,667300,7064451604.199219
2017-03-22,10535.669921875,10586.48046875,10488.6298828125,10553.5302734375,788500,8321458620.605469
2017-03-23,10558.33984375,10607.73046875,10477.5703125,10583.0400390625,765500,8101317149.902344
2017-03-24,10584.08984375,10666.1201171875,10580.1103515625,10646.7197265625,834300,8882558267.871094
2017-03-27,10643.4501953125,10660.23046875,10578.75,10581.919921875,746800,7902577797.65625
2017-03-28,10580.16015625,10606.08984375,10538.01953125,10563.2900390625,654300,6911560672.558594
2017-03-29,10573.1201171875,10585.8798828125,10497.009765625,10520.8203125,781100,8217812746.09375
2017-03-30,10505.3896484375,10513.8896484375,10328.9501953125,10348.26953125,850200,8798098755.46875
2017-03-31,10351.330078125,10428.7197265625,10351.330078125,10428.7197265625,636800,6641008721.875
2017-04-05,10496.7802734375,10628.599609375,10496.7802734375,10627.1298828125,959200,10193542983.59375
2017-04-06,10649.83984375,10661.76953125,10608.1298828125,10656.169921875,883200,9411529275.0
2017-04-07,10652.400390625,10702.8798828125,10635.080078125,10669.48046875,1044900,11148540141.796875
2017-04-10,10663.8603515625,10664.099609375,10593.759765625,10603.2802734375,1231900,13062180968.847656
2017-04-11,10601.0,10662.5,10476.66015625,10655.7900390625,1370100,14599497932.519531
2017-04-12,10643.48046875,10667.599609375,10584.6904296875,10587.3095703125,1391900,14736476190.917969
2017-04-13,10578.580078125,10678.7802734375,10571.7001953125,10654.08984375,1094500,11660901333.984375
2017-04-14,10662.259765625,10662.5302734375,10515.3701171875,10519.8603515625,1115100,11730696278.027344
2017-04-17,10483.9599609375,10505.6298828125,10406.51953125,10450.8603515625,886200,9261552443.554688
2017-04-18,10449.009765625,10522.849609375,10405.349609375,10411.4404296875,872500,9083981774.902344
2017-04-19,10377.2802734375,10393.73046875,10235.0,10348.41015625,924500,9567105189.453125
2017-04-20,10346.990234375,10411.75,10306.3896484375,10359.08984375,845500,8758610462.890625
2017-04-21,10357.8603515625,10407.76953125,10300.400390625,10314.349609375,710300,7326282527.5390625
2017-04-24,10285.0400390625,10285.0400390625,10060.1103515625,10091.8896484375,760900,7678918833.496094
2017-04-25,10106.900390625,10213.490234375,10104.5498046875,10165.2197265625,747100,7594435657.714844
2017-04-26,10162.7197265625,10251.7001953125,10161.419921875,10204.83984375,844300,8615946280.078125
2017-04-27,10174.25,10244.080078125,10015.8896484375,10229.1904296875,963200,9852756221.875
2017-04-28,10208.1298828125,10235.23046875,10176.080078125,10234.650390625,809700,8286996421.2890625
2017-05-02,10205.66015625,10228.7001953125,10166.3896484375,10223.9697265625,773300,7906195789.550781
2017-05-03,10208.599609375,10244.349609375,10146.259765625,10184.1396484375,760500,7745038202.636719
2017-05-04,10164.8095703125,10241.5498046875,10116.009765625,10147.4404296875,797500,8092583742.675781
2017-05-05,10119.5400390625,10132.919921875,10024.4404296875,10024.4404296875,775200,7770946221.09375
2017-05-08,10000.9501953125,10018.5703125,9833.169921875,9833.169921875,823200,8094665479.6875
2017-05-09,9794.8095703125,9887.150390625,9736.1396484375,9885.33984375,644800,6374067131.25
2017-05-10,9875.740234375,9945.6103515625,9756.8095703125,9756.8095703125,747900,7297117877.636719
2017-05-11,9704.8798828125,9776.509765625,9566.419921875,9776.4501953125,821600,8032331480.46875
2017-05-12,9755.8701171875,9794.990234375,9703.099609375,9787.990234375,639900,6263334950.9765625
2017-05-15,9812.3798828125,9866.0703125,9812.3798828125,9845.599609375,617000,6074734958.984375
2017-05-16,9819.7099609375,10046.66015625,9761.349609375,10046.66015625,900700,9049026802.734375
2017-05-17,10030.3603515625,10091.4697265625,10019.3603515625,10030.1103515625,910800,9135424508.203125
2017-05-18,9955.8603515625,10045.6796875,9936.3095703125,9974.349609375,704900,7030919039.6484375
2017-05-19,9978.5,10005.7099609375,9922.759765625,9970.9599609375,639700,6378423087.011719
2017-05-22,9958.2900390625,10014.9404296875,9864.9501953125,9899.650390625,722600,7153487372.265625
2017-05-23,9878.3798828125,9914.5,9761.3095703125,9763.7802734375,805000,7859843120.1171875
2017-05-24,9722.0400390625,9812.4599609375,9609.41015625,9812.4599609375,659800,6474261082.2265625
2017-05-25,9792.099609375,9917.8095703125,9727.509765625,9893.7802734375,830100,8212827004.980469
2017-05-26,9871.6796875,9913.48046875,9838.7001953125,9859.23046875,722500,7123294013.671875
2017-05-31,9944.1201171875,9976.650390625,9855.2998046875,9864.83984375,746700,7366075911.328125
2017-06-01,9833.8203125,9854.5498046875,9730.0595703125,9730.330078125,701700,6827772615.8203125
2017-06-02,9708.7197265625,9811.580078125,9637.5400390625,9794.8896484375,646500,6332396157.714844
2017-06-05,9799.8095703125,9866.33984375,9799.650390625,9842.599609375,580400,5712644813.28125
2017-06-06,9834.5400390625,9915.919921875,9821.1298828125,9915.919921875,538900,5343689245.8984375
2017-06-07,9915.1796875,10117.0595703125,9910.5302734375,10109.8798828125,889500,8992738155.761719
2017-06-08,10104.58984375,10162.48046875,10097.66015625,10148.7197265625,778100,7896718819.238281
2017-06-09,10147.01953125,10182.6103515625,10124.9404296875,10177.4501953125,712700,7253468754.199219
2017-06-12,10144.1201171875,10197.099609375,10108.98046875,10119.990234375,729700,7384556874.0234375
2017-06-13,10104.7099609375,10237.400390625,10102.5,10224.8203125,731100,7475366130.46875
2017-06-14,10208.83984375,10226.150390625,10138.8203125,10151.5302734375,736500,7476602046.386719
2017-06-15,10140.080078125,10225.0498046875,10134.41015625,10221.6904296875,787200,8046514706.25
2017-06-16,10212.98046875,10233.7998046875,10176.8603515625,10191.240234375,684600,6976923064.453125
2017-06-19,10191.98046875,10262.7998046875,10191.8701171875,10262.7998046875,657300,6745738311.621094
2017-06-20,10281.5703125,10323.0,10273.0595703125,10288.5302734375,799700,8227737659.667969
2017-06-21,10327.1298828125,10367.169921875,10269.3203125,10367.169921875,775600,8040776991.40625
2017-06-22,10361.33984375,10418.6103515625,10265.2001953125,10265.2001953125,921400,9458355459.960938
2017-06-23,10249.7900390625,10366.7802734375,10196.3896484375,10366.7802734375,840700,8715352175.878906
2017-06-26,10377.2197265625,10537.58984375,10377.2197265625,10537.58984375,991800,10451181607.03125
2017-06-27,10532.5703125,10548.7998046875,10479.349609375,10535.3603515625,808500,8517838844.238281
2017-06-28,10507.0498046875,10517.9404296875,10436.080078125,10451.5703125,773200,8081154165.625
2017-06-29,10460.3798828125,10523.51953125,10459.9404296875,10511.8603515625,787000,8272834096.6796875
2017-06-30,10475.2197265625,10537.5,10454.8798828125,10529.6103515625,749500,7891942958.496094
2017-07-03,10531.73046875,10541.8603515625,10464.6796875,10535.0498046875,860300,9063303346.972656
2017-07-04,10527.76953125,10527.76953125,10437.400390625,10474.830078125,869400,9106817269.921875
2017-07-05,10443.0302734375,10561.08984375,10434.6796875,10561.08984375,875000,9240953613.28125
2017-07-06,10547.509765625,10574.1103515625,10467.91015625,10562.0595703125,1047600,11064813605.859375
2017-07-07,10526.7802734375,10564.3095703125,10504.099609375,10563.7197265625,988200,10439067833.789062
2017-07-10,10542.5498046875,10574.2099609375,10497.3896484375,10505.599609375,1112100,11683277325.585938
2017-07-11,10488.8896484375,10568.3701171875,10467.1298828125,10467.7099609375,960200,10051095104.492188
2017-07-12,10465.8701171875,10494.25,10360.099609375,10453.1904296875,960500,10040289407.714844
2017-07-13,10444.7802734375,10491.3896484375,10431.5,10466.099609375,877200,9180862577.34375
2017-07-14,10445.5703125,10452.9404296875,10382.3701171875,10427.7900390625,832500,8681135207.519531
2017-07-17,10383.2197265625,10384.0498046875,10006.3798828125,10055.7998046875,1270900,12779915971.777344
2017-07-18,10012.91015625,10103.759765625,9960.5595703125,10103.759765625,912800,9222711914.0625
2017-07-19,10079.6796875,10296.2900390625,10064.3095703125,10295.5703125,1215200,12511177043.75
2017-07-20,10288.8896484375,10392.0595703125,10282.2802734375,10366.98046875,1108500,11491797849.609375
2017-07-21,10354.5400390625,10406.25,10342.7197265625,10364.8203125,929700,9636173444.53125
2017-07-24,10352.849609375,10414.0703125,10341.240234375,10404.2197265625,1010200,10510342767.773438
2017-07-25,10398.25,10421.2099609375,10317.919921875,10353.2099609375,956600,9903880648.632812
2017-07-26,10365.6103515625,10380.7001953125,10247.5400390625,10297.33984375,1060800,10923418106.25
2017-07-27,10284.919921875,10416.5498046875,10216.01953125,10395.1904296875,1306400,13580276777.34375
2017-07-28,10381.3095703125,10456.41015625,10371.3896484375,10437.9404296875,1082200,11295939133.007812
2017-07-31,10438.23046875,10517.330078125,10418.830078125,10505.0400390625,1319500,13861400331.542969
2017-08-01,10496.7099609375,10529.900390625,10472.7099609375,10525.349609375,1248900,13145109127.148438
2017-08-02,10526.0,10557.4697265625,10461.9501953125,10469.33984375,1332600,13951442275.78125
2017-08-03,10454.009765625,10507.23046875,10403.58984375,10436.169921875,1220000,12732127304.6875
2017-08-04,10426.5302734375,10450.6904296875,10360.830078125,10361.23046875,1289000,13355626074.21875
2017-08-07,10353.150390625,10451.080078125,10347.5,10451.080078125,1007400,10528418070.703125
2017-08-08,10448.8701171875,10516.6103515625,10437.849609375,10496.25,1233200,12943975500.0
2017-08-09,10487.76953125,10548.0595703125,10455.26953125,10544.58984375,1168700,12323462150.390625
2017-08-10,10525.150390625,10582.16015625,10417.08984375,10480.6396484375,1140300,11951073391.113281
2017-08-11,10407.330078125,10459.91015625,10281.6298828125,10291.349609375,1214500,12498844100.585938
2017-08-14,10308.9697265625,10519.7998046875,10308.9697265625,10519.7998046875,1097800,11548636225.585938
2017-08-15,10527.5400390625,10559.7802734375,10502.51953125,10559.7802734375,993000,10485861811.523438
2017-08-16,10550.419921875,10625.33984375,10504.0703125,10600.7802734375,1153200,12224819811.328125
2017-08-17,10601.650390625,10658.16015625,10583.400390625,10653.73046875,1155700,12312516302.734375
2017-08-18,10586.349609375,10636.150390625,10563.259765625,10614.080078125,960800,10198008139.0625
2017-08-21,10624.8095703125,10689.76953125,10624.8095703125,10689.76953125,974300,10415042454.296875
2017-08-22,10689.650390625,10699.0498046875,10631.25,10653.98046875,972900,10365257598.046875
2017-08-23,10642.2197265625,10662.830078125,10583.1796875,10619.33984375,858900,9120950991.796875
2017-08-24,10617.740234375,10627.33984375,10537.7802734375,10552.9599609375,758000,7999143650.390625
2017-08-25,10556.5400390625,10671.7099609375,10556.5400390625,10659.009765625,85600,912411235.9375
2017-08-29,10796.5400390625,10818.2197265625,10742.1298828125,10762.3701171875,101500,1092380566.8945312
2017-08-30,10762.240234375,10825.8896484375,10762.240234375,10813.9296875,99400,1074904610.9375
2017-08-31,10823.3095703125,10837.3896484375,10759.7900390625,10816.6396484375,94300,1020009118.8476562
2017-09-01,10822.490234375,10880.5595703125,10807.76953125,10880.5595703125,120500,1311107428.2226562
2017-09-05,10958.2001953125,10995.5302734375,10928.8603515625,10986.9501953125,113900,1251413627.2460938
2017-09-06,10959.3095703125,11036.8896484375,10939.259765625,11024.58984375,121300,1337282748.046875
2017-09-07,11030.599609375,11059.4697265625,10966.5400390625,10969.1298828125,122200,1340427671.6796875
2017-09-08,10961.7001953125,11011.1103515625,10911.8203125,10970.76953125,100800,1105853568.75
2017-09-11,10979.7197265625,11053.73046875,10963.6201171875,11053.73046875,114900,1270073630.859375
2017-09-12,11063.849609375,11131.9501953125,11019.8701171875,11043.6103515625,157300,1737159908.3007812
2017-09-13,11040.099609375,11091.490234375,11015.740234375,11091.490234375,110300,1223391372.8515625
2017-09-14,11091.98046875,11124.5400390625,11033.8203125,11070.490234375,119900,1327351779.1015625
2017-09-15,11058.099609375,11105.01953125,11022.25,11063.099609375,119100,1317615163.4765625
2017-09-18,11062.4296875,11154.75,11062.4296875,11153.5302734375,109300,1219080858.8867188
2017-09-19,11160.419921875,11181.1796875,11055.240234375,11083.900390625,110300,1222554213.0859375
2017-09-20,11083.849609375,11191.1298828125,11083.2099609375,11191.1298828125,114800,1284741710.546875
2017-09-21,11187.8798828125,11199.1904296875,11098.33984375,11098.33984375,112000,1243014062.5
2017-09-22,11067.1103515625,11085.4296875,11025.8896484375,11069.8203125,95200,1053846893.75
2017-09-25,11054.259765625,11056.66015625,10911.0302734375,10930.669921875,92900,1015459235.7421875
2017-09-26,10915.66015625,10951.1396484375,10890.919921875,10950.76953125,86500,947241564.453125
2017-09-27,10951.9599609375,11063.1298828125,10951.8896484375,11036.7802734375,89400,986688156.4453125
2017-09-28,11029.4697265625,11072.5595703125,11015.48046875,11031.419921875,97300,1073357158.3984375
2017-09-29,11042.7197265625,11121.4404296875,11042.7197265625,11087.1904296875,98600,1093196976.3671875
2017-10-09,11248.349609375,11305.4599609375,11214.900390625,11264.26953125,122700,1382125871.484375
2017-10-10,11260.76953125,11329.509765625,11229.01953125,11329.509765625,111400,1262107387.890625
2017-10-11,11319.4599609375,11344.58984375,11285.919921875,11312.5,112600,1273787500.0
2017-10-12,11309.3603515625,11337.1201171875,11240.66015625,11307.3203125,95400,1078718357.8125
2017-10-13,11312.26953125,11400.0498046875,11308.0400390625,11399.08984375,96800,1103431896.875
2017-10-16,11401.8701171875,11422.9404296875,11267.26953125,11271.2001953125,124200,1399883064.2578125
2017-10-17,11254.41015625,11318.0,11214.8203125,11275.33984375,82400,929088003.125
2017-10-18,11277.5400390625,11323.259765625,11240.6298828125,11282.75,93000,1049295750.0
2017-10-19,11275.3095703125,11290.7197265625,11179.1904296875,11189.5498046875,96000,1074196781.25
2017-10-20,11154.9296875,11238.8798828125,11140.33984375,11238.8798828125,72200,811447127.5390625
2017-10-23,11239.6904296875,11306.3095703125,11228.6796875,11306.3095703125,78900,892067825.0976562
2017-10-24,11289.01953125,11339.1298828125,11260.6796875,11339.1298828125,80000,907130390.625
2017-10-25,11330.75,11437.2099609375,11324.169921875,11437.2099609375,87200,997324708.59375
2017-10-26,11430.0,11509.01953125,11413.9296875,11461.2802734375,100700,1154150923.5351562
2017-10-27,11456.5703125,11484.91015625,11415.3701171875,11444.51953125,95700,1095240519.140625
2017-10-30,11446.7900390625,11472.2802734375,11192.1796875,11312.6103515625,124700,1410682510.8398438
2017-10-31,11293.33984375,11368.1904296875,11274.169921875,11367.6201171875,85000,966247709.9609375
2017-11-01,11370.51953125,11424.48046875,11341.0703125,11350.3203125,87400,992017995.3125
2017-11-02,11336.48046875,11337.009765625,11251.8095703125,11292.419921875,100600,1136017444.140625
2017-11-03,11287.5498046875,11334.6796875,11165.0595703125,11215.1904296875,102200,1146192461.9140625
2017-11-06,11218.0400390625,11373.740234375,11181.2900390625,11373.740234375,103600,1178319488.28125
2017-11-07,11374.08984375,11467.9697265625,11370.990234375,11467.9697265625,111900,1283265812.4023438
2017-11-08,11460.150390625,11563.8203125,11441.7998046875,11447.400390625,120500,1379411747.0703125
2017-11-09,11443.5400390625,11553.240234375,11414.2001953125,11553.240234375,103600,1196915688.28125
2017-11-10,11540.5498046875,11659.650390625,11531.58984375,11645.0498046875,113800,1325206667.7734375
2017-11-13,11657.6298828125,11714.98046875,11631.1904296875,11695.0,120000,1403400000.0
2017-11-14,11689.9404296875,11700.73046875,11538.33984375,11582.919921875,122600,1420065982.421875
2017-11-15,11548.0,11583.9697265625,11390.2998046875,11462.1103515625,99800,1143918613.0859375
2017-11-16,11442.849609375,11549.080078125,11415.759765625,11537.9599609375,103300,1191871263.9648438
2017-11-17,11519.919921875,11555.8701171875,11292.9296875,11292.9296875,129500,1462434394.53125
2017-11-20,11229.580078125,11437.5498046875,11087.5302734375,11437.5498046875,104900,1199798974.5117188
2017-11-21,11419.08984375,11602.099609375,11407.400390625,11602.099609375,122800,1424737832.03125
2017-11-22,11598.0400390625,11666.1298828125,11454.259765625,11560.7998046875,119000,1375735176.7578125
2017-11-23,11520.0400390625,11520.0400390625,11162.5302734375,11175.4697265625,117300,1310882598.9257812
2017-11-24,11135.0703125,11225.2001953125,11058.990234375,11168.3896484375,93700,1046478110.0585938
2017-11-27,11126.7802734375,11126.7802734375,10936.1396484375,10954.1796875,100800,1104181312.5
2017-11-28,10938.400390625,11091.1396484375,10936.400390625,11091.1396484375,84200,933873958.3984375
2017-11-29,11095.91015625,11108.4501953125,10936.990234375,11082.1298828125,98100,1087156941.5039062
2017-11-30,11036.75,11079.9296875,10908.7001953125,10944.099609375,81700,894132938.0859375
2017-12-01,10941.8701171875,11077.4296875,10926.76953125,11013.150390625,81700,899774386.9140625
2017-12-04,11007.1904296875,11099.830078125,10993.509765625,11014.5498046875,87900,968178927.8320312
2017-12-05,10988.0703125,11044.1796875,10801.400390625,10854.759765625,97000,1052911697.265625
2017-12-06,10838.0400390625,10911.330078125,10716.2900390625,10911.330078125,89100,972199509.9609375
2017-12-07,10886.259765625,10925.2001953125,10795.83984375,10801.25,73200,790651500.0
2017-12-08,10789.169921875,10964.7900390625,10789.169921875,10935.0595703125,79900,873711259.6679688
2017-12-11,10962.1796875,11143.259765625,10962.1796875,11143.259765625,89600,998436075.0
2017-12-12,11145.75,11176.580078125,11043.2099609375,11043.2099609375,82500,911064821.7773438
2017-12-13,11030.01953125,11143.8896484375,11019.58984375,11143.8896484375,73400,817961500.1953125
2017-12-14,11138.4599609375,11165.6103515625,11070.98046875,11110.1796875,79900,887703357.03125
2017-12-15,11092.150390625,11104.8203125,10970.73046875,10998.1201171875,87600,963435322.265625
2017-12-18,10991.1103515625,11046.099609375,10916.1904296875,10960.1201171875,72000,789128648.4375
2017-12-19,10964.1396484375,11077.1796875,10963.7900390625,11074.990234375,71200,788539304.6875
2017-12-20,11072.41015625,11079.1298828125,10988.8896484375,11003.330078125,74300,817547424.8046875
2017-12-21,10988.76953125,11149.0400390625,10935.2197265625,11118.25,85100,946163075.0
2017-12-22,11112.73046875,11154.75,11078.259765625,11094.16015625,69300,768825298.828125
2017-12-25,11102.16015625,11132.58984375,10967.3701171875,11005.5,81700,899149350.0
2017-12-26,11002.33984375,11025.099609375,10900.6396484375,11021.830078125,75800,835454719.921875
2017-12-27,11007.4404296875,11026.73046875,10911.2099609375,10911.2099609375,86900,948184145.6054688
2017-12-28,10907.830078125,11029.08984375,10891.75,10974.009765625,89700,984368675.9765625
2017-12-29,10984.8603515625,11040.6201171875,10971.6396484375,11040.4501953125,76200,841282304.8828125
2018-01-02,11079.6396484375,11178.0498046875,11072.8701171875,11178.0498046875,97900,1094331075.8789062
2018-01-03,11181.1796875,11316.4599609375,11171.1201171875,11280.2998046875,115500,1302874627.4414062
2018-01-04,11270.91015625,11341.349609375,11259.4599609375,11341.349609375,99200,1125061881.25
2018-01-05,11339.5703125,11372.2900390625,11310.2900390625,11342.849609375,107700,1221624902.9296875
2018-01-08,11343.8203125,11386.0400390625,11287.599609375,11382.7197265625,122800,1397797982.421875
2018-01-09,11371.9296875,11449.599609375,11358.1298828125,11447.08984375,107900,1235140994.140625
2018-01-10,11439.2197265625,11446.41015625,11345.099609375,11437.080078125,113800,1301539712.890625
2018-01-11,11411.580078125,11482.8095703125,11372.3603515625,11464.2001953125,106500,1220937320.8007812
2018-01-12,11459.4599609375,11496.5302734375,11420.259765625,11461.990234375,102200,1171415401.953125
2018-01-15,11453.330078125,11476.580078125,11277.3095703125,11307.4599609375,133200,1506153666.796875
2018-01-16,11283.599609375,11402.4599609375,11283.2900390625,11386.91015625,117000,1332268488.28125
2018-01-17,11366.599609375,11367.16015625,11185.919921875,11303.9697265625,133200,1505688767.578125
2018-01-18,11287.6396484375,11375.1103515625,11279.419921875,11319.91015625,89600,1014263950.0
2018-01-19,11314.4599609375,11393.0400390625,11276.5703125,11296.26953125,112000,1265182187.5
2018-01-22,11289.8603515625,11513.080078125,11273.6904296875,11513.080078125,107800,1241110032.421875
2018-01-23,11514.5595703125,11564.9501953125,11493.740234375,11555.25,101600,1174013400.0
2018-01-24,11548.2099609375,11613.9599609375,11456.259765625,11607.5703125,127800,1483447485.9375
2018-01-25,11588.3798828125,11633.4599609375,11548.6796875,11552.5595703125,123900,1431362130.7617188
2018-01-26,11524.7001953125,11605.1298828125,11512.9404296875,11557.8203125,100800,1165028287.5
2018-01-29,11547.6796875,11556.650390625,11323.6904296875,11352.7197265625,122400,1389572894.53125
2018-01-30,11319.9697265625,11370.0,11260.3095703125,11278.7802734375,93800,1057949589.6484375
2018-01-31,11210.0595703125,11244.1796875,11119.3203125,11159.6796875,107200,1196317662.5
2018-02-01,11145.41015625,11171.3603515625,10836.349609375,10864.33984375,129200,1403672707.8125
2018-02-02,10794.1298828125,10933.150390625,10663.5400390625,10925.16015625,107000,1168992136.71875
2018-02-05,10761.080078125,10873.240234375,10741.849609375,10836.25,91100,987182375.0
2018-02-06,10603.5400390625,10685.16015625,10377.6103515625,10377.6103515625,117900,1223520260.4492188
2018-02-07,10563.3095703125,10599.5400390625,10173.66015625,10246.9697265625,112700,1154833488.1835938
2018-02-08,10219.3896484375,10411.2001953125,10219.2099609375,10372.58984375,86200,894117244.53125
2018-02-09,10096.4697265625,10172.7802734375,9868.830078125,10001.23046875,113500,1135139658.203125
2018-02-12,10059.8603515625,10325.6796875,10059.8603515625,10291.8798828125,81000,833642270.5078125
2018-02-13,10367.6796875,10486.8095703125,10350.169921875,10362.4296875,77200,799979571.875
2018-02-14,10381.16015625,10433.08984375,10319.150390625,10431.91015625,53400,557064002.34375
2018-02-22,10547.8095703125,10667.7998046875,10526.98046875,10658.9404296875,78400,835660929.6875
2018-02-23,10667.8095703125,10700.1103515625,10578.7900390625,10662.7900390625,75900,809305763.9648438
2018-02-26,10731.3095703125,10920.2099609375,10670.169921875,10895.5595703125,111800,1218123559.9609375
2018-02-27,10898.2900390625,10915.3603515625,10791.9501953125,10807.5302734375,104000,1123983148.4375
2018-02-28,10705.8095703125,10875.7099609375,10656.3603515625,10828.73046875,100900,1092618904.296875
2018-03-01,10754.6201171875,10943.1298828125,10732.9296875,10943.1298828125,97800,1070238102.5390625
2018-03-02,10857.8701171875,10947.3896484375,10840.009765625,10856.25,91600,994432500.0
2018-03-05,10882.8701171875,10913.0302734375,10813.4697265625,10875.6796875,80000,870054375.0
2018-03-06,10909.2802734375,11007.9501953125,10873.849609375,11007.9501953125,112200,1235092011.9140625
2018-03-07,10993.9501953125,11031.48046875,10897.580078125,10904.990234375,91800,1001078103.515625
2018-03-08,10902.349609375,11019.080078125,10892.1796875,11019.080078125,83200,916787462.5
2018-03-09,11040.3701171875,11203.7197265625,11030.5498046875,11194.91015625,120300,1346747691.796875
2018-03-12,11266.3203125,11328.76953125,11260.4599609375,11326.26953125,134100,1518852744.140625
2018-03-13,11311.0400390625,11335.2998046875,11236.3798828125,11241.41015625,108900,1224189566.015625
2018-03-14,11198.76953125,11242.2998046875,11138.3896484375,11139.6298828125,93900,1046011245.9960938
2018-03-15,11100.5302734375,11195.9404296875,11051.6201171875,11163.650390625,90300,1008077630.2734375
2018-03-16,11166.4296875,11192.3603515625,11051.1201171875,11051.1201171875,81700,902876513.5742188
2018-03-19,11046.0302734375,11120.75,10994.6796875,11068.490234375,80600,892120312.890625
2018-03-20,10982.73046875,11082.0302734375,10951.990234375,11077.7998046875,80300,889547324.3164062
2018-03-21,11100.91015625,11170.5595703125,10973.580078125,10980.5498046875,94100,1033269736.6210938
2018-03-22,10988.830078125,11035.580078125,10858.4404296875,10877.25,82700,899548575.0
2018-03-23,10511.16015625,10664.9296875,10256.5,10439.990234375,148400,1549294550.78125
2018-03-26,10303.75,10564.3798828125,10217.2197265625,10564.3798828125,101900,1076510310.0585938
2018-03-27,10683.16015625,10799.3701171875,10675.5,10775.7099609375,114100,1229508506.5429688
2018-03-28,10633.7001953125,10768.48046875,10613.0595703125,10630.6904296875,99500,1057753697.7539062
2018-03-29,10676.5595703125,10778.7998046875,10564.2900390625,10755.919921875,95800,1030417128.515625
2018-03-30,10776.7099609375,10883.0498046875,10766.5302734375,10868.650390625,99700,1083604443.9453125
2018-04-02,10887.4697265625,10950.2197265625,10835.7099609375,10852.9501953125,116500,1264368697.7539062
2018-04-03,10718.4296875,10783.9296875,10667.330078125,10754.2900390625,100200,1077579861.9140625
2018-04-04,10778.8603515625,10829.8203125,10678.9404296875,10684.5595703125,89000,950925801.7578125
2018-04-09,10655.0703125,10725.1103515625,10571.16015625,10653.3798828125,85300,908733304.0039062
2018-04-10,10671.6904296875,10765.6201171875,10628.240234375,10765.6201171875,92300,993666736.8164062
2018-04-11,10796.5,10856.4404296875,10786.83984375,10808.3701171875,89900,971672473.5351562
2018-04-12,10797.349609375,10825.66015625,10720.830078125,10726.9501953125,75300,807739349.7070312
2018-04-13,10789.76953125,10825.669921875,10670.650390625,10687.01953125,72500,774808916.015625
2018-04-16,10660.6904296875,10704.3896484375,10540.6904296875,10621.7900390625,95000,1009070053.7109375
2018-04-17,10636.8798828125,10669.150390625,10390.0498046875,10395.16015625,95400,991698278.90625
2018-04-18,10477.51953125,10514.740234375,10249.8701171875,10491.150390625,111000,1164517693.359375
2018-04-19,10502.3603515625,10646.7001953125,10485.41015625,10598.349609375,101000,1070433310.546875
2018-04-20,10571.990234375,10619.169921875,10392.6904296875,10408.91015625,97100,1010705176.171875
2018-04-23,10416.7802734375,10471.2099609375,10228.08984375,10330.6298828125,94900,980376775.8789062
2018-04-24,10325.509765625,10556.8203125,10325.509765625,10556.8203125,97600,1030345662.5
2018-04-25,10503.9404296875,10579.1796875,10488.8701171875,10547.099609375,86900,916542956.0546875
2018-04-26,10495.0302734375,10508.009765625,10290.3701171875,10292.1201171875,91500,941728990.7226562
2018-04-27,10353.01953125,10382.76953125,10239.9697265625,10324.4697265625,82700,853833646.3867188
2018-05-02,10356.1904296875,10433.2802734375,10283.51953125,10342.849609375,77300,799502274.8046875
2018-05-03,10329.16015625,10459.3896484375,10228.259765625,10458.6201171875,91300,954872016.6992188
2018-05-04,10428.849609375,10490.0595703125,10411.830078125,10426.1904296875,70100,730875949.1210938
2018-05-07,10456.4296875,10626.509765625,10450.490234375,10626.509765625,81900,870311149.8046875
2018-05-08,10632.1103515625,10721.98046875,10630.580078125,10707.7998046875,85200,912304543.359375
2018-05-09,10693.2197265625,10705.150390625,10639.919921875,10689.0703125,68800,735408037.5
2018-05-10,10706.73046875,10742.6396484375,10651.8701171875,10729.76953125,76200,817608438.28125
2018-05-11,10748.8896484375,10752.8203125,10634.23046875,10634.2998046875,80400,854997704.296875
2018-05-14,10649.1103515625,10723.7900390625,10641.2900390625,10671.4599609375,82700,882529738.7695312
2018-05-15,10692.8203125,10747.990234375,10632.5498046875,10747.990234375,75500,811473262.6953125
2018-05-16,10713.58984375,10776.4296875,10691.1396484375,10701.3203125,74400,796178231.25
2018-05-17,10702.0703125,10713.7099609375,10615.919921875,10635.5,64600,687053300.0
2018-05-18,10623.91015625,10679.509765625,10557.75,10672.51953125,69100,737471099.609375
2018-05-21,10741.1904296875,10789.759765625,10731.6103515625,10765.349609375,87400,940891555.859375
2018-05-22,10754.7001953125,10765.8095703125,10689.509765625,10765.8095703125,74800,805282555.859375
2018-05-23,10746.8203125,10746.8203125,10631.1201171875,10631.1201171875,80900,860057617.4804688
2018-05-24,10632.5,10657.4501953125,10552.349609375,10564.1298828125,70600,745827569.7265625
2018-05-25,10550.6298828125,10576.8095703125,10435.9501953125,10448.2197265625,77800,812871494.7265625
2018-05-28,10439.650390625,10536.5703125,10382.7197265625,10465.5400390625,75000,784915502.9296875
2018-05-29,10446.990234375,10517.1396484375,10347.9404296875,10349.0703125,73500,760656667.96875
2018-05-30,10203.66015625,10252.150390625,10097.48046875,10105.7900390625,90300,912552840.5273438
2018-05-31,10178.9599609375,10295.73046875,10115.66015625,10295.73046875,82600,850427336.71875
2018-06-01,10247.16015625,10280.740234375,10122.990234375,10169.349609375,71700,729142366.9921875
2018-06-04,10192.0400390625,10237.599609375,10148.6904296875,10204.3203125,68900,703077669.53125
2018-06-05,10216.6298828125,10385.6103515625,10216.01953125,10385.6103515625,72000,747763945.3125
2018-06-06,10375.259765625,10403.9296875,10337.7099609375,10365.1298828125,64500,668550877.4414062
2018-06-07,10397.650390625,10411.5595703125,10308.0595703125,10313.849609375,64400,664211914.84375
2018-06-08,10290.6298828125,10291.900390625,10136.580078125,10205.51953125,68500,699078087.890625
2018-06-11,10191.3095703125,10242.759765625,10141.26953125,10175.349609375,58300,593222882.2265625
2018-06-12,10187.3095703125,10323.0,10124.98046875,10315.2802734375,64400,664304049.609375
2018-06-13,10280.080078125,10288.0,10161.3896484375,10161.650390625,62900,639167809.5703125
2018-06-14,10124.759765625,10213.7900390625,10054.3701171875,10084.1796875,58700,591941347.65625
2018-06-15,10077.4296875,10108.5302734375,9902.6298828125,9943.1298828125,72200,717893977.5390625
2018-06-19,9775.9697265625,9815.009765625,9336.7001953125,9414.759765625,108000,1016794054.6875
2018-06-20,9367.740234375,9549.5302734375,9310.1904296875,9501.33984375,77500,736353837.890625
2018-06-21,9493.5,9573.490234375,9313.08984375,9316.6796875,81000,754651054.6875
2018-06-22,9247.01953125,9416.08984375,9172.2998046875,9409.9501953125,69400,653050543.5546875
2018-06-25,9472.91015625,9494.4404296875,9320.66015625,9324.830078125,69900,651805622.4609375
2018-06-26,9201.0,9364.509765625,9175.3896484375,9339.3701171875,75500,705122443.8476562
2018-06-27,9338.009765625,9378.080078125,9139.8203125,9168.66015625,69700,639055612.890625
2018-06-28,9130.51953125,9230.8896484375,9065.2001953125,9071.73046875,68000,616877671.875
2018-06-29,9100.599609375,9381.0302734375,9078.240234375,9379.4697265625,79900,749419631.1523438
2018-07-02,9369.240234375,9393.099609375,9107.5498046875,9179.7998046875,76700,704090645.0195312
2018-07-03,9184.3095703125,9233.01953125,8945.419921875,9221.5400390625,87900,810573369.4335938
2018-07-04,9182.9599609375,9200.26953125,9008.08984375,9035.490234375,76600,692118551.953125
2018-07-05,9036.1201171875,9096.5400390625,8844.669921875,8862.1796875,73200,648711553.125
2018-07-06,8873.900390625,9035.4501953125,8736.3603515625,8911.33984375,86400,769939762.5
2018-07-09,8954.3095703125,9160.6201171875,8954.3095703125,9160.6201171875,74200,679718012.6953125
2018-07-10,9176.2900390625,9213.8701171875,9123.2197265625,9205.4296875,70100,645300621.09375
2018-07-11,9024.7197265625,9092.8798828125,8916.98046875,9023.8203125,77100,695736546.09375
2018-07-12,9019.9599609375,9312.3701171875,9019.9599609375,9273.6103515625,102200,947762977.9296875
2018-07-13,9288.4697265625,9344.650390625,9270.2001953125,9326.9697265625,84000,783465457.03125
2018-07-16,9322.9697265625,9366.2099609375,9278.0703125,9317.3603515625,74500,694143346.1914062
2018-07-17,9307.66015625,9307.66015625,9175.66015625,9285.16015625,69100,641604566.796875
2018-07-18,9293.2001953125,9335.08984375,9195.240234375,9195.240234375,74800,687803969.53125
2018-07-19,9214.900390625,9266.9296875,9116.4501953125,9148.7802734375,69100,632180716.8945312
2018-07-20,9141.509765625,9277.9501953125,9055.8603515625,9251.48046875,84100,778049507.421875
2018-07-23,9188.4697265625,9314.2998046875,9160.0498046875,9314.2998046875,98900,921184250.6835938
2018-07-24,9316.650390625,9491.240234375,9313.169921875,9465.7998046875,122900,1163346795.9960938
2018-07-25,9475.7197265625,9514.9404296875,9436.990234375,9463.759765625,99600,942590472.65625
2018-07-26,9467.5595703125,9488.3896484375,9331.4501953125,9352.25,95600,894075100.0
2018-07-27,9344.75,9363.169921875,9270.349609375,9295.9296875,74700,694405947.65625
2018-07-30,9289.3603515625,9309.4404296875,9139.740234375,9181.9404296875,74800,686809144.140625
2018-07-31,9168.830078125,9216.73046875,9132.080078125,9178.7802734375,64500,592031327.6367188
2018-08-01,9205.75,9235.740234375,9005.3701171875,9005.3701171875,80600,725832831.4453125
2018-08-02,8971.7099609375,8971.7099609375,8613.83984375,8780.5595703125,98700,866641229.5898438
2018-08-03,8767.5595703125,8807.9501953125,8602.1201171875,8602.1201171875,67200,578062471.875
2018-08-06,8582.4296875,8638.3701171875,8374.400390625,8422.83984375,70400,592967925.0
2018-08-07,8453.5498046875,8674.0302734375,8379.7001953125,8674.0302734375,77900,675706958.3007812
2018-08-08,8654.5498046875,8665.3896484375,8498.2099609375,8499.2197265625,72300,614493586.2304688
2018-08-09,8475.7900390625,8797.580078125,8460.4296875,8752.2001953125,93500,818330718.2617188
2018-08-10,8752.9404296875,8839.2900390625,8742.400390625,8813.490234375,70200,618707014.453125
2018-08-13,8712.1201171875,8855.6201171875,8676.2099609375,8844.8603515625,75200,665133498.4375
2018-08-14,8832.26953125,8843.5703125,8752.759765625,8784.900390625,64100,563112115.0390625
2018-08-15,8786.349609375,8786.349609375,8567.23046875,8581.1796875,71300,611838111.71875
2018-08-16,8470.91015625,8628.91015625,8408.0,8500.419921875,70900,602679772.4609375
2018-08-17,8573.5703125,8597.7900390625,8341.099609375,8357.0400390625,68700,574128650.6835938
2018-08-20,8355.0,8414.150390625,8241.1396484375,8414.150390625,71400,600770337.890625
2018-08-21,8419.7900390625,8561.7900390625,8396.580078125,8549.0595703125,71300,609547947.3632812
2018-08-22,8533.4296875,8533.4296875,8440.580078125,8454.75,56800,480229800.0
2018-08-23,8446.98046875,8543.419921875,8411.740234375,8501.3896484375,66100,561941855.7617188
2018-08-24,8480.2197265625,8544.25,8438.080078125,8484.740234375,61300,520114576.3671875
2018-08-27,8511.3701171875,8728.5595703125,8511.3701171875,8728.5595703125,85600,747164699.21875
2018-08-28,8731.6396484375,8758.7099609375,8693.51953125,8733.75,74600,651537750.0
2018-08-29,8716.8203125,8724.8095703125,8649.73046875,8678.259765625,74700,648266004.4921875
2018-08-30,8666.900390625,8701.0400390625,8543.7900390625,8552.7998046875,76400,653433905.078125
2018-08-31,8509.26953125,8536.0595703125,8425.349609375,8465.4697265625,66200,560414095.8984375
2018-09-03,8440.9501953125,8459.9501953125,8344.9296875,8455.5498046875,72100,609645140.9179688
2018-09-04,8454.1396484375,8573.2001953125,8420.8798828125,8554.4404296875,78600,672379017.7734375
2018-09-05,8519.5703125,8536.83984375,8402.509765625,8402.509765625,78900,662958020.5078125
2018-09-06,8369.2998046875,8450.8896484375,8295.48046875,8324.16015625,65500,545232490.234375
2018-09-07,8344.5703125,8462.3896484375,8270.400390625,8322.3603515625,73400,610861249.8046875
2018-09-10,8310.4599609375,8311.91015625,8155.35009765625,8158.490234375,71000,579252806.640625
2018-09-11,8155.9501953125,8216.6201171875,8112.0,8168.10009765625,61900,505605396.0449219
2018-09-12,8162.169921875,8196.8603515625,8095.009765625,8111.16015625,57300,464769476.953125
2018-09-13,8196.2099609375,8227.2001953125,8038.1201171875,8163.759765625,74000,604118222.65625
2018-09-14,8173.56005859375,8180.7001953125,8090.39990234375,8113.8798828125,73500,596370171.3867188
2018-09-17,8068.06005859375,8074.7900390625,7977.43994140625,7999.35009765625,63600,508758666.2109375
2018-09-18,7970.4501953125,8133.89990234375,7958.52001953125,8133.22021484375,71200,579085279.296875
2018-09-19,8111.240234375,8313.6201171875,8097.22998046875,8248.1201171875,89000,734082690.4296875
2018-09-20,8241.7001953125,8295.1298828125,8218.3798828125,8233.8896484375,70900,583782776.0742188
2018-09-21,8258.01953125,8419.4697265625,8216.6796875,8409.1796875,87900,739166894.53125
2018-09-25,8336.75,8390.650390625,8311.9296875,8353.3798828125,64000,534616312.5
2018-09-26,8369.51953125,8485.6796875,8344.7197265625,8420.5400390625,83300,701430985.2539062
2018-09-27,8411.1796875,8434.8701171875,8331.7802734375,8334.75,78000,650110500.0
2018-09-28,8351.6298828125,8405.98046875,8317.48046875,8401.08984375,68100,572114218.359375
2018-10-08,8225.83984375,8249.3896484375,8055.97998046875,8060.830078125,77400,623908248.046875
2018-10-09,8083.22998046875,8132.14990234375,8013.18994140625,8046.39013671875,59100,475541657.0800781
2018-10-10,8062.4599609375,8090.22021484375,7952.1298828125,8010.68994140625,61500,492657431.3964844
2018-10-11,7753.02978515625,7803.2900390625,7481.89013671875,7524.08984375,112000,842698062.5
2018-10-12,7484.85986328125,7595.93017578125,7331.81005859375,7558.27978515625,98500,744490558.8378906
2018-10-15,7571.7099609375,7622.02978515625,7430.9599609375,7444.47998046875,72600,540469246.5820312
2018-10-16,7444.93994140625,7493.14990234375,7263.2900390625,7298.97998046875,73000,532825538.57421875
2018-10-17,7390.68994140625,7419.2099609375,7206.33984375,7365.2099609375,81200,598055048.828125
2018-10-18,7309.0,7316.18994140625,7182.39013671875,7187.490234375,74200,533311775.390625
2018-10-19,7097.0400390625,7390.919921875,7084.43994140625,7387.740234375,90800,670806813.28125
2018-10-22,7464.919921875,7816.81982421875,7464.919921875,7748.81982421875,126500,980225707.7636719
2018-10-23,7752.18017578125,7769.52001953125,7523.06982421875,7574.990234375,101600,769619007.8125
2018-10-24,7531.60009765625,7653.240234375,7484.6298828125,7545.10986328125,84700,639070805.4199219
2018-10-25,7334.52001953125,7543.10986328125,7305.77001953125,7529.41015625,89800,676141032.03125
2018-10-26,7582.77001953125,7621.3798828125,7476.1298828125,7504.72021484375,87300,655162074.7558594
2018-10-29,7449.64013671875,7450.3798828125,7290.81982421875,7322.240234375,74300,544042449.4140625
2018-10-30,7271.9599609375,7451.66015625,7189.35009765625,7375.22998046875,94700,698434279.1503906
2018-10-31,7385.97998046875,7526.60009765625,7373.75,7482.830078125,88200,659985612.890625
2018-11-01,7568.2001953125,7689.56982421875,7558.39990234375,7567.7900390625,113500,858944169.4335938
2018-11-02,7763.490234375,7867.5400390625,7709.43994140625,7867.5400390625,130500,1026713975.0976562
2018-11-05,7831.81982421875,7895.5400390625,7733.14013671875,7839.080078125,113100,886599956.8359375
2018-11-06,7807.08984375,7807.08984375,7701.509765625,7791.25,88600,690304750.0
2018-11-07,7783.1298828125,7871.169921875,7745.39013671875,7752.0400390625,96700,749622271.7773438
2018-11-08,7813.6298828125,7823.60009765625,7692.33984375,7698.02001953125,84500,650482691.6503906
2018-11-09,7650.169921875,7705.259765625,7626.169921875,7648.5498046875,82800,633299923.828125
2018-11-12,7634.81982421875,7832.81982421875,7622.47021484375,7832.2900390625,107300,840404721.1914062
2018-11-13,7733.10986328125,8008.10986328125,7718.68017578125,7963.66015625,156000,1242330984.375
2018-11-14,7942.080078125,7990.4501953125,7894.2099609375,7908.5498046875,127600,1009130955.078125
2018-11-15,7889.919921875,8002.10009765625,7884.33984375,8002.10009765625,115300,922642141.2597656
2018-11-16,8003.47021484375,8116.72998046875,7959.14013671875,8062.2900390625,137700,1110177338.3789062
2018-11-19,8050.5498046875,8108.85009765625,8014.56982421875,8108.85009765625,127300,1032256617.4316406
2018-11-20,8031.35986328125,8054.240234375,7870.41015625,7879.52001953125,124700,982576146.4355469
2018-11-21,7786.77978515625,7919.06982421875,7776.56005859375,7908.47021484375,101500,802709726.8066406
2018-11-22,7929.7900390625,7950.97021484375,7857.81005859375,7893.990234375,88200,696249938.671875
2018-11-23,7882.85009765625,7889.1298828125,7616.47021484375,7636.7001953125,107100,817890590.9179688
2018-11-26,7627.39990234375,7682.2001953125,7586.60009765625,7615.91015625,70700,538444848.046875
2018-11-27,7657.7998046875,7682.759765625,7589.0,7635.16015625,69500,530643630.859375
2018-11-28,7633.3701171875,7757.06982421875,7572.64990234375,7757.06982421875,91700,711323302.8808594
2018-11-29,7800.56982421875,7820.4501953125,7597.009765625,7597.009765625,91000,691327888.671875
2018-11-30,7583.83984375,7688.8798828125,7537.919921875,7681.75,77200,593031100.0
2018-12-03,7901.830078125,7968.08984375,7835.22998046875,7938.47021484375,120600,957379507.9101562
2018-12-04,7916.5498046875,7954.31005859375,7890.66015625,7953.72021484375,86600,688792170.6054688
2018-12-05,7825.1201171875,7972.97998046875,7808.740234375,7928.509765625,89800,711980176.953125
2018-12-06,7854.58984375,7872.4501953125,7725.990234375,7735.0498046875,84100,650517688.5742188
2018-12-07,7741.72998046875,7765.14013671875,7712.27001953125,7733.89013671875,63400,490328634.66796875
2018-12-10,7663.259765625,7698.52978515625,7606.0,7624.85986328125,68600,523065386.62109375
2018-12-11,7642.16015625,7685.39990234375,7628.14990234375,7685.39990234375,61500,472652093.9941406
2018-12-12,7721.81982421875,7737.240234375,7675.259765625,7698.02001953125,60200,463420805.17578125
2018-12-13,7717.47021484375,7849.66015625,7679.02001953125,7808.0400390625,81700,637916871.1914062
2018-12-14,7785.2900390625,7792.740234375,7624.72021484375,7629.64990234375,81300,620290537.0605469
2018-12-17,7599.009765625,7618.68017578125,7515.4599609375,7592.64990234375,65300,495800038.6230469
2018-12-18,7540.9599609375,7609.39013671875,7473.4501953125,7530.31982421875,63300,476669244.8730469
2018-12-19,7541.5,7548.72021484375,7407.4599609375,7418.68994140625,56800,421381588.671875
2018-12-20,7402.2001953125,7445.0498046875,7363.77001953125,7426.43994140625,61700,458211344.3847656
2018-12-21,7399.14990234375,7405.27001953125,7283.759765625,7337.60009765625,72300,530508487.0605469
2018-12-24,7315.259765625,7393.7099609375,7293.14990234375,7392.56005859375,57700,426550715.3808594
2018-12-25,7308.60986328125,7362.06982421875,7180.080078125,7332.35009765625,80000,586588007.8125
2018-12-26,7323.990234375,7369.83984375,7277.56005859375,7289.5498046875,60800,443204628.125
2018-12-27,7402.60009765625,7415.919921875,7215.33984375,7215.33984375,74000,533935148.4375
2018-12-28,7229.8701171875,7282.5,7174.89990234375,7239.7900390625,67400,487961848.6328125
2019-01-02,7259.490234375,7266.47021484375,7136.9501953125,7149.27001953125,62800,448974157.2265625
2019-01-03,7134.14990234375,7217.830078125,7081.830078125,7089.43994140625,72000,510439675.78125
2019-01-04,7022.1201171875,7284.83984375,7011.330078125,7284.83984375,104000,757623343.75
2019-01-07,7333.31982421875,7409.3798828125,7303.4599609375,7400.2001953125,105700,782201160.6445312
2019-01-08,7381.60986328125,7412.18994140625,7361.41015625,7391.64990234375,92400,682988450.9765625
2019-01-09,7425.64013671875,7552.2001953125,7404.490234375,7447.93017578125,109600,816293147.265625
2019-01-10,7442.7001953125,7491.68994140625,7415.27978515625,7428.60986328125,87800,652231945.9960938
2019-01-11,7441.18017578125,7490.169921875,7404.31005859375,7474.009765625,82100,613616201.7578125
2019-01-14,7473.8798828125,7488.35986328125,7394.9599609375,7409.2001953125,83000,614963616.2109375
2019-01-15,7403.7900390625,7549.66015625,7386.14990234375,7547.35009765625,90600,683789918.8476562
2019-01-16,7545.35009765625,7586.66015625,7518.7099609375,7540.4501953125,89100,671854112.4023438
2019-01-17,7534.0400390625,7545.81005859375,7463.990234375,7470.35986328125,85100,635727624.3652344
2019-01-18,7486.9501953125,7584.759765625,7479.66015625,7581.39013671875,96400,730846009.1796875
2019-01-21,7591.18994140625,7661.6201171875,7578.490234375,7626.240234375,90400,689412117.1875
2019-01-22,7615.7998046875,7615.7998046875,7493.77978515625,7516.7900390625,77600,583302907.03125
2019-01-23,7493.06982421875,7542.64990234375,7489.31982421875,7523.77001953125,65000,489045051.26953125
2019-01-24,7537.5,7604.990234375,7485.240234375,7573.52001953125,82000,621028641.6015625
2019-01-25,7581.2900390625,7657.02978515625,7554.5498046875,7595.4501953125,89000,675995067.3828125
2019-01-28,7641.2900390625,7704.85009765625,7569.77001953125,7589.580078125,84200,639042642.578125
2019-01-29,7575.43017578125,7578.1298828125,7428.39990234375,7551.2998046875,88100,665269512.7929688
2019-01-30,7518.02978515625,7580.22021484375,7470.35986328125,7470.47021484375,70200,524427009.08203125
2019-01-31,7485.7900390625,7552.56005859375,7428.85986328125,7479.22021484375,89900,672381897.3144531
2019-02-01,7524.669921875,7684.10986328125,7517.830078125,7684.0,89500,687718000.0
2019-02-11,7695.169921875,7922.5400390625,7695.169921875,7919.0498046875,105000,831500229.4921875
2019-02-12,7915.06005859375,8027.6298828125,7903.89990234375,8010.06982421875,131700,1054926195.8496094
2019-02-13,8029.97021484375,8191.97998046875,8016.77978515625,8171.2099609375,159300,1301673746.7773438
2019-02-14,8182.31982421875,8260.330078125,8141.10009765625,8219.9599609375,159700,1312727605.7617188
2019-02-15,8198.4501953125,8223.6396484375,8117.509765625,8125.6298828125,153800,1249721875.9765625
2019-02-18,8187.89013671875,8446.919921875,8187.89013671875,8446.919921875,194400,1642081232.8125
2019-02-19,8480.759765625,8537.349609375,8350.8603515625,8440.8701171875,204000,1721937503.90625
2019-02-20,8443.98046875,8488.4697265625,8372.9599609375,8473.4296875,168300,1426078216.40625
2019-02-21,8467.150390625,8619.6201171875,8416.169921875,8451.7099609375,198600,1678509598.2421875
2019-02-22,8431.5595703125,8651.2001953125,8393.8603515625,8651.2001953125,195800,1693904998.2421875
2019-02-25,8804.9697265625,9134.580078125,8785.419921875,9134.580078125,315600,2882873472.65625
2019-02-26,9162.919921875,9276.4501953125,9036.75,9089.0400390625,342700,3114814021.3867188
2019-02-27,9062.9697265625,9158.2001953125,8901.7197265625,9005.76953125,258600,2328892000.78125
2019-02-28,9001.1796875,9097.400390625,8970.650390625,9031.9296875,188200,1699809167.1875
2019-03-01,9111.9599609375,9167.650390625,9005.490234375,9167.650390625,189700,1739103279.1015625
2019-03-04,9280.650390625,9567.150390625,9260.73046875,9384.419921875,295500,2773096086.9140625
2019-03-05,9366.76953125,9595.740234375,9328.0,9595.740234375,256600,2462266944.140625
2019-03-06,9640.9501953125,9707.919921875,9518.7099609375,9700.490234375,323200,3135198443.75
2019-03-07,9685.2998046875,9782.2197265625,9546.5595703125,9678.1103515625,313300,3032151973.1445312
2019-03-08,9447.599609375,9726.2998046875,9346.73046875,9363.7197265625,343000,3211755866.2109375
2019-03-11,9425.7998046875,9704.330078125,9370.3798828125,9704.330078125,263400,2556120542.578125
2019-03-12,9766.5,9928.2001953125,9683.0703125,9841.240234375,304000,2991737031.25
2019-03-13,9828.150390625,9828.150390625,9534.330078125,9592.0595703125,269300,2583141642.2851562
2019-03-14,9521.6201171875,9620.4599609375,9323.0595703125,9417.9296875,213600,2011669781.25
2019-03-15,9485.330078125,9650.5400390625,9452.91015625,9550.5400390625,180200,1721007315.0390625
2019-03-18,9583.4501953125,9843.4296875,9510.66015625,9843.4296875,199900,1967701594.53125
2019-03-19,9844.4599609375,9908.169921875,9774.75,9839.740234375,193500,1903989735.3515625
2019-03-20,9828.0703125,9848.76953125,9642.669921875,9800.599609375,204100,2000302380.2734375
2019-03-21,9808.740234375,9934.8603515625,9771.8603515625,9869.7998046875,234300,2312494094.2382812
2019-03-22,9871.990234375,9891.830078125,9692.25,9879.2197265625,203100,2006469526.4648438
2019-03-25,9705.01953125,9858.080078125,9680.9404296875,9701.7001953125,205800,1996609900.1953125
2019-03-26,9753.169921875,9780.080078125,9487.099609375,9513.0,195600,1860742800.0
2019-03-27,9582.0302734375,9609.4404296875,9446.349609375,9609.4404296875,161600,1552885573.4375
2019-03-28,9586.3798828125,9695.51953125,9537.6103515625,9546.509765625,154100,1471117154.8828125
2019-03-29,9556.2998046875,9906.8603515625,9554.0703125,9906.8603515625,202700,2008120593.2617188
2019-04-01,9976.98046875,10277.5498046875,9976.98046875,10267.7001953125,253500,2602861999.5117188
2019-04-02,10314.7900390625,10334.9501953125,10220.8095703125,10260.3603515625,249900,2564064051.8554688
2019-04-03,10199.9697265625,10350.5703125,10166.669921875,10340.509765625,210400,2175643254.6875
2019-04-04,10379.2001953125,10453.5,10309.5302734375,10415.7998046875,222800,2320640196.484375
2019-04-08,10510.4296875,10541.1904296875,10226.25,10351.8701171875,248100,2568298976.0742188
2019-04-09,10368.0302734375,10438.990234375,10304.73046875,10436.6201171875,189900,1981914160.2539062
2019-04-10,10403.240234375,10529.740234375,10328.6103515625,10435.080078125,206500,2154844036.1328125
2019-04-11,10420.650390625,10437.4501953125,10149.3798828125,10158.400390625,179500,1823432870.1171875
2019-04-12,10138.08984375,10186.4697265625,10053.8095703125,10132.33984375,143400,1452977533.59375
2019-04-15,10294.8203125,10365.3095703125,10048.830078125,10053.759765625,168100,1690037016.6015625
2019-04-16,9993.25,10287.6396484375,9928.2802734375,10287.6396484375,175500,1805480758.3007812
2019-04-17,10288.4501953125,10410.650390625,10257.5595703125,10344.4296875,188300,1947856110.15625
2019-04-18,10338.5,10363.849609375,10267.3095703125,10287.669921875,157300,1618250478.7109375
2019-04-19,10280.33984375,10418.240234375,10208.6103515625,10418.240234375,156700,1632538244.7265625
2019-04-22,10418.7099609375,10418.7099609375,10192.51953125,10224.3095703125,174500,1784142020.0195312
2019-04-23,10206.01953125,10247.3896484375,10091.919921875,10124.66015625,159000,1609820964.84375
2019-04-24,10162.3798828125,10239.3701171875,10023.91015625,10236.26953125,161300,1651110275.390625
2019-04-25,10186.23046875,10209.1396484375,9902.01953125,9907.6201171875,172800,1712036756.25
2019-04-26,9852.9404296875,9927.740234375,9774.75,9780.8203125,140600,1375183335.9375
2019-05-06,9289.740234375,9333.919921875,8893.150390625,8943.51953125,167900,1501616929.296875
2019-05-07,9011.51953125,9160.51953125,8928.5703125,9089.4599609375,130700,1187992416.8945312
2019-05-08,8899.91015625,9167.8095703125,8873.4404296875,9002.5302734375,121100,1090206416.1132812
2019-05-09,8919.5,9012.240234375,8860.169921875,8877.3095703125,101700,902822383.3007812
2019-05-10,8988.919921875,9238.5498046875,8820.58984375,9235.3896484375,145100,1340055037.9882812
2019-05-13,9112.51953125,9191.0703125,9059.3203125,9103.3603515625,106400,968597541.40625
2019-05-14,8998.9697265625,9142.4599609375,8996.919921875,9038.3603515625,100800,911066723.4375
2019-05-15,9125.26953125,9282.9599609375,9123.900390625,9259.0302734375,110600,1024048748.2421875
2019-05-16,9247.990234375,9307.2197265625,9211.75,9293.3203125,117300,1090106472.65625
2019-05-17,9299.4599609375,9303.0498046875,8964.3701171875,9000.1904296875,135800,1222225860.3515625
2019-05-20,8980.7998046875,8994.1796875,8792.83984375,8916.1103515625,113900,1015544969.0429688
2019-05-21,8920.4599609375,9120.6904296875,8892.150390625,9087.51953125,118300,1075053560.546875
2019-05-22,9068.990234375,9132.3701171875,8986.5302734375,9041.2197265625,111500,1008095999.5117188
2019-05-23,8997.25,8997.25,8789.41015625,8809.5302734375,111300,980500719.4335938
2019-05-24,8788.169921875,8880.8095703125,8745.599609375,8776.76953125,93000,816239566.40625
2019-05-27,8795.1396484375,9003.8701171875,8732.98046875,8979.830078125,117200,1052436085.15625
2019-05-28,8979.580078125,9082.7001953125,8946.7001953125,9035.6904296875,109700,991215240.1367188
2019-05-29,8971.2197265625,9077.509765625,8956.7197265625,9010.3603515625,96400,868598737.890625
2019-05-30,8974.400390625,8974.400390625,8845.830078125,8943.349609375,105900,947100723.6328125
2019-05-31,8939.41015625,9016.16015625,8892.1201171875,8922.6904296875,95700,853901474.1210938
2019-06-03,8953.3701171875,9012.080078125,8826.75,8856.990234375,107300,950355052.1484375
2019-06-04,8854.5,8868.08984375,8697.490234375,8748.26953125,95400,834584913.28125
2019-06-05,8831.1298828125,8851.1201171875,8729.2099609375,8746.0498046875,87600,766153962.890625
2019-06-06,8741.830078125,8741.830078125,8557.580078125,8584.9404296875,93000,798399459.9609375
2019-06-10,8621.73046875,8748.9697265625,8582.48046875,8711.7900390625,86800,756183375.390625
2019-06-11,8721.26953125,9045.1201171875,8718.4697265625,9037.669921875,134600,1216470371.484375
2019-06-12,9008.5595703125,9038.8701171875,8930.91015625,8954.7197265625,114800,1028001824.609375
2019-06-13,8948.580078125,8974.7998046875,8866.2197265625,8951.6103515625,97300,870991687.2070312
2019-06-14,8956.919921875,8994.16015625,8801.330078125,8810.1298828125,104500,920658572.7539062
2019-06-17,8807.83984375,8864.76953125,8753.419921875,8780.8701171875,76400,670858476.953125
2019-06-18,8785.76953125,8839.23046875,8722.9296875,8804.3203125,70500,620704582.03125
2019-06-19,9051.849609375,9084.1796875,8923.4404296875,8925.73046875,112500,1004144677.734375
2019-06-20,8923.5703125,9183.150390625,8900.75,9134.9599609375,134900,1232306098.7304688
2019-06-21,9181.6396484375,9252.5498046875,9158.3203125,9214.26953125,143100,1318561969.921875
2019-06-24,9220.23046875,9251.48046875,9171.349609375,9212.1201171875,104900,966351400.2929688
2019-06-25,9206.1796875,9206.1796875,9004.759765625,9118.099609375,105700,963783128.7109375
2019-06-26,9064.1298828125,9164.2802734375,9040.3203125,9122.4296875,77200,704251571.875
2019-06-27,9154.0400390625,9274.419921875,9152.6298828125,9239.48046875,96500,891609865.234375
2019-06-28,9236.0595703125,9236.0595703125,9126.8896484375,9178.3095703125,86400,793005946.875
2019-07-01,9384.7900390625,9530.4599609375,9339.76953125,9530.4599609375,153600,1463878650.0
2019-07-02,9516.419921875,9560.51953125,9483.16015625,9545.51953125,131300,1253326714.453125
2019-07-03,9519.7998046875,9520.3798828125,9376.3095703125,9419.83984375,104300,982489295.703125
2019-07-04,9435.0400390625,9466.01953125,9323.0703125,9368.2998046875,90900,851578452.2460938
2019-07-05,9379.9404296875,9464.3896484375,9345.7900390625,9443.2197265625,74500,703519869.6289062
2019-07-08,9419.6904296875,9420.240234375,9124.16015625,9186.2900390625,104100,956292793.0664062
2019-07-09,9178.91015625,9221.7197265625,9119.650390625,9198.7900390625,71800,660473124.8046875
2019-07-10,9231.8603515625,9239.2802734375,9130.5302734375,9166.150390625,74900,686544664.2578125
2019-07-11,9216.9501953125,9282.9501953125,9121.4599609375,9152.76953125,74700,683711883.984375
2019-07-12,9161.26953125,9236.419921875,9122.41015625,9213.3798828125,75200,692846167.1875
2019-07-15,9181.0302734375,9358.080078125,9066.7099609375,9309.419921875,106400,990522279.6875
2019-07-16,9294.5595703125,9324.91015625,9255.4296875,9283.41015625,91200,846647006.25
2019-07-17,9274.6904296875,9354.8095703125,9242.25,9302.0,110100,1024150200.0
2019-07-18,9258.1201171875,9258.1201171875,9153.009765625,9154.650390625,96600,884339227.734375
2019-07-19,9198.8203125,9298.2099609375,9198.8203125,9228.5498046875,87800,810266672.8515625
2019-07-22,9247.2802734375,9254.650390625,9073.490234375,9122.6396484375,92900,847493223.3398438
2019-07-23,9125.4599609375,9175.830078125,9104.759765625,9175.830078125,70800,649648769.53125
2019-07-24,9203.23046875,9312.669921875,9203.23046875,9266.2998046875,93600,867325661.71875
2019-07-25,9265.3095703125,9344.8203125,9247.9697265625,9344.8203125,99000,925137210.9375
2019-07-26,9310.650390625,9363.26953125,9294.6103515625,9349.0,81700,763813300.0
2019-07-29,9350.2099609375,9376.419921875,9310.6298828125,9354.2802734375,85500,799790963.3789062
2019-07-30,9362.23046875,9469.080078125,9362.23046875,9399.099609375,100300,942729690.8203125
2019-07-31,9374.4404296875,9374.4404296875,9318.58984375,9326.6103515625,82200,766647370.8984375
2019-08-01,9278.830078125,9327.9404296875,9223.3095703125,9268.0498046875,83100,770174938.7695312
2019-08-02,9049.349609375,9150.73046875,9020.259765625,9136.4599609375,103200,942882667.96875
2019-08-05,9093.0703125,9168.099609375,8984.73046875,8984.73046875,94000,844564664.0625
2019-08-06,8805.150390625,8898.3798828125,8669.900390625,8859.4697265625,123300,1092372617.2851562
2019-08-07,8919.8896484375,8933.990234375,8814.740234375,8814.740234375,81400,717519855.078125
2019-08-08,8870.1796875,8936.48046875,8859.48046875,8919.2802734375,78400,699271573.4375
2019-08-09,8963.4697265625,8970.51953125,8780.7197265625,8795.1796875,86100,757264971.09375
2019-08-12,8816.8896484375,8978.51953125,8798.5,8978.51953125,85000,763174160.15625
2019-08-13,8910.150390625,8960.01953125,8869.4599609375,8902.6298828125,75300,670368030.1757812
2019-08-14,9034.0498046875,9060.400390625,8956.080078125,8966.4697265625,98800,885887208.984375
2019-08-15,8779.5302734375,9011.76953125,8758.0400390625,9009.6796875,99000,891958289.0625
2019-08-16,9007.150390625,9136.2099609375,8995.5703125,9060.919921875,105200,953208775.78125
2019-08-19,9165.7998046875,9328.9697265625,9141.8896484375,9328.9697265625,147200,1373224343.75
2019-08-20,9340.66015625,9389.3896484375,9301.919921875,9328.73046875,135500,1264042978.515625
2019-08-21,9304.51953125,9361.740234375,9287.3095703125,9322.75,112800,1051606200.0
2019-08-22,9350.650390625,9363.7900390625,9282.759765625,9350.5595703125,116400,1088405133.984375
2019-08-23,9357.0,9397.759765625,9311.259765625,9362.5498046875,112100,1049541833.1054688
2019-08-26,9181.7099609375,9298.099609375,9173.009765625,9270.3896484375,117100,1085562627.8320312
2019-08-27,9333.099609375,9517.650390625,9333.099609375,9443.1796875,145800,1376815598.4375
2019-08-28,9449.400390625,9453.759765625,9375.5703125,9414.0,121000,1139094000.0
2019-08-29,9429.0,9440.669921875,9363.150390625,9398.4697265625,112400,1056387997.265625
2019-08-30,9458.3896484375,9492.0400390625,9310.1103515625,9365.6796875,125500,1175392800.78125
2019-09-02,9393.0302734375,9586.51953125,9389.48046875,9569.4697265625,130900,1252643587.2070312
2019-09-03,9591.419921875,9633.6904296875,9547.759765625,9633.6904296875,134200,1292841255.6640625
2019-09-04,9612.6201171875,9700.3203125,9590.98046875,9700.3203125,149700,1452137950.78125
2019-09-05,9752.33984375,9900.759765625,9751.9501953125,9783.5,198800,1944959800.0
2019-09-06,9829.9697265625,9837.23046875,9742.26953125,9823.419921875,144100,1415554810.7421875
2019-09-09,9907.1298828125,10001.9296875,9853.6904296875,10001.9296875,178100,1781343677.34375
2019-09-10,10005.8095703125,10005.8095703125,9903.419921875,9964.9296875,165800,1652185342.1875
2019-09-11,9985.1103515625,10000.25,9835.9697265625,9853.7197265625,151200,1489882422.65625
2019-09-12,9886.25,9941.169921875,9837.26953125,9919.7998046875,119700,1187400036.6210938
2019-09-16,9952.330078125,9962.150390625,9877.1103515625,9918.08984375,129600,1285384443.75
2019-09-17,9890.580078125,9890.580078125,9684.150390625,9722.7998046875,134600,1308688853.7109375
2019-09-18,9747.98046875,9785.6201171875,9701.6396484375,9753.3095703125,104800,1022146842.96875
2019-09-19,9786.400390625,9852.2001953125,9733.9697265625,9852.2001953125,112600,1109357741.9921875
2019-09-20,9873.9404296875,9903.6904296875,9832.3896484375,9881.25,122100,1206500625.0
2019-09-23,9853.4697265625,9853.4697265625,9703.66015625,9781.1396484375,120500,1178627327.6367188
2019-09-24,9783.3896484375,9896.1796875,9761.0302734375,9811.3798828125,125900,1235252727.2460938
2019-09-25,9768.3798828125,9768.3798828125,9656.0498046875,9671.0595703125,122300,1182770585.4492188
2019-09-26,9698.2802734375,9707.919921875,9464.83984375,9464.83984375,120600,1141459685.15625
2019-09-27,9470.5400390625,9574.5,9467.150390625,9548.9599609375,92800,886143484.375
2019-09-30,9544.01953125,9581.6396484375,9446.0400390625,9446.240234375,81800,772702451.171875
2019-10-08,9474.5703125,9556.9599609375,9468.740234375,9474.75,86200,816723450.0
2019-10-09,9443.4501953125,9507.0400390625,9380.5703125,9506.5595703125,82100,780488540.7226562
2019-10-10,9504.0302734375,9643.51953125,9480.169921875,9638.099609375,97800,942606141.796875
2019-10-11,9656.98046875,9704.6796875,9583.51953125,9666.580078125,100700,973424613.8671875
2019-10-14,9753.580078125,9840.58984375,9725.6796875,9786.6396484375,124500,1218436636.2304688
2019-10-15,9759.9501953125,9759.9501953125,9658.509765625,9671.73046875,107200,1036809506.25
2019-10-16,9678.3095703125,9722.1201171875,9635.4501953125,9642.0595703125,93400,900568363.8671875
2019-10-17,9657.08984375,9670.7001953125,9617.009765625,9645.3896484375,81000,781276561.5234375
2019-10-18,9665.8095703125,9706.3798828125,9516.75,9533.509765625,96900,923797096.2890625
2019-10-21,9533.08984375,9560.98046875,9476.4501953125,9553.5703125,82600,789124907.8125
2019-10-22,9582.1103515625,9642.9296875,9558.3603515625,9642.08984375,81800,788722949.21875
2019-10-23,9641.8896484375,9652.0703125,9547.5,9567.75,82200,786469050.0
2019-10-24,9570.330078125,9598.330078125,9495.009765625,9555.759765625,79800,762549629.296875
2019-10-25,9562.2998046875,9665.599609375,9509.33984375,9660.4404296875,90400,873303814.84375
2019-10-28,9721.6396484375,9802.150390625,9704.5302734375,9801.8701171875,129600,1270322367.1875
2019-10-29,9812.48046875,9818.740234375,9746.0302734375,9746.0302734375,136400,1329358529.296875
2019-10-30,9707.1796875,9726.9501953125,9647.0,9681.5400390625,110300,1067873866.3085938
2019-10-31,9709.099609375,9720.9697265625,9626.9296875,9635.330078125,101000,973168337.890625
2019-11-01,9621.8896484375,9814.669921875,9604.3095703125,9802.330078125,97200,952786483.59375
2019-11-04,9828.599609375,9908.2001953125,9828.599609375,9868.1298828125,107600,1061810775.390625
2019-11-05,9885.01953125,9982.33984375,9847.2001953125,9938.6103515625,111600,1109148915.234375
2019-11-06,9947.3095703125,9947.3095703125,9829.75,9860.9697265625,104600,1031457433.3984375
2019-11-07,9849.9599609375,9939.5302734375,9835.8896484375,9917.490234375,97000,961996552.734375
2019-11-08,9985.2001953125,10008.509765625,9891.0,9895.33984375,107700,1065728101.171875
2019-11-11,9821.41015625,9821.41015625,9664.0595703125,9680.5703125,99900,967088974.21875
2019-11-12,9675.5595703125,9699.419921875,9570.4404296875,9670.1396484375,89000,860642428.7109375
2019-11-13,9678.650390625,9702.509765625,9622.3095703125,9687.849609375,76500,741120495.1171875
2019-11-14,9689.9296875,9768.669921875,9677.759765625,9746.5595703125,95400,929821783.0078125
2019-11-15,9741.9296875,9777.6904296875,9647.990234375,9647.990234375,95400,920418268.359375
2019-11-18,9635.8095703125,9725.7802734375,9624.9501953125,9715.26953125,86100,836484706.640625
2019-11-19,9721.009765625,9889.75,9711.2900390625,9889.75,99200,981063200.0
2019-11-20,9885.900390625,9908.6298828125,9796.9501953125,9809.0498046875,100800,988752220.3125
2019-11-21,9772.0302734375,9818.490234375,9733.4404296875,9774.4404296875,81400,795639450.9765625
2019-11-22,9794.3203125,9875.7099609375,9573.4697265625,9626.900390625,110800,1066660563.28125
2019-11-25,9626.41015625,9643.23046875,9515.330078125,9626.3603515625,107200,1031945829.6875
2019-11-26,9662.41015625,9698.599609375,9609.73046875,9677.23046875,112200,1085785258.59375
2019-11-27,9643.1103515625,9694.2197265625,9589.2099609375,9648.3896484375,96800,933964117.96875
2019-11-28,9650.26953125,9679.9599609375,9594.3701171875,9622.1396484375,79400,763997888.0859375
2019-11-29,9614.7099609375,9633.1396484375,9490.849609375,9582.16015625,84800,812567181.25
2019-12-02,9603.01953125,9647.9501953125,9582.3203125,9605.1904296875,86100,827006895.9960938
2019-12-03,9585.75,9657.650390625,9531.259765625,9657.650390625,85700,827660638.4765625
2019-12-04,9624.1904296875,9703.400390625,9614.0400390625,9687.9501953125,94100,911636113.3789062
2019-12-05,9719.2998046875,9817.2099609375,9703.91015625,9799.0703125,107700,1055359872.65625
2019-12-06,9804.0400390625,9878.6201171875,9791.5595703125,9878.6201171875,100600,993789183.7890625
2019-12-09,9908.9697265625,9917.6103515625,9853.2001953125,9876.26953125,118600,1171325566.40625
2019-12-10,9850.0400390625,9915.8701171875,9826.830078125,9915.8701171875,115200,1142308237.5
2019-12-11,9905.91015625,9921.650390625,9829.1103515625,9852.7099609375,119000,1172472485.3515625
2019-12-12,9862.4296875,9887.5595703125,9824.41015625,9836.23046875,107300,1055427529.296875
2019-12-13,9923.7900390625,10014.2099609375,9907.759765625,10004.6201171875,144500,1445667606.9335938
2019-12-16,10040.259765625,10158.240234375,10015.4501953125,10158.240234375,172800,1755343912.5
2019-12-17,10157.4296875,10350.650390625,10148.6904296875,10306.0302734375,209600,2160143945.3125
2019-12-18,10299.0498046875,10365.16015625,10266.6396484375,10294.66015625,172900,1779946741.015625
2019-12-19,10298.509765625,10316.76953125,10254.9501953125,10296.2900390625,143600,1478547249.609375
2019-12-20,10305.099609375,10343.0703125,10229.099609375,10229.490234375,147300,1506803911.5234375
2019-12-23,10202.23046875,10248.7998046875,10050.41015625,10056.2099609375,137000,1377700764.6484375
2019-12-24,10080.3701171875,10190.0400390625,10065.5498046875,10189.2900390625,112600,1147314058.3984375
2019-12-25,10176.7197265625,10255.2001953125,10170.2099609375,10229.580078125,122500,1253123559.5703125
2019-12-26,10239.759765625,10303.7197265625,10221.33984375,10303.7197265625,125900,1297238313.5742188
2019-12-27,10326.51953125,10377.9404296875,10226.6201171875,10233.76953125,164800,1686525218.75
2019-12-30,10203.8203125,10365.9599609375,10133.8798828125,10365.9599609375,152000,1575625914.0625
2019-12-31,10360.7802734375,10433.2900390625,10352.8896484375,10430.76953125,128700,1342440038.671875
2020-01-02,10509.1201171875,10663.5498046875,10479.76953125,10638.8203125,183700,1954351291.40625
2020-01-03,10666.66015625,10689.58984375,10594.3603515625,10656.41015625,159000,1694369214.84375
2020-01-06,10599.41015625,10799.580078125,10577.7802734375,10698.26953125,187700,2008065191.015625
2020-01-07,10725.1796875,10829.0498046875,10723.8603515625,10829.0498046875,171800,1860430756.4453125
2020-01-08,10776.7099609375,10851.2802734375,10681.01953125,10706.8701171875,202900,2172423946.7773438
2020-01-09,10807.0400390625,10899.48046875,10807.0400390625,10898.169921875,170000,1852688886.71875
2020-01-10,10927.98046875,10933.8095703125,10833.51953125,10879.83984375,145700,1585192665.234375
2020-01-13,10894.0,11040.2001953125,10851.7197265625,11040.2001953125,151200,1669278269.53125
2020-01-14,11074.8896484375,11086.8095703125,10983.419921875,10988.76953125,164700,1809850341.796875
2020-01-15,10978.2802734375,11001.8095703125,10882.7900390625,10972.3203125,139100,1526249755.46875
2020-01-16,10986.650390625,11008.2099609375,10934.7197265625,10967.4404296875,140500,1540925380.3710938
2020-01-17,11001.6796875,11045.25,10927.83984375,10954.3896484375,132800,1454742945.3125
2020-01-20,10981.5,11115.8798828125,10936.7998046875,11115.8798828125,151900,1688502154.1992188
2020-01-21,11077.66015625,11078.0400390625,10948.580078125,10953.41015625,100,1095341.015625
2020-01-22,10896.5498046875,11105.6904296875,10761.6796875,11072.0595703125,159200,1762671883.59375
2020-01-23,10947.8603515625,11026.0,10572.26953125,10681.900390625,1860300,19871539296.679688
2020-02-03,9779.669921875,9779.669921875,9779.669921875,9779.669921875,0,0.0
2020-02-04,9578.8701171875,10095.6904296875,9578.8701171875,10089.669921875,2393200,24146598057.03125
2020-02-05,10305.5,10305.5,10305.5,10305.5,0,0.0
2020-02-06,10306.1201171875,10633.169921875,10214.8095703125,10601.33984375,2280800,24179535915.625
2020-02-07,10569.650390625,10629.150390625,10441.900390625,10611.5498046875,2161300,22934742592.871094
2020-02-10,10728.4599609375,10728.4599609375,10728.4599609375,10728.4599609375,0,0.0
2020-02-11,10749.9697265625,10839.1904296875,10678.1103515625,10768.6298828125,1810500,19496604402.83203
2020-02-12,10940.7998046875,10940.7998046875,10940.7998046875,10940.7998046875,0,0.0
2020-02-13,10864.3203125,10864.3203125,10864.3203125,10864.3203125,0,0.0
2020-02-14,10854.4599609375,11017.650390625,10822.1298828125,10916.3095703125,1870400,20417865420.3125
2020-02-17,10974.9296875,11241.5,10974.9296875,11241.5,2168300,24374944450.0
2020-02-18,11306.490234375,11306.490234375,11306.490234375,11306.490234375,0,0.0
2020-02-19,11300.16015625,11387.990234375,11229.5498046875,11235.599609375,2339600,26286808846.09375
2020-02-20,11509.08984375,11509.08984375,11509.08984375,11509.08984375,0,0.0
2020-02-21,11506.669921875,11727.8896484375,11493.6298828125,11629.7001953125,2674700,31105959112.402344
2020-02-24,11620.6298828125,11809.75,11548.41015625,11772.3798828125,2774300,32660113508.88672
2020-02-25,11856.080078125,11856.080078125,11856.080078125,11856.080078125,0,0.0
2020-02-26,11497.5498046875,11497.5498046875,11497.5498046875,11497.5498046875,0,0.0
2020-02-27,11555.8203125,11684.5,11401.3203125,11534.01953125,2464500,28425591134.765625
2020-02-28,11150.66015625,11338.349609375,10962.240234375,10980.76953125,2800200,30748350841.40625
2020-03-02,11381.759765625,11381.759765625,11381.759765625,11381.759765625,0,0.0
2020-03-03,11597.66015625,11734.1796875,11378.759765625,11484.2099609375,2659900,30546850075.097656
2020-03-04,11493.01953125,11493.01953125,11493.01953125,11493.01953125,0,0.0
2020-03-05,11644.41015625,11739.83984375,11521.2900390625,11711.3701171875,2529900,29628595259.472656
2020-03-06,11555.4599609375,11690.2001953125,11541.7802734375,11582.8203125,2136600,24747853879.6875
2020-03-09,11363.7900390625,11407.4697265625,11100.91015625,11108.5498046875,2489100,27650291318.847656
2020-03-10,11016.919921875,11406.2998046875,10916.9501953125,11403.4697265625,2412300,27508590021.38672
2020-03-11,11436.4404296875,11444.7802734375,11197.08984375,11200.0498046875,2046700,22923141935.253906
2020-03-12,11022.400390625,11070.41015625,10842.3798828125,10941.009765625,1869800,20457500059.765625
2020-03-13,10382.2197265625,10956.509765625,10380.169921875,10831.1298828125,2245600,24322385264.84375
2020-03-16,10867.66015625,10867.66015625,10217.9296875,10253.2802734375,2261500,23187793338.378906
2020-03-17,10337.919921875,10449.330078125,9885.8603515625,10202.75,1957500,19971883125.0
2020-03-18,10294.9599609375,10479.7802734375,10029.5703125,10029.5703125,1974900,19807398410.15625
2020-03-19,10023.1201171875,10101.7998046875,9719.490234375,10019.8603515625,1933200,19370394031.640625
2020-03-20,10150.7802734375,10174.509765625,9964.2900390625,10150.1298828125,1583700,16074760695.410156
2020-03-23,9828.900390625,9929.9599609375,9659.349609375,9691.5302734375,1634700,15842744537.988281
2020-03-24,9900.2197265625,9945.919921875,9634.9697265625,9921.6796875,1692200,16789466367.1875
2020-03-25,10171.4697265625,10255.580078125,10111.3603515625,10241.080078125,1809200,18528162077.34375
2020-03-26,10161.9404296875,10281.5703125,10112.6201171875,10155.3603515625,1555200,15793616418.75
2020-03-27,10300.6201171875,10310.5302734375,10105.7197265625,10109.91015625,1423400,14390446116.40625
2020-03-30,9953.0400390625,9985.3798828125,9791.01953125,9904.9501953125,1502800,14885159153.515625
2020-03-31,10008.0302734375,10047.98046875,9925.6796875,9962.2998046875,1317900,13129314912.597656
2020-04-01,9967.1201171875,10127.099609375,9927.919921875,9951.83984375,1488300,14811323239.453125
2020-04-02,9910.3798828125,10179.2001953125,9896.650390625,10179.2001953125,1445500,14714033882.324219
2020-04-03,10155.5595703125,10212.91015625,10069.6396484375,10110.1103515625,1321800,13363543862.695312
2020-04-07,10312.7099609375,10441.740234375,10296.7197265625,10428.91015625,1706400,17795892290.625
2020-04-08,10372.759765625,10426.400390625,10344.4404296875,10386.5498046875,1538400,15978668219.53125
2020-04-09,10453.8603515625,10485.2998046875,10401.169921875,10463.0498046875,1386700,14509111164.160156
2020-04-10,10459.7001953125,10509.0,10265.8798828125,10298.41015625,1449200,14924455998.4375
2020-04-13,10225.5302734375,10295.169921875,10173.1201171875,10223.16015625,1145300,11708585326.953125
2020-04-14,10300.9599609375,10475.7099609375,10276.3701171875,10475.7099609375,1383600,14494192301.953125
2020-04-15,10468.4599609375,10528.73046875,10404.509765625,10417.3701171875,1547600,16121921993.359375
2020-04-16,10361.76953125,10489.1298828125,10346.1103515625,10470.7900390625,1383300,14484243861.035156
2020-04-17,10562.900390625,10624.5400390625,10507.7998046875,10527.990234375,1711500,18018655286.132812
2020-04-20,10553.5498046875,10621.5,10523.58984375,10621.5,1421200,15095275800.0
2020-04-21,10577.7197265625,10577.7197265625,10394.4404296875,10506.8603515625,1464300,15385195612.792969
2020-04-22,10424.4501953125,10617.1904296875,10409.849609375,10617.1904296875,1297100,13771557706.347656
2020-04-23,10657.400390625,10667.009765625,10557.9404296875,10564.0498046875,1421400,15015740392.382812
2020-04-24,10565.08984375,10577.0302734375,10388.66015625,10423.4599609375,1352700,14099814289.160156
2020-04-27,10449.1298828125,10531.3896484375,10367.2900390625,10452.169921875,1236200,12920972457.421875
2020-04-28,10477.759765625,10547.75,10194.150390625,10501.150390625,1590300,16699979466.210938
2020-04-29,10460.990234375,10586.5703125,10449.3701171875,10514.169921875,1186200,12471908361.328125
2020-04-30,10575.51953125,10751.75,10575.51953125,10721.7802734375,1596700,17119466562.597656
2020-05-06,10618.169921875,10884.33984375,10613.8896484375,10883.2197265625,1680000,18283809140.625
2020-05-07,10899.919921875,10926.830078125,10832.08984375,10863.2900390625,1485300,16135244695.019531
2020-05-08,10923.6103515625,11054.3095703125,10904.8798828125,11001.580078125,1546500,17013943590.820312
2020-05-11,11053.8203125,11096.2802734375,10902.599609375,10969.2802734375,1568100,17200928396.777344
2020-05-12,10972.0498046875,11018.9296875,10871.6103515625,11015.5595703125,1328100,14629764665.332031
2020-05-13,10978.3095703125,11096.6201171875,10954.6904296875,11074.58984375,1274100,14110134919.921875
2020-05-14,11026.7099609375,11047.3798828125,10955.5400390625,10962.150390625,1367700,14992933089.257812
2020-05-15,11013.16015625,11039.6796875,10919.5400390625,10964.8896484375,1373500,15060275932.128906
2020-05-18,10969.080078125,11017.5,10858.4599609375,10921.150390625,1617400,17663868641.796875
2020-05-19,11023.4296875,11052.849609375,10978.7197265625,11052.849609375,1311500,14495812262.695312
2020-05-20,11056.98046875,11056.98046875,10914.75,10948.48046875,1491700,16331848315.234375
2020-05-21,10999.0703125,11007.1396484375,10818.7900390625,10845.400390625,1365000,14803971533.203125
2020-05-22,10832.91015625,10832.91015625,10559.2998046875,10604.9697265625,1273400,13504368449.804688
2020-05-25,10602.4697265625,10629.6103515625,10532.8603515625,10592.83984375,980400,10385220182.8125
2020-05-26,10655.98046875,10816.7099609375,10647.25,10815.4296875,1065600,11524921875.0
2020-05-27,10823.240234375,10823.240234375,10657.8095703125,10682.7001953125,1129900,12070382950.683594
2020-05-28,10680.8701171875,10727.990234375,10505.7900390625,10653.490234375,1156400,12319696107.03125
2020-05-29,10615.1396484375,10764.8701171875,10588.740234375,10746.080078125,1210300,13005980718.554688
2020-06-01,10837.490234375,11123.1904296875,10837.490234375,11102.150390625,1744300,19365480926.367188
2020-06-02,11133.6201171875,11146.849609375,11059.1904296875,11112.5,1908300,21205983750.0
2020-06-03,11154.6396484375,11204.51953125,11100.6904296875,11108.3603515625,1847200,20519363241.40625
2020-06-04,11146.2900390625,11165.1396484375,11080.509765625,11139.259765625,1479200,16477193045.3125
2020-06-05,11153.26953125,11180.599609375,11087.25,11180.599609375,1361300,15220150248.242188
2020-06-08,11266.9296875,11340.0302734375,11195.849609375,11215.759765625,1603200,17981106056.25
2020-06-09,11238.4404296875,11303.5400390625,11195.0,11284.240234375,1426600,16098097118.359375
2020-06-10,11296.1298828125,11338.240234375,11249.4296875,11335.8603515625,1381900,15665025419.824219
2020-06-11,11328.099609375,11405.009765625,11180.75,11243.6201171875,1582200,17789655749.414062
2020-06-12,11017.150390625,11306.1396484375,11003.3203125,11251.7099609375,1552800,17471655227.34375
2020-06-15,11241.259765625,11353.16015625,11192.26953125,11192.26953125,1689200,18905981692.1875
2020-06-16,11312.8095703125,11398.9697265625,11293.900390625,11398.9697265625,1528000,17417625742.1875
2020-06-17,11421.0302734375,11421.0302734375,11330.3701171875,11420.83984375,1563000,17850772675.78125
2020-06-18,11416.080078125,11503.3798828125,11397.5703125,11494.5498046875,1735900,19953389005.95703
2020-06-19,11505.6904296875,11694.8896484375,11500.5302734375,11668.1298828125,1643900,19181238714.35547
2020-06-22,11680.41015625,11756.8603515625,11658.8095703125,11702.4404296875,1746900,20442993186.621094
2020-06-23,11711.2802734375,11796.41015625,11651.830078125,11794.009765625,1582600,18665199855.078125
2020-06-24,11813.3603515625,11854.990234375,11760.4697265625,11813.5302734375,1425100,16835461992.675781
2020-06-29,11780.650390625,11814.6396484375,11695.4501953125,11752.3603515625,1495700,17578005377.83203
2020-06-30,11828.5302734375,12013.599609375,11827.759765625,11992.349609375,1509600,18103650970.3125
2020-07-01,12024.83984375,12130.2998046875,11945.8896484375,12112.9599609375,1819600,22040741944.921875
2020-07-02,12095.849609375,12278.830078125,12055.9501953125,12269.490234375,2386700,29283592342.382812
2020-07-03,12295.6201171875,12433.6796875,12232.7001953125,12433.259765625,2558700,31812981762.304688
2020-07-06,12519.5,12945.7099609375,12519.5,12941.7197265625,3341900,43249933154.19922
2020-07-07,13084.650390625,13407.1904296875,12997.169921875,13163.98046875,3635400,47856334596.09375
2020-07-08,13170.2001953125,13428.9404296875,13059.240234375,13406.3701171875,3144100,42150968285.44922
2020-07-09,13399.4697265625,13792.6298828125,13385.4296875,13754.740234375,3517800,48386425196.484375
2020-07-10,13662.3798828125,13831.6103515625,13599.0302734375,13671.240234375,3203400,43794450966.796875
2020-07-13,13699.2197265625,14149.1396484375,13699.2197265625,14149.1396484375,3305000,46762906538.08594
2020-07-14,14121.330078125,14151.0,13698.26953125,13996.4599609375,3314700,46394065832.51953
2020-07-15,14017.9296875,14077.5595703125,13646.66015625,13734.1298828125,2945000,40447012504.88281
2020-07-16,13731.2802734375,13853.4404296875,12966.3203125,12996.33984375,2913100,37859637598.828125
2020-07-17,13002.83984375,13315.4404296875,12916.080078125,13114.9404296875,2248500,29488943556.152344
2020-07-20,13303.7998046875,13448.849609375,13032.400390625,13448.849609375,2345500,31544276758.789062
2020-07-21,13480.3896484375,13572.9296875,13396.580078125,13536.169921875,2158000,29211054691.40625
2020-07-22,13507.349609375,13816.669921875,13459.8798828125,13657.0302734375,2307800,31517694465.039062
2020-07-23,13661.5,13661.5,13661.5,13661.5,0,0.0
2020-07-24,13547.8095703125,13602.7900390625,12868.9501953125,12935.7001953125,2458100,31797244650.097656
2020-07-27,13013.76953125,13093.83984375,12838.8701171875,12976.8701171875,1670800,21681754591.796875
2020-07-28,13107.4296875,13196.6201171875,13022.8203125,13147.349609375,1602100,21063368809.179688
2020-07-29,13117.1904296875,13557.4404296875,13085.9501953125,13557.4404296875,1885100,25557130954.003906
2020-07-30,13595.76953125,13619.490234375,13432.1298828125,13466.849609375,1941900,26151275256.445312
2020-07-31,13464.2099609375,13748.0302734375,13399.8603515625,13637.8798828125,2078900,28351788488.378906
2020-08-03,13771.740234375,13964.5595703125,13712.98046875,13964.5595703125,2403100,33558233103.41797
2020-08-04,13966.73046875,14012.7099609375,13779.2197265625,13860.4599609375,2299300,31869355588.183594
2020-08-05,13859.3203125,13993.669921875,13726.6201171875,13960.9296875,2032000,28368609125.0
2020-08-06,13972.2998046875,13972.2998046875,13661.83984375,13863.1298828125,2358400,32694805515.625
2020-08-07,13813.759765625,13847.2001953125,13411.669921875,13648.5,2192900,29929795650.0
2020-08-10,13576.3203125,13752.2900390625,13453.9501953125,13657.3095703125,1878100,25649793104.003906
2020-08-11,13668.3095703125,13811.51953125,13450.23046875,13466.26953125,1890000,25451249414.0625
2020-08-12,13437.5703125,13471.8203125,13026.009765625,13308.51953125,1863600,24801756998.4375
2020-08-13,13373.16015625,13392.349609375,13254.3896484375,13291.3203125,1556700,20690598330.46875
2020-08-14,13272.7099609375,13495.9697265625,13242.7802734375,13489.009765625,1554000,20961921175.78125
2020-08-17,13542.009765625,13756.6103515625,13490.6396484375,13742.23046875,2271300,31212728063.671875
2020-08-18,13748.51953125,13813.01953125,13692.0703125,13768.169921875,1959000,26971844876.953125
2020-08-19,13741.26953125,13741.26953125,13472.9599609375,13480.849609375,1947600,26255302699.21875
2020-08-20,13387.8203125,13476.0703125,13270.1201171875,13320.919921875,1570000,20913844277.34375
2020-08-21,13445.9599609375,13547.7900390625,13373.7197265625,13478.0,1568900,21145634200.0
2020-08-24,13565.2802734375,13708.1201171875,13418.9599609375,13666.6904296875,1735200,23714441233.59375
2020-08-25,13692.4697265625,13788.490234375,13620.6201171875,13669.41015625,1678700,22946838829.296875
2020-08-26,13680.58984375,13717.900390625,13376.66015625,13428.400390625,1705100,22896765506.054688
2020-08-27,13465.8896484375,13548.66015625,13348.4501953125,13535.08984375,1363300,18452387983.984375
2020-08-28,13509.3701171875,13868.2998046875,13483.2802734375,13851.3203125,1648300,22831131271.09375
2020-08-31,13929.75,13994.1396484375,13755.3603515625,13758.23046875,1847100,25412827498.828125
2020-09-01,13729.3896484375,13849.66015625,13662.6904296875,13849.66015625,1455500,20158180357.421875
2020-09-02,13881.0703125,13944.16015625,13737.830078125,13887.4296875,1800200,25000150923.4375
2020-09-03,13871.26953125,13933.419921875,13722.580078125,13772.3701171875,1622300,22342916041.11328
2020-09-04,13501.91015625,13680.0595703125,13487.6904296875,13656.66015625,1409300,19246331158.203125
2020-09-07,13633.509765625,13714.3203125,13232.240234375,13284.0302734375,1802400,23943136164.84375
2020-09-08,13315.150390625,13351.5703125,13118.9404296875,13293.330078125,1637100,21762510670.898438
2020-09-09,13107.98046875,13122.759765625,12778.4296875,12861.75,1951400,25098418950.0
2020-09-10,13001.3798828125,13068.23046875,12709.75,12742.849609375,1696400,21616970077.34375
2020-09-11,12711.08984375,12952.4697265625,12702.6201171875,12942.9501953125,1282500,16599333625.488281
2020-09-14,13024.5595703125,13107.2802734375,12921.759765625,13021.990234375,1370500,17846637616.210938
2020-09-15,13032.2802734375,13148.169921875,12976.0302734375,13143.4599609375,1212700,15939073894.628906
2020-09-16,13123.5,13137.7197265625,12947.0498046875,13011.2802734375,1192800,15519855110.15625
2020-09-17,12970.33984375,13113.76953125,12870.990234375,13015.1904296875,1221700,15900658147.949219
2020-09-18,13026.1103515625,13253.6796875,12987.58984375,13245.08984375,1489800,19732534849.21875
2020-09-21,13280.009765625,13289.599609375,13135.240234375,13149.5,1346100,17700541950.0
2020-09-22,13052.080078125,13212.240234375,12981.9697265625,13023.4296875,1275000,16604872851.5625
2020-09-23,13044.8095703125,13148.9404296875,12991.66015625,13110.0703125,1099100,14409278280.46875
2020-09-24,13018.2998046875,13044.3798828125,12816.6103515625,12816.6103515625,1251500,16039987854.980469
2020-09-25,12876.080078125,12919.6103515625,12764.259765625,12814.169921875,988200,12662962716.796875
2020-09-28,12860.08984375,12890.900390625,12752.3896484375,12760.9296875,903400,11528223879.6875
2020-09-29,12843.23046875,12966.849609375,12798.650390625,12900.7001953125,959500,12378221837.402344
2020-09-30,12948.9697265625,13040.0400390625,12834.76953125,12907.4501953125,965000,12455689438.476562
2020-10-09,13161.3603515625,13323.8095703125,13145.75,13289.259765625,1245300,16549115186.132812
2020-10-12,13386.33984375,13708.0703125,13382.7001953125,13708.0703125,1720200,23580622551.5625
2020-10-13,13678.6201171875,13820.5595703125,13622.9501953125,13798.580078125,1303600,17987828989.84375
2020-10-14,13781.5595703125,13781.7802734375,13664.73046875,13691.0400390625,1378500,18873098693.847656
2020-10-15,13702.830078125,13737.080078125,13617.080078125,13624.8896484375,1258800,17151011089.453125
2020-10-16,13611.91015625,13665.580078125,13439.8798828125,13532.73046875,1134800,15356942535.9375
2020-10-19,13638.7802734375,13660.5400390625,13393.01953125,13421.1904296875,1173900,15755135445.410156
2020-10-20,13417.2197265625,13603.8798828125,13371.5498046875,13603.8798828125,1040400,14153476630.078125
2020-10-21,13613.8701171875,13613.8701171875,13396.5400390625,13467.91015625,1011600,13624137914.0625
2020-10-22,13419.3896484375,13435.41015625,13252.0595703125,13396.1796875,1000000,13396179687.5
2020-10-23,13405.5302734375,13487.1103515625,13110.01953125,13128.4599609375,947400,12437902966.992188
2020-10-26,13056.2998046875,13242.6298828125,12922.58984375,13191.25,899800,11869486750.0
2020-10-27,13159.3701171875,13291.7998046875,13146.5498046875,13269.650390625,927600,12308927702.34375
2020-10-28,13273.5,13438.4697265625,13188.66015625,13388.099609375,1089100,14580979284.570312
2020-10-29,13219.8896484375,13582.3095703125,13200.7802734375,13519.66015625,1181300,15970774542.578125
2020-10-30,13544.2900390625,13550.3603515625,13204.25,13236.599609375,1317700,17441867305.273438
2020-11-02,13269.9697265625,13462.419921875,13258.16015625,13420.9599609375,1354400,18177348171.09375
2020-11-03,13476.580078125,13592.919921875,13414.0,13580.0400390625,1286400,17469363506.25
2020-11-04,13586.330078125,13691.6904296875,13544.830078125,13659.5,1112100,15190729950.0
2020-11-05,13802.1796875,13894.259765625,13728.6396484375,13894.259765625,1401600,19474194487.5
2020-11-06,13932.41015625,13932.41015625,13708.75,13838.419921875,1483100,20523760586.132812
2020-11-09,13934.3701171875,14197.849609375,13934.3701171875,14141.150390625,1902600,26904952733.203125
2020-11-10,14121.6904296875,14121.6904296875,13908.2099609375,13993.33984375,1648600,23069420066.40625
2020-11-11,13925.4404296875,13981.990234375,13715.4404296875,13720.169921875,1509200,20706480446.09375
2020-11-12,13789.2998046875,13846.8701171875,13724.33984375,13792.0703125,1202800,16589102171.875
2020-11-13,13755.2900390625,13802.7099609375,13620.8896484375,13754.5498046875,1241600,17077649037.5
2020-11-16,13811.849609375,13850.830078125,13669.25,13850.830078125,1416300,19616930639.648438
2020-11-17,13843.009765625,13843.009765625,13628.8203125,13732.51953125,1530800,21021740898.4375
2020-11-18,13710.01953125,13773.580078125,13602.6904296875,13658.2001953125,1457000,19899997684.570312
2020-11-19,13633.9697265625,13812.7802734375,13578.330078125,13777.4501953125,1342200,18492093652.148438
2020-11-20,13789.98046875,13865.7197265625,13773.2099609375,13852.419921875,1311700,18170219211.523438
2020-11-23,13871.7099609375,14021.5,13795.919921875,13955.2802734375,1795400,25055310202.929688
2020-11-24,13958.009765625,13962.33984375,13848.91015625,13902.5400390625,1545700,21489156138.378906
2020-11-25,13923.66015625,13933.7900390625,13656.08984375,13656.08984375,1566300,21389533522.265625
2020-11-26,13651.4296875,13692.73046875,13452.6796875,13599.990234375,1305000,17747987255.859375
2020-11-27,13627.8603515625,13690.8798828125,13542.6796875,13690.8798828125,1288200,17636591465.039062
2020-11-30,13720.6796875,13815.490234375,13634.16015625,13670.1103515625,1868100,25537133147.753906
2020-12-01,13650.3896484375,13940.900390625,13646.6904296875,13930.3701171875,1788300,24911680880.566406
2020-12-02,13950.740234375,13991.4501953125,13858.4501953125,13961.580078125,1850300,25833111618.554688
2020-12-03,13955.98046875,14009.509765625,13889.6201171875,13970.6796875,1781000,24881780523.4375
2020-12-04,13933.8798828125,14049.2099609375,13903.83984375,14026.66015625,1424800,19985185390.625
2020-12-07,14021.16015625,14054.8798828125,13958.740234375,13973.48046875,1400600,19571256744.53125
2020-12-08,14000.8701171875,14040.5,13942.66015625,13973.8896484375,1233800,17240985048.242188
2020-12-09,13998.6201171875,14017.349609375,13710.8603515625,13716.5302734375,1412600,19375970664.257812
2020-12-10,13672.0498046875,13814.7998046875,13621.1298828125,13731.33984375,1206600,16568234655.46875
2020-12-11,13767.48046875,13771.9599609375,13431.5498046875,13555.1396484375,1488200,20172758824.804688
2020-12-14,13583.1904296875,13695.3203125,13511.7802734375,13692.1298828125,1132700,15509075518.261719
2020-12-15,13682.2802734375,13783.0400390625,13641.7197265625,13763.3095703125,1081800,14889148293.164062
2020-12-16,13791.41015625,13807.1796875,13709.7998046875,13751.08984375,1106100,15210080476.171875
2020-12-17,13746.2802734375,13901.830078125,13688.830078125,13889.8701171875,1297300,18019328503.027344
2020-12-18,13911.830078125,13939.9296875,13806.6201171875,13854.1201171875,1220400,16907568191.015625
2020-12-21,13858.66015625,14134.849609375,13819.7001953125,14134.849609375,1468600,20758440136.328125
2020-12-22,14085.2900390625,14172.76953125,13872.5,13882.2998046875,1618600,22469890463.867188
2020-12-23,13912.51953125,14078.1298828125,13897.1103515625,14015.01953125,1544300,21643394662.109375
2020-12-24,13998.3603515625,14048.6201171875,13867.66015625,13915.5703125,1360400,18930741853.125
2020-12-25,13879.240234375,14017.0595703125,13835.51953125,14017.0595703125,1320000,18502518632.8125
2020-12-28,14020.9501953125,14112.58984375,13959.1396484375,14044.099609375,1494900,20994524506.054688
2020-12-29,14042.7900390625,14082.5,13915.8896484375,13970.2099609375,1521700,21258468497.558594
2020-12-30,13970.4501953125,14208.6796875,13968.08984375,14201.5703125,1531700,21752545247.65625
2020-12-31,14226.2802734375,14476.5498046875,14226.2802734375,14470.6796875,1683400,24359942185.9375
2021-01-04,14516.1201171875,14859.08984375,14486.25,14827.4697265625,2007300,29763179982.128906
2021-01-05,14760.25,15149.099609375,14716.7900390625,15147.5703125,2173300,32920214560.15625
2021-01-06,15221.4404296875,15295.0703125,14987.3701171875,15187.6103515625,1891600,28728883741.015625
2021-01-07,15178.349609375,15356.400390625,15101.669921875,15356.400390625,2066500,31734001407.226562
2021-01-08,15402.740234375,15453.1796875,15162.7099609375,15319.2900390625,2017900,30912795369.82422
2021-01-11,15353.080078125,15420.6796875,15011.58984375,15115.3798828125,2163300,32699101300.48828
2021-01-12,15053.8701171875,15460.0302734375,15020.259765625,15460.0302734375,2029700,31379223445.996094
2021-01-13,15491.0703125,15597.9697265625,15240.900390625,15365.4296875,2193700,33707143105.46875
2021-01-14,15283.5595703125,15354.1201171875,15033.4697265625,15070.1298828125,2011400,30312059246.289062
2021-01-15,15030.5400390625,15120.26953125,14772.0595703125,15031.7001953125,1787000,26861648249.023438
2021-01-18,14980.5,15309.7900390625,14898.8798828125,15269.26953125,1757500,26835741201.171875
2021-01-19,15278.5302734375,15314.0498046875,14954.349609375,15003.990234375,1810700,27167725117.382812
2021-01-20,15023.740234375,15246.7802734375,14958.2197265625,15223.3603515625,1481300,22550363688.76953
2021-01-21,15251.669921875,15608.3798828125,15251.669921875,15520.599609375,1873400,29076291308.203125
2021-01-22,15508.9404296875,15632.330078125,15381.599609375,15628.73046875,1835100,28680283283.203125
2021-01-25,15594.8095703125,15895.8798828125,15534.25,15710.1904296875,1883900,29596427750.48828
2021-01-26,15637.3896484375,15637.3896484375,15328.41015625,15352.419921875,1679300,25781318774.804688
2021-01-27,15328.8701171875,15446.8203125,15107.0400390625,15413.83984375,1606600,24763875092.96875
2021-01-28,15169.099609375,15228.5,14881.7998046875,14913.2099609375,1705800,25438953551.367188
2021-01-29,15039.8896484375,15096.25,14609.6396484375,14821.990234375,1712900,25388587072.460938
2021-02-01,14841.7099609375,15036.3798828125,14797.41015625,15024.240234375,1585900,23826942587.695312
2021-02-02,15057.4404296875,15341.48046875,14981.330078125,15335.66015625,1609500,24682745021.484375
2021-02-03,15360.419921875,15435.5302734375,15218.5703125,15233.150390625,1699600,25890262403.90625
2021-02-04,15135.849609375,15285.8798828125,14908.759765625,15105.9404296875,1667200,25184623884.375
2021-02-05,15167.6396484375,15250.099609375,14996.2900390625,15007.2998046875,1577200,23669513251.953125
2021-02-08,15066.4599609375,15299.650390625,14945.83984375,15269.6298828125,1377900,21040023015.527344
2021-02-09,15330.2998046875,15635.3798828125,15275.3896484375,15630.5703125,1451900,22694025036.71875
2021-02-10,15702.2001953125,16010.400390625,15632.1396484375,15962.25,1411900,22537100775.0
2021-02-18,16275.98046875,16293.08984375,15697.7197265625,15767.4404296875,1853300,29221797348.339844
2021-02-19,15660.490234375,15840.16015625,15443.240234375,15823.1103515625,1869600,29582887113.28125
2021-02-22,15818.76953125,15818.76953125,15336.9501953125,15336.9501953125,2345500,35972816683.10547
2021-02-23,15174.7197265625,15411.0302734375,15146.8896484375,15243.25,1938200,29544467150.0
2021-02-24,15281.400390625,15318.849609375,14709.1298828125,14870.66015625,1865700,27744190653.515625
2021-02-25,15016.6298828125,15036.419921875,14794.73046875,14828.7998046875,1684700,24982079030.95703
2021-02-26,14480.740234375,14713.1201171875,14396.4501953125,14507.4501953125,1591000,23081353260.742188
2021-03-01,14670.1103515625,14864.580078125,14614.009765625,14857.33984375,1529400,22722815557.03125
2021-03-02,14958.2197265625,14987.0703125,14616.16015625,14751.1201171875,1608500,23727176708.496094
2021-03-03,14679.83984375,14932.3896484375,14612.849609375,14932.3896484375,1571000,23458784137.695312
2021-03-04,14780.900390625,14780.900390625,14357.1904296875,14416.0595703125,1725100,24869144364.746094
2021-03-05,14156.009765625,14531.990234375,14122.58984375,14412.3095703125,1566300,22574000479.98047
2021-03-08,14513.7900390625,14597.75,13859.9501953125,13863.8095703125,1691700,23453406650.097656
2021-03-09,13803.25,13844.23046875,13289.3798828125,13475.7197265625,1866800,25156473585.546875
2021-03-10,13721.240234375,13750.259765625,13480.419921875,13563.33984375,1417400,19224677894.53125
2021-03-11,13598.2001953125,13904.4697265625,13535.240234375,13866.3701171875,1612100,22353975265.91797
2021-03-12,13934.23046875,13934.23046875,13716.009765625,13897.0302734375,1661000,23082967284.179688
2021-03-15,13793.51953125,13793.51953125,13389.98046875,13520.0703125,1559800,21088605673.4375
2021-03-16,13574.5595703125,13652.5498046875,13439.73046875,13642.9501953125,1405800,19179259384.570312
2021-03-17,13605.7802734375,13842.8798828125,13490.419921875,13809.76953125,100,1380976.953125
2021-03-18,13850.599609375,14003.76953125,13832.7001953125,13963.919921875,100,1396391.9921875
2021-03-19,13738.2099609375,13837.23046875,13522.9404296875,13606.0,1422500,19354535000.0
2021-03-22,13605.7001953125,13797.2998046875,13565.169921875,13760.9697265625,1489100,20491460019.82422
2021-03-23,13754.8798828125,13794.4697265625,13506.169921875,13607.26953125,1474000,20057115289.0625
2021-03-24,13529.9296875,13651.900390625,13378.8798828125,13407.349609375,1421100,19053184529.882812
2021-03-25,13318.9697265625,13489.2900390625,13252.240234375,13421.16015625,1275400,17117347663.28125
2021-03-26,13493.3603515625,13810.9697265625,13493.3603515625,13769.6796875,1319600,18170469315.625
2021-03-29,13802.509765625,13895.6103515625,13684.4296875,13771.259765625,1355200,18662811234.375
2021-03-30,13751.2099609375,13933.3203125,13717.58984375,13888.4404296875,1276200,17724427676.367188
2021-03-31,13870.7099609375,13870.7099609375,13678.669921875,13778.669921875,1150700,15855115479.101562
2021-04-01,13812.6396484375,13992.75,13808.3203125,13979.6904296875,1136600,15889316142.382812
2021-04-02,14042.1298828125,14178.099609375,14008.849609375,14122.6103515625,1227400,17334091945.507812
2021-04-06,14176.2099609375,14194.3603515625,14045.919921875,14083.33984375,1097700,15459282146.484375
2021-04-07,14100.849609375,14100.849609375,13856.9697265625,13979.3095703125,1432800,20029554752.34375
2021-04-08,13906.8203125,14037.4501953125,13845.1201171875,13989.9404296875,1419500,19858720439.941406
2021-04-09,13965.2099609375,13977.2802734375,13769.1904296875,13813.3095703125,1321700,18257051259.08203
2021-04-12,13811.58984375,13867.16015625,13454.26953125,13495.7197265625,1479600,19968266907.421875
2021-04-13,13490.3896484375,13671.3603515625,13484.0,13528.3095703125,1290200,17454225007.617188
2021-04-14,13550.8701171875,13756.740234375,13550.8701171875,13738.0,1236300,16984289400.0
2021-04-15,13705.1298828125,13705.1298828125,13539.0703125,13680.26953125,1184400,16202911232.8125
2021-04-16,13718.23046875,13755.4501953125,13575.6201171875,13720.740234375,1205900,16545840648.632812
2021-04-19,13714.3896484375,14121.2099609375,13667.75,14117.7998046875,1524000,21515526902.34375
2021-04-20,14062.5,14215.2802734375,14035.23046875,14101.900390625,1388500,19580488692.382812
2021-04-21,14010.58984375,14176.9501953125,13978.5703125,14151.150390625,1258600,17810637881.640625
2021-04-22,14219.240234375,14244.490234375,14091.1103515625,14209.4404296875,1243000,17662334454.101562
2021-04-23,14213.3603515625,14386.6201171875,14208.400390625,14351.8603515625,1307200,18760751851.5625
2021-04-26,14419.849609375,14529.4296875,14212.2197265625,14224.4501953125,1586600,22568512679.882812
2021-04-27,14211.580078125,14266.599609375,14106.830078125,14264.080078125,1285100,18330769308.398438
2021-04-28,14238.5595703125,14398.9599609375,14190.6396484375,14398.3798828125,1250800,18009493557.421875
2021-04-29,14416.849609375,14516.2197265625,14330.08984375,14464.080078125,1225200,17721390911.71875
2021-04-30,14437.169921875,14522.4599609375,14343.0595703125,14438.5703125,1342800,19388112215.625
2021-05-06,14355.400390625,14398.580078125,14088.0400390625,14210.599609375,1432900,20362368180.273438
2021-05-07,14243.7099609375,14280.0400390625,13933.8095703125,13933.8095703125,1578100,21988944882.910156
2021-05-10,13945.7802734375,14035.599609375,13828.8203125,13917.9697265625,1538200,21408621033.398438
2021-05-11,13814.2802734375,13996.7001953125,13696.73046875,13966.7900390625,1533800,21422262561.914062
2021-05-12,13922.150390625,14078.330078125,13872.099609375,14064.8701171875,1262800,17761117983.984375
2021-05-13,13907.1796875,14027.5498046875,13866.1103515625,13917.650390625,1367600,19033778674.21875
2021-05-14,13960.330078125,14214.1396484375,13872.6298828125,14208.7802734375,1530900,21752221720.60547
2021-05-17,14234.7001953125,14538.759765625,14234.7001953125,14456.5400390625,1463900,21162928963.183594
2021-05-18,14462.41015625,14497.900390625,14345.990234375,14450.599609375,1186900,17151416676.367188
2021-05-19,14399.759765625,14544.2001953125,14359.01953125,14484.4501953125,1243900,18017207597.94922
2021-05-20,14455.6103515625,14582.400390625,14431.7998046875,14535.099609375,1438500,20908740788.085938
2021-05-21,14582.0703125,14634.599609375,14386.1201171875,14417.4599609375,1287800,18566804937.695312
2021-05-24,14436.3603515625,14506.6103515625,14295.48046875,14506.6103515625,1306300,18949985102.246094
2021-05-25,14533.9501953125,14862.1904296875,14509.7802734375,14846.4501953125,1531600,22738823119.140625
2021-05-26,14850.2802734375,14860.6396484375,14762.2001953125,14793.6796875,1546400,22876946268.75
2021-05-27,14796.0498046875,14955.2998046875,14720.669921875,14897.1904296875,1502100,22377069744.433594
2021-05-28,14899.330078125,14977.25,14778.8203125,14852.8798828125,1651600,24531016414.453125
2021-05-31,14874.8896484375,14996.3798828125,14836.150390625,14996.3798828125,1460400,21900713180.859375
2021-06-01,14963.9501953125,15039.01953125,14820.740234375,15034.7802734375,1515600,22786712982.421875
2021-06-02,15044.9404296875,15051.2099609375,14793.740234375,14857.91015625,1470800,21853014257.8125
2021-06-03,14850.509765625,14947.599609375,14759.8203125,14761.1298828125,1330600,19641159422.070312
2021-06-04,14704.1904296875,14989.2099609375,14667.5302734375,14870.91015625,1314900,19553759764.453125
2021-06-07,14879.490234375,14883.5498046875,14760.2001953125,14862.599609375,1363100,20259209527.539062
2021-06-08,14867.9501953125,14973.8095703125,14625.2900390625,14716.98046875,1355400,19947395327.34375
2021-06-09,14698.349609375,14762.6396484375,14641.830078125,14718.400390625,1275500,18773319698.242188
2021-06-10,14715.1396484375,14940.2998046875,14699.3095703125,14893.58984375,1501700,22365703868.359375
2021-06-11,14918.490234375,14920.8701171875,14738.6201171875,14801.240234375,1709000,25295319560.546875
2021-06-15,14806.6904296875,14829.9697265625,14564.5595703125,14673.33984375,1419800,20833207910.15625
2021-06-16,14663.48046875,14667.240234375,14290.23046875,14295.9296875,1235700,17665480314.84375
2021-06-17,14291.9404296875,14489.509765625,14291.9404296875,14472.3701171875,1208500,17489859286.621094
2021-06-18,14510.5595703125,14635.5,14449.0595703125,14583.669921875,1459800,21289241351.953125
2021-06-21,14563.0498046875,14721.6904296875,14468.740234375,14641.2900390625,1430700,20947293658.88672
2021-06-22,14678.3701171875,14706.5,14564.5,14696.2900390625,1388500,20405798719.23828
2021-06-23,14713.83984375,14882.1396484375,14641.4697265625,14843.830078125,1475500,21902071280.273438
2021-06-24,14876.73046875,14877.6396484375,14718.8896484375,14784.7998046875,1380400,20408937650.390625
2021-06-25,14799.5302734375,15036.76953125,14797.33984375,15003.849609375,1446900,21709069999.804688
2021-06-28,15049.76953125,15166.5595703125,15031.2099609375,15150.169921875,1413000,21407190099.609375
2021-06-29,15187.8095703125,15187.8095703125,14991.1796875,14999.7998046875,1323400,19850735061.523438
2021-06-30,15015.2900390625,15175.75,14978.2998046875,15161.7001953125,1177700,17855934320.01953
2021-07-01,15203.0703125,15206.150390625,15001.8896484375,15038.8798828125,1360000,20452876640.625
2021-07-02,14937.73046875,14937.73046875,14652.740234375,14670.7099609375,1299900,19070455878.222656
2021-07-05,14666.6796875,14782.5703125,14597.8701171875,14718.66015625,1285800,18925253228.90625
2021-07-06,14745.4501953125,14779.2998046875,14480.8701171875,14667.650390625,1425400,20907268866.796875
2021-07-07,14592.75,14966.23046875,14545.2900390625,14940.0498046875,1359500,20310997709.472656
2021-07-08,14984.25,15033.33984375,14856.9296875,14882.900390625,1581600,23538795257.8125
2021-07-09,14805.8095703125,14887.599609375,14583.5498046875,14844.3603515625,1520600,22572334350.585938
2021-07-12,14970.1298828125,15222.169921875,14870.830078125,15161.51953125,1863200,28248943190.625
2021-07-13,15151.08984375,15232.150390625,15077.33984375,15189.2900390625,1744800,26502273260.15625
2021-07-14,15141.0400390625,15215.6298828125,15021.990234375,15056.3203125,1737700,26163367807.03125
2021-07-15,15014.91015625,15170.6396484375,14899.3095703125,15169.330078125,1677200,25442000407.03125
2021-07-16,15144.080078125,15165.75,14962.9697265625,14972.2099609375,1695800,25389873651.757812
2021-07-19,14958.6201171875,15033.599609375,14856.6396484375,14992.900390625,1574500,23606321665.039062
2021-07-20,14879.26953125,15031.8798828125,14859.7099609375,15011.349609375,1312500,19702396362.304688
2021-07-21,15070.169921875,15264.099609375,15061.08984375,15212.599609375,1624000,24705261765.625
2021-07-22,15258.73046875,15290.0595703125,15172.099609375,15262.1904296875,1789900,27317794650.097656
2021-07-23,15248.25,15248.25,14989.5,15028.5703125,2051400,30829609139.0625
2021-07-26,14982.900390625,14982.900390625,14376.330078125,14630.849609375,2014900,29479698877.929688
2021-07-27,14640.259765625,14741.8701171875,14093.6396484375,14093.6396484375,2182900,30765005988.57422
2021-07-28,13967.4404296875,14207.3896484375,13727.48046875,14086.419921875,1857900,26171159572.851562
2021-07-29,14390.2900390625,14544.1103515625,14277.9697265625,14515.3203125,1676200,24330579907.8125
2021-07-30,14482.7802734375,14522.1201171875,14294.48046875,14473.2099609375,1820100,26342689449.902344
2021-08-02,14463.2099609375,14806.8603515625,14395.330078125,14798.16015625,2047700,30302192551.953125
2021-08-03,14745.91015625,14844.51953125,14656.2001953125,14736.919921875,1882300,27739304368.945312
2021-08-04,14715.75,14990.1103515625,14683.349609375,14990.1103515625,1652700,24774155378.027344
2021-08-05,14901.9599609375,14990.650390625,14800.419921875,14872.23046875,1684400,25050785001.5625
2021-08-06,14902.6904296875,14915.73046875,14722.1298828125,14827.41015625,1597100,23680856760.546875
2021-08-09,14738.3701171875,14980.150390625,14682.9404296875,14941.4404296875,1764000,26356700917.96875
2021-08-10,14919.51953125,15057.58984375,14863.080078125,15057.58984375,1724000,25959284890.625
2021-08-11,15048.8701171875,15101.1298828125,14969.080078125,15021.169921875,1771500,26610002516.601562
2021-08-12,14972.490234375,15037.580078125,14857.91015625,14901.9697265625,1784900,26598525764.941406
2021-08-13,14839.509765625,14994.6103515625,14717.669921875,14799.0302734375,1668400,24690702108.203125
2021-08-16,14756.48046875,14800.2197265625,14660.080078125,14693.740234375,1597600,23474719398.4375
2021-08-17,14696.1904296875,14750.9296875,14308.6298828125,14350.650390625,1761200,25274365467.96875
2021-08-18,14371.8203125,14500.1396484375,14284.849609375,14454.1103515625,1633200,23606453026.171875
2021-08-19,14456.1796875,14570.6298828125,14357.73046875,14487.3603515625,1657800,24017145990.820312
2021-08-20,14376.900390625,14448.919921875,14100.919921875,14253.5302734375,1658000,23632353193.359375
2021-08-23,14296.9501953125,14558.4697265625,14260.080078125,14535.8798828125,1662000,24158632365.234375
2021-08-24,14558.9599609375,14710.009765625,14496.8896484375,14663.5498046875,1749300,25650947673.339844
2021-08-25,14657.650390625,14697.5,14562.8203125,14697.5,1651400,24271451500.0
2021-08-26,14701.919921875,14701.919921875,14409.8798828125,14415.4599609375,1781300,25678258828.41797
2021-08-27,14382.1796875,14537.150390625,14366.150390625,14436.900390625,1825900,26360336423.242188
2021-08-30,14482.9697265625,14546.740234375,14339.3798828125,14423.3701171875,2089400,30136189522.851562
2021-08-31,14407.9404296875,14418.259765625,14157.5498046875,14328.3798828125,2032200,29118133597.851562
2021-09-01,14336.0703125,14418.6103515625,14058.25,14314.08984375,2409600,34491230887.5
2021-09-02,14294.5400390625,14348.8203125,14226.419921875,14277.33984375,2082200,29728277022.65625
2021-09-03,14295.5595703125,14302.900390625,14118.73046875,14179.8603515625,2317100,32856154420.60547
2021-09-06,14184.419921875,14567.1396484375,14145.6298828125,14546.599609375,2199600,31996700500.78125
2021-09-07,14543.83984375,14724.6298828125,14483.5498046875,14702.900390625,2161200,31775908324.21875
2021-09-08,14706.8798828125,14789.08984375,14630.5,14688.080078125,2452200,36018109967.578125
2021-09-09,14666.0498046875,14716.73046875,14547.0703125,14698.5302734375,2262500,33255424743.652344
2021-09-10,14673.4501953125,14811.509765625,14645.259765625,14771.8701171875,2373800,35065465284.17969
2021-09-13,14776.8203125,14833.8798828125,14648.7802734375,14705.830078125,2191600,32229297199.21875
2021-09-14,14699.2197265625,14844.259765625,14589.7197265625,14626.080078125,2208300,32298772636.523438
2021-09-15,14590.7998046875,14602.33984375,14476.1904296875,14536.3095703125,1896100,27562296576.26953
2021-09-16,14527.099609375,14550.3095703125,14258.1298828125,14258.1298828125,2086800,29753865439.453125
2021-09-17,14224.6103515625,14383.6201171875,14136.4697265625,14359.3603515625,1887500,27103292663.57422
2021-09-22,14139.900390625,14311.9599609375,14117.6298828125,14277.080078125,1613600,23037496414.0625
2021-09-23,14380.08984375,14416.3701171875,14338.990234375,14387.3603515625,1930100,27769044214.55078
2021-09-24,14359.1103515625,14514.3896484375,14307.6796875,14357.849609375,1827100,26233227021.289062
2021-09-27,14430.0400390625,14527.76953125,14253.150390625,14344.2900390625,1976100,28345751546.191406
2021-09-28,14307.5302734375,14425.16015625,14243.2001953125,14313.8203125,1490100,21329023647.65625
2021-09-29,14202.400390625,14235.8798828125,14020.5595703125,14079.01953125,1640200,23092407835.15625
2021-09-30,14124.080078125,14337.5,14124.080078125,14309.009765625,1380500,19753587981.445312
2021-10-08,14457.9404296875,14489.330078125,14348.98046875,14414.16015625,1607800,23175086699.21875
2021-10-11,14440.8203125,14484.3896484375,14338.4697265625,14367.599609375,1487600,21373241178.90625
2021-10-12,14335.5400390625,14335.5400390625,14006.650390625,14135.3798828125,1557500,22015854167.48047
2021-10-13,14140.419921875,14358.5,14112.91015625,14353.080078125,1293500,18565709081.054688
2021-10-14,14350.6298828125,14399.919921875,14293.5302734375,14341.3798828125,1238400,17760364846.875
2021-10-15,14294.1796875,14440.580078125,14232.0302734375,14415.990234375,1497500,21587945375.976562
2021-10-18,14393.1796875,14393.1796875,14218.6103515625,14350.01953125,1421100,20392812755.859375
2021-10-19,14352.9296875,14504.240234375,14352.9296875,14499.76953125,1344400,19493490157.8125
2021-10-20,14500.4599609375,14552.5703125,14431.6298828125,14452.25,1411800,20403686550.0
2021-10-21,14466.419921875,14501.4501953125,14348.1201171875,14444.8603515625,1352300,19533784653.41797
2021-10-22,14467.3701171875,14582.7900390625,14454.8603515625,14492.8203125,1415100,20508790024.21875
2021-10-25,14491.349609375,14599.0,14452.8798828125,14596.7197265625,1403400,20485036464.257812
2021-10-26,14658.990234375,14682.4296875,14531.48046875,14552.8203125,1481200,21555637446.875
2021-10-27,14510.4501953125,14510.4501953125,14348.0498046875,14393.509765625,1532000,22050856960.9375
2021-10-28,14350.91015625,14407.66015625,14188.2900390625,14244.8203125,1539200,21925627425.0
2021-10-29,14242.6796875,14457.4404296875,14199.58984375,14451.3798828125,1508900,21805687105.17578
2021-11-01,14393.580078125,14569.23046875,14344.48046875,14476.5302734375,1684200,24381372286.523438
2021-11-02,14476.900390625,14558.3603515625,14248.0,14377.26953125,1745600,25096961693.75
2021-11-03,14365.2099609375,14458.6201171875,14287.33984375,14367.7802734375,1463600,21028683208.203125
2021-11-04,14440.2197265625,14557.9404296875,14420.1396484375,14555.26953125,1465300,21327836444.140625
2021-11-05,14536.599609375,14623.48046875,14462.58984375,14462.6201171875,1710200,24733972924.414062
2021-11-08,14451.58984375,14532.7197265625,14400.83984375,14508.8603515625,1465200,21258382187.109375
2021-11-09,14538.6201171875,14581.419921875,14463.76953125,14571.9296875,1354200,19733307182.8125
2021-11-10,14521.7197265625,14536.6298828125,14302.7998046875,14515.8798828125,1556900,22599773389.55078
2021-11-11,14497.98046875,14708.1201171875,14479.3701171875,14699.740234375,1704900,25061587125.585938
2021-11-12,14708.599609375,14732.349609375,14646.490234375,14705.3701171875,1659600,24405032246.484375
2021-11-15,14724.33984375,14732.0498046875,14578.23046875,14636.3896484375,1595500,23352359684.08203
2021-11-16,14626.8701171875,14736.3701171875,14597.0400390625,14613.9697265625,1583000,23133914077.148438
2021-11-17,14646.66015625,14711.1796875,14596.8896484375,14711.1796875,1380000,20301427968.75
2021-11-18,14685.7900390625,14685.7900390625,14555.2197265625,14579.169921875,1549400,22588965876.953125
2021-11-19,14569.9296875,14761.5302734375,14552.669921875,14752.490234375,1673700,24691242905.273438
2021-11-22,14778.580078125,14961.7900390625,14776.0400390625,14960.66015625,1734600,25950761107.03125
2021-11-23,14929.240234375,14954.849609375,14874.4296875,14905.1298828125,1704500,25405793885.253906
2021-11-24,14908.9697265625,14942.9599609375,14864.8896484375,14887.599609375,1655100,24640466113.476562
2021-11-25,14884.849609375,14897.1796875,14819.6796875,14827.9501953125,1451200,21518321323.4375
2021-11-26,14802.01953125,14862.9296875,14745.58984375,14777.169921875,1426700,21082588327.539062
2021-11-29,14635.48046875,14825.4296875,14633.0595703125,14810.2001953125,1419300,21020117137.20703
2021-11-30,14854.51953125,14870.23046875,14712.8203125,14795.73046875,1504600,22261656063.28125
2021-12-01,14794.3701171875,14824.8095703125,14724.7197265625,14794.25,1496600,22141074550.0
2021-12-02,14769.6904296875,14834.7900390625,14740.240234375,14765.5595703125,1582800,23370927687.890625
2021-12-03,14772.669921875,14892.0498046875,14767.4501953125,14892.0498046875,1481500,22062571785.64453
2021-12-06,14872.5498046875,14942.240234375,14742.099609375,14752.9599609375,1708900,25211333277.246094
2021-12-07,14845.01953125,14861.3798828125,14602.73046875,14697.169921875,1649900,24248860654.101562
2021-12-08,14748.650390625,14964.4599609375,14733.8896484375,14964.4599609375,1496500,22394314331.54297
2021-12-09,14965.4404296875,15193.6796875,14957.33984375,15147.8701171875,1918800,29065733180.859375
2021-12-10,15044.6796875,15148.7802734375,15026.3701171875,15111.5595703125,1751700,26470918899.316406
2021-12-13,15166.16015625,15288.650390625,15151.7998046875,15212.490234375,1876000,28538631679.6875
2021-12-14,15171.0498046875,15185.25,15109.0595703125,15136.7802734375,1599000,24203711657.226562
2021-12-15,15112.1796875,15187.259765625,15012.75,15026.2099609375,1500000,22539314941.40625
2021-12-16,15047.4697265625,15112.8095703125,14977.4501953125,15112.8095703125,1570800,23739201273.046875
2021-12-17,15075.23046875,15075.23046875,14867.25,14867.5498046875,1683000,25022086321.289062
2021-12-20,14818.419921875,14902.1298828125,14551.3603515625,14569.1796875,1623600,23654520140.625
2021-12-21,14559.7197265625,14702.3798828125,14547.599609375,14688.98046875,1412100,20742309319.921875
2021-12-22,14723.41015625,14813.0400390625,14709.400390625,14791.330078125,1551600,22950227749.21875
2021-12-23,14818.990234375,14878.9501953125,14790.4501953125,14863.9296875,1541400,22911261220.3125
2021-12-24,14872.419921875,14887.4599609375,14674.1396484375,14710.330078125,1511200,22230250814.0625
2021-12-27,14704.2900390625,14802.349609375,14652.419921875,14715.650390625,1402200,20634284977.734375
2021-12-28,14736.73046875,14841.8798828125,14696.4501953125,14837.8701171875,1424300,21133578407.910156
2021-12-29,14828.1904296875,14828.1904296875,14645.2001953125,14653.8203125,1293300,18951785810.15625
2021-12-30,14652.080078125,14846.8203125,14652.080078125,14796.23046875,1434200,21220753738.28125
2021-12-31,14842.0703125,14871.98046875,14797.1103515625,14857.349609375,1441000,21409440787.109375
2022-01-04,14935.23046875,14941.1904296875,14681.7099609375,14791.3095703125,1880700,27818015908.88672
2022-01-05,14752.080078125,14767.2197265625,14469.3701171875,14525.759765625,1949700,28320873815.039062
2022-01-06,14432.4599609375,14497.76953125,14298.48046875,14429.509765625,1728500,24941407629.882812
2022-01-07,14449.5400390625,14495.669921875,14331.98046875,14343.650390625,1912400,27430797007.03125
2022-01-10,14304.8603515625,14430.08984375,14194.349609375,14406.9697265625,1667500,24023622019.04297
2022-01-11,14402.2197265625,14433.5595703125,14201.900390625,14223.349609375,1619100,23029025352.539062
2022-01-12,14316.5302734375,14426.1201171875,14293.41015625,14421.2001953125,1529700,22060109938.76953
2022-01-13,14440.98046875,14440.98046875,14138.33984375,14138.33984375,1550300,21918668259.765625
2022-01-14,14054.669921875,14219.4404296875,14039.8701171875,14150.5703125,1609600,22776757975.0
2022-01-17,14163.0,14374.4697265625,14159.26953125,14363.5703125,1603700,23034857710.15625
2022-01-18,14365.1904296875,14444.5400390625,14285.6298828125,14391.3896484375,1685600,24258126391.40625
2022-01-19,14376.3603515625,14413.3798828125,14120.240234375,14207.1904296875,1584200,22507031078.710938
2022-01-20,14188.509765625,14312.0,14149.5,14198.2998046875,1690700,24005065479.785156
2022-01-21,14144.2197265625,14181.6201171875,13991.6396484375,14029.5498046875,1451900,20369503361.42578
2022-01-24,13941.900390625,14133.0400390625,13918.990234375,14081.7998046875,1213000,17081223163.085938
2022-01-25,14018.9296875,14091.8798828125,13682.7197265625,13683.8896484375,1447300,19804693488.183594
2022-01-26,13742.0302734375,13820.9404296875,13580.400390625,13780.2998046875,1140700,15719187987.207031
2022-01-27,13756.8701171875,13773.5,13395.3603515625,13398.83984375,1209100,16200537255.078125
2022-01-28,13515.4697265625,13553.2197265625,13227.830078125,13328.0595703125,1186400,15812409874.21875
2022-02-07,13558.9404296875,13632.4501953125,13412.2001953125,13456.650390625,1282800,17262191121.09375
2022-02-08,13432.080078125,13432.330078125,13051.7998046875,13325.41015625,1334300,17780094771.484375
2022-02-09,13321.8095703125,13541.8701171875,13283.2001953125,13531.3095703125,1469300,19881553151.660156
2022-02-10,13537.3095703125,13537.3095703125,13339.5,13432.0703125,1392700,18706844324.21875
2022-02-11,13360.400390625,13452.7197265625,13206.6298828125,13224.3798828125,1482600,19606465614.257812
2022-02-14,13140.349609375,13280.080078125,13049.4501953125,13123.2099609375,1304800,17123164357.03125
2022-02-15,13143.099609375,13346.669921875,13138.4404296875,13345.6298828125,1097700,14649497922.363281
2022-02-16,13403.6396484375,13446.0595703125,13339.7998046875,13376.3603515625,1013700,13559616488.378906
2022-02-17,13360.4599609375,13490.8603515625,13322.6904296875,13422.900390625,1144300,15359824916.992188
2022-02-18,13334.900390625,13460.2099609375,13316.4697265625,13459.6796875,1156800,15570157462.5
2022-02-21,13464.849609375,13503.08984375,13404.73046875,13471.16015625,1346000,18132181570.3125
2022-02-22,13384.0302734375,13384.0302734375,13216.6298828125,13297.1103515625,1371600,18238316558.203125
2022-02-23,13319.8701171875,13553.26953125,13319.8701171875,13549.990234375,1370400,18568906617.1875
2022-02-24,13459.009765625,13538.7099609375,13093.9697265625,13252.240234375,1929100,25564896636.132812
2022-02-25,13383.240234375,13540.990234375,13383.240234375,13412.919921875,1367900,18347533161.132812
2022-02-28,13397.9296875,13457.6103515625,13279.3203125,13455.73046875,1246000,16765840164.0625
2022-03-01,13493.2802734375,13517.25,13393.849609375,13488.6396484375,1258000,16968708677.734375
2022-03-02,13412.900390625,13412.900390625,13267.5498046875,13346.9599609375,1174200,15672000386.132812
2022-03-03,13397.9697265625,13407.0400390625,13187.740234375,13201.8203125,1404300,18539316264.84375
2022-03-04,13089.419921875,13204.240234375,12972.240234375,13020.4599609375,1373900,17888809940.33203
2022-03-07,12930.73046875,12930.73046875,12523.4501953125,12573.4296875,1452300,18260391935.15625
2022-03-08,12594.599609375,12653.4599609375,12178.1796875,12244.5,1616300,19790785350.0
2022-03-09,12282.150390625,12337.76953125,11598.3896484375,12107.169921875,1766900,21392158534.960938
2022-03-10,12421.759765625,12486.91015625,12331.509765625,12370.9501953125,1440100,17815405376.26953
2022-03-11,12181.48046875,12464.5,12043.3798828125,12447.3701171875,1416400,17630455033.984375
2022-03-14,12315.76953125,12389.41015625,12063.6298828125,12063.6298828125,1288500,15543987104.003906
2022-03-15,11948.6298828125,12086.0400390625,11537.240234375,11537.240234375,1712900,19762138797.460938
2022-03-16,11765.3095703125,12034.4599609375,11331.23046875,12000.9599609375,1734900,20820465436.23047
2022-03-17,12228.83984375,12497.8603515625,12218.169921875,12289.9697265625,1735600,21330471457.421875
2022-03-18,12222.2197265625,12368.58984375,12141.75,12328.650390625,1376600,16971620127.734375
2022-03-21,12385.8701171875,12469.98046875,12257.669921875,12379.6396484375,1456600,18032183111.914062
2022-03-22,12350.73046875,12410.4697265625,12269.169921875,12318.7802734375,1320000,16260789960.9375
2022-03-23,12373.509765625,12436.2099609375,12291.3701171875,12408.650390625,1258600,15617527381.640625
2022-03-24,12339.1396484375,12384.7802734375,12188.580078125,12305.5,1253200,15421252600.0
2022-03-25,12315.349609375,12330.9501953125,12072.73046875,12072.73046875,1214600,14663538427.34375
2022-03-28,11969.0,12053.2001953125,11835.330078125,11949.9404296875,1219000,14566977383.789062
2022-03-29,11983.5400390625,12050.849609375,11857.3701171875,11895.080078125,1199300,14265769537.695312
2022-03-30,11969.3603515625,12263.7998046875,11961.0595703125,12263.7998046875,1494700,18330701568.066406
2022-03-31,12208.990234375,12220.0595703125,12090.2900390625,12118.25,1469400,17806556550.0
2022-04-01,12040.009765625,12275.080078125,12009.2099609375,12227.9296875,1418400,17344095468.75
2022-04-06,12220.7802734375,12238.01953125,12091.98046875,12172.91015625,1540100,18747498931.640625
2022-04-07,12101.3701171875,12205.099609375,11971.330078125,11972.01953125,1499100,17947254479.296875
2022-04-08,11988.0498046875,12001.58984375,11799.01953125,11959.26953125,1474600,17635138850.78125
2022-04-11,11876.1796875,11876.1796875,11482.73046875,11520.2099609375,1472900,16968117251.464844
2022-04-12,11523.2802734375,11756.3798828125,11439.58984375,11756.3798828125,1443500,16970334360.839844
2022-04-13,11669.080078125,11744.25,11568.169921875,11568.169921875,1344700,15555718093.945312
2022-04-14,11662.58984375,11787.1201171875,11587.8701171875,11714.6201171875,1324400,15514842883.203125
2022-04-15,11626.0498046875,11737.7900390625,11552.7802734375,11648.5703125,1434800,16713368684.375
2022-04-18,11557.51953125,11710.83984375,11459.83984375,11691.4697265625,1225400,14326727002.929688
2022-04-19,11691.759765625,11771.5498046875,11584.240234375,11633.3203125,1200600,13966964367.1875
2022-04-20,11619.740234375,11641.4501953125,11360.080078125,11392.23046875,1283300,14619649360.546875
2022-04-21,11328.7099609375,11429.7802734375,11038.3798828125,11084.2802734375,1367900,15162186986.035156
2022-04-22,11016.6796875,11151.66015625,10896.919921875,11051.7001953125,1221300,13497441448.535156
2022-04-25,10840.3603515625,10866.6396484375,10379.0595703125,10379.2802734375,1598100,16587127804.980469
2022-04-26,10401.990234375,10548.9599609375,10181.169921875,10206.6396484375,1514400,15456935083.59375
2022-04-27,10090.98046875,10652.9296875,10087.5302734375,10652.900390625,1651000,17587938544.921875
2022-04-28,10607.7900390625,10743.169921875,10498.66015625,10628.919921875,1417900,15070745557.226562
2022-04-29,10719.4501953125,11029.9404296875,10631.1396484375,11021.4404296875,1673800,18447686991.210938
2022-05-05,10928.6796875,11146.01953125,10897.259765625,11046.3798828125,1474400,16286782499.21875
2022-05-06,10775.3095703125,10913.6904296875,10748.8701171875,10809.8798828125,1260100,13621529640.332031
2022-05-09,10743.0302734375,10867.6103515625,10698.669921875,10765.6298828125,1062700,11440634876.464844
2022-05-10,10601.400390625,10938.580078125,10560.7802734375,10912.740234375,1379600,15055216427.34375
2022-05-11,10921.0302734375,11334.759765625,10917.099609375,11109.48046875,1710200,18999433497.65625
2022-05-12,11029.33984375,11173.01953125,11006.3203125,11094.8701171875,1223700,13576792562.402344
2022-05-13,11167.58984375,11204.5498046875,11044.4599609375,11159.7900390625,1175000,13112753295.898438
2022-05-16,11251.26953125,11296.0,11067.0595703125,11093.3701171875,1265700,14040878557.324219
2022-05-17,11095.400390625,11230.740234375,11059.830078125,11230.16015625,1152800,12946128628.125
2022-05-18,11249.2802734375,11300.2197265625,11151.2197265625,11208.080078125,1161000,13012580970.703125
2022-05-19,11035.9599609375,11250.0595703125,11019.080078125,11250.0595703125,1260600,14181825094.335938
2022-05-20,11311.8095703125,11454.5302734375,11292.1396484375,11454.5302734375,1549800,17752231017.773438
2022-05-23,11468.8095703125,11475.1796875,11343.2099609375,11447.9501953125,1394600,15965311342.382812
2022-05-24,11429.9296875,11429.9296875,11065.919921875,11065.919921875,1516100,16777041193.554688
2022-05-25,11062.6298828125,11143.9697265625,11009.73046875,11143.1796875,1115700,12432445577.34375
2022-05-26,11149.3095703125,11276.2001953125,10984.75,11206.8203125,1304200,14615935051.5625
2022-05-27,11290.0,11379.9296875,11126.75,11193.58984375,1177900,13184929476.953125
2022-05-30,11248.509765625,11327.0498046875,11185.9501953125,11310.2802734375,1126700,12743292784.082031
2022-05-31,11313.41015625,11543.1796875,11241.0302734375,11527.6201171875,1430900,16494871625.683594
2022-06-01,11507.490234375,11592.4697265625,11467.8603515625,11551.26953125,1289400,14894206933.59375
2022-06-02,11492.9697265625,11637.5302734375,11470.8896484375,11628.3095703125,1287400,14970285740.820312
2022-06-06,11636.6796875,11941.169921875,11602.400390625,11938.1201171875,1668800,19922334851.5625
2022-06-07,11937.2802734375,12004.580078125,11857.4501953125,11935.5703125,1472100,17570353057.03125
2022-06-08,11947.75,12040.349609375,11815.2900390625,12033.259765625,1572200,18918691003.515625
2022-06-09,12002.8095703125,12006.01953125,11761.2099609375,11810.580078125,1466300,17317853568.554688
2022-06-10,11733.349609375,12039.4697265625,11724.240234375,12035.150390625,1626400,19573968595.3125
2022-06-13,11922.5595703125,12056.5302734375,11881.080078125,11999.3095703125,1625200,19501277913.671875
2022-06-14,11854.169921875,12028.1396484375,11644.349609375,12023.7900390625,1736700,20881716160.839844
2022-06-15,12052.740234375,12356.3095703125,12038.7998046875,12137.759765625,2264400,27484743213.28125
2022-06-16,12146.849609375,12274.1796875,12101.490234375,12150.9599609375,1895300,23029714413.964844
2022-06-17,12045.83984375,12355.33984375,12036.26953125,12331.1396484375,1661900,20493120981.73828
2022-06-20,12405.1201171875,12587.9501953125,12372.0703125,12487.1298828125,1699900,21226872087.79297
2022-06-21,12477.73046875,12542.7197265625,12299.9501953125,12423.8603515625,1646300,20453401296.777344
2022-06-22,12437.6904296875,12445.16015625,12240.7802734375,12246.5498046875,1497200,18335534367.578125
2022-06-23,12273.3798828125,12514.73046875,12177.259765625,12514.73046875,1598800,20008551073.4375
2022-06-24,12553.5595703125,12690.5400390625,12516.7099609375,12686.0302734375,1605100,20362347191.89453
2022-06-27,12742.5498046875,12911.240234375,12742.5498046875,12825.5703125,1704000,21854771812.5
2022-06-28,12823.650390625,13001.5400390625,12718.25,12982.6904296875,1746000,22667777490.234375
2022-06-29,12930.4296875,12998.6298828125,12682.9296875,12696.5,1958300,24863555950.0
2022-06-30,12710.25,12970.650390625,12710.25,12896.2001953125,1642800,21185877680.859375
2022-07-01,12899.4697265625,12941.0595703125,12805.73046875,12860.3603515625,1478600,19015328815.820312
2022-07-04,12813.490234375,13026.25,12751.080078125,13026.25,1583000,20620553750.0
2022-07-05,13057.240234375,13121.3896484375,12798.009765625,12973.1103515625,1714400,22241100386.71875
2022-07-06,12935.419921875,12997.41015625,12700.48046875,12811.330078125,1615900,20701828273.242188
2022-07-07,12826.08984375,12962.990234375,12732.7001953125,12935.849609375,1561600,20200622750.0
2022-07-08,12998.5595703125,13034.4599609375,12848.6298828125,12857.1298828125,1473800,18948838021.289062
2022-07-11,12798.419921875,12798.419921875,12514.98046875,12617.23046875,1470400,18552375681.25
2022-07-12,12616.83984375,12657.490234375,12396.91015625,12439.26953125,1376200,17118922728.90625
2022-07-13,12441.7197265625,12562.9501953125,12323.2001953125,12508.8896484375,1406000,17587498845.703125
2022-07-14,12479.2197265625,12695.2001953125,12452.1298828125,12602.7802734375,1426000,17971564669.921875
2022-07-15,12557.150390625,12687.669921875,12411.009765625,12411.009765625,1603100,19896089755.273438
2022-07-18,12456.2197265625,12559.0703125,12304.1201171875,12532.650390625,1495200,18738818864.0625
2022-07-19,12524.509765625,12569.9501953125,12402.1103515625,12494.76953125,1372800,17152819612.5
2022-07-20,12551.4296875,12625.6298828125,12518.419921875,12573.1201171875,1362600,17132133471.679688
2022-07-21,12543.580078125,12601.0,12455.1904296875,12455.1904296875,1472500,18340267907.714844
2022-07-22,12501.33984375,12553.26953125,12289.2001953125,12394.01953125,1300400,16117182998.4375
2022-07-25,12386.5498046875,12414.0703125,12251.080078125,12291.58984375,1255600,15433320207.8125
2022-07-26,12308.740234375,12453.1103515625,12266.83984375,12408.5595703125,1148400,14249989810.546875
2022-07-27,12383.0498046875,12439.2197265625,12331.7001953125,12399.6904296875,1196400,14834989630.078125
2022-07-28,12467.759765625,12550.900390625,12407.0703125,12428.7197265625,1518700,18875496648.73047
2022-07-29,12439.41015625,12460.1904296875,12245.2099609375,12266.919921875,1447600,17757593278.90625
2022-08-01,12243.330078125,12420.23046875,12158.849609375,12413.8701171875,1339100,16623413473.925781
2022-08-02,12260.4501953125,12273.3701171875,12008.169921875,12120.01953125,1822800,22092371601.5625
2022-08-03,12148.240234375,12294.8798828125,11946.4599609375,11982.259765625,1514000,18141141285.15625
2022-08-04,12055.349609375,12103.3798828125,11926.509765625,12065.2197265625,1137100,13719361351.074219
2022-08-05,12088.650390625,12275.9599609375,12051.400390625,12269.2099609375,1338200,16418656769.726562
2022-08-08,12239.8701171875,12304.23046875,12219.01953125,12302.150390625,1212100,14911436488.476562
2022-08-09,12277.4404296875,12333.3798828125,12235.830078125,12331.08984375,1167800,14400246719.53125
2022-08-10,12302.5703125,12347.150390625,12166.23046875,12223.509765625,1182200,14450633244.921875
2022-08-11,12287.7998046875,12475.169921875,12231.080078125,12474.0302734375,1520400,18965515627.734375
2022-08-12,12453.400390625,12493.7802734375,12417.490234375,12419.3896484375,1406500,17467871540.527344
2022-08-15,12392.5,12531.76953125,12386.16015625,12460.2197265625,1321300,16463688324.707031
2022-08-16,12470.650390625,12553.6904296875,12441.9599609375,12470.1103515625,1330400,16590234811.71875
2022-08-17,12481.7099609375,12611.490234375,12391.4501953125,12595.4599609375,1545000,19459985639.648438
2022-08-18,12557.33984375,12576.6201171875,12496.7900390625,12517.3203125,1402300,17553038274.21875
2022-08-19,12504.48046875,12521.759765625,12358.5498046875,12358.5498046875,1521400,18802297672.851562
2022-08-22,12320.8798828125,12509.91015625,12291.8203125,12505.6796875,1404500,17564227121.09375
2022-08-23,12481.240234375,12525.009765625,12405.580078125,12455.150390625,1281000,15955047650.390625
2022-08-24,12484.4404296875,12491.169921875,12082.4404296875,12096.3896484375,1563400,18911495576.367188
2022-08-25,12130.759765625,12159.7998046875,11949.759765625,12104.0302734375,1317400,15945849482.226562
2022-08-26,12142.0498046875,12210.009765625,12039.740234375,12059.7099609375,1210900,14603102791.699219
2022-08-29,11911.169921875,12044.51953125,11890.490234375,12018.16015625,1146800,13782426067.1875
2022-08-30,12013.919921875,12039.1904296875,11905.0,11970.7900390625,1195600,14312276570.703125
2022-08-31,11909.3095703125,11968.4599609375,11743.6904296875,11815.7900390625,1414700,16715798168.261719
2022-09-01,11789.8203125,11888.0595703125,11696.580078125,11712.3896484375,1133400,13274822427.539062
2022-09-02,11753.599609375,11765.009765625,11644.0302734375,11702.3896484375,984400,11519832369.921875
2022-09-05,11667.0498046875,11714.41015625,11597.73046875,11678.6904296875,990200,11564239263.476562
2022-09-06,11702.169921875,11802.7099609375,11624.8203125,11799.8095703125,1142100,13476562510.253906
2022-09-07,11743.4697265625,11894.5595703125,11724.2802734375,11849.080078125,1126700,13350358524.023438
2022-09-08,11858.5302734375,11865.9697265625,11739.5703125,11746.919921875,1065000,12510469716.796875
2022-09-09,11780.8203125,11885.4599609375,11750.4404296875,11877.7900390625,1143500,13582252909.667969
2022-09-13,11936.580078125,11966.169921875,11874.1904296875,11923.4697265625,1087600,12967965674.609375
2022-09-14,11751.1103515625,11841.1796875,11703.759765625,11774.7802734375,1005500,11839541564.941406
2022-09-15,11823.7998046875,11832.4599609375,11427.509765625,11526.9599609375,1331600,15349299883.984375
2022-09-16,11492.6904296875,11509.98046875,11261.5,11261.5,1272600,14331384900.0
2022-09-19,11241.7802734375,11318.009765625,11149.98046875,11207.0400390625,955800,10711688869.335938
2022-09-20,11274.8603515625,11364.16015625,11229.91015625,11283.919921875,868400,9798956060.15625
2022-09-21,11245.83984375,11259.3095703125,11117.3701171875,11208.509765625,939100,10525911520.898438
2022-09-22,11122.1103515625,11241.1201171875,11094.740234375,11114.4296875,911600,10131914103.125
2022-09-23,11105.759765625,11146.7900390625,10899.58984375,11006.41015625,956500,10527631314.453125
2022-09-26,10921.6396484375,11141.58984375,10908.9599609375,10962.5595703125,930800,10203950448.046875
2022-09-27,10999.099609375,11175.1201171875,10959.8203125,11175.1201171875,929100,10382804100.878906
2022-09-28,11136.1796875,11136.1796875,10899.7001953125,10899.7001953125,884600,9641874792.773438
2022-09-29,11023.830078125,11045.98046875,10864.490234375,10919.4404296875,843800,9213823834.570312
2022-09-30,10925.009765625,10962.2197265625,10777.91015625,10778.6103515625,797500,8595941755.371094
2022-10-10,10788.6904296875,10801.33984375,10500.76953125,10522.1201171875,891300,9378365660.449219
2022-10-11,10555.0595703125,10617.919921875,10487.66015625,10577.8095703125,792800,8386087427.34375
2022-10-12,10568.009765625,10838.6298828125,10402.0595703125,10838.48046875,1091100,11825866039.453125
2022-10-13,10762.669921875,10923.919921875,10737.2998046875,10817.669921875,1045500,11309873903.320312
2022-10-14,10914.1796875,11177.23046875,10890.1904296875,11121.7197265625,1229700,13676378747.753906
2022-10-17,11059.23046875,11173.3896484375,11041.580078125,11162.259765625,1132300,12639026732.617188
2022-10-18,11223.150390625,11270.48046875,11135.4697265625,11187.7001953125,1067200,11939513648.4375
2022-10-19,11154.1298828125,11197.150390625,11027.240234375,11027.240234375,954400,10524398079.6875
2022-10-20,10948.4296875,11126.16015625,10832.08984375,10965.330078125,1029300,11286614249.414062
2022-10-21,10955.83984375,11000.3896484375,10875.1796875,10918.9697265625,904400,9875116220.703125
2022-10-24,10908.740234375,11043.0302734375,10635.349609375,10694.6103515625,1178200,12600389916.210938
2022-10-25,10644.669921875,10760.669921875,10510.91015625,10639.8203125,1097800,11680394739.0625
2022-10-26,10664.4296875,10928.4501953125,10657.01953125,10818.330078125,1268300,13720888038.085938
2022-10-27,10843.33984375,10886.099609375,10750.1396484375,10750.1396484375,1273100,13686002786.425781
2022-10-28,10659.7001953125,10698.6904296875,10368.91015625,10401.83984375,1323900,13770995769.140625
2022-10-31,10304.2001953125,10518.3896484375,10301.7099609375,10397.0400390625,1323400,13759442787.695312
2022-11-01,10420.9501953125,10734.25,10395.5595703125,10734.25,1370500,14711289625.0
2022-11-02,10704.25,10951.4501953125,10687.2099609375,10877.509765625,1436500,15625542778.320312
2022-11-03,10766.2197265625,10877.740234375,10754.2900390625,10840.0595703125,1124600,12190730992.773438
2022-11-04,10848.2998046875,11226.2099609375,10848.2998046875,11187.4296875,1514700,16945599747.65625
2022-11-07,11184.16015625,11272.7998046875,11127.25,11207.73046875,1369900,15353469969.140625
2022-11-08,11202.4404296875,11212.5400390625,11055.080078125,11142.9296875,1084200,12081164367.1875
2022-11-09,11149.3701171875,11185.509765625,11049.330078125,11055.2900390625,1050400,11612476657.03125
2022-11-10,10964.9404296875,10979.7099609375,10848.48046875,10908.5498046875,1144800,12488107816.40625
2022-11-11,11217.1103515625,11272.16015625,11085.9296875,11139.76953125,1829200,20376866426.5625
2022-11-14,11177.0703125,11260.8603515625,11067.8896484375,11113.4599609375,1661200,18461679687.109375
2022-11-15,11100.23046875,11351.330078125,11069.150390625,11351.330078125,1611200,18289263021.875
2022-11-16,11336.0703125,11385.8701171875,11220.330078125,11235.5595703125,1339200,15046661376.5625
2022-11-17,11199.6201171875,11221.4501953125,11077.599609375,11221.4501953125,1247900,14003247698.730469
2022-11-18,11229.1103515625,11310.2197265625,11171.1904296875,11180.4296875,1394600,15592227242.1875
2022-11-21,11086.6904296875,11137.6298828125,11014.9599609375,11134.4697265625,1156700,12879241132.714844
2022-11-22,11113.3203125,11152.0,10960.8798828125,11002.9296875,1132000,12455316406.25
2022-11-23,10971.0,11025.48046875,10842.58984375,10972.8095703125,1044000,11455613191.40625
2022-11-24,11019.4697265625,11061.3603515625,10927.849609375,10956.6796875,957800,10494307804.6875
2022-11-25,10928.150390625,10962.1396484375,10881.080078125,10904.26953125,1031700,11249934875.390625
2022-11-28,10708.5595703125,10833.26953125,10657.8896484375,10829.080078125,1100600,11918485533.984375
2022-11-29,10891.7197265625,11112.73046875,10888.5400390625,11089.009765625,1532700,16996125267.773438
2022-11-30,11071.3095703125,11140.5,11044.0302734375,11108.5,1534800,17049325800.0
2022-12-01,11282.4599609375,11350.48046875,11262.8095703125,11264.16015625,1568500,17667835205.078125
2022-12-02,11238.4404296875,11312.3203125,11206.7802734375,11219.7900390625,1167000,13093494975.585938
2022-12-05,11292.33984375,11338.8603515625,11250.6201171875,11323.349609375,1576000,17845598984.375
2022-12-06,11278.48046875,11465.41015625,11264.4697265625,11398.8203125,1350100,15389547303.90625
2022-12-07,11365.98046875,11504.3896484375,11358.6796875,11418.759765625,1300100,14845529571.289062
2022-12-08,11403.1904296875,11429.76953125,11343.5703125,11389.7900390625,1159500,13206461550.292969
2022-12-09,11397.099609375,11511.3203125,11360.150390625,11501.580078125,1485100,17080996574.023438
2022-12-12,11453.259765625,11457.08984375,11392.8896484375,11399.1298828125,1201800,13699474293.164062
2022-12-13,11398.83984375,11400.009765625,11312.099609375,11323.7001953125,1005100,11381451066.308594
2022-12-14,11341.9599609375,11375.2197265625,11298.4296875,11321.8095703125,989000,11197269665.039062
2022-12-15,11306.7900390625,11371.1796875,11269.6103515625,11358.1103515625,922300,10475585177.246094
2022-12-16,11289.51953125,11327.26953125,11234.6201171875,11295.0302734375,907500,10250239973.144531
2022-12-19,11286.66015625,11329.5595703125,11083.849609375,11124.7001953125,1008100,11214810266.894531
2022-12-20,11092.8603515625,11092.8603515625,10908.5302734375,10949.1201171875,786400,8610388060.15625
2022-12-21,10966.3095703125,11001.150390625,10872.26953125,10912.08984375,701500,7654831025.390625
2022-12-22,10976.5703125,11034.669921875,10840.2998046875,10876.3095703125,835300,9084981384.082031
2022-12-23,10811.5703125,10918.1796875,10794.1396484375,10849.6396484375,684000,7421153519.53125
2022-12-26,10858.330078125,10996.6396484375,10858.330078125,10978.990234375,771800,8473584662.890625
2022-12-27,11010.9296875,11115.76953125,11000.1103515625,11106.5,822700,9137317550.0
2022-12-28,11055.0595703125,11061.1904296875,10975.1298828125,11010.5302734375,914100,10064725722.949219
2022-12-29,10971.26953125,11064.01953125,10956.9501953125,10996.41015625,785400,8636580536.71875
2022-12-30,11046.0703125,11071.9296875,11013.3203125,11015.990234375,745500,8212420719.7265625
2023-01-03,11003.0498046875,11134.9599609375,10921.419921875,11117.1298828125,1047000,11639634987.304688
2023-01-04,11099.150390625,11149.150390625,11035.76953125,11095.3701171875,1041800,11559156588.085938
2023-01-05,11136.76953125,11346.2197265625,11136.76953125,11332.009765625,1172300,13284515048.242188
2023-01-06,11327.0302734375,11443.4501953125,11314.349609375,11367.73046875,1172700,13330937520.703125
2023-01-09,11411.3701171875,11490.58984375,11408.669921875,11450.150390625,1103500,12635240956.054688
2023-01-10,11455.599609375,11526.2802734375,11413.990234375,11506.7900390625,1028000,11828980160.15625
2023-01-11,11498.9697265625,11563.7802734375,11424.25,11439.4404296875,1027500,11754025041.503906
2023-01-12,11470.6103515625,11528.9296875,11425.1103515625,11465.73046875,983900,11281132208.203125
2023-01-13,11509.2099609375,11602.2998046875,11489.1904296875,11602.2998046875,962100,11162572642.089844
2023-01-16,11612.3603515625,11886.9501953125,11612.3603515625,11785.76953125,1436300,16927900777.734375
2023-01-17,11794.9599609375,11830.580078125,11746.759765625,11800.5498046875,1020500,12042461075.683594
2023-01-18,11813.3798828125,11855.4404296875,11793.3203125,11810.66015625,961600,11357130806.25
2023-01-19,11796.400390625,11913.259765625,11763.8203125,11913.259765625,1013800,12077662750.390625
2023-01-20,11942.150390625,11997.5302734375,11931.8798828125,11980.6201171875,1096000,13130759648.4375
2023-01-30,12229.3798828125,12246.009765625,12088.240234375,12097.759765625,1558800,18857987922.65625
2023-01-31,12076.1396484375,12115.4501953125,11987.009765625,12001.259765625,1359700,16318112903.320312
2023-02-01,12034.8798828125,12158.1904296875,11984.4501953125,12158.1904296875,1490400,18120567016.40625
2023-02-02,12187.5498046875,12208.8798828125,12107.51953125,12131.2001953125,1399700,16980040913.378906
2023-02-03,12086.2802734375,12095.3896484375,11904.2802734375,12054.2998046875,1213000,14621865663.085938
2023-02-06,11957.26953125,11977.240234375,11841.669921875,11912.5595703125,1154500,13753050023.925781
2023-02-07,11936.3603515625,11958.2197265625,11864.7197265625,11926.8798828125,1132200,13503613403.320312
2023-02-08,11939.8603515625,11957.009765625,11843.2900390625,11853.4599609375,1076400,12759064301.953125
2023-02-09,11821.9599609375,12048.26953125,11811.98046875,12048.26953125,1207500,14548285458.984375
2023-02-10,12031.7197265625,12062.16015625,11917.740234375,11976.849609375,1271200,15224971223.4375
2023-02-13,11964.75,12116.0400390625,11952.599609375,12113.6103515625,1453700,17609555368.066406
2023-02-14,12142.830078125,12143.2900390625,12035.5498046875,12094.9404296875,1269000,15348479405.273438
2023-02-15,12103.7197265625,12132.7998046875,12036.23046875,12064.3798828125,1368400,16508897431.640625
2023-02-16,12064.0400390625,12163.9697265625,11826.7197265625,11907.400390625,1823700,21715526092.382812
2023-02-17,11894.8798828125,11927.1103515625,11713.7998046875,11715.76953125,1323700,15508164128.515625
2023-02-20,11717.6796875,11956.8896484375,11681.5302734375,11954.1298828125,1541100,18422509562.402344
2023-02-21,11947.650390625,12005.0,11886.240234375,11968.599609375,1432000,17139034640.625
2023-02-22,11892.1396484375,11963.2099609375,11868.7900390625,11900.1201171875,1105400,13154392777.539062
2023-02-23,11895.4599609375,11963.1396484375,11829.8701171875,11884.2998046875,1146800,13628915016.015625
2023-02-24,11887.76953125,11889.240234375,11742.73046875,11787.4501953125,996600,11747372864.648438
2023-02-27,11728.08984375,11781.2802734375,11678.7998046875,11701.9501953125,988600,11568547963.085938
2023-02-28,11745.16015625,11792.6796875,11666.3701171875,11783.7998046875,1015100,11961735181.738281
2023-03-01,11783.759765625,11931.099609375,11751.3603515625,11914.3203125,1275600,15197906990.625
2023-03-02,11902.169921875,11929.150390625,11837.1201171875,11849.509765625,1275500,15114049706.054688
2023-03-03,11862.16015625,11895.9697265625,11770.33984375,11851.919921875,1156200,13703189813.671875
2023-03-06,11850.8203125,11862.3701171875,11742.1298828125,11842.8798828125,1284700,15214547785.449219
2023-03-07,11824.169921875,11839.6103515625,11606.1904296875,11608.580078125,1338300,15535762718.554688
2023-03-08,11566.5703125,11617.9404296875,11534.669921875,11598.2900390625,963000,11169153307.617188
2023-03-09,11605.9404296875,11637.0302734375,11525.23046875,11579.990234375,912500,10566741088.867188
2023-03-10,11513.66015625,11535.5400390625,11437.990234375,11442.5400390625,1066400,12202324697.65625
2023-03-13,11405.1396484375,11511.1201171875,11396.6103515625,11505.01953125,1182100,13600083587.890625
2023-03-14,11483.650390625,11486.5595703125,11282.580078125,11416.5703125,1295700,14792450153.90625
2023-03-15,11485.9501953125,11537.7197265625,11408.1904296875,11413.4296875,1117900,12759073047.65625
2023-03-16,11336.75,11381.73046875,11223.099609375,11237.7001953125,1230400,13826866320.3125
2023-03-17,11328.3701171875,11388.51953125,11245.150390625,11278.0498046875,1469900,16577605407.910156
2023-03-20,11289.9599609375,11342.0302734375,11231.009765625,11247.1298828125,1546600,17394811076.757812
2023-03-21,11270.0703125,11427.25,11270.0703125,11427.25,1255400,14345769650.0
2023-03-22,11459.830078125,11521.419921875,11448.1904296875,11496.9296875,1546700,17782301147.65625
2023-03-23,11457.7900390625,11605.2900390625,11442.9501953125,11605.2900390625,1543300,17910444117.285156
2023-03-24,11616.4599609375,11648.5400390625,11581.419921875,11634.2197265625,1622300,18874194662.402344
2023-03-27,11621.919921875,11659.0,11558.3798828125,11647.9404296875,1688200,19664053033.398438
2023-03-28,11637.509765625,11649.150390625,11548.419921875,11564.4501953125,1467700,16973143551.660156
2023-03-29,11584.91015625,11623.4296875,11538.169921875,11579.91015625,1387500,16067125341.796875
2023-03-30,11578.330078125,11656.48046875,11505.5498046875,11651.830078125,1352200,15755604631.640625
2023-03-31,11666.3095703125,11737.2802734375,11657.5703125,11726.400390625,1438400,16867254321.875
2023-04-03,11751.6796875,11898.759765625,11751.6796875,11889.419921875,1895100,22531639693.945312
2023-04-04,11878.16015625,11885.3798828125,11792.240234375,11859.48046875,1827300,21670828660.546875
2023-04-06,11787.349609375,11874.7998046875,11778.7998046875,11866.3095703125,1637000,19425148766.601562
2023-04-07,11867.8701171875,11979.58984375,11858.5,11967.740234375,1482500,17742174897.460938
2023-04-10,11987.6796875,11992.3203125,11845.8798828125,11871.9296875,1592500,18906048027.34375
2023-04-11,11866.349609375,11914.3203125,11819.759765625,11877.150390625,1515500,17999821416.992188
2023-04-12,11873.259765625,11912.9501953125,11842.259765625,11883.509765625,1590600,18901910633.203125
2023-04-13,11836.8203125,11844.400390625,11727.8896484375,11739.83984375,1577500,18519597353.515625
2023-04-14,11760.4296875,11816.6796875,11737.2998046875,11800.08984375,1472800,17379172321.875
2023-04-17,11783.6796875,11855.48046875,11781.2900390625,11855.48046875,1544500,18310789583.984375
2023-04-18,11834.76953125,11891.1103515625,11818.25,11860.400390625,1466600,17394463212.890625
2023-04-19,11844.3203125,11844.3203125,11743.849609375,11760.26953125,1473800,17332285235.15625
2023-04-20,11751.3798828125,11751.3798828125,11659.650390625,11717.259765625,1554800,18217995483.59375
2023-04-21,11729.7998046875,11751.41015625,11450.1298828125,11450.4296875,1695800,19417638664.0625
2023-04-24,11442.3798828125,11452.91015625,11265.76953125,11317.009765625,1587200,17962357900.0
2023-04-25,11307.08984375,11320.4501953125,11034.1796875,11149.009765625,1733200,19323463725.78125
2023-04-26,11101.1796875,11244.0400390625,11088.2001953125,11185.6796875,1591200,17798653518.75
2023-04-27,11140.8896484375,11258.759765625,11128.1103515625,11217.0,1489500,16707721500.0
2023-04-28,11228.4599609375,11340.4599609375,11228.4599609375,11338.669921875,1618500,18351637268.554688
2023-05-04,11310.349609375,11329.0,11242.1201171875,11273.8701171875,1865600,21032532090.625
2023-05-05,11260.6201171875,11262.330078125,11124.91015625,11180.8701171875,1698700,18992944068.066406
2023-05-08,11206.330078125,11234.919921875,11158.830078125,11225.76953125,1711400,19211781975.78125
2023-05-09,11208.740234375,11265.330078125,11121.9697265625,11125.01953125,1907500,21220974755.859375
2023-05-10,11101.009765625,11177.8095703125,11043.3603515625,11140.1904296875,1471000,16387220122.070312
2023-05-11,11158.7197265625,11200.91015625,11136.259765625,11142.5302734375,1309300,14588914887.011719
2023-05-12,11131.2998046875,11172.7099609375,11004.259765625,11005.6396484375,1263800,13908927387.695312
2023-05-15,11019.7001953125,11178.6201171875,10995.7001953125,11178.6201171875,1393000,15571817823.242188
2023-05-16,11182.3603515625,11182.3603515625,11069.4404296875,11099.259765625,1171500,13002782815.429688
2023-05-17,11084.5595703125,11120.9697265625,11036.76953125,11091.080078125,997700,11065570593.945312
2023-05-18,11108.330078125,11144.48046875,11024.08984375,11078.2802734375,1179800,13070155066.601562
2023-05-19,11061.75,11145.509765625,11034.6298828125,11091.3603515625,1162900,12898142952.832031
2023-05-22,11083.3798828125,11159.3095703125,11037.2099609375,11127.0400390625,1055500,11744590761.230469
2023-05-23,11124.259765625,11137.6298828125,11012.580078125,11012.580078125,1054500,11612765692.382812
2023-05-24,10976.73046875,11028.5703125,10920.330078125,10920.330078125,1075700,11746999065.039062
2023-05-25,10915.1201171875,10954.240234375,10801.2197265625,10896.580078125,1162500,12667274340.820312
2023-05-26,10889.26953125,10926.83984375,10798.650390625,10909.650390625,1118800,12205716857.03125
2023-05-29,10942.669921875,10961.7900390625,10790.5,10822.08984375,1407400,15231009246.09375
2023-05-30,10799.400390625,10869.5498046875,10697.8701171875,10869.5498046875,1402000,15239108826.171875
2023-05-31,10849.8095703125,10849.8095703125,10732.419921875,10793.849609375,1282600,13844191508.984375
2023-06-01,10758.8896484375,10913.6396484375,10735.509765625,10835.900390625,1363100,14770415822.460938
2023-06-02,10875.3095703125,11012.5498046875,10875.3095703125,10998.0703125,1308700,14393174617.96875
2023-06-05,10990.73046875,10990.73046875,10903.0498046875,10946.080078125,1208600,13229432382.421875
2023-06-06,10928.509765625,10933.6103515625,10752.2197265625,10773.4501953125,1287700,13872971816.503906
2023-06-07,10783.3095703125,10799.4599609375,10681.48046875,10708.8203125,981900,10514990664.84375
2023-06-08,10710.91015625,10775.33984375,10648.1396484375,10722.8701171875,1081100,11592494883.691406
2023-06-09,10733.51953125,10793.9296875,10697.3603515625,10793.9296875,1346500,14534026324.21875
2023-06-12,10769.01953125,10914.6201171875,10752.009765625,10873.740234375,1257200,13670466222.65625
2023-06-13,10855.4404296875,10963.650390625,10853.5703125,10955.9599609375,1198800,13134004801.171875
2023-06-14,10976.509765625,11034.1796875,10962.4501953125,10984.5595703125,1268800,13937209182.8125
2023-06-15,11011.9501953125,11185.6796875,11011.849609375,11182.9404296875,1340000,14985140175.78125
2023-06-16,11194.5498046875,11316.240234375,11183.7900390625,11306.5302734375,1307100,14778765720.410156
2023-06-19,11305.7900390625,11307.75,11244.419921875,11274.0498046875,1309700,14765623029.199219
2023-06-20,11260.150390625,11338.150390625,11248.1396484375,11305.349609375,1230800,13914624299.21875
2023-06-21,11262.83984375,11278.9697265625,11058.6298828125,11058.6298828125,1208000,13358824898.4375
2023-06-26,10963.6201171875,11002.3701171875,10848.7197265625,10872.2998046875,1328900,14448199210.449219
2023-06-27,10879.490234375,10987.1904296875,10863.66015625,10978.080078125,1043400,11454528753.515625
2023-06-28,10947.8896484375,10951.41015625,10792.349609375,10926.3203125,1101000,12029878664.0625
2023-06-29,10909.080078125,10965.1103515625,10880.8798828125,10915.5,1074000,11723247000.0
2023-06-30,10897.419921875,11067.3896484375,10883.5703125,11026.58984375,1125300,12408221551.171875
2023-07-03,11059.3095703125,11128.9296875,11028.240234375,11091.5595703125,1321600,14658605128.125
2023-07-04,11080.6396484375,11133.4501953125,11055.259765625,11130.2998046875,1127200,12546073939.84375
2023-07-05,11129.1201171875,11129.1201171875,11014.3896484375,11029.2998046875,1054800,11633705433.984375
2023-07-06,11001.8701171875,11072.0703125,10954.150390625,10968.3701171875,1067100,11704347752.050781
2023-07-07,10939.2900390625,10949.98046875,10852.9599609375,10888.5498046875,1032300,11240249963.378906
2023-07-10,10926.3603515625,10995.7998046875,10901.83984375,10942.830078125,958400,10487608346.875
2023-07-11,10953.8798828125,11030.1904296875,10933.23046875,11028.6796875,910200,10038304251.5625
2023-07-12,11020.3603515625,11029.2900390625,10905.849609375,10919.259765625,1146900,12523299025.195312
2023-07-13,10963.23046875,11103.080078125,10963.23046875,11095.4404296875,1168300,12962803054.003906
2023-07-14,11108.919921875,11120.1904296875,11069.3203125,11080.3203125,1183600,13114667121.875
2023-07-17,11039.1298828125,11039.1298828125,10963.4697265625,11010.3603515625,948900,10447730937.597656
2023-07-18,11030.98046875,11032.1201171875,10947.509765625,10972.9599609375,923200,10130236635.9375
2023-07-19,10959.0400390625,10992.6904296875,10876.9599609375,10932.650390625,791300,8651006254.101562
2023-07-20,10947.6298828125,10998.0703125,10804.349609375,10816.26953125,981100,10611842037.109375
2023-07-21,10801.33984375,10886.73046875,10775.349609375,10810.1796875,834100,9016770877.34375
2023-07-24,10771.6396484375,10837.98046875,10730.9404296875,10747.7900390625,766900,8242480180.957031
2023-07-25,10909.1904296875,11021.9296875,10909.1904296875,11021.2900390625,1392100,15342737863.378906
2023-07-26,11001.8603515625,11001.8603515625,10942.41015625,10968.98046875,1082800,11877212051.5625
2023-07-27,10985.580078125,11024.009765625,10904.740234375,10923.76953125,1050100,11471050384.765625
2023-07-28,10895.48046875,11120.58984375,10877.400390625,11100.400390625,1470400,16322028734.375
2023-07-31,11158.7197265625,11289.16015625,11153.7197265625,11183.91015625,1733700,19389545037.890625
2023-08-01,11168.5,11211.6796875,11102.83984375,11143.23046875,1329900,14819382200.390625
2023-08-02,11120.8603515625,11176.9404296875,11073.23046875,11104.16015625,1117200,12405567726.5625
2023-08-03,11067.75,11164.759765625,11067.2900390625,11163.419921875,1140100,12727415052.929688
2023-08-04,11229.4599609375,11305.5,11185.900390625,11238.0595703125,1566700,17606667928.808594
2023-08-07,11207.580078125,11207.580078125,11113.1396484375,11145.0302734375,1272100,14177593010.839844
2023-08-08,11126.6904296875,11156.2099609375,11075.4501953125,11098.4501953125,1057100,11732171701.464844
2023-08-09,11068.5302734375,11096.9296875,11023.3701171875,11039.4501953125,936000,10332925382.8125
2023-08-10,11023.240234375,11060.4697265625,10974.5,11050.2197265625,847800,9368376284.179688
2023-08-11,11060.849609375,11060.849609375,10808.8701171875,10808.8701171875,1036300,11201232102.441406
2023-08-14,10697.8095703125,10763.2998046875,10607.7099609375,10755.1396484375,980000,10540036855.46875
2023-08-15,10764.7998046875,10780.51953125,10589.849609375,10679.73046875,881200,9410978489.0625
2023-08-16,10640.1298828125,10686.919921875,10579.4697265625,10579.5595703125,870600,9210564561.914062
2023-08-17,10540.4404296875,10656.830078125,10469.7900390625,10644.51953125,908800,9673739350.0
2023-08-18,10637.6796875,10655.6103515625,10458.509765625,10458.509765625,887800,9285064969.921875
2023-08-21,10432.9501953125,10482.1103515625,10320.3896484375,10320.3896484375,849300,8765106928.417969
2023-08-22,10376.8603515625,10409.4296875,10198.009765625,10374.73046875,1035500,10743033400.390625
2023-08-23,10351.7001953125,10351.7001953125,10151.8203125,10152.599609375,885200,8987081174.21875
2023-08-24,10203.1396484375,10341.8603515625,10153.4404296875,10256.1904296875,1041100,10677719856.347656
2023-08-25,10197.9599609375,10212.650390625,10091.8603515625,10130.4697265625,1042800,10564053830.859375
2023-08-28,10714.6904296875,10714.6904296875,10204.98046875,10233.150390625,1720100,17602041986.914062
2023-08-29,10204.25,10496.6201171875,10200.849609375,10454.98046875,1534200,16040031035.15625
2023-08-30,10477.6396484375,10569.5498046875,10446.4599609375,10482.5,1342800,14075901000.0
2023-08-31,10471.990234375,10483.080078125,10405.9599609375,10418.2099609375,1124200,11712151638.085938
2023-09-01,10449.599609375,10513.419921875,10429.58984375,10463.740234375,952000,9961480703.125
2023-09-04,10520.4599609375,10611.740234375,10473.1904296875,10611.740234375,1225500,13004687657.226562
2023-09-05,10593.6796875,10611.4404296875,10522.8896484375,10540.7099609375,989500,10430032506.347656
2023-09-06,10503.150390625,10531.2900390625,10449.16015625,10515.2099609375,875600,9207117841.796875
2023-09-07,10493.3701171875,10493.3701171875,10321.3798828125,10321.4404296875,910700,9399735799.316406
2023-09-08,10284.48046875,10319.83984375,10233.7099609375,10281.8798828125,752300,7735058235.839844
2023-09-11,10290.8095703125,10443.0,10256.23046875,10382.3798828125,1057500,10979366726.074219
2023-09-12,10376.16015625,10421.5595703125,10349.330078125,10373.990234375,833400,8645683461.328125
2023-09-13,10351.7900390625,10373.150390625,10200.7001953125,10255.8701171875,808400,8290845402.734375
2023-09-14,10243.240234375,10252.01953125,10154.6396484375,10197.58984375,748400,7631876239.0625
2023-09-15,10213.6103515625,10241.8798828125,10115.2802734375,10144.58984375,828500,8404792685.546875
2023-09-18,10111.669921875,10253.490234375,10093.4697265625,10200.0400390625,813200,8294672559.765625
2023-09-19,10185.0703125,10185.0703125,10082.669921875,10125.73046875,742500,7518354873.046875
2023-09-20,10110.41015625,10123.6904296875,10072.4599609375,10072.4599609375,711500,7166555262.207031
2023-09-21,10050.48046875,10087.0302734375,9981.51953125,9981.669921875,739200,7378450406.25
2023-09-22,9975.3701171875,10183.9296875,9962.9404296875,10178.740234375,1013800,10319206849.609375
2023-09-25,10181.1796875,10181.1796875,10105.2099609375,10120.6201171875,896800,9076172121.09375
2023-09-26,10110.0595703125,10146.8896484375,10060.150390625,10060.150390625,753000,7575293244.140625
2023-09-27,10057.990234375,10185.01953125,10057.169921875,10104.3203125,862000,8709924109.375
2023-09-28,10131.66015625,10155.0302734375,10085.08984375,10109.5302734375,890200,8999503849.414062
2023-10-09,10095.7099609375,10139.490234375,9991.169921875,10106.9599609375,998400,10090788825.0
2023-10-10,10133.01953125,10159.4697265625,10044.669921875,10050.0400390625,906300,9108351287.402344
2023-10-11,10088.1396484375,10164.0703125,10058.330078125,10084.8896484375,1016200,10248264860.742188
2023-10-12,10145.490234375,10174.23046875,10097.1103515625,10168.490234375,1158900,11784263332.617188
2023-10-13,10110.3798828125,10110.3798828125,10028.740234375,10068.2802734375,1051900,10590824019.628906
2023-10-16,10065.0703125,10065.9697265625,9889.66015625,9924.919921875,1052700,10447963201.757812
2023-10-17,9944.6796875,9958.98046875,9888.08984375,9940.2197265625,919100,9136055950.683594
2023-10-18,9914.01953125,9914.01953125,9809.3701171875,9816.6796875,1010200,9916809820.3125
2023-10-19,9757.1904296875,9784.5302734375,9654.9697265625,9655.08984375,1101000,10630253917.96875
2023-10-20,9605.2900390625,9665.8095703125,9554.6298828125,9570.3603515625,1008900,9655536558.691406
2023-10-23,9552.5498046875,9552.5498046875,9373.759765625,9425.98046875,1073900,10122560425.390625
2023-10-24,9458.330078125,9523.900390625,9380.7900390625,9483.900390625,1169300,11089524726.757812
2023-10-25,9573.669921875,9617.669921875,9524.8203125,9528.3095703125,1238800,11803669895.703125
2023-10-26,9470.490234375,9571.16015625,9432.83984375,9566.099609375,1169200,11184683663.28125
2023-10-27,9535.650390625,9805.7001953125,9513.3203125,9770.83984375,1337500,13068498291.015625
2023-10-30,9759.2197265625,9952.4296875,9759.169921875,9927.990234375,1439200,14288363545.3125
2023-10-31,9924.7197265625,9927.4501953125,9814.98046875,9863.7998046875,1162600,11467653652.929688
2023-11-01,9897.9296875,9901.3701171875,9808.400390625,9826.73046875,1033900,10159856631.640625
2023-11-02,9842.5595703125,9879.26953125,9733.3896484375,9734.76953125,999200,9726981715.625
2023-11-03,9747.8203125,9886.8603515625,9747.8203125,9853.8896484375,1140600,11239346533.007812
2023-11-06,9922.4501953125,10080.0,9922.4501953125,10071.5595703125,1592400,16037951459.765625
2023-11-07,10047.1396484375,10088.080078125,10000.5498046875,10056.490234375,1342000,13495809894.53125
2023-11-08,10032.240234375,10101.5498046875,9986.83984375,10052.08984375,1327000,13339123222.65625
2023-11-09,10037.5595703125,10100.0,10004.0595703125,10032.08984375,1163100,11668323697.265625
2023-11-10,9987.4599609375,9997.7802734375,9939.099609375,9978.5400390625,1008400,10062359775.390625
2023-11-13,10012.849609375,10033.509765625,9936.7099609375,9988.830078125,1063900,10627116320.117188
2023-11-14,9988.509765625,10056.8603515625,9963.5498046875,10005.5595703125,1059900,10604892588.574219
2023-11-15,10111.830078125,10122.2001953125,10048.4599609375,10077.9599609375,1225800,12353563320.117188
2023-11-16,10053.7998046875,10064.91015625,9954.400390625,9954.400390625,959000,9546269974.609375
2023-11-17,9924.16015625,9980.3798828125,9914.48046875,9979.6904296875,942000,9400868384.765625
2023-11-20,9986.919921875,10050.830078125,9924.4404296875,10022.7001953125,1118500,11210390168.457031
2023-11-21,10050.48046875,10113.1904296875,9981.1103515625,9997.08984375,1234500,12341407412.109375
2023-11-22,9957.5400390625,9975.08984375,9855.66015625,9855.66015625,1104400,10884591076.5625
2023-11-23,9846.6796875,9938.83984375,9814.169921875,9933.01953125,1041500,10345239841.796875
2023-11-24,9932.9697265625,9932.9697265625,9816.2802734375,9839.51953125,987100,9712589729.296875
2023-11-27,9829.5498046875,9829.5498046875,9736.7802734375,9785.5703125,970500,9496895988.28125
2023-11-28,9781.5400390625,9835.1396484375,9742.009765625,9833.4599609375,946300,9305403161.035156
2023-11-29,9826.009765625,9827.740234375,9733.3203125,9744.3896484375,1003800,9781418329.101562
2023-11-30,9728.3798828125,9768.900390625,9677.76953125,9726.919921875,937500,9118987426.757812
2023-12-01,9723.9296875,9752.01953125,9624.919921875,9720.5703125,1126000,10945362171.875
2023-12-04,9715.4697265625,9736.1103515625,9660.4404296875,9660.4404296875,1123300,10851572734.667969
2023-12-05,9628.2802734375,9628.2802734375,9470.3603515625,9470.3603515625,1044700,9893685459.277344
2023-12-06,9451.16015625,9599.580078125,9446.8798828125,9533.25,1094900,10437955425.0
2023-12-07,9518.4501953125,9561.98046875,9456.98046875,9519.91015625,1040800,9908322490.625
2023-12-08,9531.0498046875,9592.919921875,9500.8095703125,9553.919921875,1285200,12278697883.59375
2023-12-11,9496.4599609375,9649.8701171875,9406.7001953125,9632.6103515625,1329700,12808481984.472656
2023-12-12,9616.1298828125,9648.9697265625,9593.349609375,9625.259765625,1007400,9696486687.890625
2023-12-13,9606.48046875,9606.48046875,9476.6201171875,9476.6201171875,923500,8751658678.222656
2023-12-14,9527.419921875,9578.599609375,9413.8095703125,9417.9697265625,912300,8592013781.542969
2023-12-15,9449.8896484375,9507.4296875,9368.4697265625,9385.330078125,959800,9008039808.984375
2023-12-18,9346.9501953125,9376.669921875,9258.9599609375,9279.3896484375,845100,7842012191.894531
2023-12-19,9270.2001953125,9331.990234375,9225.009765625,9289.33984375,788400,7323715532.8125
2023-12-20,9303.08984375,9310.8603515625,9158.4404296875,9158.4404296875,824800,7553881666.40625
2023-12-21,9122.41015625,9286.0703125,9106.150390625,9257.08984375,934800,8653527585.9375
2023-12-22,9247.0703125,9331.1201171875,9186.0302734375,9221.3095703125,1085600,10010653669.53125
2023-12-25,9200.650390625,9268.26953125,9200.650390625,9256.2802734375,801500,7418908639.160156
2023-12-26,9248.0703125,9248.490234375,9124.8095703125,9157.25,777900,7123424775.0
2023-12-27,9170.259765625,9211.419921875,9121.169921875,9191.740234375,881300,8100680668.5546875
2023-12-28,9182.849609375,9476.7998046875,9166.580078125,9441.0498046875,1260700,11902331488.769531
2023-12-29,9434.580078125,9534.6796875,9427.919921875,9524.6904296875,1149100,10944821772.753906
2024-01-02,9527.1103515625,9527.1103515625,9401.349609375,9401.349609375,1066900,10030299898.242188
2024-01-03,9378.6904296875,9405.08984375,9280.8203125,9330.8603515625,1001200,9342057383.984375
2024-01-04,9317.400390625,9317.400390625,9171.1298828125,9215.25,893300,8231982825.0
2024-01-05,9205.3896484375,9275.23046875,9074.9296875,9116.4404296875,995700,9077239735.839844
2024-01-08,9095.7099609375,9119.1201171875,8947.7197265625,8947.7197265625,997600,8926245199.21875
2024-01-09,8960.9697265625,9042.4501953125,8912.0302734375,8971.7197265625,945900,8486349689.355469
2024-01-10,8938.4501953125,9035.1904296875,8857.9697265625,8922.7900390625,871400,7775319240.0390625
2024-01-11,8918.23046875,9099.2197265625,8898.2001953125,9053.8798828125,995900,9016758975.292969
2024-01-12,9026.740234375,9095.6103515625,8995.41015625,8996.259765625,902300,8117325186.5234375
2024-01-15,8957.7197265625,9045.5498046875,8912.4501953125,8963.9296875,818700,7338769235.15625
2024-01-16,8946.9296875,9002.33984375,8871.1904296875,8992.0703125,980700,8818523355.46875
2024-01-17,8968.5302734375,8968.5302734375,8759.759765625,8759.759765625,918900,8049343248.6328125
2024-01-18,8706.1396484375,8858.400390625,8585.2001953125,8847.0,1339000,11846133000.0
2024-01-19,8821.76953125,8890.1201171875,8771.580078125,8787.01953125,972200,8542740388.28125
2024-01-22,8769.3896484375,8769.3896484375,8430.6103515625,8479.5498046875,1246800,10572302696.484375
2024-01-23,8465.0,8638.900390625,8402.0595703125,8596.2802734375,1158200,9956211812.695312
2024-01-24,8633.169921875,8693.080078125,8404.0703125,8682.1904296875,1248100,10836241875.292969
2024-01-25,8661.4501953125,8858.2099609375,8621.1796875,8856.2197265625,1403900,12433246874.121094
2024-01-26,8809.759765625,8859.6298828125,8746.099609375,8762.330078125,1270400,11131664131.25
2024-01-29,8775.3798828125,8800.6396484375,8581.759765625,8581.759765625,1214400,10421689059.375
2024-01-30,8523.740234375,8579.58984375,8370.0595703125,8375.98046875,1063900,8911205620.703125
2024-01-31,8340.7197265625,8408.669921875,8208.4501953125,8212.83984375,1298100,10661087401.171875
2024-02-01,8172.81005859375,8371.3798828125,8134.81005859375,8240.48046875,1233400,10163808610.15625
2024-02-02,8239.5,8300.75,7840.6201171875,8055.77001953125,1447900,11663949411.279297
2024-02-05,7987.33984375,8171.77001953125,7683.6298828125,7964.7099609375,1723400,13726381146.679688
2024-02-06,7886.31982421875,8471.2802734375,7880.39990234375,8460.3798828125,1854000,15685544302.734375
2024-02-07,8464.8701171875,8724.169921875,8445.7099609375,8708.240234375,2101200,18297754380.46875
2024-02-08,8750.5400390625,8975.0498046875,8742.9501953125,8820.599609375,1974300,17414509808.789062
2024-02-19,8957.2802734375,8957.2802734375,8797.4599609375,8902.330078125,1716900,15284410511.132812
2024-02-20,8857.5,8919.8095703125,8798.4296875,8905.9599609375,1292800,11513625037.5
2024-02-21,8829.7001953125,9130.0302734375,8798.3701171875,8975.9697265625,1639500,14716102366.699219
2024-02-22,8971.4404296875,9050.26953125,8946.240234375,9043.75,1275200,11532590000.0
2024-02-23,9074.6103515625,9077.5595703125,8971.33984375,9069.419921875,1464100,13278537707.617188
2024-02-26,9070.2197265625,9154.599609375,9023.330078125,9066.08984375,1505000,13644465214.84375
2024-02-27,9032.259765625,9269.5703125,9016.6103515625,9269.5703125,1566800,14523562765.625
2024-02-28,9293.150390625,9391.51953125,9047.099609375,9047.099609375,2177700,19701868819.335938
2024-02-29,9001.2802734375,9334.9404296875,9001.2802734375,9330.4404296875,1739600,16231234171.484375
2024-03-01,9345.740234375,9452.6298828125,9298.16015625,9434.75,1751500,16524964625.0
2024-03-04,9456.3701171875,9486.7001953125,9359.83984375,9438.240234375,1666600,15729771174.609375
2024-03-05,9371.9404296875,9448.73046875,9344.4501953125,9416.7998046875,1650200,15539603037.695312
2024-03-06,9366.7099609375,9487.1904296875,9309.83984375,9395.650390625,1397900,13134179681.054688
2024-03-07,9398.0498046875,9454.5400390625,9267.1201171875,9267.1201171875,1528000,14160159539.0625
2024-03-08,9281.6103515625,9386.75,9230.0595703125,9369.0498046875,1321100,12377451696.972656
2024-03-11,9369.650390625,9581.66015625,9363.41015625,9581.5302734375,1600700,15337155508.691406
2024-03-12,9603.4501953125,9649.740234375,9535.2099609375,9630.5498046875,1735600,16714782241.015625
2024-03-13,9640.08984375,9674.1396484375,9568.8798828125,9604.990234375,1592800,15298828445.3125
2024-03-14,9598.419921875,9675.4697265625,9489.01953125,9555.419921875,1526300,14584437426.757812
2024-03-15,9532.419921875,9616.490234375,9455.509765625,9612.75,1495900,14379712725.0
2024-03-18,9665.0703125,9752.830078125,9646.2099609375,9752.830078125,1763300,17197165276.757812
2024-03-19,9723.400390625,9785.099609375,9696.6904296875,9696.6904296875,1610800,15619428944.140625
2024-03-20,9669.7001953125,9725.3095703125,9654.5302734375,9717.3701171875,1474800,14331177448.828125
2024-03-21,9736.23046875,9758.330078125,9663.490234375,9682.509765625,1559800,15102778732.421875
2024-03-22,9659.8798828125,9680.2099609375,9505.990234375,9565.5595703125,1578500,15099235781.738281
2024-03-25,9538.349609375,9601.83984375,9421.080078125,9422.6103515625,1501600,14148991703.90625
2024-03-26,9413.259765625,9490.75,9366.0,9449.4296875,1364800,12896581637.5
2024-03-27,9437.5595703125,9437.669921875,9222.4697265625,9222.4697265625,1320900,12181960261.816406
2024-03-28,9221.5302734375,9440.3095703125,9221.5302734375,9342.919921875,1370500,12804471752.929688
2024-03-29,9335.1103515625,9400.849609375,9304.759765625,9400.849609375,1231700,11579026463.867188
2024-04-01,9451.73046875,9647.0703125,9451.73046875,9647.0703125,1656600,15981336679.6875
2024-04-02,9633.9697265625,9633.9697265625,9546.4697265625,9586.9501953125,1550500,14864566277.832031
2024-04-03,9564.650390625,9575.5595703125,9508.650390625,9544.76953125,1508700,14400193791.796875
2024-04-08,9512.599609375,9525.9501953125,9393.6103515625,9394.6103515625,1536400,14433879344.140625
2024-04-09,9386.7998046875,9449.650390625,9352.349609375,9448.98046875,1256700,11874533755.078125
2024-04-10,9425.7998046875,9425.7998046875,9243.7998046875,9297.9599609375,1273100,11837232826.269531
2024-04-11,9234.919921875,9378.4296875,9233.26953125,9300.76953125,1304900,12136574161.328125
2024-04-12,9301.080078125,9343.1796875,9212.599609375,9228.23046875,1274900,11765071024.609375
2024-04-15,9228.1396484375,9407.0703125,9189.9599609375,9369.7001953125,1594400,14939049991.40625
2024-04-16,9312.490234375,9341.9697265625,9148.8203125,9155.0703125,1625700,14883397807.03125
2024-04-17,9180.509765625,9381.76953125,9180.509765625,9381.76953125,1531800,14370994567.96875
2024-04-18,9336.73046875,9477.1298828125,9299.330078125,9376.8095703125,1593900,14945696774.121094
2024-04-19,9316.98046875,9351.9599609375,9220.6396484375,9279.4599609375,1426400,13236221688.28125
2024-04-22,9228.1796875,9327.58984375,9212.2802734375,9239.1396484375,1365600,12616969103.90625
2024-04-23,9231.900390625,9269.7099609375,9147.9501953125,9183.1396484375,1306300,11995935322.753906
2024-04-24,9186.1904296875,9254.650390625,9135.580078125,9251.1298828125,1262100,11675851025.097656
2024-04-25,9204.7900390625,9329.41015625,9198.3203125,9264.48046875,1264900,11718641344.921875
2024-04-26,9258.490234375,9471.2900390625,9258.490234375,9463.91015625,1872700,17723064549.609375
2024-04-29,9479.599609375,9718.3603515625,9479.599609375,9673.759765625,2057100,19899891213.867188
2024-04-30,9647.0595703125,9662.5595703125,9587.080078125,9587.1201171875,1816800,17417879828.90625
2024-05-06,9735.8798828125,9804.2001953125,9732.6904296875,9779.2099609375,1901100,18591256056.73828
2024-05-07,9778.16015625,9804.759765625,9743.1904296875,9770.9404296875,1567300,15313994935.449219
2024-05-08,9743.8701171875,9743.8701171875,9633.7001953125,9638.8203125,1390500,13402779644.53125
2024-05-09,9648.2197265625,9805.1201171875,9648.2197265625,9788.0703125,1445700,14150613250.78125
2024-05-10,9788.830078125,9805.919921875,9670.8896484375,9731.240234375,1401100,13634440692.382812
2024-05-13,9659.6396484375,9720.48046875,9605.1796875,9673.3203125,1379400,13343378039.0625
2024-05-14,9689.5498046875,9736.2802734375,9633.7998046875,9668.73046875,1340800,12963833812.5
2024-05-15,9648.4296875,9659.0302734375,9577.2099609375,9583.5400390625,1266900,12141386875.488281
2024-05-16,9614.73046875,9668.849609375,9582.2197265625,9604.1298828125,1420900,13646508150.488281
2024-05-17,9590.3896484375,9709.419921875,9563.4697265625,9709.419921875,1526600,14822400452.734375
2024-05-20,9710.2001953125,9779.3603515625,9701.849609375,9750.8203125,1704000,16615397812.5
2024-05-21,9721.7197265625,9730.2802734375,9649.150390625,9681.66015625,1268100,12277313244.140625
2024-05-22,9674.5,9709.0,9643.8701171875,9693.0498046875,1334400,12934405659.375
2024-05-23,9667.1796875,9672.1796875,9520.2099609375,9541.6396484375,1398800,13346845540.234375
2024-05-24,9508.849609375,9578.73046875,9421.5498046875,9424.580078125,1216100,11461231833.007812
2024-05-27,9444.23046875,9511.1396484375,9375.51953125,9507.75,1272100,12094808775.0
2024-05-28,9489.080078125,9494.76953125,9385.4404296875,9391.0498046875,1238300,11628936973.144531
2024-05-29,9387.650390625,9460.6298828125,9379.2998046875,9414.98046875,1188400,11188762789.0625
2024-05-30,9395.7900390625,9441.490234375,9366.1298828125,9384.7197265625,1193300,11198786049.707031
2024-05-31,9388.26953125,9455.330078125,9364.3798828125,9364.3798828125,1160500,10867362854.003906
2024-06-03,9358.58984375,9422.0703125,9307.919921875,9370.5,1353500,12682971750.0
2024-06-04,9350.830078125,9486.740234375,9327.830078125,9469.3203125,1201600,11378335287.5
2024-06-05,9450.0703125,9509.7802734375,9393.6103515625,9393.6103515625,1140200,10710594522.851562
2024-06-06,9417.9296875,9446.8798828125,9313.8798828125,9340.009765625,1420900,13271219875.976562
2024-06-07,9343.7998046875,9366.33984375,9181.8896484375,9255.6796875,1212800,11225288325.0
2024-06-11,9198.5400390625,9282.7099609375,9166.4697265625,9262.349609375,1166800,10807309524.21875
2024-06-12,9244.3095703125,9299.3603515625,9243.73046875,9269.9404296875,1152300,10681752357.128906
2024-06-13,9281.0498046875,9296.3701171875,9190.8798828125,9206.240234375,1294600,11918398607.421875
2024-06-14,9177.41015625,9265.9697265625,9138.3203125,9252.25,1505600,13930187600.0
2024-06-17,9209.4599609375,9298.009765625,9202.169921875,9281.25,1338800,12425737500.0
2024-06-18,9278.2802734375,9329.990234375,9276.4404296875,9318.4697265625,1209300,11268825440.332031
2024-06-19,9324.8798828125,9325.849609375,9218.91015625,9219.0703125,1044800,9632084662.5
2024-06-20,9201.349609375,9225.01953125,9066.0498046875,9068.849609375,1135200,10294958076.5625
2024-06-21,9041.4404296875,9100.830078125,9008.33984375,9064.83984375,989300,8967846057.421875
2024-06-24,9004.849609375,9030.7099609375,8916.4599609375,8924.169921875,1147200,10237807734.375
2024-06-25,8911.900390625,8948.2197265625,8797.0498046875,8850.2900390625,1089200,9639735910.546875
2024-06-26,8838.0,9001.0302734375,8811.3603515625,8987.2998046875,1147900,10316521445.800781
2024-06-27,8944.73046875,8947.9599609375,8844.8701171875,8849.7001953125,1081600,9571835731.25
2024-06-28,8814.9296875,8960.9599609375,8814.9296875,8848.7001953125,1229000,10875052540.039062
2024-07-01,8835.16015625,8914.2001953125,8771.009765625,8899.169921875,1108200,9862060107.421875
2024-07-02,8886.08984375,8895.5498046875,8789.2802734375,8812.669921875,1106600,9752100535.546875
2024-07-03,8808.3701171875,8827.08984375,8734.7197265625,8760.4296875,966000,8462575078.125
2024-07-04,8775.83984375,8821.0,8670.33984375,8673.830078125,995000,8630460927.734375
2024-07-05,8664.7998046875,8719.7099609375,8573.759765625,8695.5498046875,931100,8096426423.144531
2024-07-08,8675.9697265625,8675.9697265625,8539.419921875,8561.9501953125,1046100,8956656099.316406
2024-07-09,8548.16015625,8733.8701171875,8513.169921875,8705.9404296875,1331100,11588477305.957031
2024-07-10,8672.330078125,8762.76953125,8664.919921875,8697.2197265625,1206900,10496674487.988281
2024-07-11,8800.3896484375,8890.759765625,8746.900390625,8870.3603515625,1456300,12917905779.980469
2024-07-12,8831.6796875,8885.3603515625,8814.08984375,8854.080078125,1188000,10518647132.8125
2024-07-15,8825.4697265625,8834.0302734375,8780.75,8801.6201171875,1122800,9882459067.578125
2024-07-16,8783.349609375,8881.76953125,8780.08984375,8877.01953125,1165900,10349717071.484375
2024-07-17,8860.75,8884.7900390625,8809.1298828125,8835.1396484375,1215100,10735578186.816406
2024-07-18,8760.66015625,8880.4404296875,8730.98046875,8879.330078125,1186200,10532661338.671875
2024-07-19,8826.6396484375,8932.080078125,8820.08984375,8903.23046875,1120800,9978740709.375
2024-07-22,8908.2099609375,8925.4404296875,8823.7802734375,8869.8203125,1077700,9559005350.78125
2024-07-23,8862.9404296875,8862.9404296875,8606.580078125,8606.580078125,1096200,9434533081.640625
2024-07-24,8582.6298828125,8640.330078125,8469.8798828125,8493.099609375,1094200,9293149592.578125
2024-07-25,8443.4404296875,8524.8095703125,8428.75,8474.7001953125,1012500,8580633947.753906
2024-07-26,8512.7900390625,8617.650390625,8512.7900390625,8597.169921875,1007800,8664227847.265625
2024-07-29,8589.2802734375,8589.2802734375,8510.490234375,8514.650390625,918400,7819854918.75
2024-07-30,8482.169921875,8488.51953125,8416.599609375,8468.580078125,943500,7990105303.7109375
2024-07-31,8446.5,8754.9296875,8444.150390625,8754.08984375,1602300,14026678156.640625
2024-08-01,8767.330078125,8799.08984375,8656.9501953125,8673.580078125,1205900,10459470216.210938
2024-08-02,8599.0595703125,8697.490234375,8542.3896484375,8553.5498046875,1110100,9495295638.183594
2024-08-05,8475.4501953125,8646.8603515625,8395.0400390625,8395.0498046875,1290700,10835490782.910156
2024-08-06,8481.73046875,8525.7197265625,8388.259765625,8463.8603515625,1199600,10153246877.734375
2024-08-07,8450.490234375,8505.1298828125,8416.25,8449.580078125,1020400,8621951511.71875
2024-08-08,8415.080078125,8514.669921875,8361.580078125,8446.2099609375,1055600,8915819234.765625
2024-08-09,8486.419921875,8527.6396484375,8393.7001953125,8393.7001953125,1020700,8567449789.355469
2024-08-12,8386.830078125,8419.7001953125,8354.419921875,8373.4697265625,886100,7419731524.707031
2024-08-13,8372.7099609375,8409.240234375,8327.349609375,8409.2197265625,835200,7023380315.625
2024-08-14,8403.48046875,8403.48046875,8311.0,8311.0,788100,6549899100.0
2024-08-15,8292.2001953125,8439.6904296875,8288.7099609375,8370.1201171875,1060000,8872327324.21875
2024-08-16,8377.9501953125,8408.3896484375,8339.580078125,8349.8701171875,969400,8094364091.6015625
2024-08-19,8341.830078125,8437.8798828125,8341.099609375,8356.900390625,939300,7849636536.9140625
2024-08-20,8363.8701171875,8367.3798828125,8233.0703125,8252.8701171875,993300,8197575887.402344
2024-08-21,8221.349609375,8297.099609375,8213.08984375,8229.75,924600,7609226850.0
2024-08-22,8234.2802734375,8247.9501953125,8151.6298828125,8162.18017578125,977300,7976898685.791016
2024-08-23,8134.39990234375,8207.58984375,8133.56982421875,8181.919921875,883300,7227089866.9921875
2024-08-26,8194.9404296875,8225.990234375,8163.8798828125,8194.650390625,962500,7887351000.9765625
2024-08-27,8161.68017578125,8168.0400390625,8084.0400390625,8103.759765625,968100,7845249829.1015625
2024-08-28,8071.85986328125,8098.31005859375,8036.39990234375,8078.81982421875,940400,7597322162.6953125
2024-08-29,8030.740234375,8191.3701171875,8028.3701171875,8154.43994140625,1216200,9917429856.738281
2024-08-30,8152.81005859375,8453.66015625,8152.81005859375,8348.48046875,1719900,14358551558.203125
2024-09-02,8331.4599609375,8340.3798828125,8172.2099609375,8172.2099609375,1347400,11011235701.367188
2024-09-03,8157.43994140625,8294.76953125,8157.43994140625,8268.0498046875,1133200,9369354038.671875
2024-09-04,8207.2802734375,8297.8203125,8189.52978515625,8226.240234375,1045600,8601356789.0625
2024-09-05,8224.509765625,8297.9404296875,8220.5498046875,8249.66015625,954400,7873475653.125
2024-09-06,8252.009765625,8260.6904296875,8128.77001953125,8130.77001953125,964900,7845379991.845703
2024-09-09,8086.27978515625,8129.5400390625,8023.3701171875,8063.27001953125,991400,7993925897.363281
2024-09-10,8064.39990234375,8113.68994140625,7973.7900390625,8073.830078125,1023800,8265987233.984375
2024-09-11,8052.25,8139.7001953125,8031.9501953125,8105.3798828125,946100,7668499907.128906
2024-09-12,8122.77001953125,8176.0498046875,8053.8798828125,8054.240234375,980100,7893960853.7109375
2024-09-13,8054.43017578125,8084.35009765625,7983.5498046875,7983.5498046875,930600,7429491448.2421875
2024-09-18,7975.18994140625,8017.3798828125,7908.52001953125,7992.25,908300,7259360675.0
2024-09-19,8015.39013671875,8161.22021484375,7950.7001953125,8087.60009765625,1246500,10081193521.728516
2024-09-20,8079.759765625,8092.5,8014.5,8075.14013671875,1060500,8563686114.990234
2024-09-23,8071.990234375,8163.10009765625,8054.58984375,8083.3798828125,1007700,8145621907.910156
2024-09-24,8148.169921875,8435.7099609375,8083.2998046875,8435.7001953125,1975300,16663038595.800781
2024-09-25,8555.7197265625,8738.41015625,8525.75,8537.73046875,2353900,20096963750.390625
2024-09-26,8524.1904296875,8916.7998046875,8505.6396484375,8916.650390625,2450700,21852035112.304688
2024-09-27,9100.76953125,9619.76953125,9100.76953125,9514.8603515625,3344300,31820547473.73047
2024-09-30,9950.650390625,10556.9296875,9829.4296875,10529.759765625,4444500,46799517278.32031
2024-10-08,11864.1103515625,11864.1103515625,10834.5,11495.099609375,5537200,63650665557.03125
2024-10-09,11158.990234375,11295.099609375,10516.669921875,10557.8095703125,4908400,51821952494.921875
2024-10-10,10609.4697265625,10823.3701171875,10310.3896484375,10471.080078125,3539300,37060293720.50781
2024-10-11,10366.5703125,10378.4599609375,9935.8203125,10060.740234375,2635200,26512062665.625
2024-10-14,10118.3798828125,10361.6904296875,9966.990234375,10327.400390625,2744800,28346648592.1875
2024-10-15,10286.240234375,10424.1396484375,10066.51953125,10066.51953125,2639500,26570578302.734375
2024-10-16,9898.1298828125,10112.7900390625,9890.900390625,9965.01953125,2255500,22476101552.734375
2024-10-17,10034.41015625,10123.2197265625,9887.9404296875,9891.759765625,2367700,23420719597.070312
2024-10-18,9868.849609375,10607.8095703125,9865.8701171875,10357.6796875,3433900,35567236278.90625
2024-10-21,10441.8701171875,10636.16015625,10331.7900390625,10470.91015625,3212800,33640940150.0
2024-10-22,10459.16015625,10604.7802734375,10409.6796875,10559.509765625,2952400,31175896632.03125
2024-10-23,10536.900390625,10721.3701171875,10479.2197265625,10576.41015625,3027700,32022197030.078125
2024-10-24,10508.650390625,10533.83984375,10404.830078125,10441.75,2194400,22913376200.0
2024-10-25,10470.0703125,10733.0703125,10460.9296875,10619.849609375,2719600,28881742997.65625
2024-10-28,10617.900390625,10685.8896484375,10519.48046875,10685.8896484375,2801500,29936519850.097656
2024-10-29,10706.01953125,10729.5703125,10536.8095703125,10543.330078125,3007900,31713282541.992188
2024-10-30,10488.23046875,10596.2197265625,10426.740234375,10530.849609375,2863700,30157194026.367188
2024-10-31,10535.41015625,10693.83984375,10458.849609375,10591.2197265625,3738800,39598452313.671875
2024-11-01,10563.83984375,10629.8095703125,10417.98046875,10455.5,4103700,42906235350.0
2024-11-04,10457.8896484375,10663.099609375,10457.8896484375,10663.099609375,2992400,31908259271.09375
2024-11-05,10653.2001953125,11030.6201171875,10609.8095703125,11006.9404296875,3962500,43615001452.63672
2024-11-06,11024.0,11177.6904296875,10896.3203125,10968.1396484375,4203300,46102381384.27734
2024-11-07,10852.1201171875,11235.919921875,10839.9404296875,11235.919921875,4071500,45747047961.91406
2024-11-08,11374.2001953125,11410.98046875,11135.330078125,11161.7001953125,4000500,44652381631.34766
2024-11-11,11087.41015625,11390.48046875,11071.650390625,11388.5703125,3751300,42721943813.28125
2024-11-12,11430.2197265625,11560.349609375,11210.9501953125,11314.4599609375,3793200,42918009523.828125
2024-11-13,11231.73046875,11380.5,11143.33984375,11359.2900390625,2868100,32579579761.035156
2024-11-14,11333.400390625,11335.3603515625,11023.740234375,11037.7802734375,2692500,29719223386.23047
2024-11-15,10983.5400390625,11065.419921875,10748.9697265625,10748.9697265625,2777000,29849888930.664062
2024-11-18,10774.4404296875,10816.509765625,10478.26953125,10544.01953125,2941100,31011015843.359375
2024-11-19,10559.330078125,10748.599609375,10427.9404296875,10743.83984375,2497000,26827368089.84375
2024-11-20,10709.919921875,10875.4501953125,10692.5595703125,10827.1904296875,2456100,26592662414.35547
2024-11-21,10787.9296875,10867.41015625,10739.2802734375,10819.8798828125,2432400,26318275826.953125
2024-11-22,10785.51953125,10836.6904296875,10438.7197265625,10438.7197265625,2741000,28612530770.507812
2024-11-25,10462.4404296875,10505.240234375,10282.5,10420.51953125,2301000,23977615441.40625
2024-11-26,10387.0,10480.9599609375,10330.4501953125,10333.23046875,1901600,19649671059.375
2024-11-27,10284.7197265625,10566.099609375,10202.23046875,10566.099609375,2244600,23716667183.203125
2024-11-28,10560.41015625,10581.58984375,10416.330078125,10432.5400390625,2181100,22754413079.19922
2024-11-29,10406.080078125,10727.080078125,10406.080078125,10611.7197265625,2330400,24729551650.78125
2024-12-02,10595.4697265625,10777.6904296875,10583.7197265625,10756.5498046875,2431900,26158853470.01953
2024-12-03,10757.490234375,10761.4404296875,10625.48046875,10713.580078125,2229100,23881641352.148438
2024-12-04,10700.0595703125,10717.5595703125,10556.599609375,10604.009765625,2370900,25141046753.320312
2024-12-05,10565.0302734375,10674.76953125,10565.0302734375,10634.490234375,2102100,22354761921.679688
2024-12-06,10642.8896484375,10860.25,10618.759765625,10791.33984375,2753400,29712875125.78125
2024-12-09,10780.98046875,10821.509765625,10668.330078125,10731.66015625,2528400,27133929539.0625
2024-12-10,11124.7802734375,11134.5498046875,10792.009765625,10812.580078125,3428700,37073093313.86719
2024-12-11,10781.099609375,10884.0595703125,10781.080078125,10848.419921875,2556800,27737240056.25
2024-12-12,10846.5400390625,10967.2802734375,10813.7900390625,10957.1298828125,2496700,27356666178.41797
2024-12-13,10876.1904296875,10876.1904296875,10709.1396484375,10713.0703125,2885700,30914707000.78125
2024-12-16,10705.51953125,10721.7099609375,10535.5302734375,10573.919921875,2239500,23680293665.039062
2024-12-17,10557.23046875,10677.740234375,10526.259765625,10537.4296875,2090200,22025335532.8125
2024-12-18,10561.9404296875,10639.76953125,10535.759765625,10584.26953125,1964200,20789622213.28125
2024-12-19,10483.5,10673.9599609375,10460.2001953125,10649.0302734375,2125300,22632384040.13672
2024-12-20,10631.4404296875,10731.080078125,10618.7900390625,10646.6201171875,2058800,21919261497.265625
2024-12-23,10650.580078125,10708.8203125,10527.150390625,10537.400390625,2163600,22798719485.15625
2024-12-24,10548.150390625,10673.33984375,10548.150390625,10671.4296875,1895200,20224493543.75
2024-12-25,10675.73046875,10677.650390625,10544.8798828125,10603.099609375,1835300,19459868713.085938
2024-12-26,10586.9599609375,10692.8896484375,10570.08984375,10673.9697265625,1686800,18004852134.765625
2024-12-27,10679.33984375,10780.5302734375,10632.5302734375,10659.98046875,1986000,21170721210.9375
2024-12-30,10644.150390625,10726.66015625,10632.740234375,10671.16015625,1741500,18583825412.109375
2024-12-31,10668.169921875,10678.76953125,10414.6103515625,10414.6103515625,2011100,20944822878.027344
2025-01-02,10400.66015625,10409.6103515625,10006.5595703125,10088.0595703125,2127800,21465373153.710938
2025-01-03,10097.9296875,10139.990234375,9891.83984375,9897.1201171875,1934100,19142020018.652344
2025-01-06,9890.98046875,9975.990234375,9817.75,9885.650390625,1599600,15813086364.84375
2025-01-07,9860.580078125,10000.33984375,9822.0,9998.759765625,1717200,17169870269.53125
2025-01-08,9940.2001953125,10016.2197265625,9731.4404296875,9944.6396484375,1972400,19614807242.578125
2025-01-09,9906.91015625,10021.9404296875,9901.6298828125,9976.0,1655600,16516265600.0
2025-01-10,9957.830078125,10004.0595703125,9795.9404296875,9795.9404296875,1726200,16909752369.726562
2025-01-13,9697.4501953125,9866.3603515625,9693.7998046875,9796.1796875,1464800,14349444006.25
2025-01-14,9822.349609375,10178.669921875,9788.759765625,10165.169921875,2075800,21100859723.828125
2025-01-15,10139.7802734375,10147.259765625,10038.2998046875,10060.1298828125,1638100,16479498761.035156
2025-01-16,10110.41015625,10249.6201171875,10011.169921875,10101.099609375,1909700,19290069924.023438
2025-01-17,10059.990234375,10227.7099609375,10059.16015625,10161.3203125,1576900,16023386000.78125
2025-01-20,10240.7099609375,10333.16015625,10225.33984375,10256.400390625,1700800,17444085784.375
2025-01-21,10323.1201171875,10325.6904296875,10205.990234375,10305.6904296875,1777500,18318364738.76953
2025-01-22,10263.0400390625,10272.58984375,10162.0,10225.8701171875,1599100,16352188904.394531
2025-01-23,10323.4501953125,10411.4697265625,10176.169921875,10176.169921875,2013400,20488700520.703125
2025-01-24,10141.41015625,10315.3701171875,10141.41015625,10292.73046875,1815200,18683364346.875
2025-01-27,10299.9697265625,10329.6103515625,10156.0703125,10156.0703125,1608100,16331976669.53125
2025-02-05,10237.7099609375,10241.3701171875,10124.2001953125,10164.2197265625,1953000,19850721125.976562
2025-02-06,10142.849609375,10393.6298828125,10135.150390625,10393.6298828125,2312500,24035269104.003906
2025-02-07,10410.0302734375,10666.740234375,10384.25,10576.0,2922000,30903072000.0
2025-02-10,10608.6103515625,10645.9599609375,10532.1201171875,10631.25,2562000,27237262500.0
2025-02-11,10640.83984375,10640.83984375,10524.009765625,10557.6201171875,2338600,24690050406.054688
2025-02-12,10529.41015625,10709.26953125,10513.23046875,10708.8798828125,2395600,25654192647.265625
2025-02-13,10691.4599609375,10739.509765625,10621.08984375,10626.6201171875,2615300,27791799592.48047
2025-02-14,10616.01953125,10760.8603515625,10616.01953125,10749.4599609375,2463900,26485594397.753906
2025-02-17,10820.9599609375,10829.8203125,10711.4296875,10791.0595703125,2733800,29500598653.320312
2025-02-18,10781.2001953125,10817.650390625,10577.080078125,10617.259765625,2598400,27587887775.0
2025-02-19,10592.0302734375,10774.01953125,10588.490234375,10772.650390625,2368000,25509636125.0
2025-02-20,10765.9501953125,10826.3798828125,10726.5302734375,10794.5498046875,2340900,25268961637.79297
2025-02-21,10821.8095703125,11003.9501953125,10806.509765625,10991.3701171875,3017400,33165360191.601562
2025-02-24,10995.259765625,11045.9599609375,10909.3701171875,10983.0400390625,2859700,31408199599.70703
2025-02-25,10835.91015625,10964.669921875,10815.33984375,10854.5,2447300,26564217850.0
2025-02-26,10870.73046875,10955.650390625,10831.1103515625,10955.650390625,2509300,27491013525.195312
2025-02-27,10969.919921875,10999.48046875,10792.080078125,10927.509765625,2650000,28957900878.90625
2025-02-28,10861.8203125,10883.830078125,10583.7099609375,10611.240234375,2417200,25649489894.53125
2025-03-03,10642.1796875,10803.669921875,10586.2001953125,10649.58984375,2173500,23146883525.390625
2025-03-04,10558.75,10688.5302734375,10540.419921875,10679.4404296875,1810500,19335126897.94922
2025-03-05,10686.4697265625,10718.6904296875,10626.7099609375,10709.4599609375,1851400,19827494171.679688
2025-03-06,10774.080078125,10924.2197265625,10759.400390625,10898.75,2471600,26937350500.0
2025-03-07,10858.7802734375,10931.9501953125,10798.1904296875,10843.73046875,2532400,27460663039.0625
2025-03-10,10862.9296875,10896.1103515625,10747.1396484375,10825.7001953125,2090400,22630043688.28125
2025-03-11,10698.8095703125,10861.16015625,10692.7197265625,10861.16015625,2085700,22653121737.890625
2025-03-12,10897.419921875,10939.5703125,10828.419921875,10843.23046875,2242900,24320281618.359375
2025-03-13,10830.1103515625,10865.3203125,10677.83984375,10736.1904296875,2045700,21963024762.01172
2025-03-14,10741.51953125,10985.9501953125,10737.6298828125,10978.2998046875,2376000,26084440335.9375
2025-03-17,11009.5703125,11015.4697265625,10940.76953125,10957.8203125,1940400,21262554534.375
2025-03-18,10999.3203125,11041.41015625,10958.8701171875,11014.75,1824900,20100817275.0
2025-03-19,11003.73046875,11030.1904296875,10916.2802734375,10979.0498046875,1724400,18932273483.203125
2025-03-20,10971.41015625,10973.1396484375,10869.16015625,10879.490234375,1573900,17123229679.882812
2025-03-21,10843.98046875,10898.259765625,10656.8798828125,10687.5498046875,1855700,19832886172.558594
2025-03-24,10695.01953125,10723.75,10563.8798828125,10695.490234375,1811800,19378089206.640625
2025-03-25,10702.6904296875,10735.5498046875,10618.0498046875,10649.080078125,1552300,16530567005.273438
2025-03-26,10636.1201171875,10703.0400390625,10635.7802734375,10643.8203125,1413300,15042911247.65625
2025-03-27,10610.8896484375,10745.08984375,10556.6201171875,10668.099609375,1421800,15167904024.609375
2025-03-28,10658.150390625,10688.0498046875,10593.849609375,10607.330078125,1352700,14348535396.679688
2025-03-31,10559.66015625,10609.76953125,10427.9599609375,10504.330078125,1573900,16532765109.960938
2025-04-01,10523.650390625,10581.98046875,10491.7001953125,10503.66015625,1317200,13835421157.8125
2025-04-02,10500.5302734375,10573.009765625,10490.849609375,10513.1201171875,1164500,12242528376.464844
2025-04-03,10384.9501953125,10481.599609375,10328.01953125,10365.73046875,1465200,15187868282.8125
2025-04-07,9747.66015625,9831.6298828125,9220.1201171875,9364.5,2468600,23117204700.0
2025-04-08,9356.6904296875,9505.6396484375,9296.1201171875,9424.6796875,2556700,24096078557.03125
2025-04-09,9271.240234375,9591.8095703125,9119.599609375,9539.8896484375,2628600,25076553929.882812
2025-04-10,9757.98046875,9884.240234375,9713.6396484375,9754.6396484375,2406000,23469662994.140625
2025-04-11,9681.4501953125,9909.5595703125,9679.2802734375,9834.4404296875,1852900,18222234672.16797
2025-04-14,9955.66015625,9964.73046875,9862.33984375,9884.2998046875,1816300,17952853735.253906
2025-04-15,9886.099609375,9895.4501953125,9804.599609375,9858.099609375,1388300,13685999687.695312
2025-04-16,9813.1298828125,9814.5,9650.7900390625,9774.73046875,1470600,14374718627.34375
2025-04-17,9715.2900390625,9828.919921875,9712.0,9759.0498046875,1223300,11938245626.074219
2025-04-18,9745.75,9798.4296875,9719.9501953125,9781.650390625,1124400,10998487699.21875
2025-04-21,9768.650390625,9913.08984375,9733.4296875,9905.5302734375,1396400,13832082473.828125
2025-04-22,9882.9599609375,9914.4697265625,9857.76953125,9870.0498046875,1500800,14812970746.875
2025-04-23,9956.3701171875,9990.0302734375,9892.7001953125,9935.7998046875,1635700,16251987740.527344
2025-04-24,9933.8896484375,9969.9697265625,9846.23046875,9878.3203125,1417500,14002519042.96875
2025-04-25,9900.099609375,9976.76953125,9878.669921875,9917.0595703125,1529900,15172109436.621094
2025-04-28,9925.7099609375,9926.900390625,9848.669921875,9855.2001953125,1402700,13823889313.964844
2025-04-29,9828.4599609375,9882.5400390625,9799.650390625,9849.7998046875,1341100,13209566518.066406
2025-04-30,9863.5,9925.8701171875,9845.3603515625,9899.8203125,1559000,15433819867.1875
2025-05-06,9974.5302734375,10082.33984375,9960.51953125,10082.33984375,1757100,17715679339.453125
2025-05-07,10218.330078125,10248.98046875,10048.0,10104.1298828125,1881800,19013951613.476562
2025-05-08,10081.26953125,10222.8095703125,10067.2998046875,10197.66015625,1603500,16351948060.546875
2025-05-09,10190.1298828125,10190.1298828125,10087.5498046875,10126.830078125,1402100,14198828452.539062
2025-05-12,10220.330078125,10302.0498046875,10200.2099609375,10301.16015625,1629000,16780589894.53125
2025-05-13,10401.9501953125,10401.9501953125,10274.33984375,10288.080078125,1621700,16684179462.695312
2025-05-14,10278.91015625,10418.4404296875,10240.1298828125,10354.2197265625,1749800,18117813677.539062
2025-05-15,10324.83984375,10324.83984375,10186.4501953125,10186.4501953125,1433300,14600239064.941406
2025-05-16,10157.6796875,10217.91015625,10152.76953125,10179.599609375,1191800,12132046814.453125
2025-05-19,10171.2900390625,10184.400390625,10090.2998046875,10171.08984375,1153000,11727266589.84375
2025-05-20,10182.25,10273.58984375,10151.8603515625,10249.169921875,1299800,13321871064.453125
2025-05-21,10246.51953125,10325.919921875,10243.1796875,10294.2197265625,1307500,13459692292.480469
2025-05-22,10274.6796875,10283.2900390625,10214.5,10219.6201171875,1290400,13187397799.21875
2025-05-23,10210.6201171875,10294.5703125,10132.41015625,10132.41015625,1358300,13762852715.234375
2025-05-26,10114.6904296875,10142.9404296875,10044.080078125,10091.16015625,1146200,11566487771.09375
2025-05-27,10074.0302734375,10076.8798828125,9996.830078125,10029.1103515625,1099600,11028009742.578125
2025-05-28,10039.25,10058.1298828125,9987.41015625,10003.26953125,1071000,10713501667.96875
2025-05-29,10006.4296875,10139.1796875,10002.08984375,10127.2001953125,1318300,13350688017.480469
2025-05-30,10091.1904296875,10099.150390625,10022.8095703125,10040.6298828125,1331300,13367090562.988281
2025-06-03,10006.1298828125,10088.1904296875,10004.9404296875,10057.169921875,1415300,14233912590.429688
2025-06-04,10070.849609375,10158.01953125,10070.849609375,10144.580078125,1369500,13893002416.992188
2025-06-05,10152.5498046875,10220.2998046875,10113.0498046875,10203.5,1462900,14926700150.0
2025-06-06,10205.51953125,10223.5595703125,10166.7001953125,10183.7001953125,1220400,12428187718.359375
2025-06-09,10200.4501953125,10280.830078125,10190.25,10250.1396484375,1412300,14476272225.488281
2025-06-10,10248.2900390625,10256.849609375,10095.009765625,10162.1796875,1539700,15646708064.84375
2025-06-11,10176.5,10295.400390625,10176.5,10246.01953125,1427300,14624143676.953125
2025-06-12,10208.2998046875,10263.4599609375,10182.41015625,10234.330078125,1423000,14563451701.171875
2025-06-13,10193.9296875,10215.5400390625,10089.58984375,10122.1103515625,1778700,18004197682.32422
2025-06-16,10096.5703125,10173.0595703125,10096.5703125,10163.5498046875,1410300,14333654289.550781
2025-06-17,10177.669921875,10198.98046875,10129.41015625,10151.4296875,1431400,14530756454.6875
2025-06-18,10142.580078125,10190.0400390625,10118.6796875,10175.58984375,1363500,13874416751.953125
2025-06-19,10156.169921875,10181.9697265625,10027.330078125,10051.9697265625,1459900,14674870603.808594
2025-06-20,10039.0,10084.099609375,9998.5,10005.0302734375,1234400,12350209369.53125
2025-06-23,9950.1396484375,10064.75,9950.1396484375,10048.3896484375,1292100,12983524264.746094
2025-06-24,10074.26953125,10224.1201171875,10074.26953125,10217.6298828125,1675900,17123725920.605469
2025-06-25,10240.1298828125,10403.509765625,10233.150390625,10393.7197265625,2026200,21059754909.960938
2025-06-26,10389.23046875,10440.73046875,10340.6904296875,10343.48046875,1938200,20047733844.53125
2025-06-27,10371.8095703125,10455.509765625,10343.2998046875,10378.5498046875,2041400,21186771571.289062
2025-06-30,10405.9599609375,10470.240234375,10399.919921875,10465.1201171875,1849800,19358379192.773438
2025-07-01,10458.3896484375,10483.330078125,10407.169921875,10476.2900390625,1747000,18302078698.242188
2025-07-02,10455.830078125,10455.830078125,10386.490234375,10412.6298828125,1735700,18073201687.597656
2025-07-03,10431.0302734375,10546.740234375,10431.0302734375,10534.580078125,1588200,16731020080.078125
2025-07-04,10534.990234375,10610.5,10480.7197265625,10508.759765625,1722700,18103440448.242188
2025-07-07,10488.1103515625,10501.3095703125,10426.5498046875,10435.509765625,1450700,15138794016.992188
2025-07-08,10431.7802734375,10593.83984375,10431.7802734375,10588.3896484375,1761500,18651448365.722656
2025-07-09,10592.509765625,10656.580078125,10557.8095703125,10581.7998046875,1840100,19471569820.60547
2025-07-10,10593.7001953125,10667.41015625,10562.16015625,10631.1298828125,1967300,20914621818.45703
2025-07-11,10637.4501953125,10757.240234375,10610.7998046875,10696.099609375,2289100,24484441615.820312
2025-07-14,10705.4404296875,10715.0703125,10663.8701171875,10684.51953125,1785500,19077209623.046875
2025-07-15,10700.3701171875,10784.9697265625,10651.150390625,10744.5595703125,2062700,22162803025.683594
2025-07-16,10749.7099609375,10804.1796875,10697.400390625,10720.8095703125,1780900,19092689763.76953
2025-07-17,10718.849609375,10873.6201171875,10718.849609375,10873.6201171875,1827400,19870453402.148438
2025-07-18,10902.7197265625,10946.400390625,10865.8896484375,10913.83984375,1876400,20478729082.8125
2025-07-21,10937.599609375,11008.48046875,10922.51953125,11007.490234375,2237100,24624856403.320312
2025-07-22,11004.009765625,11099.830078125,10970.2197265625,11099.830078125,2451300,27209013470.507812
2025-07-23,11101.3203125,11158.2197265625,11042.2001953125,11059.0400390625,2492100,27560233681.347656
2025-07-24,11069.599609375,11193.0595703125,11069.599609375,11193.0595703125,2439100,27300991597.94922
2025-07-25,11196.2001953125,11210.91015625,11139.3203125,11168.1396484375,2298800,25673319423.828125
2025-07-28,11176.3896484375,11226.1796875,11114.919921875,11217.580078125,2168100,24320835367.382812
2025-07-29,11199.6298828125,11289.419921875,11136.2802734375,11289.41015625,2081000,23493262535.15625
2025-07-30,11262.98046875,11307.6201171875,11127.0,11203.0302734375,2205800,24711644177.148438
2025-07-31,11208.4599609375,11223.6396484375,10976.2099609375,11009.76953125,2458200,27064215461.71875
2025-08-01,11001.25,11068.3095703125,10919.8896484375,10991.3203125,1910900,21003313985.15625
2025-08-04,10932.6201171875,11041.5595703125,10928.490234375,11041.5595703125,1705300,18829171535.253906
2025-08-05,11078.580078125,11106.9599609375,11041.4697265625,11106.9599609375,1736200,19283903884.179688
2025-08-06,11091.830078125,11177.8798828125,11086.7197265625,11177.7802734375,1869000,20891271331.054688
2025-08-07,11189.490234375,11229.58984375,11089.580078125,11157.9404296875,1935100,21591730525.48828
2025-08-08,11136.33984375,11184.5498046875,11108.4599609375,11128.669921875,1784100,19854660007.617188
2025-08-11,11159.0302734375,11311.8798828125,11159.0302734375,11291.4296875,2056300,23218566866.40625
2025-08-12,11292.4599609375,11351.6298828125,11255.48046875,11351.6298828125,1976400,22435361300.390625
2025-08-13,11371.080078125,11558.58984375,11362.900390625,11551.3701171875,2387800,27582361565.820312
2025-08-14,11557.0,11607.41015625,11417.9296875,11451.4296875,2615000,29945488632.8125
2025-08-15,11419.2802734375,11647.3896484375,11419.2802734375,11634.669921875,2572300,29927861440.039062
2025-08-18,11690.9404296875,11919.5703125,11642.58984375,11835.5703125,3295400,39002938407.8125
2025-08-19,11827.900390625,11908.6796875,11774.919921875,11821.6298828125,2819500,33331085454.589844
2025-08-20,11749.990234375,11926.740234375,11677.849609375,11926.740234375,2869200,34220203080.46875
2025-08-21,11965.7998046875,12011.7802734375,11865.4599609375,11919.759765625,2837600,33823510310.9375
2025-08-22,11902.0400390625,12167.2802734375,11902.0400390625,12166.0595703125,3050600,37113781325.19531
2025-08-25,12291.1201171875,12477.9697265625,12246.5595703125,12441.0703125,3789400,47144191842.1875
2025-08-26,12398.8095703125,12561.490234375,12361.490234375,12473.169921875,3222700,40197284707.22656
2025-08-27,12483.1904296875,12665.3603515625,12295.0703125,12295.0703125,3952400,48595035903.125
2025-08-28,12254.26953125,12571.3701171875,12199.9404296875,12571.3701171875,3538700,44486307433.69141
2025-08-29,12568.6298828125,12791.1796875,12508.9697265625,12696.150390625,3342100,42431804220.50781
2025-09-01,12773.2197265625,12830.1796875,12663.33984375,12828.9501953125,3174600,40726785290.03906
2025-09-02,12817.0302734375,12857.16015625,12450.4599609375,12553.83984375,3373700,42352889480.859375
2025-09-03,12599.9599609375,12669.7998046875,12393.08984375,12472.0,2915300,36359621600.0
2025-09-04,12526.2998046875,12580.08984375,11967.5703125,12118.7001953125,3055500,37028688446.77734
2025-09-05,12140.759765625,12597.8896484375,12085.5400390625,12590.5595703125,2758300,34728540462.79297
2025-09-08,12631.98046875,12689.169921875,12511.419921875,12666.83984375,2889300,36598300360.546875
2025-09-09,12598.2900390625,12653.8701171875,12434.83984375,12510.599609375,2543600,31821961166.40625
2025-09-10,12511.080078125,12621.1904296875,12415.1904296875,12557.6796875,2285300,28698065389.84375
2025-09-11,12570.8701171875,12979.8896484375,12516.33984375,12979.8896484375,2934900,38094678129.19922
2025-09-12,12941.259765625,13048.51953125,12905.4697265625,12924.1298828125,2953100,38166247956.93359
2025-09-15,12971.4296875,13098.7802734375,12943.400390625,13005.76953125,2714300,35301560238.671875
2025-09-16,13017.580078125,13071.2099609375,12863.8203125,13063.9697265625,2894400,37812353976.5625
2025-09-17,13062.6396484375,13226.2001953125,13004.3798828125,13215.4599609375,2792700,36906815032.91016
2025-09-18,13161.150390625,13328.099609375,12915.9697265625,13075.66015625,3690600,48257031372.65625
2025-09-19,13074.91015625,13182.599609375,13016.0595703125,13070.8603515625,2689600,35155386001.5625
2025-09-22,13119.830078125,13157.9697265625,13006.3603515625,13157.9697265625,2459300,32359394948.535156
2025-09-23,13246.9296875,13267.900390625,12875.330078125,13119.8203125,2853900,37442655189.84375
2025-09-24,13037.080078125,13356.1396484375,13009.6396484375,13356.1396484375,2646000,35340345509.765625
2025-09-25,13333.01953125,13529.330078125,13295.5302734375,13445.900390625,2709900,36437045468.55469
2025-09-26,13394.7900390625,13453.8603515625,13205.6298828125,13209.0,2424400,32023899600.0
2025-09-29,13248.2001953125,13531.98046875,13239.73046875,13479.4296875,2626100,35398330302.34375
2025-09-30,13504.650390625,13598.1796875,13460.3203125,13526.509765625,2532900,34261296585.351562
2025-10-09,13598.349609375,13806.6904296875,13565.2900390625,13725.5595703125,3242100,44499636682.91016
2025-10-10,13633.1904296875,13644.509765625,13304.599609375,13355.419921875,2962000,39558753808.59375
2025-10-13,12837.25,13256.509765625,12837.25,13231.4697265625,2782000,36809948779.296875
2025-10-14,13369.5595703125,13405.509765625,12844.01953125,12895.1103515625,2980900,38439034446.97266
2025-10-15,12919.26953125,13123.2802734375,12817.8896484375,13118.75,2324800,30498470000.0
2025-10-16,13064.259765625,13218.169921875,13033.3701171875,13086.41015625,2130400,27879288196.875
2025-10-17,13060.240234375,13091.759765625,12677.4404296875,12688.9404296875,2224700,28229085773.92578
2025-10-20,12877.7001953125,12948.3203125,12742.83984375,12813.2099609375,1865000,23896636577.148438
2025-10-21,12880.169921875,13100.080078125,12848.3203125,13077.3203125,1925300,25177764797.65625
2025-10-22,12985.9599609375,13078.6396484375,12932.009765625,12996.6103515625,1615300,20993424700.878906
2025-10-23,12959.419921875,13042.33984375,12803.8603515625,13025.4501953125,1819900,23705016810.44922
2025-10-24,13091.33984375,13289.1796875,13091.33984375,13289.1796875,2055300,27313251011.71875
2025-10-27,13448.919921875,13510.7099609375,13346.8095703125,13489.400390625,2495700,33665496554.882812
2025-10-28,13411.669921875,13572.900390625,13375.3203125,13430.099609375,2206500,29633514788.085938
2025-10-29,13484.009765625,13691.3798828125,13475.650390625,13691.3798828125,2415200,33067420692.96875
2025-10-30,13661.6103515625,13700.25,13509.240234375,13532.1298828125,2648700,35842552420.60547
2025-10-31,13517.169921875,13618.150390625,13378.2099609375,13378.2099609375,2674400,35778684719.53125
2025-11-03,13364.419921875,13404.0595703125,13158.3095703125,13404.0595703125,2340000,31365499394.53125
2025-11-04,13373.5498046875,13399.919921875,13094.2099609375,13175.2197265625,2076800,27362296328.125
2025-11-05,12953.83984375,13273.240234375,12953.83984375,13223.5595703125,2016600,26666630229.492188
2025-11-06,13272.4697265625,13468.400390625,13272.4697265625,13452.419921875,2167200,29154084454.6875
2025-11-07,13380.349609375,13496.7001953125,13322.6103515625,13404.0595703125,2182700,29257040824.121094
2025-11-10,13453.3701171875,13502.16015625,13306.66015625,13427.6103515625,2396800,32183296490.625
2025-11-11,13476.25,13493.169921875,13271.669921875,13289.0,2140500,28445104500.0
2025-11-12,13240.7001953125,13312.5302734375,13120.7099609375,13240.6201171875,2127000,28162798989.257812
2025-11-13,13228.5,13488.6298828125,13222.7802734375,13476.51953125,2156400,29060766717.1875
2025-11-14,13323.4501953125,13394.0595703125,13216.0302734375,13216.0302734375,2105400,27825030137.695312
2025-11-17,13200.5400390625,13251.7802734375,13137.2802734375,13202.0,2054200,27119548400.0
2025-11-18,13161.7001953125,13223.1201171875,13022.4404296875,13080.490234375,2263600,29608997694.53125
2025-11-19,13071.9404296875,13164.9697265625,13009.009765625,13080.08984375,1868900,24445379908.984375
2025-11-20,13215.0703125,13226.0400390625,12970.5595703125,12980.8203125,1902100,24690818316.40625
2025-11-21,12752.7197265625,12812.3798828125,12538.0703125,12538.0703125,2332900,29250064232.03125
2025-11-24,12605.1298828125,12655.2900390625,12448.3203125,12585.080078125,1976300,24871893758.398438
2025-11-25,12692.08984375,12882.8095703125,12684.2900390625,12777.3095703125,2029400,25930272041.992188
2025-11-26,12769.9296875,13012.330078125,12749.01953125,12907.830078125,1870600,24145386944.140625
2025-11-27,12903.91015625,13082.76953125,12863.259765625,12875.2001953125,1741500,22422161140.13672
2025-11-28,12869.66015625,13000.0703125,12834.080078125,12984.080078125,1594200,20699220460.546875
2025-12-01,13038.16015625,13149.400390625,12993.8896484375,13146.7197265625,1962300,25797808119.433594
2025-12-02,13130.0703125,13132.8095703125,13011.1103515625,13056.7001953125,1670100,21805994996.191406
2025-12-03,13071.16015625,13126.669921875,12922.669921875,12955.25,1880600,24363643150.0
2025-12-04,12957.7998046875,13042.9599609375,12881.5595703125,13006.7197265625,1640200,21333621695.507812
2025-12-05,13020.2900390625,13164.48046875,12938.349609375,13147.6796875,1979100,26020572869.53125
2025-12-08,13178.9599609375,13389.669921875,13178.9599609375,13329.990234375,2118700,28242250309.570312
2025-12-09,13295.6201171875,13398.25,13227.76953125,13277.3603515625,1861900,24721117238.57422
2025-12-10,13251.26953125,13344.849609375,13126.2099609375,13316.419921875,1708100,22745776868.554688
2025-12-11,13333.2900390625,13388.259765625,13147.3896484375,13147.3896484375,1888000,24822271656.25
2025-12-12,13174.4501953125,13284.26953125,13085.419921875,13258.330078125,2186400,28988012882.8125
2025-12-15,13150.4296875,13244.0302734375,13111.3798828125,13112.08984375,1769000,23195286933.59375
2025-12-16,13084.8798828125,13113.990234375,12851.2197265625,12914.669921875,1829500,23627388622.070312
2025-12-17,12927.3896484375,13254.8095703125,12927.3896484375,13224.509765625,1891300,25011515319.726562
2025-12-18,13112.6103515625,13205.2197265625,13053.9697265625,13053.9697265625,1629000,21264916684.570312
2025-12-19,13116.1904296875,13217.4404296875,13070.73046875,13140.2099609375,1754600,23055812397.460938
2025-12-22,13225.400390625,13349.080078125,13225.400390625,13332.73046875,1850600,24673551005.46875
2025-12-23,13338.9296875,13447.2900390625,13305.759765625,13368.990234375,1798600,24045465835.546875
2025-12-24,13378.48046875,13497.099609375,13347.759765625,13486.419921875,1847400,24914812163.671875
2025-12-25,13472.7001953125,13563.0595703125,13407.3701171875,13531.41015625,1798900,24341653730.078125
2025-12-26,13539.0498046875,13674.8701171875,13517.7998046875,13603.8896484375,2109300,28694684435.44922
2025-12-29,13604.2900390625,13650.7001953125,13494.9599609375,13537.099609375,2178400,29489217789.0625
2025-12-30,13466.2998046875,13645.5595703125,13465.669921875,13604.0703125,2183800,29708568748.4375
2025-12-31,13627.259765625,13642.5302734375,13491.669921875,13525.01953125,2190400,29625202781.25
2026-01-05,13633.6298828125,13828.9697265625,13633.6298828125,13828.6298828125,2895500,40040797825.68359
2026-01-06,13830.2998046875,14024.1201171875,13827.7900390625,14022.5498046875,3529700,49495394045.60547
2026-01-07,14062.01953125,14111.169921875,13935.5302734375,14030.5595703125,3169800,44474067725.97656
2026-01-08,13971.8896484375,14033.58984375,13883.8095703125,13959.48046875,3131200,43709925243.75
2026-01-09,13917.7802734375,14139.5400390625,13917.7802734375,14120.150390625,3342800,47200838725.78125
2026-01-12,14186.8603515625,14391.2802734375,14089.58984375,14366.91015625,3728700,53569897899.609375
2026-01-13,14397.6796875,14458.8798828125,14113.169921875,14169.400390625,3864500,54757647809.57031
2026-01-14,14194.1103515625,14459.2099609375,14099.98046875,14248.599609375,4588900,65385398747.46094
2026-01-15,14158.66015625,14328.599609375,14155.5,14306.73046875,3408800,48768782821.875
2026-01-16,14374.5400390625,14424.349609375,14257.58984375,14281.080078125,3053400,43605849910.546875
2026-01-19,14221.9296875,14392.8798828125,14221.9296875,14294.0498046875,2785900,39821793350.87891
2026-01-20,14307.5498046875,14337.1298828125,14033.2197265625,14155.6298828125,2974000,42098843271.484375
2026-01-21,14102.2099609375,14320.9404296875,14102.2099609375,14255.1298828125,2671500,38082579481.93359
2026-01-22,14313.6298828125,14374.509765625,14223.33984375,14327.0400390625,2756500,39492485867.67578
2026-01-23,14349.009765625,14449.83984375,14320.509765625,14439.66015625,3579800,51691095427.34375
2026-01-26,14492.419921875,14532.900390625,14277.669921875,14316.6396484375,3634600,52035258466.21094
2026-01-27,14283.7802734375,14403.599609375,14105.1298828125,14329.91015625,3335000,47790250371.09375
2026-01-28,14371.9599609375,14411.650390625,14234.8896484375,14342.8896484375,3292200,47219661300.58594
2026-01-29,14332.7001953125,14418.08984375,14252.2001953125,14300.080078125,3773400,53959922166.796875
2026-01-30,14214.1396484375,14291.5703125,13923.9599609375,14205.8896484375,3387900,48128133539.94141
2026-02-02,14128.8701171875,14213.6103515625,13815.2802734375,13824.349609375,2949700,40777684042.77344
2026-02-03,13986.8896484375,14129.599609375,13815.23046875,14127.1103515625,2923100,41294956268.65234
2026-02-04,14072.41015625,14173.76953125,13958.080078125,14156.26953125,2959700,41898310931.640625
2026-02-05,14020.83984375,14074.3603515625,13874.01953125,13952.7099609375,2625500,36632840002.44141
2026-02-06,13801.0302734375,14065.7802734375,13726.8603515625,13906.73046875,2468300,34325982816.015625
2026-02-09,14115.1396484375,14211.7001953125,14060.669921875,14208.4404296875,2380900,33828875819.04297
2026-02-10,14200.759765625,14258.509765625,14165.4296875,14210.6298828125,2407200,34207828253.90625
2026-02-11,14186.650390625,14250.33984375,14156.16015625,14160.9296875,2463600,34886866378.125
2026-02-12,14177.9697265625,14296.48046875,14177.2900390625,14283.0,2534500,36200263500.0
2026-02-13,14188.349609375,14258.830078125,14092.83984375,14100.1904296875,2321200,32729362025.390625
2026-02-24,14313.8603515625,14376.9599609375,14214.419921875,14291.5703125,2549400,36434929354.6875
2026-02-25,14322.240234375,14512.83984375,14314.150390625,14475.8701171875,2913400,42173999999.41406
2026-02-26,14495.8603515625,14536.080078125,14408.8798828125,14503.7900390625,2828100,41018168609.47266
2026-02-27,14375.25,14497.9599609375,14366.349609375,14495.08984375,2880000,41745858750.0
2026-03-02,14327.650390625,14509.6904296875,14285.669921875,14465.7900390625,3351600,48483541894.921875
2026-03-03,14498.7001953125,14526.0595703125,14007.650390625,14022.3896484375,3414000,47872438259.765625
2026-03-04,13854.3701171875,14112.01953125,13854.3701171875,13917.75,2582100,35937022275.0
2026-03-05,14160.2001953125,14202.759765625,13999.7001953125,14088.83984375,2626200,37000111197.65625
2026-03-06,14015.5400390625,14212.83984375,13969.33984375,14172.6298828125,2400800,34025649822.65625
2026-03-09,13920.2900390625,14103.6298828125,13701.669921875,14067.5,2942900,41399245750.0
2026-03-10,14239.2998046875,14357.8203125,14239.2998046875,14354.0703125,2528000,36287089750.0
2026-03-11,14373.740234375,14531.01953125,14373.009765625,14465.41015625,2690600,38920632566.40625
2026-03-12,14457.6298828125,14478.0498046875,14245.76953125,14374.8701171875,2698400,38789149524.21875
2026-03-13,14300.919921875,14454.3095703125,14245.9599609375,14280.7802734375,2689100,38402446233.30078
2026-03-16,14291.150390625,14320.099609375,14097.8203125,14307.580078125,2559600,36621681967.96875
2026-03-17,14370.4501953125,14400.3603515625,14039.5,14039.73046875,2417500,33941048408.203125
2026-03-18,14108.919921875,14203.919921875,13944.3701171875,14187.7998046875,2145100,30434249361.035156
2026-03-19,14003.7001953125,14098.6904296875,13852.599609375,13901.5703125,2281400,31715042510.9375
2026-03-20,14021.4599609375,14144.990234375,13856.490234375,13866.2001953125,2500800,34676593448.4375
2026-03-23,13619.9404296875,13758.9697265625,13274.1796875,13345.509765625,3014400,40228704637.5
2026-03-24,13514.669921875,13536.5595703125,13169.25,13536.5595703125,2450100,33165924603.222656
2026-03-25,13669.0498046875,13835.0302734375,13666.83984375,13801.0,2442300,33706182300.0
2026-03-26,13756.8701171875,13853.099609375,13573.1201171875,13606.4404296875,2182500,29696056237.79297
2026-03-27,13423.509765625,13842.400390625,13419.3095703125,13760.3701171875,2044500,28133076704.589844
2026-03-30,13618.7900390625,13748.2099609375,13536.5595703125,13726.1904296875,2101300,28842843949.902344
2026-03-31,13683.6796875,13783.9697265625,13478.0595703125,13478.0595703125,2080700,28043798547.94922
2026-04-01,13731.3896484375,13740.9697265625,13603.7900390625,13706.51953125,2024400,27747478139.0625
2026-04-02,13658.25,13680.6298828125,13418.5,13486.9404296875,1868200,25196302110.742188
2026-04-03,13553.650390625,13558.91015625,13345.6103515625,13352.900390625,1651300,22049644415.039062
2026-04-07,13392.9404296875,13476.080078125,13305.509765625,13400.41015625,1569600,21033283781.25
2026-04-08,13717.2197265625,14042.5,13694.91015625,14042.5,2556400,35898247000.0
2026-04-09,13928.4296875,14058.0498046875,13891.48046875,13996.26953125,2089000,29238207050.78125
2026-04-10,14098.01953125,14382.6103515625,14095.8798828125,14309.4697265625,2361400,33790381812.304688
2026-04-13,14233.1103515625,14440.259765625,14233.1103515625,14407.8603515625,2152500,31012919406.73828
2026-04-14,14514.6904296875,14640.76953125,14463.9296875,14639.9501953125,2367800,34664474072.46094
2026-04-15,14736.009765625,14738.5302734375,14440.2099609375,14498.4599609375,2320300,33640776647.36328
2026-04-16,14546.349609375,14807.16015625,14522.8603515625,14796.330078125,2251600,33315416803.90625
2026-04-17,14806.2802734375,14916.3896484375,14787.8701171875,14885.419921875,2244800,33414790640.625
2026-04-20,14870.900390625,15006.919921875,14845.9697265625,14966.75,2520200,37719203350.0
2026-04-21,14920.3798828125,15017.75,14774.080078125,14982.1396484375,2299500,34451430121.58203
2026-04-22,14897.9599609375,15182.8203125,14897.9599609375,15177.2900390625,2361400,35839652698.24219
2026-04-23,15234.2197265625,15248.4296875,14934.6796875,15043.4501953125,2540500,38217885221.19141
2026-04-24,14951.740234375,15033.669921875,14795.2197265625,14940.2998046875,2373900,35466777706.34766
2026-04-27,14960.01953125,15054.4599609375,14919.2197265625,14995.75,2367400,35500938550.0
2026-04-28,14925.2197265625,14943.3603515625,14772.4599609375,14830.4599609375,2391100,35461112812.59766
2026-04-29,14751.419921875,15139.7099609375,14751.419921875,15120.919921875,2597700,39279613681.05469
2026-04-30,15157.0703125,15186.1201171875,15044.8603515625,15107.5498046875,2667700,40302410613.96484
2026-05-06,15323.1904296875,15534.669921875,15254.990234375,15459.6201171875,2962400,45797578635.15625
2026-05-07,15541.2998046875,15652.580078125,15439.48046875,15641.8896484375,2917100,45628956293.45703
2026-05-08,15520.3798828125,15639.3896484375,15466.83984375,15563.7998046875,2811100,43751397630.95703
2026-05-11,15697.4404296875,15921.650390625,15622.330078125,15899.2998046875,3206600,50982694753.71094
2026-05-12,15952.7900390625,15952.7900390625,15711.26953125,15824.919921875,2886500,45678631354.49219
2026-05-13,15713.5400390625,16100.4599609375,15713.5400390625,16089.75,2805200,45134966700.0
2026-05-14,16202.2099609375,16207.75,15745.740234375,15745.740234375,3004400,47306501960.15625
2026-05-15,15753.1904296875,15855.5498046875,15447.400390625,15561.3701171875,2991500,46551838705.56641
2026-05-18,15465.2998046875,15658.1103515625,15419.0400390625,15530.23046875,2545800,39536860727.34375
2026-05-19,15469.3603515625,15585.0400390625,15221.349609375,15569.91015625,2573000,40061378832.03125
2026-05-20,15487.4296875,15622.2099609375,15426.3798828125,15569.98046875,2456700,38250771017.578125
2026-05-21,15707.9599609375,15894.2998046875,15232.599609375,15247.26953125,3187500,48600671630.859375
2026-05-22,15382.2900390625,15624.9697265625,15295.5703125,15597.2998046875,3079600,48033444478.515625
2026-05-25,15716.3896484375,15857.080078125,15547.16015625,15856.6103515625,2985000,47331981899.41406
2026-05-26,15786.8203125,15894.5498046875,15662.16015625,15876.16015625,3254000,51661025148.4375
2026-05-27,15868.900390625,16047.41015625,15656.650390625,15736.4697265625,3312000,52119187734.375
2026-05-28,15691.16015625,15889.830078125,15504.7900390625,15861.8896484375,2915300,46242166892.08984
2026-05-29,15957.1201171875,15981.9296875,15492.83984375,15575.1298828125,3322200,51743696496.67969
2026-06-01,15601.0302734375,15717.4599609375,15316.01953125,15340.3603515625,2974200,45625299757.61719
2026-06-02,15410.7099609375,15664.3896484375,15203.7998046875,15591.1298828125,2761100,43048668719.43359
2026-06-03,15646.6796875,15962.3701171875,15542.66015625,15704.7099609375,3169600,49777648692.1875
2026-06-04,15540.0595703125,15745.1904296875,15517.9296875,15661.5703125,2807900,43976123280.46875
2026-06-05,15595.7001953125,15710.1396484375,15243.509765625,15314.7001953125,3193700,48910558013.76953
2026-06-08,14835.3701171875,15137.75,14681.6396484375,14821.1904296875,3052800,45246130143.75
2026-06-09,14992.5498046875,15274.7197265625,14846.5498046875,15268.7099609375,2741300,41856114615.91797
2026-06-10,15062.509765625,15149.3701171875,14817.1103515625,14954.099609375,2662000,39807813160.15625
2026-06-11,14889.5703125,15062.75,14706.08984375,14851.98046875,2562100,38052259158.984375
2026-06-12,15149.51953125,15171.2197265625,14943.4296875,14963.41015625,3200100,47884408841.015625
2026-06-15,15153.1796875,15531.1103515625,15055.9501953125,15531.1103515625,3152500,48961825383.30078
2026-06-16,15584.3701171875,15761.0,15537.5,15675.25,2952100,46274905525.0
2026-06-17,15569.919921875,15885.490234375,15569.919921875,15880.9501953125,2818200,44755693840.42969
2026-06-18,15826.7900390625,16104.76953125,15825.3203125,16030.7001953125,3251800,52128630895.11719
2026-06-22,16095.6298828125,16374.01953125,15914.0498046875,16372.5,3676700,60196770750.0
2026-06-23,16324.240234375,16355.9501953125,15756.41015625,15854.2001953125,3257700,51648227976.26953
2026-06-24,15782.400390625,16068.41015625,15730.16015625,16051.3203125,3196200,51303229982.8125
2026-06-25,16099.759765625,16359.6201171875,16058.849609375,16344.080078125,3494500,57114387833.00781
2026-06-26,16211.41015625,16215.4501953125,15728.83984375,15782.2197265625,3656400,57706108208.203125
2026-06-29,15781.7900390625,15938.23046875,15487.919921875,15812.8701171875,3380300,53452244857.12891
2026-06-30,15811.669921875,16232.23046875,15809.650390625,16205.5595703125,3172700,51415378848.73047
2026-07-01,16226.9697265625,16332.48046875,15988.419921875,16119.169921875,3682500,59358843237.30469
2026-07-02,15729.919921875,15886.7001953125,15453.51953125,15498.8095703125,3683900,57096064576.07422
2026-07-03,15480.1201171875,15823.0498046875,15432.8896484375,15597.509765625,3184100,49664030844.72656
2026-07-06,15677.9296875,15749.3603515625,15288.490234375,15416.7998046875,3131200,48273083548.4375
2026-07-07,15345.3896484375,15461.3701171875,15081.919921875,15225.1103515625,2785400,42408022373.24219
2026-07-08,15269.8203125,15292.1201171875,14907.6201171875,14939.73046875,2753700,41139535791.796875
2026-07-09,15038.4697265625,15419.1201171875,14781.240234375,15398.73046875,3032000,46688950781.25
2026-07-10,15480.41015625,15581.9404296875,15046.669921875,15046.669921875,3448200,51883927224.609375
2026-07-13,14908.98046875,14997.0703125,14437.0703125,14522.849609375,2932400,42586804194.53125
2026-07-14,14532.3603515625,14924.8701171875,14338.3603515625,14924.8701171875,2800300,41794113789.16016
2026-07-15,14970.76953125,15041.330078125,14741.7998046875,14779.400390625,2750500,40650740774.41406
2026-07-16,14497.4296875,14780.4599609375,14386.41015625,14488.650390625,2583700,37434326014.25781
2026-07-17,14348.2099609375,14350.4697265625,13586.490234375,13706.8798828125,2963700,40623079908.69141
2026-07-20,13869.0595703125,13972.990234375,13342.9296875,13610.23046875,2995300,40766723323.046875
2026-07-21,13656.080078125,14264.7998046875,13364.41015625,14264.2900390625,3296100,47016526397.75391
2026-07-22,14169.9697265625,14360.3701171875,13988.509765625,14061.4404296875,2808900,39497180022.94922
2026-07-23,14116.01953125,14203.6298828125,13991.830078125,14123.3095703125,2393900,33809790780.371094
2026-07-24,13915.0400390625,14061.0302734375,13774.6796875,13774.6796875,2134000,29395166453.125
2026-07-27,13768.599609375,14148.73046875,13689.009765625,14148.73046875,2056700,29099693955.078125
2026-07-28,13830.349609375,13940.990234375,13470.1103515625,13509.6796875,2016200,27238216185.9375
2026-07-29,13498.75,13756.7099609375,13267.6396484375,13658.4404296875,2525200,34490293773.046875
2026-07-30,13531.0703125,13619.0302734375,13068.5595703125,13285.7998046875,2647700,35176812142.87109
2026-07-31,13690.0,13841.9599609375,13578.9296875,13578.9296875,2835300,38500339342.96875
2026-08-03,13497.099609375,13570.509765625,13407.990234375,13448.2900390625,2374000,31926240552.734375
2026-08-04,13572.9501953125,13936.51953125,13537.759765625,13885.7099609375,2528100,35104463352.24609
2026-08-05,13644.830078125,14246.3798828125,13644.830078125,14144.2001953125,2904400,41080415047.265625
2026-08-06,13981.4404296875,14252.1396484375,13922.41015625,14110.1201171875,2708200,38213027301.36719
2026-08-07,14152.7802734375,14396.080078125,14049.33984375,14311.009765625,2699700,38635433064.25781
2026-08-10,14348.9501953125,14373.76953125,14102.66015625,14316.9599609375,2438700,34914770256.73828
2026-08-11,14266.4404296875,14447.099609375,14201.2900390625,14259.4404296875,2292100,32684063408.88672
2026-08-12,14253.1201171875,14467.0,14237.2001953125,14414.4296875,2105600,30351023150.0
2026-08-13,14536.48046875,14584.2998046875,14289.009765625,14289.4404296875,2596300,37099674187.59766
2026-08-14,14335.41015625,14384.1796875,14204.0,14354.3095703125,2103700,30197161043.066406
2026-08-17,14399.2001953125,14704.5498046875,14348.4697265625,14704.26953125,2197200,32308221014.0625
2026-08-18,14692.0302734375,14733.900390625,14459.7197265625,14622.5,2336900,34171320250.0
2026-08-19,14316.98046875,14367.3701171875,13842.3203125,13890.150390625,2434500,33815571125.976562
2026-08-20,14032.9697265625,14101.1396484375,13870.1796875,13972.7802734375,1999500,27938574156.73828
2026-08-21,13935.6396484375,14132.0400390625,13866.3896484375,14094.169921875,1828200,25766961451.171875
2026-08-24,14118.01953125,14118.150390625,13616.75,13794.2900390625,2008000,27698934398.4375
2026-08-25,13683.91015625,13848.400390625,13568.509765625,13745.8701171875,1833800,25207176620.898438
2026-08-26,13761.3603515625,13948.6904296875,13714.0498046875,13841.330078125,1884100,26078450000.195312
2026-08-27,13876.7900390625,14049.990234375,13808.6201171875,14048.8798828125,2061000,28954741438.476562
2026-08-28,14019.2802734375,14148.6796875,13949.6201171875,13953.0703125,2060800,28754487300.0
2026-08-31,13764.41015625,14015.0,13740.740234375,14015.0,2239800,31390797000.0
2026-09-01,14017.419921875,14018.509765625,13845.5498046875,13872.3798828125,2217700,30764776866.11328
2026-09-02,13732.1796875,13732.1796875,13549.76953125,13611.5498046875,1869500,25446792359.86328
2026-09-03,13711.0703125,13742.8896484375,13531.5302734375,13625.1201171875,1742900,23747221852.246094
2026-09-04,13725.650390625,13798.3603515625,13448.7900390625,13516.9697265625,2191900,29627845943.652344
2026-09-07,13605.01953125,13811.259765625,13590.8203125,13774.919921875,1849100,25471204427.539062
2026-09-08,13782.8603515625,13843.919921875,13655.830078125,13703.2099609375,1862800,25526339515.234375
2026-09-09,13788.9404296875,13788.9404296875,13625.1201171875,13723.3203125,1729100,23728993152.34375
