timestamps,open,high,low,close,volume,amount
2015-01-05,143.10000610351562,144.3000030517578,141.89999389648438,143.3000030517578,22451000,3217228368.5150146
2015-01-06,140.6999969482422,140.8000030517578,139.10000610351562,139.39999389648438,43405700,6050754315.072632
2015-01-07,138.39999389648438,140.0,138.1999969482422,139.3000030517578,27632400,3849193404.3273926
2015-01-08,140.5,141.60000610351562,140.3000030517578,141.10000610351562,23863400,3367125885.650635
2015-01-09,141.89999389648438,142.0,140.6999969482422,141.3000030517578,23186100,3276196000.758362
2015-01-13,139.5,140.8000030517578,138.39999389648438,140.8000030517578,40571000,5712396923.812866
2015-01-14,139.6999969482422,140.39999389648438,138.6999969482422,138.89999389648438,32552400,4521528161.315918
2015-01-15,139.1999969482422,141.3000030517578,139.10000610351562,140.8000030517578,37827700,5326140275.440979
2015-01-16,138.3000030517578,139.60000610351562,137.39999389648438,139.39999389648438,38818200,5411256843.07251
2015-01-19,140.60000610351562,140.6999969482422,139.60000610351562,140.39999389648438,24853800,3489473368.3044434
2015-01-20,140.60000610351562,143.0,140.60000610351562,143.0,33554400,4798279200.0
2015-01-21,142.39999389648438,142.6999969482422,141.39999389648438,142.10000610351562,26872200,3818539784.0148926
2015-01-22,142.1999969482422,142.39999389648438,141.1999969482422,142.1999969482422,12664700,1800920301.3504028
2015-01-23,143.60000610351562,143.6999969482422,143.10000610351562,143.60000610351562,28638400,4112474414.794922
2015-01-26,141.89999389648438,143.39999389648438,141.89999389648438,143.3000030517578,7648000,1095958423.3398438
2015-01-27,144.60000610351562,145.89999389648438,144.60000610351562,145.6999969482422,33678400,4906942777.22168
2015-01-28,144.5,146.8000030517578,144.5,146.39999389648438,53024400,7762771836.364746
2015-01-29,144.8000030517578,145.8000030517578,144.3000030517578,144.5,16817000,2430056500.0
2015-01-30,145.60000610351562,146.3000030517578,144.6999969482422,144.6999969482422,42071300,6087716981.608582
2015-02-02,143.3000030517578,144.5,142.89999389648438,144.1999969482422,59968100,8647399836.991882
2015-02-03,144.89999389648438,144.89999389648438,141.89999389648438,142.39999389648438,35532000,5059756583.129883
2015-02-04,144.3000030517578,145.8000030517578,144.10000610351562,144.89999389648438,38977800,5647882982.098389
2015-02-05,144.89999389648438,145.3000030517578,143.89999389648438,144.3000030517578,28139400,4060515505.874634
2015-02-06,145.60000610351562,145.6999969482422,144.6999969482422,145.0,17213000,2495885000.0
2015-02-09,146.3000030517578,146.39999389648438,145.0,145.6999969482422,36063500,5254451839.942932
2015-02-10,145.60000610351562,146.10000610351562,145.1999969482422,146.0,30952800,4519108800.0
2015-02-12,147.8000030517578,148.89999389648438,147.8000030517578,148.3000030517578,79508500,11791110792.640686
2015-02-13,148.10000610351562,148.60000610351562,147.89999389648438,148.3000030517578,25834000,3831182278.8391113
2015-02-16,149.0,149.8000030517578,148.6999969482422,149.3000030517578,18997800,2836371597.9766846
2015-02-17,149.0,149.6999969482422,148.60000610351562,149.5,21640800,3235299600.0
2015-02-18,150.89999389648438,151.89999389648438,150.6999969482422,151.6999969482422,31683700,4806417193.309021
2015-02-19,152.0,153.10000610351562,152.0,152.89999389648438,40484500,6190079802.902222
2015-02-20,153.39999389648438,153.60000610351562,152.8000030517578,153.39999389648438,23000000,3528199859.6191406
2015-02-23,154.60000610351562,154.8000030517578,152.89999389648438,153.6999969482422,39090300,6008178990.705872
2015-02-24,153.8000030517578,154.39999389648438,153.1999969482422,154.3000030517578,31154900,4807201165.077209
2015-02-25,154.89999389648438,155.0,154.0,154.39999389648438,74312600,11473864986.431885
2015-02-26,154.10000610351562,155.8000030517578,154.10000610351562,155.8000030517578,41108000,6404626525.45166
2015-02-27,156.10000610351562,156.5,155.3000030517578,156.0,40873600,6376281600.0
2015-03-02,156.1999969482422,156.89999389648438,155.89999389648438,156.0,27285400,4256522400.0
2015-03-03,156.89999389648438,156.89999389648438,155.3000030517578,156.39999389648438,25864300,4045176362.136841
2015-03-04,155.6999969482422,155.6999969482422,153.8000030517578,155.39999389648438,31506600,4896125447.698975
2015-03-05,155.10000610351562,156.10000610351562,155.0,156.0,33981800,5301160800.0
2015-03-06,156.10000610351562,157.6999969482422,156.10000610351562,157.6999969482422,42389800,6684871330.636597
2015-03-09,157.0,157.1999969482422,156.0,156.60000610351562,25075700,3926854773.0499268
2015-03-10,157.5,157.6999969482422,155.3000030517578,156.0,20943800,3267232800.0
2015-03-11,155.0,156.8000030517578,155.0,156.1999969482422,30563400,4774002986.727905
2015-03-12,156.5,158.60000610351562,156.5,158.5,26023200,4124677200.0
2015-03-13,159.8000030517578,160.5,158.8000030517578,159.89999389648438,42955400,6868568197.821045
2015-03-16,159.39999389648438,160.5,159.10000610351562,159.6999969482422,32788400,5236307379.937744
2015-03-17,160.6999969482422,161.39999389648438,160.3000030517578,160.89999389648438,24661100,3967970839.480591
2015-03-18,160.89999389648438,162.3000030517578,160.6999969482422,162.1999969482422,17933400,2908797425.2716064
2015-03-19,162.10000610351562,162.5,160.10000610351562,161.3000030517578,45275200,7302889898.168945
2015-03-20,161.5,161.8000030517578,160.5,161.8000030517578,29952000,4846233691.40625
2015-03-23,162.1999969482422,163.1999969482422,162.0,163.0,28650300,4669998900.0
2015-03-24,162.39999389648438,162.8000030517578,161.5,162.3000030517578,34322900,5570606774.745178
2015-03-25,162.60000610351562,163.0,161.1999969482422,162.89999389648438,43087800,7019002357.012939
2015-03-26,161.6999969482422,161.8000030517578,159.8000030517578,160.60000610351562,41250300,6624798431.771851
2015-03-27,160.1999969482422,162.3000030517578,158.3000030517578,159.5,125310800,19987072600.0
2015-03-30,160.0,161.0,159.10000610351562,160.6999969482422,54262400,8719967514.404297
2015-03-31,162.60000610351562,162.8000030517578,159.0,159.0,42199000,6709641000.0
2015-04-01,158.1999969482422,158.89999389648438,156.60000610351562,157.60000610351562,66934900,10548940648.538208
2015-04-02,158.39999389648438,161.39999389648438,158.3000030517578,160.10000610351562,46347100,7420170992.880249
2015-04-03,160.10000610351562,161.3000030517578,160.0,161.3000030517578,28744000,4636407287.719727
2015-04-06,160.10000610351562,161.10000610351562,159.60000610351562,161.0,23905300,3848753300.0
2015-04-07,162.1999969482422,163.3000030517578,161.89999389648438,162.8000030517578,31050200,5054972654.75769
2015-04-08,163.39999389648438,164.3000030517578,163.0,163.6999969482422,37844500,6195144534.507751
2015-04-09,164.3000030517578,164.60000610351562,163.60000610351562,164.39999389648438,32583400,5356710761.126709
2015-04-10,164.60000610351562,164.6999969482422,163.1999969482422,164.10000610351562,18382900,3016634002.2003174
2015-04-13,164.10000610351562,164.1999969482422,162.6999969482422,163.5,20586600,3365909100.0
2015-04-14,163.3000030517578,164.1999969482422,163.1999969482422,164.0,29442200,4828520800.0
2015-04-15,163.1999969482422,164.3000030517578,163.1999969482422,163.8000030517578,27120200,4442288842.764282
2015-04-16,163.8000030517578,165.0,163.10000610351562,165.0,37060500,6114982500.0
2015-04-17,164.5,164.8000030517578,163.60000610351562,163.8000030517578,25916200,4245073639.089966
2015-04-20,162.60000610351562,164.10000610351562,161.6999969482422,163.0,18134000,2955842000.0
2015-04-21,163.8000030517578,165.8000030517578,163.60000610351562,165.8000030517578,31769200,5267333456.951904
2015-04-22,166.3000030517578,167.6999969482422,166.10000610351562,167.1999969482422,31497100,5266315023.878479
2015-04-23,167.89999389648438,168.60000610351562,166.5,167.5,31419100,5262699250.0
2015-04-24,167.1999969482422,167.5,166.60000610351562,167.10000610351562,14227600,2377432046.838379
2015-04-27,167.10000610351562,167.39999389648438,166.1999969482422,166.8000030517578,20260000,3379368061.8286133
2015-04-28,167.39999389648438,168.1999969482422,167.39999389648438,168.0,17582800,2953910400.0
2015-04-30,165.5,165.8000030517578,163.6999969482422,164.0,41814500,6857578000.0
2015-05-01,163.60000610351562,163.89999389648438,162.10000610351562,163.5,25636300,4191535050.0
2015-05-07,162.3000030517578,163.60000610351562,162.0,162.60000610351562,30058000,4887430983.459473
2015-05-08,162.60000610351562,164.39999389648438,162.3000030517578,164.0,19175100,3144716400.0
2015-05-11,166.10000610351562,166.39999389648438,164.6999969482422,164.8000030517578,23996400,3954606793.231201
2015-05-12,164.89999389648438,165.1999969482422,163.60000610351562,165.1999969482422,21133100,3491188055.506897
2015-05-13,164.5,165.6999969482422,163.8000030517578,165.3000030517578,21325300,3525072155.079651
2015-05-14,164.5,165.1999969482422,163.89999389648438,164.10000610351562,23939500,3928472096.1151123
2015-05-15,165.10000610351562,166.0,164.60000610351562,165.6999969482422,22056500,3654761982.688904
2015-05-18,166.1999969482422,167.8000030517578,166.1999969482422,167.8000030517578,24602600,4128316355.0811768
2015-05-19,168.1999969482422,169.0,168.10000610351562,168.5,34163700,5756583450.0
2015-05-20,169.6999969482422,170.3000030517578,169.1999969482422,169.6999969482422,34304100,5821405665.312195
2015-05-21,169.8000030517578,170.8000030517578,169.5,169.8000030517578,27297400,4635098603.305054
2015-05-22,170.0,170.10000610351562,169.0,169.89999389648438,20279500,3445486926.223755
2015-05-25,170.8000030517578,171.3000030517578,170.5,171.1999969482422,18186100,3113460264.5004272
2015-05-26,171.1999969482422,171.5,170.8000030517578,171.10000610351562,14666500,2509438239.517212
2015-05-27,170.8000030517578,171.8000030517578,170.5,171.39999389648438,29667000,5084923618.927002
2015-05-28,172.3000030517578,173.3000030517578,171.89999389648438,172.60000610351562,35787800,6176974498.4313965
2015-05-29,172.60000610351562,173.39999389648438,172.1999969482422,172.1999969482422,29764600,5125464029.165649
2015-06-01,171.60000610351562,173.39999389648438,171.3000030517578,173.10000610351562,23196000,4015227741.5771484
2015-06-02,173.39999389648438,173.60000610351562,172.1999969482422,172.60000610351562,20209800,3488211603.35083
2015-06-03,172.0,172.60000610351562,171.5,172.3000030517578,23642100,4073533902.1499634
2015-06-04,172.6999969482422,173.0,172.10000610351562,172.6999969482422,28324800,4891692873.55957
2015-06-05,171.6999969482422,172.1999969482422,171.10000610351562,171.89999389648438,39721500,6828125607.559204
2015-06-08,172.60000610351562,172.60000610351562,171.0,171.60000610351562,22145800,3800219415.1672363
2015-06-09,170.1999969482422,170.5,168.5,168.6999969482422,68563400,11566645370.761108
2015-06-10,168.60000610351562,170.0,167.8000030517578,168.0,31293600,5257324800.0
2015-06-11,169.10000610351562,170.5,169.10000610351562,170.1999969482422,19046700,3241748281.8740845
2015-06-12,170.6999969482422,170.89999389648438,169.8000030517578,170.39999389648438,13485400,2297912077.6916504
2015-06-15,169.10000610351562,170.60000610351562,168.8000030517578,170.39999389648438,14581000,2484602311.0046387
2015-06-16,169.8000030517578,170.10000610351562,168.89999389648438,169.10000610351562,11026100,1864513577.2979736
2015-06-17,169.6999969482422,169.8000030517578,168.10000610351562,168.60000610351562,17010100,2867902963.821411
2015-06-18,168.3000030517578,168.39999389648438,166.6999969482422,166.8000030517578,37074500,6184026713.142395
2015-06-19,168.3000030517578,168.6999969482422,167.60000610351562,168.1999969482422,37823500,6361912584.571838
2015-06-22,168.39999389648438,170.1999969482422,168.3000030517578,170.0,21108400,3588428000.0
2015-06-23,171.10000610351562,173.0,171.0,173.0,59263600,10252602800.0
2015-06-24,173.60000610351562,174.0,173.10000610351562,173.3000030517578,40122600,6953246702.444458
2015-06-25,172.3000030517578,173.10000610351562,172.10000610351562,172.1999969482422,59683900,10277567397.859192
2015-06-26,171.8000030517578,172.60000610351562,170.89999389648438,171.89999389648438,48264100,8296598495.419312
2015-06-29,166.89999389648438,169.3000030517578,166.6999969482422,167.8000030517578,48879800,8202030589.169312
2015-06-30,167.89999389648438,168.6999969482422,167.39999389648438,168.10000610351562,26467900,4449254151.547241
2015-07-01,168.6999969482422,169.10000610351562,168.0,168.89999389648438,22976800,3880781379.760742
2015-07-02,170.6999969482422,171.10000610351562,169.89999389648438,170.0,29739200,5055664000.0
2015-07-03,170.10000610351562,170.8000030517578,169.6999969482422,170.39999389648438,21313600,3631837309.9121094
2015-07-06,167.8000030517578,168.6999969482422,166.6999969482422,167.1999969482422,72613200,12140926818.4021
2015-07-07,169.1999969482422,169.8000030517578,168.89999389648438,169.0,37985200,6419498800.0
2015-07-08,166.1999969482422,166.1999969482422,161.1999969482422,161.39999389648438,121581000,19623172657.928467
2015-07-09,157.39999389648438,161.0,155.1999969482422,161.0,93230200,15010062200.0
2015-07-10,161.6999969482422,163.10000610351562,160.60000610351562,161.1999969482422,49421300,7966713409.178162
2015-07-13,162.89999389648438,164.5,162.6999969482422,164.10000610351562,31667900,5196702583.285522
2015-07-14,166.8000030517578,167.3000030517578,166.3000030517578,166.6999969482422,32586500,5432169450.553894
2015-07-15,167.5,167.8000030517578,166.8000030517578,167.6999969482422,22138100,3712559302.4398804
2015-07-16,168.60000610351562,169.0,168.0,169.0,21010200,3550723800.0
2015-07-17,169.3000030517578,169.39999389648438,168.6999969482422,169.0,16353000,2763657000.0
2015-07-21,170.10000610351562,170.5,169.5,170.5,35526400,6057251200.0
2015-07-22,169.10000610351562,169.10000610351562,168.39999389648438,168.5,36209400,6101283900.0
2015-07-23,169.1999969482422,169.5,168.8000030517578,169.39999389648438,15633400,2648297864.581299
2015-07-24,169.0,169.1999969482422,168.1999969482422,168.5,9487200,1598593200.0
2015-07-27,167.3000030517578,168.0,166.0,166.8000030517578,26336700,4392961640.37323
2015-07-28,164.8000030517578,166.8000030517578,164.10000610351562,165.8000030517578,35589400,5900722628.6102295
2015-07-29,166.39999389648438,166.60000610351562,165.39999389648438,166.3000030517578,10269200,1707767991.3391113
2015-07-30,167.39999389648438,168.5,167.1999969482422,167.89999389648438,27521200,4620809312.023926
2015-07-31,167.89999389648438,168.89999389648438,167.6999969482422,168.6999969482422,15032400,2535965834.124756
2015-08-03,168.89999389648438,169.0,167.60000610351562,168.8000030517578,16843900,2843250371.4035034
2015-08-04,168.3000030517578,169.10000610351562,168.10000610351562,168.89999389648438,24342600,4111464991.4245605
2015-08-05,168.6999969482422,170.5,168.5,169.6999969482422,20104600,3411750558.64563
2015-08-06,171.0,171.89999389648438,170.1999969482422,170.39999389648438,30298300,5162830135.073853
2015-08-07,170.0,171.10000610351562,169.39999389648438,171.0,15885100,2716352100.0
2015-08-10,170.39999389648438,172.10000610351562,170.0,172.10000610351562,21908100,3770384143.7164307
2015-08-11,173.0,173.3000030517578,170.60000610351562,171.89999389648438,37481200,6443018051.23291
2015-08-12,170.89999389648438,171.60000610351562,168.39999389648438,169.39999389648438,41148600,6970572588.848877
2015-08-13,168.8000030517578,170.10000610351562,168.0,169.89999389648438,70438800,11967551690.075684
2015-08-14,169.39999389648438,170.1999969482422,169.10000610351562,169.5,15393700,2609232150.0
2015-08-17,170.1999969482422,170.8000030517578,169.60000610351562,170.39999389648438,7327900,1248674115.2740479
2015-08-18,170.5,170.8000030517578,170.10000610351562,170.10000610351562,25991700,4421188328.640747
2015-08-19,169.3000030517578,170.0,167.60000610351562,167.60000610351562,49369800,8274378781.329346
2015-08-20,166.89999389648438,167.1999969482422,165.10000610351562,165.10000610351562,42192800,6966031537.524414
2015-08-21,161.10000610351562,161.89999389648438,160.0,160.0,65974600,10555936000.0
2015-08-24,156.0,156.3000030517578,150.6999969482422,151.0,156551400,23639261400.0
2015-08-25,145.39999389648438,153.8000030517578,143.60000610351562,146.0,197746500,28870989000.0
2015-08-26,146.6999969482422,151.5,146.0,151.5,185251000,28065526500.0
2015-08-27,153.89999389648438,155.1999969482422,152.39999389648438,153.10000610351562,85329800,13063992900.811768
2015-08-28,157.10000610351562,158.5,156.10000610351562,157.89999389648438,62659100,9893871507.559204
2015-08-31,157.10000610351562,157.3000030517578,155.1999969482422,156.10000610351562,37219100,5809901737.167358
2015-09-01,155.3000030517578,155.60000610351562,150.39999389648438,150.39999389648438,71741500,10789921162.124634
2015-09-02,147.60000610351562,152.1999969482422,147.10000610351562,148.89999389648438,135689200,20204121051.818848
2015-09-03,151.3000030517578,152.5,150.0,150.10000610351562,31764700,4767881663.876343
2015-09-04,151.39999389648438,151.39999389648438,145.39999389648438,147.10000610351562,70515000,10372756930.389404
2015-09-07,146.0,148.1999969482422,144.10000610351562,147.3000030517578,51536500,7591326607.2769165
2015-09-08,147.5,147.8000030517578,144.0,144.10000610351562,50212200,7235578326.470947
2015-09-09,149.3000030517578,153.39999389648438,148.5,153.10000610351562,63012600,9647229444.598389
2015-09-10,149.10000610351562,150.89999389648438,147.89999389648438,150.3000030517578,44893300,6747463127.003479
2015-09-11,148.5,151.5,148.3000030517578,150.60000610351562,31513500,4745933292.34314
2015-09-14,151.1999969482422,151.1999969482422,148.5,148.89999389648438,22179100,3302467854.6295166
2015-09-15,149.8000030517578,151.6999969482422,148.8000030517578,148.8000030517578,27953700,4159510645.3079224
2015-09-16,150.6999969482422,151.0,149.3000030517578,149.89999389648438,18535500,2778471336.868286
2015-09-17,151.39999389648438,152.1999969482422,150.5,151.89999389648438,31570400,4795543567.30957
2015-09-18,150.60000610351562,150.60000610351562,148.5,149.0,29218000,4353482000.0
2015-09-24,146.6999969482422,147.10000610351562,145.39999389648438,145.39999389648438,35025100,5092649326.223755
2015-09-25,145.6999969482422,148.1999969482422,144.8000030517578,147.89999389648438,65712800,9718922718.920898
2015-09-28,148.6999969482422,149.10000610351562,146.6999969482422,147.89999389648438,25928900,3834884151.7425537
2015-09-29,144.39999389648438,144.5,140.5,141.10000610351562,63848500,9009023739.700317
2015-09-30,143.39999389648438,145.5,143.0,144.60000610351562,64557800,9335058274.029541
2015-10-01,146.10000610351562,148.8000030517578,144.89999389648438,147.89999389648438,53850300,7964459041.323853
2015-10-02,146.5,148.39999389648438,146.3000030517578,148.10000610351562,26927600,3987977724.3530273
2015-10-05,149.8000030517578,150.89999389648438,149.0,150.3000030517578,37367600,5616350394.036865
2015-10-06,152.6999969482422,153.10000610351562,151.10000610351562,151.39999389648438,59147000,8954855438.995361
2015-10-07,151.60000610351562,153.60000610351562,150.8000030517578,153.0,33791300,5170068900.0
2015-10-08,152.8000030517578,153.8000030517578,151.60000610351562,151.6999969482422,35603400,5401035671.347046
2015-10-09,153.0,155.5,153.0,155.39999389648438,25914400,4027097601.8310547
2015-10-13,154.5,155.10000610351562,153.8000030517578,154.1999969482422,16695600,2574461469.0490723
2015-10-14,152.6999969482422,152.89999389648438,150.5,150.89999389648438,27707200,4181016310.888672
2015-10-15,150.39999389648438,153.3000030517578,150.0,152.89999389648438,26016400,3977907401.208496
2015-10-16,154.1999969482422,155.39999389648438,154.0,154.1999969482422,29387400,4531536990.316772
2015-10-19,154.1999969482422,154.6999969482422,152.6999969482422,153.39999389648438,21036100,3226937611.605835
2015-10-20,154.3000030517578,154.3000030517578,153.1999969482422,154.10000610351562,9820400,1513323699.9389648
2015-10-21,153.5,156.89999389648438,153.39999389648438,156.5,24103000,3772119500.0
2015-10-22,155.3000030517578,156.8000030517578,155.1999969482422,155.6999969482422,30732400,4785034586.212158
2015-10-23,159.39999389648438,159.5,158.5,159.0,57755100,9183060900.0
2015-10-26,160.89999389648438,161.10000610351562,159.6999969482422,159.6999969482422,25633700,4093701811.772156
2015-10-27,160.0,160.10000610351562,158.1999969482422,158.1999969482422,41974200,6640318311.904907
2015-10-28,158.8000030517578,159.10000610351562,158.0,158.60000610351562,18078800,2867297790.3442383
2015-10-29,159.6999969482422,159.89999389648438,157.5,159.0,27280200,4337551800.0
2015-10-30,158.60000610351562,161.0,157.6999969482422,159.6999969482422,57640700,9205219614.094543
2015-11-02,157.5,157.60000610351562,156.1999969482422,156.6999969482422,26303000,4121680019.7296143
2015-11-04,159.1999969482422,159.6999969482422,157.89999389648438,158.10000610351562,24385400,3855331888.83667
2015-11-05,158.89999389648438,160.0,158.5,159.39999389648438,28756200,4583738104.486084
2015-11-06,160.0,160.6999969482422,159.5,160.60000610351562,23715200,3808661264.7460938
2015-11-09,161.6999969482422,163.60000610351562,161.60000610351562,163.0,35959700,5861431100.0
2015-11-10,161.60000610351562,163.10000610351562,161.39999389648438,162.89999389648438,22716300,3700485131.350708
2015-11-11,162.39999389648438,164.0,162.39999389648438,164.0,21906600,3592682400.0
2015-11-12,163.3000030517578,163.8000030517578,162.8000030517578,163.39999389648438,18466300,3017393307.2906494
2015-11-13,161.39999389648438,162.6999969482422,161.10000610351562,162.39999389648438,32177300,5225593323.605347
2015-11-16,159.5,161.6999969482422,159.39999389648438,161.3000030517578,22658600,3654832249.1485596
2015-11-17,163.1999969482422,163.39999389648438,162.6999969482422,162.89999389648438,25710600,4188256583.074951
2015-11-18,163.60000610351562,164.0,162.60000610351562,162.8000030517578,18040600,2937009735.055542
2015-11-19,164.3000030517578,165.10000610351562,163.5,164.1999969482422,43827300,7196442526.249695
2015-11-20,163.8000030517578,164.1999969482422,163.10000610351562,164.1999969482422,12028100,1975013983.2931519
2015-11-24,164.1999969482422,165.0,163.89999389648438,164.8000030517578,11482300,1892283075.0411987
2015-11-25,163.89999389648438,164.1999969482422,163.0,163.39999389648438,16033800,2619922822.137451
2015-11-26,164.10000610351562,164.89999389648438,164.0,164.5,24930200,4101017900.0
2015-11-27,164.8000030517578,164.8000030517578,163.1999969482422,163.60000610351562,16657900,2725232541.671753
2015-11-30,163.3000030517578,163.5,161.89999389648438,162.10000610351562,26182000,4244102359.802246
2015-12-01,162.39999389648438,164.10000610351562,162.1999969482422,163.89999389648438,71220200,11672990345.306396
2015-12-02,163.89999389648438,164.8000030517578,163.89999389648438,164.1999969482422,50571700,8303872985.667419
2015-12-03,164.0,164.60000610351562,163.60000610351562,164.3000030517578,43436800,7136666372.558594
2015-12-04,161.60000610351562,162.0,160.8000030517578,161.3000030517578,34123700,5504152914.137268
2015-12-07,162.8000030517578,163.60000610351562,162.5,162.8000030517578,31781900,5174093416.990662
2015-12-08,162.6999969482422,163.10000610351562,160.6999969482422,160.89999389648438,23885000,3843096354.2175293
2015-12-09,160.3000030517578,161.0,159.3000030517578,159.6999969482422,45839600,7320583980.108643
2015-12-10,158.10000610351562,158.6999969482422,157.6999969482422,157.89999389648438,41971000,6627220643.829346
2015-12-11,157.5,159.3000030517578,157.3000030517578,158.8000030517578,46577900,7396570662.14447
2015-12-14,155.5,157.0,154.3000030517578,157.0,48093800,7550726600.0
2015-12-15,156.8000030517578,157.0,154.0,154.1999969482422,38965500,6008479981.086731
2015-12-16,156.60000610351562,158.1999969482422,156.5,158.10000610351562,34091500,5389866358.078003
2015-12-17,161.0,161.8000030517578,160.1999969482422,160.3000030517578,40228200,6448580582.766724
2015-12-18,160.3000030517578,164.0,157.60000610351562,157.89999389648438,99112600,15649878935.064697
2015-12-21,156.5,157.6999969482422,155.0,157.3000030517578,26525400,4172445500.9490967
2015-12-22,157.1999969482422,157.6999969482422,156.39999389648438,157.5,15973800,2515873500.0
2015-12-24,158.6999969482422,158.89999389648438,156.10000610351562,156.10000610351562,19328200,3017132137.9699707
2015-12-25,156.39999389648438,156.5,155.1999969482422,155.39999389648438,12783100,1986493661.9781494
2015-12-28,156.39999389648438,157.39999389648438,155.89999389648438,156.89999389648438,12764200,2002702902.0935059
2015-12-29,156.6999969482422,158.6999969482422,156.10000610351562,158.6999969482422,27413300,4350490626.341248
2015-12-30,159.10000610351562,159.60000610351562,158.6999969482422,158.89999389648438,17311100,2750733684.3414307
2016-01-04,157.3000030517578,158.6999969482422,154.60000610351562,155.1999969482422,44857200,6961837303.106689
2016-01-05,154.39999389648438,155.8000030517578,153.8000030517578,154.3000030517578,54684000,8437741366.882324
2016-01-06,154.6999969482422,155.5,151.8000030517578,153.0,36545900,5591522700.0
2016-01-07,152.39999389648438,153.0,149.5,149.60000610351562,62176600,9301619739.49585
2016-01-08,148.3000030517578,151.3000030517578,147.6999969482422,148.60000610351562,55052000,8180727536.010742
2016-01-12,146.6999969482422,147.5,143.89999389648438,143.89999389648438,112098400,16130959075.805664
2016-01-13,146.3000030517578,148.1999969482422,146.0,148.10000610351562,35613200,5274315137.365723
2016-01-14,144.10000610351562,144.6999969482422,142.0,144.60000610351562,93486100,13518090630.593872
2016-01-15,146.8000030517578,147.3000030517578,143.10000610351562,144.0,36013100,5185886400.0
2016-01-18,141.0,143.10000610351562,140.0,142.39999389648438,80192700,11419439990.542603
2016-01-19,141.89999389648438,143.3000030517578,141.10000610351562,142.6999969482422,59286900,8460240449.07074
2016-01-20,142.1999969482422,142.3000030517578,137.3000030517578,137.60000610351562,61211600,8422716533.605957
2016-01-21,137.60000610351562,139.6999969482422,133.60000610351562,133.8000030517578,69231600,9263188291.278076
2016-01-22,138.3000030517578,141.39999389648438,136.89999389648438,141.0,42951900,6056217900.0
2016-01-25,143.60000610351562,143.6999969482422,141.39999389648438,143.0,44170500,6316381500.0
2016-01-26,140.6999969482422,141.0,139.39999389648438,139.5,41151500,5740634250.0
2016-01-27,142.6999969482422,144.10000610351562,142.10000610351562,143.8000030517578,61255100,8808483566.93573
2016-01-28,143.0,144.60000610351562,142.1999969482422,142.89999389648438,38979100,5570113152.090454
2016-01-29,143.8000030517578,147.8000030517578,140.60000610351562,147.6999969482422,119180300,17602929946.29059
2016-02-01,149.6999969482422,150.39999389648438,148.8000030517578,150.10000610351562,62829300,9430678313.479614
2016-02-02,148.39999389648438,150.1999969482422,148.3000030517578,149.10000610351562,27210200,4057040986.077881
2016-02-03,145.8000030517578,146.1999969482422,143.39999389648438,144.39999389648438,51876000,7490894083.374023
2016-02-04,142.60000610351562,144.10000610351562,141.89999389648438,142.5,40324300,5746212750.0
2016-02-05,140.10000610351562,141.10000610351562,138.89999389648438,140.60000610351562,33935000,4771261207.122803
2016-02-08,138.60000610351562,142.60000610351562,138.1999969482422,141.60000610351562,30993300,4388651469.168091
2016-02-09,136.0,136.39999389648438,133.39999389648438,133.89999389648438,63442500,8494950362.77771
2016-02-10,133.89999389648438,134.39999389648438,127.9000015258789,129.6999969482422,116385400,15095186024.819946
2016-02-12,125.0999984741211,126.0999984741211,122.5,122.9000015258789,206221400,25344610374.668884
2016-02-15,128.6999969482422,133.8000030517578,128.3000030517578,132.8000030517578,66616100,8846618283.296204
2016-02-16,131.60000610351562,135.60000610351562,131.1999969482422,133.0,74723700,9938252100.0
2016-02-17,132.5,134.60000610351562,129.89999389648438,131.5,68578700,9018099050.0
2016-02-18,135.5,135.8000030517578,133.89999389648438,134.60000610351562,46304700,6232612902.62146
2016-02-19,133.10000610351562,133.39999389648438,131.5,132.89999389648438,48849700,6492124831.845093
2016-02-22,131.60000610351562,134.0,131.3000030517578,133.1999969482422,35220200,4691330532.5164795
2016-02-23,134.1999969482422,135.10000610351562,132.3000030517578,132.5,48511200,6427734000.0
2016-02-24,130.6999969482422,132.60000610351562,130.0,131.8000030517578,46859700,6176108603.004456
2016-02-25,132.3000030517578,134.89999389648438,132.3000030517578,134.5,40545500,5453369750.0
2016-02-26,135.5,136.60000610351562,134.60000610351562,134.6999969482422,81818900,11021005580.308533
2016-02-29,136.5,137.0,133.3000030517578,133.39999389648438,31867900,4251177665.4937744
2016-03-01,133.0,134.0,131.8000030517578,133.5,38265900,5108497650.0
2016-03-02,137.39999389648438,139.1999969482422,136.60000610351562,138.60000610351562,57880600,8022251513.2751465
2016-03-03,138.3000030517578,140.6999969482422,138.3000030517578,140.39999389648438,60706100,8523136069.47937
2016-03-04,139.89999389648438,141.3000030517578,139.6999969482422,141.0,41948800,5914780800.0
2016-03-07,140.89999389648438,141.1999969482422,139.6999969482422,139.89999389648438,25759700,3603781872.7752686
2016-03-08,139.3000030517578,139.8000030517578,136.60000610351562,138.1999969482422,39480000,5456135879.516602
2016-03-09,136.89999389648438,137.5,135.8000030517578,136.8000030517578,48432500,6625566147.80426
2016-03-10,138.0,139.10000610351562,137.3000030517578,138.89999389648438,32326600,4490164542.694092
2016-03-11,136.8000030517578,140.1999969482422,136.6999969482422,139.39999389648438,38454300,5360529185.293579
2016-03-14,141.3000030517578,142.1999969482422,140.8000030517578,141.6999969482422,30082200,4262647648.196411
2016-03-15,141.5,142.10000610351562,140.1999969482422,140.60000610351562,36867900,5183626965.023804
2016-03-16,139.6999969482422,141.10000610351562,139.60000610351562,139.89999389648438,31352000,4386144608.642578
2016-03-17,140.8000030517578,141.8000030517578,138.39999389648438,139.3000030517578,51115700,7120417165.992737
2016-03-18,139.0,139.60000610351562,137.10000610351562,138.1999969482422,49652400,6861961528.4729
2016-03-22,139.8000030517578,141.3000030517578,139.0,140.39999389648438,80362000,11282824309.509277
2016-03-23,140.6999969482422,141.5,139.8000030517578,140.0,37164300,5203002000.0
2016-03-24,139.39999389648438,140.1999969482422,138.5,138.89999389648438,33658000,4675095994.567871
2016-03-25,139.1999969482422,140.5,138.8000030517578,140.1999969482422,30578100,4287049526.6830444
2016-03-28,141.1999969482422,141.6999969482422,140.10000610351562,141.6999969482422,33031900,4680620129.194641
2016-03-29,141.60000610351562,143.10000610351562,141.60000610351562,142.6999969482422,37300400,5322766966.168213
2016-03-30,142.3000030517578,142.5,140.5,140.6999969482422,24406200,3433952265.5181885
2016-03-31,141.39999389648438,141.8000030517578,139.39999389648438,139.6999969482422,36054700,5036841479.969788
2016-04-01,139.0,139.1999969482422,134.39999389648438,134.60000610351562,111978800,15072347163.464355
2016-04-04,134.39999389648438,136.1999969482422,133.89999389648438,135.0,33704600,4550121000.0
2016-04-05,134.3000030517578,134.39999389648438,131.1999969482422,131.39999389648438,40819200,5363642630.859375
2016-04-06,131.1999969482422,132.0,130.10000610351562,131.39999389648438,52026900,6836334342.453003
2016-04-07,131.1999969482422,132.8000030517578,130.6999969482422,131.89999389648438,31826000,4197849205.7495117
2016-04-08,130.0,135.10000610351562,129.5,133.3000030517578,46336800,6176695581.408691
2016-04-11,132.6999969482422,133.0,130.8000030517578,132.89999389648438,33353300,4432653366.427612
2016-04-12,132.39999389648438,135.0,132.3000030517578,134.8000030517578,45771500,6169998339.683533
2016-04-13,136.3000030517578,138.3000030517578,136.0,138.0,55878400,7711219200.0
2016-04-14,140.3000030517578,142.0,140.10000610351562,141.89999389648438,75503000,10713875239.16626
2016-04-15,140.10000610351562,141.8000030517578,140.10000610351562,140.6999969482422,45438700,6393224951.332092
2016-04-18,136.0,137.5,136.0,136.8000030517578,41416000,5665708926.391602
2016-04-19,140.39999389648438,141.60000610351562,140.39999389648438,141.3000030517578,35578100,5027185638.575745
2016-04-20,142.5,143.10000610351562,141.3000030517578,141.5,31934800,4518774200.0
2016-04-21,144.3000030517578,144.5,143.10000610351562,144.0,40749700,5867956800.0
2016-04-22,142.89999389648438,145.89999389648438,142.8000030517578,145.6999969482422,41519200,6049347313.293457
2016-04-25,146.3000030517578,146.5,144.8000030517578,145.1999969482422,26105500,3790518520.3323364
2016-04-26,144.5,144.89999389648438,142.89999389648438,144.10000610351562,20019300,2884781252.1881104
2016-04-27,144.10000610351562,144.60000610351562,142.89999389648438,143.60000610351562,16590300,2382367181.2591553
2016-04-28,144.89999389648438,145.6999969482422,138.0,138.89999389648438,57956900,8050213056.259155
2016-05-02,132.89999389648438,134.8000030517578,132.89999389648438,134.6999969482422,87909400,11841395911.721802
2016-05-06,135.39999389648438,135.8000030517578,133.5,134.5,25545900,3435923550.0
2016-05-09,135.5,136.10000610351562,135.0,135.39999389648438,23586100,3193557796.04187
2016-05-10,136.1999969482422,138.60000610351562,135.5,138.3000030517578,20872600,2886680643.69812
2016-05-11,139.6999969482422,140.3000030517578,137.89999389648438,138.10000610351562,31146600,4301345650.10376
2016-05-12,136.8000030517578,138.8000030517578,136.3000030517578,138.60000610351562,23930700,3316795166.0614014
2016-05-13,139.10000610351562,139.39999389648438,136.60000610351562,136.6999969482422,34018000,4650260496.185303
2016-05-16,136.89999389648438,138.1999969482422,136.5,136.8000030517578,25546900,3494815997.9629517
2016-05-17,138.0,138.60000610351562,137.3000030517578,138.60000610351562,21133800,2929144808.9904785
2016-05-18,138.10000610351562,139.89999389648438,137.60000610351562,138.8000030517578,37684700,5230636475.004578
2016-05-19,139.8000030517578,140.1999969482422,137.89999389648438,138.39999389648438,65533700,9069863680.014038
2016-05-20,138.0,139.5,137.8000030517578,139.3000030517578,23765200,3310492432.525635
2016-05-23,138.60000610351562,138.89999389648438,136.6999969482422,138.8000030517578,29871400,4146150411.1602783
2016-05-24,138.3000030517578,138.3000030517578,137.1999969482422,137.60000610351562,17408900,2395464746.255493
2016-05-25,139.89999389648438,140.39999389648438,139.10000610351562,139.39999389648438,25628600,3572626683.5754395
2016-05-26,140.60000610351562,140.8000030517578,138.89999389648438,139.3000030517578,31624300,4405265086.509705
2016-05-27,139.6999969482422,140.1999969482422,139.3000030517578,140.10000610351562,17336200,2428801725.8117676
2016-05-30,141.0,141.6999969482422,140.3000030517578,141.6999969482422,31492300,4462458813.893127
2016-05-31,141.1999969482422,143.1999969482422,141.0,142.89999389648438,23294700,3328812487.8204346
2016-06-01,141.6999969482422,142.5,140.8000030517578,141.3000030517578,17176100,2426982982.4172974
2016-06-02,140.0,140.1999969482422,137.8000030517578,138.10000610351562,31049700,4287963759.512329
2016-06-03,138.3000030517578,139.10000610351562,137.89999389648438,138.6999969482422,18982600,2632886562.069702
2016-06-06,136.3000030517578,138.3000030517578,135.8000030517578,138.3000030517578,21272100,2941931494.9172974
2016-06-07,138.39999389648438,139.3000030517578,137.89999389648438,139.10000610351562,19085800,2654834896.4904785
2016-06-08,139.39999389648438,140.10000610351562,138.10000610351562,140.10000610351562,18649100,2612739023.8250732
2016-06-09,139.10000610351562,139.6999969482422,138.10000610351562,138.5,21851000,3026363500.0
2016-06-10,138.1999969482422,138.5,136.89999389648438,137.89999389648438,18106500,2496886239.4866943
2016-06-13,135.39999389648438,135.39999389648438,133.10000610351562,133.10000610351562,28719700,3822592245.2911377
2016-06-14,132.89999389648438,133.5,131.0,132.0,25191000,3325212000.0
2016-06-15,131.39999389648438,133.1999969482422,130.89999389648438,132.39999389648438,32233200,4267675483.26416
2016-06-16,131.8000030517578,132.3000030517578,128.3000030517578,128.89999389648438,38709400,4989641423.736572
2016-06-17,130.6999969482422,131.10000610351562,129.39999389648438,129.8000030517578,65349600,8482378279.431152
2016-06-20,131.89999389648438,133.1999969482422,131.60000610351562,132.60000610351562,25646500,3400726056.5338135
2016-06-21,131.6999969482422,134.60000610351562,130.89999389648438,134.3000030517578,39388900,5289929390.205383
2016-06-22,133.8000030517578,134.10000610351562,132.39999389648438,133.3000030517578,27133500,3616895632.8048706
2016-06-23,133.5,134.89999389648438,132.89999389648438,134.60000610351562,68563800,9228687898.480225
2016-06-24,135.60000610351562,135.89999389648438,123.5,124.5999984741211,172963700,21551276756.07834
2016-06-27,126.5,127.30000305175781,125.69999694824219,127.0999984741211,55563100,7062069925.217438
2016-06-28,125.4000015258789,128.1999969482422,124.30000305175781,127.19999694824219,81162300,10323844312.312317
2016-06-29,129.0,130.10000610351562,128.0,129.6999969482422,32406500,4203122951.1032104
2016-06-30,131.10000610351562,131.3000030517578,129.39999389648438,129.5,40491800,5243688100.0
2016-07-01,130.1999969482422,131.0,129.6999969482422,130.1999969482422,79306900,10325758137.974548
2016-07-04,129.60000610351562,131.1999969482422,129.39999389648438,131.0,23630700,3095621700.0
2016-07-05,130.5,130.6999969482422,129.6999969482422,130.3000030517578,36905400,4808773732.626343
2016-07-06,125.5,125.5999984741211,123.69999694824219,125.19999694824219,56237000,7040872228.378296
2016-07-07,125.0999984741211,125.80000305175781,124.19999694824219,124.5999984741211,18968800,2363512451.055908
2016-07-08,124.80000305175781,125.4000015258789,122.69999694824219,122.69999694824219,30841000,3784190605.8807373
2016-07-11,126.0,128.39999389648438,125.9000015258789,127.5,45093100,5749370250.0
2016-07-12,130.10000610351562,131.8000030517578,130.10000610351562,130.8000030517578,67725000,8858430206.680298
2016-07-13,133.5,133.89999389648438,131.6999969482422,132.0,46823400,6180688800.0
2016-07-14,132.1999969482422,133.39999389648438,132.0,133.10000610351562,66142000,8803500603.69873
2016-07-15,133.6999969482422,134.6999969482422,133.0,133.60000610351562,41361800,5525936732.452393
2016-07-19,135.0,135.1999969482422,133.6999969482422,135.10000610351562,38805500,5242623286.849976
2016-07-20,134.60000610351562,135.1999969482422,133.89999389648438,135.1999969482422,29984600,4053917828.4942627
2016-07-21,136.60000610351562,136.89999389648438,135.3000030517578,135.8000030517578,21079900,2862650484.3307495
2016-07-22,134.1999969482422,135.1999969482422,134.10000610351562,134.60000610351562,18981300,2554883095.852661
2016-07-25,135.10000610351562,136.10000610351562,134.39999389648438,134.5,22776300,3063412350.0
2016-07-26,133.6999969482422,133.89999389648438,132.3000030517578,132.8000030517578,49224400,6537000470.220947
2016-07-27,134.0,135.1999969482422,133.39999389648438,134.60000610351562,70141800,9441086708.111572
2016-07-28,133.39999389648438,133.8000030517578,132.39999389648438,132.89999389648438,17350800,2305921214.099121
2016-07-29,132.3000030517578,134.5,130.60000610351562,134.1999969482422,134553100,18057025609.376526
2016-08-01,132.3000030517578,134.60000610351562,131.8000030517578,134.1999969482422,53717300,7208861496.06781
2016-08-02,132.6999969482422,133.39999389648438,131.8000030517578,131.8000030517578,27452500,3618239583.7783813
2016-08-03,130.10000610351562,130.39999389648438,128.89999389648438,129.0,23630200,3048295800.0
2016-08-04,129.60000610351562,130.60000610351562,128.1999969482422,130.39999389648438,27641500,3604451431.289673
2016-08-05,130.5,131.0,129.6999969482422,130.0,15332200,1993186000.0
2016-08-08,131.8000030517578,132.60000610351562,131.5,132.5,12831100,1700120750.0
2016-08-09,132.6999969482422,133.89999389648438,132.5,133.60000610351562,13704300,1830894563.6444092
2016-08-10,133.3000030517578,134.0,132.8000030517578,133.39999389648438,14409400,1922213872.052002
2016-08-12,134.3000030517578,135.0,133.89999389648438,134.39999389648438,20120600,2704208517.1936035
2016-08-15,134.0,134.3000030517578,133.60000610351562,133.8000030517578,7728100,1034019803.5842896
2016-08-16,133.8000030517578,133.89999389648438,131.6999969482422,131.6999969482422,17691400,2329957326.010132
2016-08-17,131.8000030517578,133.39999389648438,131.6999969482422,133.1999969482422,17002600,2264746268.1121826
2016-08-18,132.3000030517578,132.6999969482422,131.0,131.1999969482422,14292600,1875189076.3824463
2016-08-19,131.8000030517578,132.10000610351562,130.89999389648438,131.6999969482422,13235100,1743062629.6096802
2016-08-22,132.10000610351562,132.5,131.60000610351562,132.3000030517578,15118600,2000190826.1383057
2016-08-23,131.8000030517578,132.89999389648438,131.1999969482422,131.60000610351562,25467700,3351549475.442505
2016-08-24,132.5,133.10000610351562,132.1999969482422,132.5,16435100,2177650750.0
2016-08-25,132.6999969482422,132.89999389648438,132.10000610351562,132.3000030517578,17820200,2357612514.3829346
2016-08-26,131.89999389648438,132.0,130.6999969482422,130.6999969482422,26438800,3455551079.3151855
2016-08-29,133.60000610351562,134.0,133.1999969482422,133.5,15166300,2024701050.0
2016-08-30,133.1999969482422,133.6999969482422,132.8000030517578,133.5,5183700,692023950.0
2016-08-31,134.5,135.3000030517578,134.3000030517578,135.0,26481200,3574962000.0
2016-09-01,135.3000030517578,136.0,134.89999389648438,135.8000030517578,17663600,2398716933.9050293
2016-09-02,135.60000610351562,136.39999389648438,135.5,136.1999969482422,12027300,1638118223.2955933
2016-09-05,137.8000030517578,137.89999389648438,136.39999389648438,136.6999969482422,25880300,3537836931.0195923
2016-09-06,136.6999969482422,137.60000610351562,136.60000610351562,137.5,16751500,2303331250.0
2016-09-07,135.89999389648438,137.3000030517578,135.89999389648438,137.10000610351562,14428300,1978120018.0633545
2016-09-08,137.1999969482422,137.1999969482422,135.89999389648438,136.8000030517578,11076300,1515237873.802185
2016-09-09,137.0,137.1999969482422,136.1999969482422,136.60000610351562,9532200,1302098578.1799316
2016-09-12,134.6999969482422,135.0,133.6999969482422,134.1999969482422,21117000,2833901335.5560303
2016-09-13,135.0,135.1999969482422,133.89999389648438,134.60000610351562,15925600,2143585857.2021484
2016-09-14,133.5,134.39999389648438,133.39999389648438,133.39999389648438,12386900,1652412384.3963623
2016-09-15,132.8000030517578,132.89999389648438,131.60000610351562,132.3000030517578,19498100,2579598689.503479
2016-09-16,132.5,133.5,132.1999969482422,133.5,13841500,1847840250.0
2016-09-20,132.6999969482422,134.60000610351562,132.60000610351562,133.8000030517578,12236500,1637243737.3428345
2016-09-21,133.6999969482422,137.8000030517578,133.0,137.5,44363800,6100022500.0
2016-09-23,136.8000030517578,137.39999389648438,136.39999389648438,137.1999969482422,30709700,4213370746.281433
2016-09-26,137.1999969482422,137.1999969482422,135.39999389648438,135.6999969482422,26210500,3556764770.011902
2016-09-27,134.1999969482422,137.10000610351562,133.5,137.10000610351562,23394600,3207399802.7893066
2016-09-28,136.89999389648438,137.0,135.6999969482422,136.3000030517578,15955000,2174666548.690796
2016-09-29,137.3000030517578,138.10000610351562,137.0,137.89999389648438,25587600,3528529883.8256836
2016-09-30,135.39999389648438,136.10000610351562,134.8000030517578,135.3000030517578,41936400,5673995047.979736
2016-10-03,136.5,137.1999969482422,136.10000610351562,136.1999969482422,34200700,4658135235.627747
2016-10-04,136.8000030517578,137.39999389648438,136.5,137.1999969482422,20606000,2827143137.1154785
2016-10-05,137.6999969482422,138.3000030517578,137.3000030517578,138.10000610351562,13508400,1865510122.4487305
2016-10-06,138.89999389648438,139.39999389648438,138.60000610351562,138.6999969482422,49942700,6927052337.586975
2016-10-07,138.6999969482422,138.6999969482422,137.8000030517578,138.3000030517578,17306200,2393447512.814331
2016-10-11,138.6999969482422,139.60000610351562,138.60000610351562,138.89999389648438,19402900,2695062691.5740967
2016-10-12,137.60000610351562,138.60000610351562,137.39999389648438,137.60000610351562,21290500,2929572929.9468994
2016-10-13,138.0,138.6999969482422,136.89999389648438,137.39999389648438,33547600,4609440035.241699
2016-10-14,137.5,138.10000610351562,137.0,137.89999389648438,12770700,1761079452.053833
2016-10-17,137.8000030517578,138.8000030517578,137.6999969482422,138.60000610351562,15541700,2154079714.859009
2016-10-18,138.1999969482422,139.0,137.89999389648438,138.89999389648438,46092700,6402275748.672485
2016-10-19,138.8000030517578,139.3000030517578,138.60000610351562,139.1999969482422,17056700,2374292587.9470825
2016-10-20,139.0,140.39999389648438,138.8000030517578,140.39999389648438,27554700,3868679711.819458
2016-10-21,140.5,140.6999969482422,139.5,139.8000030517578,14960800,2091519885.6567383
2016-10-24,140.10000610351562,140.3000030517578,139.39999389648438,140.1999969482422,17128000,2401345547.729492
2016-10-25,140.8000030517578,141.3000030517578,140.60000610351562,141.0,28021700,3951059700.0
2016-10-26,140.89999389648438,141.6999969482422,140.60000610351562,141.5,19135900,2707729850.0
2016-10-27,141.39999389648438,142.1999969482422,141.0,141.6999969482422,23204600,3288091749.1851807
2016-10-28,142.3000030517578,142.6999969482422,142.0,142.5,20348500,2899661250.0
2016-10-31,142.10000610351562,142.89999389648438,141.89999389648438,142.89999389648438,24532700,3505722680.264282
2016-11-01,142.5,142.89999389648438,141.8000030517578,142.89999389648438,33386700,4770959226.223755
2016-11-02,141.0,141.10000610351562,139.60000610351562,140.0,35240400,4933656000.0
2016-11-04,138.5,138.89999389648438,137.0,138.0,34899900,4816186200.0
2016-11-07,139.6999969482422,140.10000610351562,138.8000030517578,139.60000610351562,43812700,6116253187.411499
2016-11-08,140.10000610351562,140.1999969482422,139.3000030517578,139.6999969482422,34881900,4873001323.548889
2016-11-09,140.39999389648438,141.60000610351562,131.8000030517578,133.5,127290500,16993281750.0
2016-11-10,141.60000610351562,141.8000030517578,139.5,141.10000610351562,58018200,8186368374.11499
2016-11-11,142.6999969482422,143.39999389648438,140.60000610351562,141.3000030517578,46678300,6595643932.450867
2016-11-14,142.3000030517578,143.6999969482422,142.0,143.3000030517578,39865500,5712726271.659851
2016-11-15,143.8000030517578,144.10000610351562,142.89999389648438,143.6999969482422,34394500,4942489545.036316
2016-11-16,145.3000030517578,145.6999969482422,144.89999389648438,145.39999389648438,28539300,4149614045.8099365
2016-11-17,144.6999969482422,145.8000030517578,144.6999969482422,145.6999969482422,19960200,2908201079.0863037
2016-11-18,147.1999969482422,147.1999969482422,146.1999969482422,146.5,37848200,5544761300.0
2016-11-21,147.10000610351562,148.0,146.8000030517578,147.6999969482422,47736100,7050621824.320984
2016-11-22,147.6999969482422,148.39999389648438,147.5,148.3000030517578,18518600,2746308436.514282
2016-11-24,149.89999389648438,150.0,149.1999969482422,149.5,106669500,15947090250.0
2016-11-25,150.0,150.89999389648438,149.1999969482422,150.10000610351562,49867300,7485082034.365845
2016-11-28,149.39999389648438,150.8000030517578,149.10000610351562,150.5,28830900,4339050450.0
2016-11-29,149.60000610351562,150.60000610351562,149.60000610351562,150.5,21860200,3289960100.0
2016-11-30,150.6999969482422,150.89999389648438,150.10000610351562,150.39999389648438,25405300,3820956964.9383545
2016-12-01,152.5,153.60000610351562,151.39999389648438,151.60000610351562,57963200,8787221473.779297
2016-12-02,151.6999969482422,152.0,150.60000610351562,151.5,35323100,5351449650.0
2016-12-05,150.60000610351562,150.89999389648438,149.6999969482422,150.39999389648438,75774300,11396454257.510376
2016-12-06,151.8000030517578,152.10000610351562,150.8000030517578,151.39999389648438,32745400,4957653360.137939
2016-12-07,152.0,152.8000030517578,151.6999969482422,152.8000030517578,27532300,4206935524.0219116
2016-12-08,154.5,154.89999389648438,153.60000610351562,154.6999969482422,23089100,3571883699.5376587
2016-12-09,154.6999969482422,156.5,154.6999969482422,156.3000030517578,62077100,9702650919.444275
2016-12-12,157.60000610351562,158.10000610351562,155.6999969482422,156.89999389648438,38934100,6108760052.365112
2016-12-13,156.39999389648438,157.8000030517578,156.0,157.6999969482422,35909400,5662912270.413208
2016-12-14,157.6999969482422,158.0,157.39999389648438,157.6999969482422,40646700,6409984465.956116
2016-12-15,158.0,159.1999969482422,157.39999389648438,158.10000610351562,41432200,6550431072.88208
2016-12-16,159.3000030517578,159.39999389648438,158.39999389648438,158.89999389648438,27893500,4432276979.751587
2016-12-19,158.3000030517578,158.89999389648438,158.10000610351562,158.8000030517578,22445100,3564281948.4970093
2016-12-20,158.5,159.10000610351562,158.1999969482422,158.89999389648438,20136600,3199705617.0959473
2016-12-21,159.1999969482422,159.6999969482422,157.89999389648438,158.1999969482422,31179700,4932628444.847107
2016-12-22,158.10000610351562,158.10000610351562,157.3000030517578,158.10000610351562,24558800,3882746429.8950195
2016-12-26,157.89999389648438,158.0,157.5,157.8000030517578,15451700,2438278307.154846
2016-12-27,157.1999969482422,158.39999389648438,157.10000610351562,157.39999389648438,64678800,10180442725.231934
2016-12-28,157.6999969482422,158.10000610351562,157.1999969482422,157.8000030517578,22808800,3599228709.6069336
2016-12-29,156.89999389648438,157.0,155.1999969482422,155.8000030517578,23290200,3628613231.07605
2016-12-30,155.0,156.10000610351562,154.6999969482422,155.60000610351562,18928200,2945228035.5285645
2017-01-04,157.5,159.5,157.3000030517578,159.3000030517578,24949800,3974503216.140747
2017-01-05,159.6999969482422,159.89999389648438,158.89999389648438,159.5,30223500,4820648250.0
2017-01-06,157.89999389648438,159.60000610351562,157.8000030517578,159.39999389648438,39531900,6301384618.716431
2017-01-10,159.0,159.8000030517578,157.89999389648438,158.1999969482422,23156500,3663358229.33197
2017-01-11,158.6999969482422,159.3000030517578,158.39999389648438,159.0,13929700,2214822300.0
2017-01-12,158.39999389648438,158.60000610351562,156.6999969482422,157.39999389648438,33650200,5296541274.6154785
2017-01-13,157.3000030517578,158.5,157.3000030517578,158.5,24993200,3961422200.0
2017-01-16,158.10000610351562,158.3000030517578,156.60000610351562,156.89999389648438,42638700,6690011769.754028
2017-01-17,156.60000610351562,156.60000610351562,154.60000610351562,154.60000610351562,41771000,6457796854.949951
2017-01-18,154.10000610351562,155.5,153.1999969482422,155.39999389648438,43826900,6810699992.501831
2017-01-19,156.8000030517578,157.39999389648438,156.0,156.89999389648438,22572400,3541609422.229004
2017-01-20,156.8000030517578,157.6999969482422,156.5,157.3000030517578,28135500,4425714235.862732
2017-01-23,155.8000030517578,156.3000030517578,155.0,155.3000030517578,26057600,4046745359.5214844
2017-01-24,154.6999969482422,155.3000030517578,154.1999969482422,154.60000610351562,21882800,3383081013.5620117
2017-01-25,156.89999389648438,157.1999969482422,155.5,155.89999389648438,15464800,2410962225.6103516
2017-01-26,157.6999969482422,158.6999969482422,157.39999389648438,158.6999969482422,40041200,6354538317.803955
2017-01-27,159.1999969482422,159.39999389648438,158.5,158.8000030517578,11960300,1899295676.499939
2017-01-30,158.39999389648438,158.39999389648438,157.5,158.3000030517578,26455600,4187921560.736084
2017-01-31,156.39999389648438,157.1999969482422,155.89999389648438,156.10000610351562,29543200,4611693700.317383
2017-02-01,155.0,156.8000030517578,154.60000610351562,156.5,19764800,3093191200.0
2017-02-02,157.10000610351562,157.10000610351562,154.5,154.8000030517578,23390800,3620895911.3830566
2017-02-03,155.6999969482422,156.3000030517578,154.8000030517578,155.39999389648438,18578900,2887160946.6033936
2017-02-06,157.0,157.3000030517578,155.39999389648438,156.0,11869500,1851642000.0
2017-02-07,155.0,156.10000610351562,154.6999969482422,155.60000610351562,11023900,1715318907.284546
2017-02-08,155.8000030517578,156.39999389648438,155.39999389648438,156.3000030517578,12667800,1979977178.6590576
2017-02-09,155.6999969482422,156.0,155.0,155.39999389648438,11475900,1783354789.956665
2017-02-10,157.8000030517578,158.8000030517578,157.39999389648438,158.6999969482422,33928200,5384405236.459351
2017-02-13,159.89999389648438,160.0,159.10000610351562,159.5,30214600,4819228700.0
2017-02-14,159.89999389648438,160.0,157.6999969482422,157.6999969482422,27817600,4386835435.107422
2017-02-15,159.60000610351562,159.8000030517578,159.3000030517578,159.3000030517578,20643300,3288477752.998352
2017-02-16,159.3000030517578,159.60000610351562,158.1999969482422,159.0,12014300,1910273700.0
2017-02-17,158.1999969482422,158.6999969482422,157.60000610351562,158.39999389648438,11995800,1900134646.7834473
2017-02-20,158.0,158.89999389648438,157.5,158.60000610351562,12948700,2053663899.0325928
2017-02-21,158.8000030517578,159.60000610351562,158.60000610351562,159.5,9831600,1568140200.0
2017-02-22,160.0,160.0,159.3000030517578,159.6999969482422,14040300,2242235867.152405
2017-02-23,159.6999969482422,159.89999389648438,158.6999969482422,159.6999969482422,8263000,1319601074.7833252
2017-02-24,158.6999969482422,159.89999389648438,158.5,159.0,9951200,1582240800.0
2017-02-27,157.89999389648438,158.10000610351562,156.5,157.39999389648438,22775600,3584879300.9887695
2017-02-28,158.3000030517578,159.0,157.39999389648438,157.60000610351562,14398400,2269187927.8808594
2017-03-01,158.1999969482422,159.5,157.60000610351562,159.39999389648438,19293800,3075431602.23999
2017-03-02,161.5,161.8000030517578,160.5,160.60000610351562,40455300,6497121426.919556
2017-03-03,160.5,160.6999969482422,159.1999969482422,159.8000030517578,13349000,2133170240.737915
2017-03-06,159.5,159.8000030517578,159.0,159.39999389648438,15400500,2454839606.0028076
2017-03-07,159.3000030517578,159.8000030517578,159.1999969482422,159.39999389648438,18286900,2914931748.38562
2017-03-08,159.3000030517578,159.5,158.39999389648438,158.89999389648438,42222400,6709139102.294922
2017-03-09,159.89999389648438,159.89999389648438,159.0,159.5,27725000,4422137500.0
2017-03-10,160.89999389648438,161.6999969482422,160.6999969482422,161.6999969482422,28255100,4568849583.772278
2017-03-13,161.1999969482422,162.0,161.0,161.6999969482422,8452200,1366720714.2059326
2017-03-14,161.8000030517578,161.8000030517578,161.39999389648438,161.5,21263900,3434119850.0
2017-03-15,160.8000030517578,161.39999389648438,160.60000610351562,161.1999969482422,10911900,1758998246.699524
2017-03-16,160.1999969482422,161.60000610351562,160.0,161.3000030517578,11250900,1814770204.335022
2017-03-17,160.60000610351562,160.89999389648438,160.39999389648438,160.60000610351562,11621700,1866445090.9332275
2017-03-21,160.10000610351562,160.60000610351562,159.60000610351562,160.1999969482422,32465700,5201005040.922546
2017-03-22,157.5,158.10000610351562,156.89999389648438,156.89999389648438,31455600,4935383448.010254
2017-03-23,156.8000030517578,157.1999969482422,156.10000610351562,157.10000610351562,16665400,2618134441.7175293
2017-03-24,156.89999389648438,158.8000030517578,156.8000030517578,158.3000030517578,29924200,4737000951.321411
2017-03-27,157.0,157.1999969482422,155.8000030517578,156.39999389648438,27054700,4231354914.871216
2017-03-28,157.6999969482422,158.60000610351562,157.6999969482422,158.5,22470700,3561605950.0
2017-03-29,159.6999969482422,160.0,159.1999969482422,159.6999969482422,20477000,3270176837.5091553
2017-03-30,159.10000610351562,159.5,157.89999389648438,157.89999389648438,13715500,2165677366.2872314
2017-03-31,159.10000610351562,159.39999389648438,156.5,156.5,32379800,5067438700.0
2017-04-03,157.3000030517578,157.8000030517578,156.5,156.89999389648438,22219800,3486286484.3811035
2017-04-04,156.60000610351562,156.8000030517578,154.8000030517578,155.89999389648438,36198200,5643299159.063721
2017-04-05,156.3000030517578,156.8000030517578,155.0,155.6999969482422,24301200,3783696765.838623
2017-04-06,154.89999389648438,155.3000030517578,152.8000030517578,153.5,36043900,5532738650.0
2017-04-07,154.39999389648438,155.10000610351562,153.10000610351562,154.3000030517578,33250100,5130490531.471252
2017-04-10,155.3000030517578,155.6999969482422,154.8000030517578,155.39999389648438,21372500,3321286369.5526123
2017-04-11,154.39999389648438,155.10000610351562,154.0,154.89999389648438,13117300,2031869689.9383545
2017-04-12,153.3000030517578,153.60000610351562,152.39999389648438,153.1999969482422,21616400,3311632414.0319824
2017-04-13,151.6999969482422,152.3000030517578,151.0,151.8000030517578,36929900,5605958932.701111
2017-04-14,151.3000030517578,151.6999969482422,150.60000610351562,151.1999969482422,35332600,5342289012.173462
2017-04-17,150.39999389648438,151.89999389648438,150.1999969482422,151.89999389648438,17472400,2654057453.3569336
2017-04-18,153.0,153.3000030517578,152.0,152.3000030517578,24165300,3680375263.746643
2017-04-19,151.6999969482422,152.6999969482422,151.60000610351562,152.5,25482100,3886020250.0
2017-04-20,152.60000610351562,153.3000030517578,152.39999389648438,152.6999969482422,16874600,2576751368.5028076
2017-04-21,153.89999389648438,154.5,153.5,154.1999969482422,48154200,7425377493.045044
2017-04-24,156.1999969482422,156.3000030517578,155.39999389648438,155.8000030517578,29344500,4571873189.552307
2017-04-25,155.6999969482422,157.5,155.60000610351562,157.3000030517578,43868400,6900499453.875732
2017-04-26,158.5,159.39999389648438,158.10000610351562,159.39999389648438,53088900,8462370335.971069
2017-04-27,158.60000610351562,159.39999389648438,158.5,159.0,40374800,6419593200.0
2017-04-28,159.10000610351562,159.39999389648438,158.1999969482422,158.60000610351562,23865000,3784989145.6604004
2017-05-01,158.60000610351562,159.5,158.5,159.5,17472100,2786799950.0
2017-05-02,159.8000030517578,160.89999389648438,159.6999969482422,160.60000610351562,34279500,5505287909.225464
2017-05-08,162.60000610351562,164.39999389648438,162.39999389648438,164.3000030517578,46717300,7675652532.569885
2017-05-09,164.3000030517578,164.39999389648438,163.60000610351562,163.8000030517578,25058600,4104598756.4727783
2017-05-10,164.10000610351562,164.39999389648438,163.8000030517578,164.1999969482422,28958900,4755051291.624451
2017-05-11,164.39999389648438,164.60000610351562,163.8000030517578,164.39999389648438,20744900,3410461433.3831787
2017-05-12,164.3000030517578,164.39999389648438,163.10000610351562,163.6999969482422,18322800,2999442304.083252
2017-05-15,163.0,163.60000610351562,162.8000030517578,163.60000610351562,14017800,2293312165.5578613
2017-05-16,164.3000030517578,164.8000030517578,163.6999969482422,164.0,18398000,3017272000.0
2017-05-17,163.1999969482422,163.5,162.8000030517578,163.39999389648438,25021500,4088512947.280884
2017-05-18,160.60000610351562,161.5,160.3000030517578,161.10000610351562,25115600,4046123313.293457
2017-05-19,161.3000030517578,161.8000030517578,160.5,161.60000610351562,13697500,2213516083.6029053
2017-05-22,162.1999969482422,162.5,161.8000030517578,162.3000030517578,17817700,2891812764.375305
2017-05-23,162.3000030517578,162.6999969482422,161.89999389648438,162.10000610351562,15902100,2577730507.058716
2017-05-24,163.39999389648438,163.5,162.6999969482422,163.1999969482422,12406600,2024757082.1380615
2017-05-25,163.10000610351562,163.89999389648438,162.89999389648438,163.39999389648438,20201600,3300941316.6992188
2017-05-26,163.1999969482422,163.39999389648438,162.5,162.6999969482422,13584100,2210133028.5446167
2017-05-29,162.6999969482422,163.1999969482422,162.1999969482422,162.6999969482422,11112100,1807938636.088562
2017-05-30,162.5,163.0,161.8000030517578,162.89999389648438,10658600,1736285874.9450684
2017-05-31,162.3000030517578,162.8000030517578,162.0,162.1999969482422,16017200,2597989791.119385
2017-06-01,162.60000610351562,164.5,162.60000610351562,164.3000030517578,30818200,5063430354.049683
2017-06-02,165.0,167.1999969482422,165.0,166.8000030517578,33924000,5658523303.527832
2017-06-05,166.10000610351562,167.10000610351562,166.0,166.8000030517578,23903600,3987120552.947998
2017-06-06,166.39999389648438,166.60000610351562,165.1999969482422,165.39999389648438,22390400,3703372023.3398438
2017-06-07,165.0,165.6999969482422,164.8000030517578,165.3000030517578,11751300,1942489925.8621216
2017-06-08,166.0,166.10000610351562,164.60000610351562,164.8000030517578,18830500,3103266457.4661255
2017-06-09,164.6999969482422,165.60000610351562,164.1999969482422,164.89999389648438,21811300,3596683236.8743896
2017-06-12,164.5,165.3000030517578,164.3000030517578,164.6999969482422,10321800,1700000428.5003662
2017-06-13,164.60000610351562,165.39999389648438,164.39999389648438,165.0,17019500,2808217500.0
2017-06-14,165.6999969482422,165.89999389648438,164.6999969482422,164.6999969482422,12814600,2110564580.8929443
2017-06-15,164.5,165.5,163.8000030517578,164.39999389648438,10262900,1687220697.3602295
2017-06-16,165.1999969482422,166.10000610351562,164.8000030517578,165.5,31065600,5141356800.0
2017-06-19,165.60000610351562,166.5,165.3000030517578,166.39999389648438,23834000,3965977454.5288086
2017-06-20,167.89999389648438,168.39999389648438,167.39999389648438,167.39999389648438,34313900,5744146650.564575
2017-06-21,167.1999969482422,167.5,166.60000610351562,166.89999389648438,26019100,4342587631.192017
2017-06-22,167.10000610351562,167.39999389648438,166.6999969482422,166.6999969482422,15679000,2613689252.1514893
2017-06-23,167.10000610351562,167.10000610351562,166.5,167.0,28867300,4820839100.0
2017-06-26,167.0,167.39999389648438,166.89999389648438,167.0,13106000,2188702000.0
2017-06-27,167.8000030517578,167.89999389648438,167.3000030517578,167.60000610351562,17226100,2887094465.1397705
2017-06-28,167.39999389648438,168.3000030517578,167.1999969482422,167.39999389648438,34454500,5767683089.706421
2017-06-29,168.60000610351562,168.89999389648438,168.0,168.3000030517578,20769100,3495439593.382263
2017-06-30,167.0,167.1999969482422,166.39999389648438,167.0,32675400,5456791800.0
2017-07-03,167.1999969482422,167.60000610351562,166.89999389648438,167.1999969482422,21595700,3610800974.095154
2017-07-04,168.5,168.60000610351562,166.5,167.0,26226700,4379858900.0
2017-07-05,166.8000030517578,167.89999389648438,166.10000610351562,167.6999969482422,43079200,7224381708.532715
2017-07-06,165.10000610351562,165.3000030517578,164.5,164.8000030517578,21395300,3525945505.293274
2017-07-07,163.8000030517578,164.8000030517578,163.60000610351562,163.89999389648438,22438900,3677735573.0438232
2017-07-10,165.1999969482422,165.3000030517578,164.39999389648438,164.8000030517578,15386000,2535612846.9543457
2017-07-11,165.0,166.1999969482422,164.8000030517578,166.1999969482422,35533300,5905634351.560974
2017-07-12,165.60000610351562,165.8000030517578,165.0,165.39999389648438,30163600,4989059255.895996
2017-07-13,165.89999389648438,166.10000610351562,164.8000030517578,165.1999969482422,23859200,3941539767.1875
2017-07-14,165.89999389648438,166.3000030517578,165.5,166.0,24136000,4006576000.0
2017-07-18,165.5,165.60000610351562,164.3000030517578,165.3000030517578,24158100,3993334003.7246704
2017-07-19,165.10000610351562,165.8000030517578,164.89999389648438,165.60000610351562,23264100,3852535101.992798
2017-07-20,165.60000610351562,166.89999389648438,165.60000610351562,166.60000610351562,25155500,4190906453.5369873
2017-07-21,166.5,166.60000610351562,166.10000610351562,166.1999969482422,15670300,2604403812.1780396
2017-07-24,165.3000030517578,165.8000030517578,164.60000610351562,165.60000610351562,19015800,3149016596.0632324
2017-07-25,165.5,165.89999389648438,164.89999389648438,164.89999389648438,19929400,3286357938.3605957
2017-07-26,166.1999969482422,166.1999969482422,165.10000610351562,165.5,26066600,4314022300.0
2017-07-27,165.5,167.10000610351562,165.3000030517578,166.0,24513400,4069224400.0
2017-07-28,165.8000030517578,165.89999389648438,165.10000610351562,165.5,29897700,4948069350.0
2017-07-31,165.1999969482422,165.89999389648438,164.89999389648438,165.10000610351562,19933200,3290971441.6625977
2017-08-01,165.3000030517578,166.3000030517578,165.1999969482422,166.0,25512300,4235041800.0
2017-08-02,166.6999969482422,167.1999969482422,166.1999969482422,166.8000030517578,21661100,3613071546.104431
2017-08-03,166.8000030517578,166.89999389648438,166.0,166.6999969482422,19010800,3169100301.9836426
2017-08-04,166.3000030517578,166.6999969482422,166.0,166.60000610351562,14535300,2421581068.7164307
2017-08-07,167.39999389648438,167.6999969482422,167.0,167.3000030517578,16215700,2712886659.486389
2017-08-08,167.5,167.60000610351562,166.5,166.89999389648438,17517000,2923587193.084717
2017-08-09,166.3000030517578,166.60000610351562,164.39999389648438,165.10000610351562,41679700,6881318724.3927
2017-08-10,165.1999969482422,165.8000030517578,164.60000610351562,165.0,26817400,4424871000.0
2017-08-11,165.0,165.0,165.0,165.0,0,0.0
2017-08-14,163.39999389648438,164.10000610351562,162.89999389648438,163.3000030517578,26089000,4260333779.6173096
2017-08-15,164.5,165.60000610351562,164.3000030517578,165.10000610351562,36248400,5984611061.242676
2017-08-16,165.0,165.3000030517578,164.8000030517578,165.10000610351562,12223400,2018083414.605713
2017-08-17,164.8000030517578,165.1999969482422,164.5,164.8000030517578,12756300,2102238278.9291382
2017-08-18,162.89999389648438,163.39999389648438,162.5,163.0,25885200,4219287600.0
2017-08-21,163.39999389648438,163.5,162.5,162.89999389648438,13829000,2252744015.5944824
2017-08-22,162.6999969482422,163.3000030517578,162.5,162.8000030517578,15281900,2487893366.6366577
2017-08-23,164.5,164.5,163.10000610351562,163.3000030517578,23729600,3875043752.416992
2017-08-24,162.8000030517578,163.39999389648438,162.5,162.60000610351562,9940200,1616276580.670166
2017-08-25,162.89999389648438,163.39999389648438,162.6999969482422,162.89999389648438,17509700,2852330023.1292725
2017-08-28,163.5,163.6999969482422,162.8000030517578,163.5,20368600,3330266100.0
2017-08-29,162.5,163.3000030517578,162.1999969482422,163.1999969482422,22783800,3718316090.4693604
2017-08-30,163.89999389648438,164.5,163.39999389648438,164.1999969482422,18298200,3004564384.158325
2017-08-31,164.8000030517578,165.5,164.6999969482422,165.10000610351562,16182800,2671780378.7719727
2017-09-01,165.6999969482422,165.8000030517578,164.60000610351562,165.3000030517578,20888600,3452885643.7469482
2017-09-04,164.6999969482422,165.0,163.39999389648438,163.6999969482422,15860900,2596429281.5963745
2017-09-05,163.8000030517578,163.8000030517578,162.10000610351562,162.1999969482422,27946300,4532889774.714661
2017-09-06,161.5,162.6999969482422,161.1999969482422,162.60000610351562,13611200,2213181203.076172
2017-09-07,163.3000030517578,163.89999389648438,162.6999969482422,163.1999969482422,20586100,3359651457.1762085
2017-09-08,162.8000030517578,163.3000030517578,162.3000030517578,162.8000030517578,15411200,2508943407.03125
2017-09-11,164.0,165.1999969482422,164.0,164.60000610351562,19723100,3246422380.380249
2017-09-12,166.10000610351562,166.5,165.8000030517578,166.1999969482422,25368100,4216178142.5827026
2017-09-13,167.0,167.39999389648438,166.89999389648438,167.0,22363600,3734721200.0
2017-09-14,167.1999969482422,167.6999969482422,166.39999389648438,166.60000610351562,13391800,2231073961.7370605
2017-09-15,166.39999389648438,167.60000610351562,166.3000030517578,167.1999969482422,20539700,3434237777.31781
2017-09-18,167.1999969482422,167.1999969482422,167.1999969482422,167.1999969482422,0,0.0
2017-09-19,169.10000610351562,170.5,169.0,170.39999389648438,40514500,6903670552.719116
2017-09-20,170.10000610351562,170.6999969482422,170.0,170.3000030517578,16145900,2749646819.2733765
2017-09-21,171.5,171.5,170.1999969482422,170.1999969482422,27135500,4618462017.189026
2017-09-22,170.89999389648438,170.89999389648438,169.39999389648438,169.8000030517578,25589500,4345097178.092957
2017-09-25,170.89999389648438,171.10000610351562,170.39999389648438,170.89999389648438,23522400,4019978016.430664
2017-09-26,170.6999969482422,171.0,170.39999389648438,170.8000030517578,41186700,7034688485.6918335
2017-09-27,171.1999969482422,171.39999389648438,170.60000610351562,171.39999389648438,17271900,2960403554.5806885
2017-09-28,172.1999969482422,172.5,171.5,172.3000030517578,20195400,3479667481.6314697
2017-09-29,172.10000610351562,172.39999389648438,171.60000610351562,172.1999969482422,21688300,3734725193.812561
2017-10-02,172.5,172.6999969482422,171.8000030517578,172.10000610351562,15861900,2729833086.8133545
2017-10-03,172.6999969482422,173.3000030517578,172.3000030517578,173.3000030517578,25745900,4461764548.570251
2017-10-04,173.5,173.8000030517578,172.89999389648438,173.3000030517578,24121500,4180256023.612976
2017-10-05,173.60000610351562,173.60000610351562,172.8000030517578,172.89999389648438,14372600,2485022452.2766113
2017-10-06,173.60000610351562,173.89999389648438,173.1999969482422,173.39999389648438,17913000,3106114090.6677246
2017-10-09,173.39999389648438,173.39999389648438,173.39999389648438,173.39999389648438,0,0.0
2017-10-10,173.1999969482422,174.3000030517578,173.10000610351562,174.3000030517578,30178600,5260130072.097778
2017-10-11,174.10000610351562,174.60000610351562,173.89999389648438,174.60000610351562,20964000,3660314527.9541016
2017-10-12,175.10000610351562,175.3000030517578,174.6999969482422,174.8000030517578,24604600,4300884155.08728
2017-10-13,174.6999969482422,176.39999389648438,174.39999389648438,175.89999389648438,30090000,5292830816.345215
2017-10-16,176.1999969482422,177.5,176.0,177.0,26020400,4605610800.0
2017-10-17,177.60000610351562,178.0,176.60000610351562,177.1999969482422,28641900,5075344592.591858
2017-10-18,177.5,177.6999969482422,177.10000610351562,177.5,36916600,6552696500.0
2017-10-19,178.10000610351562,178.39999389648438,177.60000610351562,178.0,25964500,4621681000.0
2017-10-20,177.5,178.3000030517578,177.3000030517578,177.89999389648438,25545900,4544615454.0802
2017-10-23,179.8000030517578,179.89999389648438,179.10000610351562,179.5,23516000,4221122000.0
2017-10-24,179.39999389648438,180.8000030517578,179.3000030517578,180.6999969482422,27260500,4925972266.807556
2017-10-25,181.60000610351562,181.60000610351562,179.6999969482422,180.3000030517578,28888800,5208650728.161621
2017-10-26,180.1999969482422,180.8000030517578,179.89999389648438,180.3000030517578,23378400,4215125591.345215
2017-10-27,181.5,182.3000030517578,180.89999389648438,182.3000030517578,30526500,5564981043.159485
2017-10-30,182.1999969482422,182.39999389648438,181.1999969482422,182.0,40070500,7292831000.0
2017-10-31,181.3000030517578,181.89999389648438,180.89999389648438,181.60000610351562,21429900,3891669970.7977295
2017-11-01,182.8000030517578,184.10000610351562,182.5,183.89999389648438,36457900,6704607587.478638
2017-11-02,184.5,184.60000610351562,183.39999389648438,184.60000610351562,35733900,6596478158.102417
2017-11-03,184.60000610351562,184.60000610351562,184.60000610351562,184.60000610351562,0,0.0
2017-11-06,184.89999389648438,185.10000610351562,183.39999389648438,184.5,45433900,8382554550.0
2017-11-07,184.1999969482422,186.60000610351562,184.0,186.5,46707700,8710986050.0
2017-11-08,186.0,187.10000610351562,185.5,187.0,37864400,7080642800.0
2017-11-09,187.5,189.8000030517578,184.1999969482422,186.60000610351562,75126900,14018679998.538208
2017-11-10,184.10000610351562,185.60000610351562,184.0,185.10000610351562,41169200,7620419171.276855
2017-11-13,185.10000610351562,185.10000610351562,183.39999389648438,183.5,37892100,6953200350.0
2017-11-14,183.10000610351562,183.8000030517578,182.60000610351562,183.0,31108000,5692764000.0
2017-11-15,181.8000030517578,181.89999389648438,179.0,179.5,44474900,7983244550.0
2017-11-16,178.89999389648438,182.10000610351562,178.6999969482422,181.39999389648438,39823900,7224055216.934204
2017-11-17,183.10000610351562,183.3000030517578,180.8000030517578,181.5,70498600,12795495900.0
2017-11-20,180.6999969482422,181.39999389648438,180.39999389648438,180.89999389648438,26056200,4713566420.965576
2017-11-21,182.3000030517578,183.0,182.0,182.3000030517578,24031900,4381015443.339539
2017-11-22,183.39999389648438,183.6999969482422,182.60000610351562,182.89999389648438,23702500,4335187105.331421
2017-11-23,182.89999389648438,182.89999389648438,182.89999389648438,182.89999389648438,0,0.0
2017-11-24,182.10000610351562,183.39999389648438,181.8000030517578,183.39999389648438,52256000,9583750081.054688
2017-11-27,184.0,184.0,182.39999389648438,182.89999389648438,27967000,5115164129.3029785
2017-11-28,182.39999389648438,183.1999969482422,181.8000030517578,182.39999389648438,13938100,2542309354.928589
2017-11-29,183.39999389648438,183.8000030517578,183.1999969482422,183.8000030517578,23247300,4272853810.9451294
2017-11-30,183.8000030517578,184.8000030517578,183.0,184.60000610351562,35159100,6490370074.594116
2017-12-01,186.0,186.10000610351562,183.89999389648438,185.10000610351562,49311200,9127503420.97168
2017-12-04,185.5,185.5,183.60000610351562,183.60000610351562,20814300,3821505607.0404053
2017-12-05,182.89999389648438,184.60000610351562,182.8000030517578,184.3000030517578,31293800,5767447435.501099
2017-12-06,183.6999969482422,183.89999389648438,181.1999969482422,181.6999969482422,34891900,6339858123.518372
2017-12-07,182.60000610351562,183.89999389648438,182.5,183.6999969482422,21394900,3930243064.707947
2017-12-08,184.6999969482422,185.6999969482422,184.1999969482422,185.60000610351562,25051200,4649502872.900391
2017-12-11,186.1999969482422,186.5,185.3000030517578,186.5,27882100,5200011650.0
2017-12-12,186.5,187.39999389648438,186.1999969482422,186.6999969482422,25688600,4796061541.604614
2017-12-13,187.10000610351562,187.10000610351562,185.8000030517578,186.39999389648438,24935000,4647883847.808838
2017-12-14,186.0,186.5,185.39999389648438,185.89999389648438,19862300,3692401448.7701416
2017-12-15,185.39999389648438,185.8000030517578,183.8000030517578,184.60000610351562,41294000,7622872652.038574
2017-12-18,186.10000610351562,187.1999969482422,185.8000030517578,187.10000610351562,31157700,5829605860.171509
2017-12-19,187.39999389648438,187.60000610351562,186.6999969482422,186.8000030517578,19199900,3586541378.593445
2017-12-20,186.89999389648438,187.5,186.60000610351562,187.39999389648438,21000000,3935399871.826172
2017-12-21,187.3000030517578,187.6999969482422,186.60000610351562,187.5,14486600,2716237500.0
2017-12-22,187.60000610351562,188.39999389648438,187.60000610351562,188.10000610351562,23469400,4414594283.24585
2017-12-25,188.3000030517578,188.60000610351562,187.89999389648438,188.5,9166200,1727828700.0
2017-12-26,188.5,188.6999969482422,187.6999969482422,188.10000610351562,12156800,2286694154.1992188
2017-12-27,188.10000610351562,188.6999969482422,187.89999389648438,188.39999389648438,11621200,2189434009.069824
2017-12-28,188.39999389648438,188.60000610351562,186.8000030517578,187.1999969482422,18489300,3461196903.5751343
2017-12-29,187.6999969482422,188.0,187.0,187.0,24583300,4597077100.0
2018-01-01,187.0,187.0,187.0,187.0,0,0.0
2018-01-02,187.0,187.0,187.0,187.0,0,0.0
2018-01-03,187.0,187.0,187.0,187.0,0,0.0
2018-01-04,190.0,192.0,189.8000030517578,192.0,45015300,8642937600.0
2018-01-05,192.89999389648438,193.6999969482422,192.39999389648438,193.5,38866100,7520590350.0
2018-01-08,193.5,193.5,193.5,193.5,0,0.0
2018-01-09,195.3000030517578,195.3000030517578,193.8000030517578,194.5,23726300,4614765350.0
2018-01-10,194.5,195.10000610351562,194.39999389648438,194.89999389648438,52680700,10267468108.462524
2018-01-11,193.89999389648438,194.5,193.3000030517578,194.5,39563500,7695100750.0
2018-01-12,194.10000610351562,194.1999969482422,192.8000030517578,193.3000030517578,23191700,4482955680.775452
2018-01-15,194.6999969482422,194.89999389648438,193.8000030517578,194.0,25404700,4928511800.0
2018-01-16,194.10000610351562,195.10000610351562,193.8000030517578,195.10000610351562,32009000,6244956095.367432
2018-01-17,194.0,194.89999389648438,193.89999389648438,194.6999969482422,17455900,3398663676.728821
2018-01-18,196.5,196.5,193.0,193.3000030517578,29732400,5747273010.736084
2018-01-19,194.3000030517578,194.6999969482422,193.8000030517578,194.39999389648438,17203500,3344360294.998169
2018-01-22,194.60000610351562,195.0,194.0,195.0,14053900,2740510500.0
2018-01-23,195.6999969482422,196.89999389648438,195.5,196.8000030517578,23799000,4683643272.628784
2018-01-24,196.10000610351562,196.5,195.39999389648438,195.60000610351562,19383800,3791471398.309326
2018-01-25,194.10000610351562,194.89999389648438,193.8000030517578,194.1999969482422,24712900,4799245104.582214
2018-01-26,194.60000610351562,194.89999389648438,193.3000030517578,193.60000610351562,14935800,2891570971.1608887
2018-01-29,193.8000030517578,194.60000610351562,193.3000030517578,193.6999969482422,29738200,5760289249.246216
2018-01-30,193.39999389648438,193.60000610351562,190.8000030517578,191.3000030517578,42013400,8037163548.214722
2018-01-31,190.60000610351562,191.5,189.10000610351562,189.1999969482422,32811700,6207973539.866638
2018-02-01,190.5,192.6999969482422,190.3000030517578,192.5,29047200,5591586000.0
2018-02-02,191.89999389648438,192.39999389648438,190.3000030517578,191.8000030517578,31139100,5972479475.028992
2018-02-05,188.89999389648438,189.1999969482422,187.5,187.8000030517578,55554400,10433116489.538574
2018-02-06,180.10000610351562,180.6999969482422,175.6999969482422,179.3000030517578,92439900,16574474352.104187
2018-02-07,184.89999389648438,185.8000030517578,180.0,180.10000610351562,43774900,7883859757.180786
2018-02-08,181.3000030517578,182.5,180.39999389648438,181.5,31239900,5670041850.0
2018-02-09,176.0,178.5,175.6999969482422,178.5,39719100,7089859350.0
2018-02-12,178.5,178.5,178.5,178.5,0,0.0
2018-02-13,180.3000030517578,180.39999389648438,176.39999389648438,176.8000030517578,46817000,8277245742.8741455
2018-02-14,177.0,177.6999969482422,174.10000610351562,175.3000030517578,33570300,5884873692.448425
2018-02-15,177.10000610351562,178.0,176.3000030517578,177.0,26156300,4629665100.0
2018-02-16,178.3000030517578,180.0,177.6999969482422,179.10000610351562,20960100,3753954037.930298
2018-02-19,180.60000610351562,182.89999389648438,180.10000610351562,182.89999389648438,35770100,6542351071.676636
2018-02-20,182.0,182.10000610351562,180.5,181.60000610351562,19017200,3453523636.0717773
2018-02-21,181.60000610351562,182.60000610351562,180.5,181.5,17482200,3173019300.0
2018-02-22,180.1999969482422,180.3000030517578,178.8000030517578,179.6999969482422,25819100,4639692191.20636
2018-02-23,180.1999969482422,181.5,180.0,181.1999969482422,21747600,3940665053.631592
2018-02-26,182.89999389648438,183.39999389648438,182.1999969482422,183.0,18370900,3361874700.0
2018-02-27,184.3000030517578,184.89999389648438,183.8000030517578,184.5,26809000,4946260500.0
2018-02-28,183.6999969482422,184.60000610351562,182.0,182.1999969482422,19447700,3543370880.6503296
2018-03-01,180.60000610351562,180.89999389648438,178.6999969482422,179.39999389648438,27308800,4899198553.3203125
2018-03-02,175.8000030517578,176.60000610351562,175.10000610351562,176.1999969482422,32500500,5726588000.816345
2018-03-05,174.89999389648438,175.6999969482422,173.6999969482422,174.6999969482422,32156400,5617722981.866455
2018-03-06,177.39999389648438,178.10000610351562,176.5,176.6999969482422,24287800,4291654185.8795166
2018-03-07,175.6999969482422,177.39999389648438,175.3000030517578,175.60000610351562,21753200,3819862052.770996
2018-03-08,177.1999969482422,177.1999969482422,175.5,176.10000610351562,15765800,2776357476.2268066
2018-03-09,178.0,179.3000030517578,175.6999969482422,176.8000030517578,30287200,5354777052.429199
2018-03-12,179.6999969482422,179.89999389648438,178.5,179.60000610351562,22571300,4053805617.764282
2018-03-13,178.6999969482422,180.5,178.3000030517578,180.3000030517578,32325000,5828197598.648071
2018-03-14,179.1999969482422,179.89999389648438,178.89999389648438,179.6999969482422,14632400,2629442235.345459
2018-03-15,179.0,179.89999389648438,177.89999389648438,179.8000030517578,22015000,3958297067.1844482
2018-03-16,179.89999389648438,180.0,178.5,178.8000030517578,16178300,2892680089.3722534
2018-03-19,178.10000610351562,178.6999969482422,176.60000610351562,177.1999969482422,23173500,4106344129.2800903
2018-03-20,176.0,176.8000030517578,175.3000030517578,176.60000610351562,14080700,2486651705.9417725
2018-03-21,176.60000610351562,176.60000610351562,176.60000610351562,176.60000610351562,0,0.0
2018-03-22,176.39999389648438,178.10000610351562,176.10000610351562,178.10000610351562,27224100,4848612376.16272
2018-03-23,173.3000030517578,174.10000610351562,171.0,171.3000030517578,34947900,5986575376.652527
2018-03-26,170.1999969482422,172.10000610351562,169.39999389648438,172.10000610351562,35793900,6160130408.468628
2018-03-27,174.0,176.6999969482422,173.6999969482422,176.60000610351562,37140800,6559065506.689453
2018-03-28,175.0,176.89999389648438,174.3000030517578,176.6999969482422,23522000,4156337328.2165527
2018-03-29,178.1999969482422,178.3000030517578,175.60000610351562,177.0,26451300,4681880100.0
2018-03-30,178.5,178.89999389648438,177.60000610351562,178.5,33545500,5987871750.0
2018-04-02,178.5,179.1999969482422,177.60000610351562,177.6999969482422,18832300,3346499652.5283813
2018-04-03,175.89999389648438,177.5,175.39999389648438,177.1999969482422,22188600,3931819852.2857666
2018-04-04,177.5,178.0,176.60000610351562,177.39999389648438,21781900,3864108927.053833
2018-04-05,178.89999389648438,180.1999969482422,178.0,179.39999389648438,18429200,3306198367.51709
2018-04-06,179.1999969482422,180.10000610351562,178.8000030517578,178.8000030517578,19810700,3542153220.4574585
2018-04-09,178.60000610351562,180.0,178.3000030517578,179.39999389648438,23735400,4258130615.130615
2018-04-10,178.89999389648438,181.1999969482422,178.60000610351562,180.10000610351562,23676200,4264083764.5080566
2018-04-11,180.3000030517578,180.5,179.39999389648438,179.39999389648438,13613000,2442172116.912842
2018-04-12,179.39999389648438,179.39999389648438,178.5,178.6999969482422,15841100,2830804521.6567993
2018-04-13,179.39999389648438,180.5,179.3000030517578,179.89999389648438,12122200,2180783706.011963
2018-04-16,180.0,180.6999969482422,179.6999969482422,180.5,26082600,4707909300.0
2018-04-17,180.0,180.6999969482422,179.39999389648438,179.89999389648438,36320600,6534075718.31665
2018-04-18,180.1999969482422,182.1999969482422,180.10000610351562,182.0,23395600,4257999200.0
2018-04-19,182.5,183.1999969482422,181.8000030517578,181.89999389648438,16353500,2974701550.186157
2018-04-20,181.60000610351562,182.6999969482422,181.39999389648438,182.0,17268900,3142939800.0
2018-04-23,182.1999969482422,182.6999969482422,181.6999969482422,181.8000030517578,19779000,3595822260.360718
2018-04-24,183.1999969482422,184.10000610351562,182.5,184.10000610351562,27349500,5035043116.928101
2018-04-25,182.60000610351562,184.0,182.5,183.89999389648438,34134900,6277407901.6571045
2018-04-26,184.3000030517578,184.5,183.8000030517578,184.3000030517578,28574200,5266225147.201538
2018-04-27,184.89999389648438,185.0,184.10000610351562,184.89999389648438,25268200,4672090025.7751465
2018-04-30,184.89999389648438,184.89999389648438,184.89999389648438,184.89999389648438,0,0.0
2018-05-01,184.1999969482422,184.6999969482422,183.8000030517578,184.39999389648438,36723100,6771739415.859985
2018-05-02,184.6999969482422,184.8000030517578,183.8000030517578,184.10000610351562,17305600,3185961065.625
2018-05-03,184.10000610351562,184.10000610351562,184.10000610351562,184.10000610351562,0,0.0
2018-05-04,184.10000610351562,184.10000610351562,184.10000610351562,184.10000610351562,0,0.0
2018-05-07,184.60000610351562,184.60000610351562,183.39999389648438,184.3000030517578,13118700,2417776450.035095
2018-05-08,184.3000030517578,185.60000610351562,184.1999969482422,185.10000610351562,13510200,2500738102.459717
2018-05-09,184.89999389648438,185.0,183.8000030517578,184.1999969482422,17847900,3287583125.5325317
2018-05-10,184.8000030517578,185.0,184.1999969482422,184.89999389648438,18007900,3329660600.088501
2018-05-11,185.39999389648438,186.8000030517578,185.3000030517578,186.8000030517578,17632500,3293751053.8101196
2018-05-14,186.8000030517578,188.0,186.5,187.89999389648438,34949700,6567048416.68396
2018-05-15,188.10000610351562,188.5,187.60000610351562,187.6999969482422,24227200,4547445366.064453
2018-05-16,187.10000610351562,187.89999389648438,187.0,187.10000610351562,29904000,5595038582.519531
2018-05-17,188.0,188.5,187.6999969482422,188.0,21574300,4055968400.0
2018-05-18,188.60000610351562,188.89999389648438,188.0,188.6999969482422,27841500,5253690965.034485
2018-05-21,188.6999969482422,189.3000030517578,188.5,188.6999969482422,30780100,5808204776.066589
2018-05-22,188.60000610351562,188.60000610351562,188.0,188.1999969482422,15030000,2828645954.13208
2018-05-23,187.6999969482422,188.39999389648438,186.3000030517578,186.89999389648438,17780000,3323081891.479492
2018-05-24,186.3000030517578,186.39999389648438,184.3000030517578,184.60000610351562,22342200,4124370256.365967
2018-05-25,184.0,184.6999969482422,183.6999969482422,184.1999969482422,30664100,5648327126.420593
2018-05-28,184.10000610351562,184.60000610351562,183.60000610351562,184.10000610351562,20460100,3766704534.87854
2018-05-29,183.6999969482422,184.0,182.5,183.1999969482422,20024800,3668543298.88916
2018-05-30,180.3000030517578,181.10000610351562,180.0,180.6999969482422,25611200,4627943761.84082
2018-05-31,181.8000030517578,182.0,180.89999389648438,181.6999969482422,17567200,3191960186.38916
2018-06-01,181.1999969482422,182.6999969482422,180.89999389648438,182.0,16492500,3001635000.0
2018-06-04,183.6999969482422,184.89999389648438,183.5,184.6999969482422,20127000,3717456838.5772705
2018-06-05,185.10000610351562,185.39999389648438,184.10000610351562,184.60000610351562,16229800,2996021179.058838
2018-06-06,184.60000610351562,185.1999969482422,184.3000030517578,184.89999389648438,14611200,2701610790.8203125
2018-06-07,185.8000030517578,186.3000030517578,185.60000610351562,186.0,9669600,1798545600.0
2018-06-08,185.8000030517578,186.5,185.1999969482422,185.1999969482422,13948700,2583299197.431946
2018-06-11,185.10000610351562,186.3000030517578,184.89999389648438,185.8000030517578,20871700,3877961923.6953735
2018-06-12,186.89999389648438,187.39999389648438,185.6999969482422,186.5,34702600,6472034900.0
2018-06-13,186.60000610351562,187.60000610351562,186.60000610351562,187.10000610351562,28322100,5299065082.86438
2018-06-14,186.1999969482422,186.60000610351562,185.39999389648438,185.39999389648438,28424400,5269883586.51123
2018-06-15,186.60000610351562,186.60000610351562,185.60000610351562,185.89999389648438,15223500,2830048557.08313
2018-06-18,185.60000610351562,185.60000610351562,183.39999389648438,184.3000030517578,8746000,1611887826.6906738
2018-06-19,183.1999969482422,183.89999389648438,181.3000030517578,181.3000030517578,17440700,3161998963.2247925
2018-06-20,181.60000610351562,182.5,179.6999969482422,182.1999969482422,22589500,4115806831.062317
2018-06-21,182.1999969482422,183.0,181.6999969482422,182.10000610351562,17595400,3204122447.393799
2018-06-22,180.10000610351562,181.6999969482422,180.10000610351562,181.60000610351562,22473800,4081242217.1691895
2018-06-25,181.8000030517578,181.8000030517578,179.39999389648438,179.89999389648438,24272600,4366640591.851807
2018-06-26,178.60000610351562,180.1999969482422,177.89999389648438,180.1999969482422,25105800,4524065083.383179
2018-06-27,180.10000610351562,180.6999969482422,179.39999389648438,180.1999969482422,9774100,1761292790.171814
2018-06-28,179.6999969482422,179.89999389648438,178.60000610351562,179.6999969482422,21318500,3830934384.941101
2018-06-29,180.10000610351562,180.39999389648438,178.8000030517578,180.1999969482422,11598400,2090031644.6044922
2018-07-02,179.39999389648438,180.0,176.1999969482422,176.3000030517578,37868300,6676181405.56488
2018-07-03,177.10000610351562,177.1999969482422,174.89999389648438,176.0,34323300,6040900800.0
2018-07-04,175.60000610351562,176.8000030517578,175.1999969482422,176.1999969482422,13382400,2357978839.1601562
2018-07-05,175.89999389648438,176.0,174.10000610351562,174.5,46328400,8084305800.0
2018-07-06,172.8000030517578,173.8000030517578,172.39999389648438,173.1999969482422,18180300,3148827904.5181274
2018-07-09,174.0,175.5,173.6999969482422,175.3000030517578,42399300,7432597419.392395
2018-07-10,176.39999389648438,177.3000030517578,175.8000030517578,175.8000030517578,20300300,3568792801.951599
2018-07-11,174.3000030517578,174.6999969482422,172.6999969482422,174.10000610351562,20377600,3547740284.375
2018-07-12,174.8000030517578,175.6999969482422,174.5,175.1999969482422,59547600,10432739338.275146
2018-07-13,176.5,177.60000610351562,176.0,177.0,32718400,5791156800.0
2018-07-16,177.0,177.0,177.0,177.0,0,0.0
2018-07-17,177.5,179.6999969482422,177.1999969482422,178.6999969482422,18903400,3378037522.3114014
2018-07-18,180.1999969482422,180.3000030517578,179.10000610351562,179.10000610351562,15110800,2706344372.229004
2018-07-19,179.6999969482422,180.1999969482422,178.89999389648438,179.0,15255000,2730645000.0
2018-07-20,178.8000030517578,179.6999969482422,177.60000610351562,178.60000610351562,16685100,2979958961.8377686
2018-07-23,178.0,179.0,177.60000610351562,178.0,15076100,2683545800.0
2018-07-24,179.1999969482422,179.3000030517578,178.5,178.60000610351562,11897400,2124875712.6159668
2018-07-25,179.39999389648438,179.89999389648438,179.1999969482422,179.3000030517578,9337100,1674142058.4945679
2018-07-26,181.0,181.1999969482422,180.3000030517578,180.89999389648438,18931000,3424617784.4543457
2018-07-27,181.1999969482422,181.8000030517578,180.89999389648438,181.60000610351562,14836000,2694217690.551758
2018-07-30,181.10000610351562,181.5,180.5,181.0,26648100,4823306100.0
2018-07-31,180.39999389648438,181.10000610351562,178.89999389648438,179.39999389648438,34467400,6183451349.627686
2018-08-01,180.5,181.5,179.60000610351562,181.10000610351562,17301400,3133283645.599365
2018-08-02,181.0,181.60000610351562,178.89999389648438,179.3000030517578,18834200,3376972117.477417
2018-08-03,179.6999969482422,179.6999969482422,178.0,178.39999389648438,15068300,2688184628.0303955
2018-08-06,178.1999969482422,178.89999389648438,177.0,177.1999969482422,16417100,2909110069.898987
2018-08-07,177.39999389648438,178.6999969482422,177.1999969482422,178.60000610351562,9546600,1705022818.2678223
2018-08-08,178.8000030517578,179.8000030517578,178.3000030517578,178.60000610351562,9708400,1733920299.255371
2018-08-09,177.89999389648438,178.5,177.1999969482422,178.1999969482422,10359000,1845973768.3868408
2018-08-10,178.10000610351562,178.10000610351562,175.8000030517578,176.0,18848000,3317248000.0
2018-08-13,174.60000610351562,174.60000610351562,172.0,172.3000030517578,31455100,5419713825.993347
2018-08-14,173.3000030517578,175.1999969482422,173.10000610351562,175.10000610351562,14790400,2589799130.2734375
2018-08-15,175.3000030517578,175.5,172.89999389648438,173.6999969482422,10525400,1828261947.8790283
2018-08-16,171.89999389648438,173.1999969482422,170.60000610351562,172.6999969482422,25915600,4475624040.911865
2018-08-17,173.5,174.10000610351562,173.10000610351562,173.8000030517578,7526200,1308053582.9681396
2018-08-20,173.1999969482422,173.6999969482422,172.8000030517578,173.10000610351562,15559900,2693418784.970093
2018-08-21,172.5,173.39999389648438,171.89999389648438,172.39999389648438,13024600,2245440960.5041504
2018-08-22,172.39999389648438,174.10000610351562,172.1999969482422,174.0,6800500,1183287000.0
2018-08-23,174.10000610351562,174.39999389648438,173.39999389648438,173.89999389648438,12865100,2237240811.477661
2018-08-24,174.89999389648438,175.0,174.0,175.0,8749000,1531075000.0
2018-08-27,175.60000610351562,177.3000030517578,175.5,177.10000610351562,27026200,4786340184.954834
2018-08-28,178.1999969482422,178.60000610351562,177.1999969482422,177.3000030517578,14245300,2525691733.4732056
2018-08-29,177.5,178.6999969482422,177.39999389648438,178.0,9598900,1708604200.0
2018-08-30,179.1999969482422,179.1999969482422,177.6999969482422,178.0,11285900,2008890200.0
2018-08-31,176.8000030517578,178.10000610351562,176.6999969482422,177.5,9069400,1609818500.0
2018-09-03,177.1999969482422,177.1999969482422,175.5,176.0,30880900,5435038400.0
2018-09-04,176.3000030517578,176.39999389648438,175.1999969482422,175.6999969482422,10493600,1843725487.9760742
2018-09-05,175.3000030517578,175.39999389648438,174.10000610351562,174.5,8928500,1558023250.0
2018-09-06,173.5,174.0,172.89999389648438,173.3000030517578,13753200,2383429601.9714355
2018-09-07,172.3000030517578,172.6999969482422,171.3000030517578,172.5,14860900,2563505250.0
2018-09-10,171.89999389648438,173.3000030517578,171.89999389648438,172.8000030517578,7806900,1349032343.824768
2018-09-11,173.10000610351562,174.0,172.89999389648438,173.89999389648438,10403400,1809151196.5026855
2018-09-12,174.10000610351562,174.1999969482422,172.1999969482422,173.1999969482422,10140300,1756299929.0542603
2018-09-13,173.5,175.8000030517578,173.39999389648438,175.10000610351562,52908600,9264296182.928467
2018-09-14,177.10000610351562,177.10000610351562,176.10000610351562,177.0,14915100,2639972700.0
2018-09-17,177.0,177.0,177.0,177.0,0,0.0
2018-09-18,176.5,180.60000610351562,176.5,180.0,27862200,5015196000.0
2018-09-19,182.8000030517578,183.5,182.10000610351562,182.8000030517578,35176000,6430172907.348633
2018-09-20,183.60000610351562,183.6999969482422,182.3000030517578,182.89999389648438,18026100,3296973579.977417
2018-09-21,184.5,185.10000610351562,183.8000030517578,184.5,23730900,4378351050.0
2018-09-24,184.5,184.5,184.5,184.5,0,0.0
2018-09-25,185.5,186.60000610351562,184.60000610351562,186.60000610351562,46715100,8717037945.126343
2018-09-26,187.1999969482422,188.0,186.60000610351562,187.89999389648438,50740700,9534177220.303345
2018-09-27,187.5,188.3000030517578,185.60000610351562,185.60000610351562,19915500,3696316921.5545654
2018-09-28,187.6999969482422,188.6999969482422,186.89999389648438,187.60000610351562,24876400,4666812791.833496
2018-10-01,187.1999969482422,188.1999969482422,186.60000610351562,187.60000610351562,30024700,5632633903.256226
2018-10-02,189.3000030517578,189.8000030517578,188.0,188.10000610351562,38379100,7219108944.247437
2018-10-03,187.8000030517578,188.3000030517578,185.8000030517578,186.1999969482422,29034800,5406279671.392822
2018-10-04,189.8000030517578,189.8000030517578,185.39999389648438,185.89999389648438,26129500,4857473890.518188
2018-10-05,184.89999389648438,185.8000030517578,184.5,185.0,25452900,4708786500.0
2018-10-08,185.0,185.0,185.0,185.0,0,0.0
2018-10-09,183.10000610351562,183.60000610351562,181.1999969482422,181.8000030517578,14893100,2707565625.4501343
2018-10-10,182.6999969482422,183.10000610351562,181.10000610351562,182.0,31786300,5785106600.0
2018-10-11,175.60000610351562,177.1999969482422,174.6999969482422,175.5,52654700,9240899850.0
2018-10-12,173.89999389648438,175.89999389648438,173.8000030517578,175.89999389648438,38706000,6808385163.757324
2018-10-15,174.1999969482422,174.60000610351562,172.6999969482422,172.8000030517578,31629300,5465543136.524963
2018-10-16,172.8000030517578,174.1999969482422,172.39999389648438,174.10000610351562,23394700,4073017412.789917
2018-10-17,176.5,177.3000030517578,175.6999969482422,176.6999969482422,22593900,3992342061.048889
2018-10-18,177.1999969482422,177.39999389648438,175.5,175.89999389648438,19520200,3433603060.8581543
2018-10-19,173.5,174.89999389648438,172.89999389648438,174.6999969482422,15364800,2684230513.1103516
2018-10-22,173.3000030517578,175.5,172.6999969482422,175.0,12911400,2259495000.0
2018-10-23,173.3000030517578,173.39999389648438,170.1999969482422,170.1999969482422,38901700,6621069221.281433
2018-10-24,171.5,171.5,169.0,170.5,18704200,3189066100.0
2018-10-25,166.5,167.0,164.8000030517578,165.1999969482422,47021400,7767935136.502075
2018-10-26,166.8000030517578,166.8000030517578,163.1999969482422,164.60000610351562,28678500,4720481275.039673
2018-10-29,165.89999389648438,166.39999389648438,163.8000030517578,164.0,22332600,3662546400.0
2018-10-30,163.3000030517578,167.0,163.3000030517578,166.0,22692500,3766955000.0
2018-10-31,167.60000610351562,169.8000030517578,167.0,169.8000030517578,28169100,4783113265.965271
2018-11-01,169.1999969482422,169.39999389648438,167.89999389648438,168.39999389648438,16687000,2810090698.150635
2018-11-02,169.1999969482422,171.60000610351562,168.0,171.0,30463300,5209224300.0
2018-11-05,169.60000610351562,170.39999389648438,168.8000030517578,169.1999969482422,50410200,8529405686.160278
2018-11-06,169.89999389648438,171.6999969482422,169.8000030517578,171.39999389648438,16361300,2804326720.13855
2018-11-07,171.39999389648438,173.3000030517578,169.6999969482422,170.60000610351562,23886400,4075019985.7910156
2018-11-08,173.6999969482422,174.10000610351562,173.10000610351562,173.5,28763200,4990415200.0
2018-11-09,173.60000610351562,174.10000610351562,172.3000030517578,172.5,19461000,3357022500.0
2018-11-12,171.5,173.0,171.1999969482422,172.60000610351562,12522400,2161366316.430664
2018-11-13,168.8000030517578,169.1999969482422,167.0,169.0,34338300,5803172700.0
2018-11-14,169.1999969482422,170.1999969482422,168.8000030517578,169.3000030517578,17345000,2936508552.9327393
2018-11-15,168.1999969482422,169.3000030517578,168.0,169.1999969482422,12971900,2194845440.412903
2018-11-16,169.1999969482422,169.89999389648438,167.89999389648438,168.0,16925800,2843534400.0
2018-11-19,167.89999389648438,169.39999389648438,167.89999389648438,169.10000610351562,7935700,1341926918.435669
2018-11-20,167.10000610351562,168.3000030517578,166.89999389648438,167.89999389648438,12342100,2072238514.6697998
2018-11-21,164.89999389648438,167.0,164.6999969482422,166.8000030517578,13760500,2295251441.9937134
2018-11-22,167.3000030517578,168.3000030517578,166.5,168.0,7808900,1311895200.0
2018-11-23,168.0,168.0,168.0,168.0,0,0.0
2018-11-26,167.8000030517578,168.8000030517578,167.3000030517578,168.39999389648438,85166100,14341970720.187378
2018-11-27,169.39999389648438,170.0,168.6999969482422,169.6999969482422,10982100,1863662336.4852905
2018-11-28,170.1999969482422,170.8000030517578,169.3000030517578,170.6999969482422,18825100,3213444512.550354
2018-11-29,172.0,172.5,171.1999969482422,171.3000030517578,15757500,2699259798.0880737
2018-11-30,171.39999389648438,172.39999389648438,171.1999969482422,172.0,11010700,1893840400.0
2018-12-03,174.3000030517578,175.10000610351562,173.60000610351562,174.39999389648438,34104800,5947876911.84082
2018-12-04,173.89999389648438,174.10000610351562,170.10000610351562,170.10000610351562,19248800,3274220997.4853516
2018-12-05,167.3000030517578,169.8000030517578,167.3000030517578,169.1999969482422,15061200,2548354994.036865
2018-12-06,168.1999969482422,168.5,165.10000610351562,166.1999969482422,32923400,5471868979.525757
2018-12-07,166.89999389648438,167.60000610351562,165.8000030517578,167.1999969482422,13058300,2183347720.149231
2018-12-10,164.1999969482422,164.6999969482422,163.6999969482422,164.10000610351562,19993900,3280999112.033081
2018-12-11,164.3000030517578,164.3000030517578,162.1999969482422,162.39999389648438,20105000,3265051877.2888184
2018-12-12,164.1999969482422,166.10000610351562,163.8000030517578,165.8000030517578,12992700,2154189699.6505737
2018-12-13,166.60000610351562,167.60000610351562,166.10000610351562,166.89999389648438,9214600,1537916683.758545
2018-12-14,165.89999389648438,166.60000610351562,164.0,164.1999969482422,10977800,1802554726.498413
2018-12-17,164.1999969482422,165.3000030517578,164.1999969482422,164.5,8361400,1375450300.0
2018-12-18,162.5,163.0,161.3000030517578,161.3000030517578,18723100,3020036087.1383667
2018-12-19,160.6999969482422,161.39999389648438,159.5,160.5,21257900,3411892950.0
2018-12-20,159.6999969482422,160.0,155.89999389648438,156.39999389648438,28006600,4380232069.061279
2018-12-21,155.5,155.6999969482422,152.5,153.39999389648438,29867200,4581628297.705078
2018-12-24,153.39999389648438,153.39999389648438,153.39999389648438,153.39999389648438,0,0.0
2018-12-25,147.6999969482422,147.89999389648438,145.6999969482422,146.3000030517578,24471700,3580209784.6817017
2018-12-26,147.3000030517578,149.1999969482422,145.5,148.0,15788000,2336624000.0
2018-12-27,154.10000610351562,155.89999389648438,152.8000030517578,155.1999969482422,21976900,3410814812.9318237
2018-12-28,154.0,155.10000610351562,153.5,154.6999969482422,22387200,3463299771.6796875
2018-12-31,154.6999969482422,154.6999969482422,154.6999969482422,154.6999969482422,0,0.0
2019-01-04,150.6999969482422,151.89999389648438,149.39999389648438,151.89999389648438,20468400,3109149835.070801
2019-01-07,156.6999969482422,157.1999969482422,156.0,156.1999969482422,20219300,3158254598.2955933
2019-01-08,157.3000030517578,158.10000610351562,156.60000610351562,156.89999389648438,27963800,4387520049.32251
2019-01-09,158.60000610351562,159.1999969482422,158.1999969482422,158.39999389648438,20971500,3321885472.000122
2019-01-10,157.1999969482422,157.89999389648438,156.39999389648438,157.39999389648438,10212600,1607463177.6672363
2019-01-11,158.3000030517578,158.6999969482422,157.60000610351562,158.10000610351562,10536600,1665836524.3103027
2019-01-15,157.10000610351562,159.60000610351562,156.8000030517578,159.3000030517578,8240000,1312632025.1464844
2019-01-16,159.39999389648438,159.39999389648438,158.0,158.6999969482422,9528100,1512109440.9225464
2019-01-17,159.89999389648438,160.10000610351562,158.8000030517578,159.39999389648438,23053600,3674743699.291992
2019-01-18,159.6999969482422,161.60000610351562,159.6999969482422,160.89999389648438,11683200,1879826808.6914062
2019-01-21,162.60000610351562,162.8000030517578,161.60000610351562,162.1999969482422,17648900,2862651526.1398315
2019-01-22,162.1999969482422,162.60000610351562,160.5,160.6999969482422,8380900,1346810604.423523
2019-01-23,159.8000030517578,160.89999389648438,159.5,159.89999389648438,8628600,1379713087.335205
2019-01-24,159.10000610351562,160.60000610351562,158.89999389648438,160.3000030517578,12543400,2010707058.279419
2019-01-25,160.6999969482422,162.39999389648438,160.60000610351562,162.0,15927800,2580303600.0
2019-01-28,161.6999969482422,161.6999969482422,160.5,160.8000030517578,17153800,2758331092.349243
2019-01-29,160.0,161.10000610351562,159.3000030517578,160.89999389648438,9771900,1572298650.3570557
2019-01-30,161.1999969482422,161.1999969482422,160.10000610351562,160.3000030517578,10178300,1631581521.0617065
2019-01-31,162.6999969482422,162.8000030517578,161.3000030517578,162.10000610351562,10845800,1758104246.1975098
2019-02-01,161.8000030517578,162.89999389648438,161.39999389648438,161.60000610351562,11150400,1801904708.0566406
2019-02-04,162.0,163.60000610351562,162.0,163.39999389648438,11417000,1865537730.316162
2019-02-05,164.1999969482422,164.39999389648438,163.3000030517578,163.5,12498000,2043423000.0
2019-02-06,164.0,164.39999389648438,163.3000030517578,163.5,9839100,1608692850.0
2019-02-07,163.1999969482422,163.3000030517578,161.5,162.10000610351562,7817300,1267184377.7130127
2019-02-08,160.10000610351562,160.60000610351562,158.6999969482422,159.0,17331600,2755724400.0
2019-02-12,160.0,162.8000030517578,159.6999969482422,162.3000030517578,20253700,3287175571.809387
2019-02-13,163.60000610351562,164.5,163.10000610351562,164.3000030517578,14770600,2426809625.076294
2019-02-14,164.1999969482422,165.0,164.0,164.3000030517578,10178400,1672311151.0620117
2019-02-15,163.10000610351562,163.3000030517578,162.10000610351562,162.89999389648438,10850000,1767464933.7768555
2019-02-18,165.6999969482422,165.8000030517578,165.0,165.60000610351562,13072400,2164789519.7875977
2019-02-19,165.3000030517578,166.1999969482422,165.1999969482422,166.1999969482422,11699000,1944373764.2974854
2019-02-20,166.1999969482422,167.1999969482422,166.0,166.6999969482422,11305200,1884576805.4992676
2019-02-21,166.8000030517578,167.39999389648438,165.8000030517578,166.6999969482422,9720400,1620390650.3356934
2019-02-22,166.0,166.39999389648438,165.60000610351562,166.3000030517578,6322200,1051381879.2938232
2019-02-25,167.39999389648438,167.8000030517578,167.0,167.60000610351562,13643400,2286633923.272705
2019-02-26,167.5,167.89999389648438,166.6999969482422,167.10000610351562,10262800,1714913942.6391602
2019-02-27,167.3000030517578,167.8000030517578,167.3000030517578,167.60000610351562,13081100,2192392439.8406982
2019-02-28,167.39999389648438,167.39999389648438,166.10000610351562,166.1999969482422,13772400,2288972837.9699707
2019-03-01,166.60000610351562,167.39999389648438,166.5,167.10000610351562,10084900,1685186851.5533447
2019-03-04,168.60000610351562,168.60000610351562,167.6999969482422,168.3000030517578,11406800,1919764474.810791
2019-03-05,167.1999969482422,167.6999969482422,166.6999969482422,167.5,12272900,2055710750.0
2019-03-06,167.10000610351562,167.3000030517578,166.6999969482422,167.0,10310300,1721820100.0
2019-03-07,165.6999969482422,166.0,165.0,165.39999389648438,16517800,2732044019.1833496
2019-03-08,164.3000030517578,164.8000030517578,162.3000030517578,162.5,18223300,2961286250.0
2019-03-11,162.89999389648438,163.6999969482422,162.3000030517578,163.39999389648438,11939100,1950848867.1295166
2019-03-12,165.3000030517578,166.6999969482422,165.0,166.1999969482422,11711100,1946384784.260559
2019-03-13,165.5,165.89999389648438,163.89999389648438,164.3000030517578,17820800,2927957494.3847656
2019-03-14,165.89999389648438,166.10000610351562,164.5,164.60000610351562,10915600,1796707826.6235352
2019-03-15,164.89999389648438,166.1999969482422,164.89999389648438,165.60000610351562,16835700,2787992022.756958
2019-03-18,166.5,166.89999389648438,165.89999389648438,166.60000610351562,16083700,2679544518.1671143
2019-03-19,166.6999969482422,166.8000030517578,165.5,166.8000030517578,6460600,1077628099.7161865
2019-03-20,166.39999389648438,167.0,166.1999969482422,166.89999389648438,7449700,1243354884.5306396
2019-03-22,167.10000610351562,167.3000030517578,166.39999389648438,167.0,12064700,2014804900.0
2019-03-25,164.3000030517578,164.39999389648438,162.1999969482422,162.60000610351562,29522900,4800423720.193481
2019-03-26,164.89999389648438,167.3000030517578,164.6999969482422,167.0,19387300,3237679100.0
2019-03-27,168.0,168.1999969482422,167.0,167.6999969482422,12744700,2137286151.1062622
2019-03-28,166.39999389648438,166.60000610351562,164.60000610351562,165.1999969482422,17405900,2875454626.8814087
2019-03-29,166.8000030517578,167.10000610351562,165.89999389648438,166.10000610351562,15084300,2505502322.0672607
2019-04-01,168.89999389648438,169.8000030517578,168.60000610351562,168.89999389648438,18951300,3200874454.3304443
2019-04-02,170.60000610351562,170.60000610351562,168.5,168.6999969482422,22333600,3767678251.8432617
2019-04-03,168.8000030517578,169.6999969482422,168.0,169.5,31792200,5388777900.0
2019-04-04,169.5,170.0,169.0,169.3000030517578,17586000,2977309853.668213
2019-04-05,169.3000030517578,170.10000610351562,169.3000030517578,169.6999969482422,17091600,2900444467.840576
2019-04-08,170.1999969482422,170.1999969482422,168.89999389648438,169.3000030517578,12880200,2180617899.307251
2019-04-09,169.10000610351562,169.3000030517578,168.1999969482422,168.8000030517578,12172700,2054751797.1481323
2019-04-10,167.1999969482422,168.0,167.10000610351562,167.89999389648438,6913000,1160692657.8063965
2019-04-11,167.60000610351562,168.1999969482422,167.10000610351562,168.10000610351562,25965500,4364800708.480835
2019-04-12,168.60000610351562,168.6999969482422,167.3000030517578,167.8000030517578,13523900,2269310461.2716675
2019-04-15,170.0,170.60000610351562,169.6999969482422,170.0,21406000,3639020000.0
2019-04-16,169.60000610351562,170.6999969482422,169.60000610351562,169.89999389648438,32500900,5521902711.630249
2019-04-17,170.3000030517578,170.8000030517578,169.8000030517578,170.5,38909100,6634001550.0
2019-04-18,170.5,170.60000610351562,168.3000030517578,168.6999969482422,18553200,3129924783.380127
2019-04-19,169.60000610351562,169.89999389648438,168.6999969482422,168.8000030517578,8658400,1461537946.4233398
2019-04-22,168.60000610351562,169.39999389648438,168.0,169.10000610351562,10357600,1751470223.2177734
2019-04-23,169.3000030517578,169.8000030517578,168.8000030517578,169.60000610351562,15944800,2704238177.319336
2019-04-24,170.1999969482422,170.39999389648438,168.0,168.3000030517578,16699800,2810576390.963745
2019-04-25,168.60000610351562,169.5,168.3000030517578,169.10000610351562,15519000,2624262994.720459
2019-04-26,168.1999969482422,169.3000030517578,167.39999389648438,168.89999389648438,17130600,2893358235.443115
2019-05-07,168.60000610351562,168.6999969482422,166.60000610351562,167.0,20051400,3348583800.0
2019-05-08,165.10000610351562,165.1999969482422,163.60000610351562,164.3000030517578,32707000,5373760199.813843
2019-05-09,163.39999389648438,163.5,161.6999969482422,161.89999389648438,17600100,2849456082.5775146
2019-05-10,161.8000030517578,163.60000610351562,160.89999389648438,161.8000030517578,23447300,3793773211.555481
2019-05-13,161.10000610351562,161.89999389648438,160.60000610351562,161.10000610351562,14793800,2383281270.2941895
2019-05-14,157.8000030517578,160.5,157.60000610351562,160.5,19026200,3053705100.0
2019-05-15,160.8000030517578,161.39999389648438,159.6999969482422,161.1999969482422,12272300,1978294722.5479126
2019-05-16,161.3000030517578,161.3000030517578,159.6999969482422,160.8000030517578,25822900,4152322398.805237
2019-05-17,162.10000610351562,163.39999389648438,161.60000610351562,162.39999389648438,13207200,2144849199.3896484
2019-05-20,162.60000610351562,163.39999389648438,162.10000610351562,162.60000610351562,25628000,4167112956.4208984
2019-05-21,161.6999969482422,162.39999389648438,161.1999969482422,162.0,17016600,2756689200.0
2019-05-22,162.6999969482422,163.0,161.5,161.5,7228100,1167338150.0
2019-05-23,160.8000030517578,161.5,160.39999389648438,161.0,15171000,2442531000.0
2019-05-24,159.5,161.1999969482422,159.39999389648438,161.1999969482422,11315500,1824058565.4678345
2019-05-27,161.1999969482422,161.89999389648438,160.89999389648438,161.89999389648438,6975200,1129284837.4267578
2019-05-28,161.6999969482422,162.60000610351562,161.5,162.10000610351562,11012200,1785077687.2131348
2019-05-29,160.39999389648438,160.8000030517578,159.3000030517578,160.60000610351562,10346500,1661647963.1500244
2019-05-30,159.60000610351562,160.3000030517578,159.0,160.0,20642400,3302784000.0
2019-05-31,159.0,159.39999389648438,158.0,158.10000610351562,32989500,5215640151.351929
2019-06-03,155.8000030517578,157.0,155.8000030517578,156.8000030517578,19536000,3063244859.6191406
2019-06-04,156.89999389648438,157.1999969482422,155.8000030517578,156.60000610351562,21976300,3441488714.1326904
2019-06-05,159.3000030517578,160.1999969482422,158.8000030517578,160.0,26901200,4304192000.0
2019-06-06,159.60000610351562,160.1999969482422,159.3000030517578,159.39999389648438,16636600,2651873938.458252
2019-06-07,159.6999969482422,160.3000030517578,159.39999389648438,160.1999969482422,10741300,1720756227.2201538
2019-06-10,161.6999969482422,162.8000030517578,161.3000030517578,162.5,16557300,2690561250.0
2019-06-11,162.1999969482422,163.39999389648438,161.89999389648438,163.3000030517578,7711200,1259238983.5327148
2019-06-12,162.5,163.39999389648438,162.39999389648438,162.39999389648438,5899800,958127483.9904785
2019-06-13,161.5,161.89999389648438,160.10000610351562,161.10000610351562,9750600,1570821719.5129395
2019-06-14,161.6999969482422,161.8000030517578,160.39999389648438,161.6999969482422,13351100,2158872829.2556763
2019-06-17,161.1999969482422,161.6999969482422,160.8000030517578,160.8000030517578,6678500,1073902820.3811646
2019-06-18,160.89999389648438,161.5,159.3000030517578,159.6999969482422,15252100,2435760323.4542847
2019-06-19,161.89999389648438,162.6999969482422,161.6999969482422,162.60000610351562,16141500,2624607998.5198975
2019-06-20,163.1999969482422,163.39999389648438,162.60000610351562,163.10000610351562,21134500,3447037078.994751
2019-06-21,163.0,163.0,161.1999969482422,161.60000610351562,11893900,1922054312.5946045
2019-06-24,161.39999389648438,162.0,161.0,161.89999389648438,12114600,1961353666.0583496
2019-06-25,161.60000610351562,162.60000610351562,160.89999389648438,161.1999969482422,9293800,1498160531.6375732
2019-06-26,160.8000030517578,161.1999969482422,160.1999969482422,160.39999389648438,15501300,2486408425.3875732
2019-06-27,161.10000610351562,162.60000610351562,160.89999389648438,162.60000610351562,11097600,1804469827.734375
2019-06-28,162.3000030517578,162.6999969482422,161.60000610351562,162.5,28709100,4665228750.0
2019-07-01,165.0,166.10000610351562,164.10000610351562,166.10000610351562,22786000,3784754739.074707
2019-07-02,166.0,166.60000610351562,165.8000030517578,166.5,14621800,2434529700.0
2019-07-03,165.8000030517578,165.8000030517578,164.60000610351562,165.0,14133900,2332093500.0
2019-07-04,166.10000610351562,166.5,165.8000030517578,166.39999389648438,13025100,2167376560.5010986
2019-07-05,166.39999389648438,166.8000030517578,166.10000610351562,166.60000610351562,24460700,4075152769.2962646
2019-07-08,163.0,163.10000610351562,161.6999969482422,162.10000610351562,16749100,2715029212.2283936
2019-07-09,162.3000030517578,162.8000030517578,161.1999969482422,161.5,18759900,3029723850.0
2019-07-10,160.8000030517578,161.60000610351562,160.39999389648438,161.10000610351562,13698300,2206796213.607788
2019-07-11,161.3000030517578,162.10000610351562,161.1999969482422,162.0,8148300,1320024600.0
2019-07-12,162.3000030517578,162.39999389648438,161.1999969482422,161.6999969482422,9366600,1514579191.4154053
2019-07-16,161.1999969482422,161.39999389648438,160.5,160.8000030517578,6278800,1009631059.161377
2019-07-17,160.39999389648438,161.0,160.0,160.6999969482422,7708400,1238739856.47583
2019-07-18,159.89999389648438,159.89999389648438,156.89999389648438,157.1999969482422,21600900,3395661414.0792847
2019-07-19,157.89999389648438,160.5,157.60000610351562,160.3000030517578,18560300,2975216146.6415405
2019-07-22,160.0,160.1999969482422,159.3000030517578,159.39999389648438,19912000,3173972678.466797
2019-07-23,159.60000610351562,161.39999389648438,159.1999969482422,160.89999389648438,10207100,1642322327.7008057
2019-07-24,161.6999969482422,161.8000030517578,161.10000610351562,161.5,13106900,2116764350.0
2019-07-25,161.89999389648438,162.1999969482422,161.60000610351562,161.8000030517578,11013200,1781935793.6096191
2019-07-26,161.1999969482422,161.3000030517578,160.39999389648438,161.10000610351562,8987600,1447902414.855957
2019-07-29,160.8000030517578,161.10000610351562,160.3000030517578,161.0,18671200,3006063200.0
2019-07-30,161.3000030517578,162.0,161.0,161.6999969482422,16035700,2592972641.0629272
2019-07-31,160.10000610351562,161.10000610351562,160.10000610351562,160.5,13248000,2126304000.0
2019-08-01,159.5,160.89999389648438,159.1999969482422,160.6999969482422,9792300,1573622580.116272
2019-08-02,157.89999389648438,158.39999389648438,156.3000030517578,157.10000610351562,31963400,5021450335.089111
2019-08-05,155.6999969482422,155.8000030517578,152.60000610351562,154.3000030517578,30166100,4654629322.059631
2019-08-06,149.60000610351562,153.89999389648438,149.5,153.6999969482422,23309200,3582623968.865967
2019-08-07,153.39999389648438,154.1999969482422,152.89999389648438,153.8000030517578,23521800,3617652911.782837
2019-08-08,153.60000610351562,154.39999389648438,153.0,153.60000610351562,20840100,3201039487.197876
2019-08-09,154.89999389648438,155.0,154.10000610351562,154.3000030517578,18612700,2871939666.8014526
2019-08-13,152.6999969482422,153.1999969482422,151.89999389648438,152.60000610351562,24152900,3685732687.4176025
2019-08-14,154.0,154.10000610351562,153.10000610351562,153.60000610351562,41270300,6339118331.893921
2019-08-15,150.5,152.1999969482422,150.3000030517578,152.0,25084800,3812889600.0
2019-08-16,151.5,152.60000610351562,151.3000030517578,152.39999389648438,17763300,2707126811.581421
2019-08-19,153.5,153.6999969482422,152.6999969482422,153.3000030517578,21533600,3301100945.715332
2019-08-20,153.3000030517578,154.60000610351562,153.3000030517578,154.60000610351562,34173900,5283285148.580933
2019-08-21,152.89999389648438,153.6999969482422,152.89999389648438,153.5,18035700,2768479950.0
2019-08-22,154.0,154.10000610351562,153.1999969482422,153.6999969482422,9484000,1457690771.057129
2019-08-23,153.6999969482422,154.1999969482422,153.5,154.10000610351562,9891600,1524295620.3735352
2019-08-26,150.3000030517578,151.8000030517578,150.10000610351562,151.60000610351562,19653200,2979425239.9536133
2019-08-27,152.89999389648438,153.39999389648438,152.60000610351562,152.60000610351562,11025900,1682552407.296753
2019-08-28,152.8000030517578,153.0,152.5,152.8000030517578,8589700,1312506186.213684
2019-08-29,152.89999389648438,153.10000610351562,151.89999389648438,152.89999389648438,14366000,2196561312.3168945
2019-08-30,154.1999969482422,155.1999969482422,154.0,155.1999969482422,32697800,5074698460.214233
2019-09-02,154.5,154.8000030517578,154.39999389648438,154.39999389648438,24193600,3735491692.3339844
2019-09-03,154.10000610351562,155.39999389648438,154.10000610351562,155.10000610351562,24726500,3835080300.918579
2019-09-04,154.5,155.10000610351562,154.0,154.8000030517578,26447800,4094119520.7122803
2019-09-05,155.5,158.10000610351562,155.5,157.3000030517578,23391600,3679498751.385498
2019-09-06,157.89999389648438,158.1999969482422,157.5,157.6999969482422,20520400,3236067017.376709
2019-09-09,157.6999969482422,159.10000610351562,157.6999969482422,159.0,23163800,3683044200.0
2019-09-10,159.5,160.3000030517578,159.5,159.89999389648438,12910600,2064404861.1999512
2019-09-11,160.39999389648438,162.5,160.39999389648438,162.5,17365300,2821861250.0
2019-09-12,163.8000030517578,164.1999969482422,163.0,163.8000030517578,18975500,3108186957.9086304
2019-09-13,164.60000610351562,165.3000030517578,163.5,165.3000030517578,32846400,5429510020.239258
2019-09-17,164.6999969482422,166.1999969482422,164.3000030517578,165.5,32975900,5457511450.0
2019-09-18,165.39999389648438,165.5,164.3000030517578,164.8000030517578,17281600,2848007732.739258
2019-09-19,165.5,166.89999389648438,165.39999389648438,165.8000030517578,23435600,3885622551.5197754
2019-09-20,166.39999389648438,166.6999969482422,165.5,165.6999969482422,23786200,3941373267.4102783
2019-09-24,166.0,167.10000610351562,166.0,166.60000610351562,35793900,5963263958.468628
2019-09-25,165.5,166.3000030517578,165.3000030517578,166.3000030517578,36199600,6019993590.472412
2019-09-26,167.60000610351562,167.8000030517578,166.0,166.1999969482422,25934100,4310247340.855408
2019-09-27,166.8000030517578,166.89999389648438,164.60000610351562,166.0,28559800,4740926800.0
2019-09-30,164.8000030517578,165.3000030517578,163.89999389648438,164.3000030517578,20419600,3354940342.315674
2019-10-01,165.3000030517578,166.5,165.1999969482422,166.10000610351562,25717100,4271610466.9647217
2019-10-02,164.60000610351562,165.39999389648438,164.60000610351562,165.39999389648438,12847400,2124959881.5856934
2019-10-03,162.1999969482422,162.60000610351562,161.5,162.39999389648438,12650200,2054392402.7893066
2019-10-04,161.8000030517578,162.89999389648438,161.5,162.89999389648438,15500300,2524998775.3936768
2019-10-07,163.1999969482422,163.5,162.39999389648438,162.60000610351562,19721800,3206764800.3723145
2019-10-08,163.60000610351562,164.5,163.5,164.39999389648438,9907900,1628858699.5269775
2019-10-09,162.5,163.8000030517578,162.5,163.8000030517578,16290200,2668334809.713745
2019-10-10,163.39999389648438,163.89999389648438,162.0,163.89999389648438,33264900,5452116906.967163
2019-10-11,165.39999389648438,165.39999389648438,164.39999389648438,165.3000030517578,13065800,2159776779.873657
2019-10-15,167.3000030517578,168.1999969482422,167.0,167.89999389648438,20443700,3432497105.2215576
2019-10-16,169.6999969482422,170.60000610351562,168.5,168.8000030517578,18570200,3134649816.671753
2019-10-17,168.6999969482422,168.89999389648438,168.0,168.0,7607000,1277976000.0
2019-10-18,168.39999389648438,169.10000610351562,167.6999969482422,168.0,12605500,2117724000.0
2019-10-21,168.1999969482422,168.89999389648438,168.1999969482422,168.6999969482422,9390000,1584092971.3439941
2019-10-23,169.39999389648438,169.89999389648438,167.6999969482422,169.6999969482422,35931500,6097575440.345764
2019-10-24,170.60000610351562,170.8000030517578,170.1999969482422,170.3000030517578,16449500,2801349900.19989
2019-10-25,170.5,170.8000030517578,170.0,170.6999969482422,9130900,1558644602.1347046
2019-10-28,171.0,171.1999969482422,170.60000610351562,170.8000030517578,8846300,1510948066.9967651
2019-10-29,171.8000030517578,172.5,171.60000610351562,172.3000030517578,13888800,2393040282.385254
2019-10-30,172.3000030517578,172.6999969482422,171.8000030517578,172.6999969482422,11357900,1961509295.33844
2019-10-31,172.60000610351562,172.89999389648438,171.89999389648438,172.39999389648438,30316800,5226616134.9609375
2019-11-01,171.39999389648438,172.5,171.3000030517578,172.39999389648438,14524000,2503937511.352539
2019-11-05,174.6999969482422,175.8000030517578,174.1999969482422,175.39999389648438,22259800,3904368784.136963
2019-11-06,176.0,176.10000610351562,174.89999389648438,175.39999389648438,23949800,4200794773.8220215
2019-11-07,175.39999389648438,175.89999389648438,175.3000030517578,175.89999389648438,7362700,1295098885.0616455
2019-11-08,177.6999969482422,177.6999969482422,175.8000030517578,176.39999389648438,12893200,2274360401.3061523
2019-11-11,176.89999389648438,177.3000030517578,176.1999969482422,176.5,6354700,1121604550.0
2019-11-12,176.39999389648438,177.3000030517578,175.89999389648438,176.89999389648438,6748100,1193738848.8128662
2019-11-13,176.60000610351562,176.8000030517578,175.89999389648438,175.89999389648438,7128000,1253815156.4941406
2019-11-14,175.8000030517578,176.0,173.89999389648438,174.3000030517578,6038300,1052475708.4274292
2019-11-15,174.5,176.0,174.39999389648438,175.8000030517578,8481200,1490994985.8825684
2019-11-18,175.5,176.1999969482422,175.3000030517578,176.1999969482422,11816200,2082014403.9398193
2019-11-19,175.6999969482422,176.10000610351562,175.0,175.8000030517578,9832400,1728535950.0061035
2019-11-20,174.89999389648438,175.8000030517578,174.3000030517578,175.10000610351562,7719900,1351754537.1185303
2019-11-21,174.60000610351562,175.10000610351562,172.39999389648438,174.8000030517578,12922500,2258853039.4363403
2019-11-22,175.0,176.0,174.8000030517578,175.1999969482422,7219400,1264838857.9681396
2019-11-25,176.39999389648438,176.6999969482422,175.89999389648438,176.1999969482422,9198300,1620740431.929016
2019-11-26,177.1999969482422,178.0,176.39999389648438,176.39999389648438,20280200,3577427156.2194824
2019-11-27,177.0,177.60000610351562,176.89999389648438,177.3000030517578,17765100,3149752284.2147827
2019-11-28,177.10000610351562,177.39999389648438,176.3000030517578,176.89999389648438,20000700,3538123707.925415
2019-11-29,177.10000610351562,177.5,175.6999969482422,175.6999969482422,22803900,4006645160.40802
2019-12-02,176.5,177.89999389648438,176.5,177.6999969482422,19718300,3503941849.824524
2019-12-03,175.60000610351562,176.8000030517578,175.1999969482422,176.8000030517578,13128300,2321083480.064392
2019-12-04,175.60000610351562,176.39999389648438,175.10000610351562,176.10000610351562,21438700,3775355200.8514404
2019-12-05,177.0,177.39999389648438,176.6999969482422,177.1999969482422,25876800,4585368881.030273
2019-12-06,177.39999389648438,177.6999969482422,177.0,177.1999969482422,21039700,3728234775.791931
2019-12-09,178.6999969482422,178.6999969482422,177.39999389648438,178.3000030517578,17289400,3082700072.7630615
2019-12-10,178.10000610351562,178.60000610351562,178.0,178.0,11991500,2134487000.0
2019-12-11,178.1999969482422,178.3000030517578,177.1999969482422,177.5,18919400,3358193500.0
2019-12-12,178.1999969482422,178.1999969482422,176.89999389648438,177.5,38215000,6783162500.0
2019-12-13,180.39999389648438,181.3000030517578,179.8000030517578,180.1999969482422,30461400,5489144187.039185
2019-12-16,179.89999389648438,180.39999389648438,179.8000030517578,179.8000030517578,8207900,1475780445.048523
2019-12-17,180.6999969482422,181.0,180.0,180.8000030517578,9705800,1754808669.619751
2019-12-18,180.89999389648438,180.89999389648438,179.6999969482422,179.89999389648438,8896400,1600462305.7006836
2019-12-19,180.10000610351562,180.3000030517578,179.3000030517578,179.8000030517578,15475300,2782458987.2268677
2019-12-20,179.89999389648438,180.0,178.89999389648438,179.3000030517578,10232500,1834687281.2271118
2019-12-23,179.89999389648438,179.89999389648438,178.89999389648438,178.89999389648438,9954900,1780931549.2401123
2019-12-24,179.3000030517578,179.39999389648438,178.6999969482422,178.89999389648438,3987800,713417395.6604004
2019-12-25,178.89999389648438,178.89999389648438,178.10000610351562,178.1999969482422,8222300,1465213834.9075317
2019-12-26,178.10000610351562,179.1999969482422,178.10000610351562,179.1999969482422,5106500,915084784.4161987
2019-12-27,179.8000030517578,180.3000030517578,179.5,180.0,8474900,1525482000.0
2019-12-30,178.89999389648438,179.10000610351562,178.10000610351562,178.3000030517578,17869100,3186060584.5321655
2020-01-06,176.0,176.6999969482422,175.10000610351562,175.89999389648438,14720200,2589283090.1550293
2020-01-07,176.8000030517578,179.0,176.6999969482422,178.89999389648438,12730300,2277450592.300415
2020-01-08,176.3000030517578,177.0,174.5,176.5,21600300,3812452950.0
2020-01-09,178.6999969482422,179.6999969482422,178.5,179.39999389648438,14442800,2591038231.8481445
2020-01-10,180.0,180.39999389648438,179.39999389648438,180.0,22650600,4077108000.0
2020-01-14,180.39999389648438,180.6999969482422,179.89999389648438,180.5,15982900,2884913450.0
2020-01-15,179.6999969482422,180.1999969482422,179.10000610351562,179.60000610351562,19651300,3529373599.9420166
2020-01-16,179.8000030517578,179.89999389648438,179.0,179.1999969482422,6924200,1240816618.8690186
2020-01-17,179.8000030517578,180.1999969482422,179.60000610351562,180.0,32369000,5826420000.0
2020-01-20,180.39999389648438,181.10000610351562,180.39999389648438,180.6999969482422,7678200,1387450716.5679932
2020-01-21,180.6999969482422,180.89999389648438,179.60000610351562,180.0,10483700,1887066000.0
2020-01-22,179.5,181.10000610351562,179.5,181.10000610351562,13052400,2363789719.6655273
2020-01-23,179.89999389648438,180.10000610351562,179.1999969482422,179.1999969482422,12987900,2327431640.3640747
2020-01-24,179.39999389648438,179.6999969482422,178.89999389648438,179.39999389648438,56778900,10186134313.449097
2020-01-27,176.1999969482422,177.1999969482422,175.8000030517578,176.3000030517578,27581500,4862618534.172058
2020-01-28,174.89999389648438,175.8000030517578,174.5,175.3000030517578,28051400,4917410505.606079
2020-01-29,175.60000610351562,176.1999969482422,175.10000610351562,176.0,158313300,27863140800.0
2020-01-30,175.6999969482422,175.8000030517578,172.8000030517578,173.60000610351562,20229700,3511876043.47229
2020-01-31,174.6999969482422,176.1999969482422,174.39999389648438,174.6999969482422,28636800,5002848872.607422
2020-02-03,171.60000610351562,173.8000030517578,171.39999389648438,173.3000030517578,11738600,2034299415.8233643
2020-02-04,173.0,174.8000030517578,172.89999389648438,174.6999969482422,42137600,7361438591.40625
2020-02-05,176.5,177.0,175.89999389648438,176.5,21305300,3760385450.0
2020-02-06,178.89999389648438,180.89999389648438,178.8000030517578,180.10000610351562,18888000,3401728915.283203
2020-02-07,180.5,180.5,179.1999969482422,179.39999389648438,15468900,2775120565.585327
2020-02-10,178.0,178.89999389648438,177.89999389648438,178.3000030517578,12113200,2159783596.9665527
2020-02-12,178.5,178.6999969482422,177.1999969482422,178.10000610351562,36133700,6435412190.542603
2020-02-13,177.6999969482422,178.0,177.0,177.39999389648438,16415700,2912145079.8065186
2020-02-14,176.5,176.8000030517578,176.0,176.60000610351562,18383900,3246596852.206421
2020-02-17,174.89999389648438,175.3000030517578,173.6999969482422,175.10000610351562,13415200,2349001601.879883
2020-02-18,174.10000610351562,174.10000610351562,172.1999969482422,172.60000610351562,15661100,2703105955.5877686
2020-02-19,173.39999389648438,173.89999389648438,172.8000030517578,173.1999969482422,20624900,3572232617.0578003
2020-02-20,174.8000030517578,175.5,173.3000030517578,173.60000610351562,24761200,4298544471.130371
2020-02-21,173.5,174.60000610351562,173.39999389648438,173.5,12044200,2089668700.0
2020-02-25,165.5,169.10000610351562,165.3000030517578,167.6999969482422,29273400,4909149090.664673
2020-02-26,165.89999389648438,166.8000030517578,164.5,166.60000610351562,41601500,6930810153.915405
2020-02-27,165.1999969482422,165.5,161.89999389648438,162.39999389648438,24092400,3912605612.95166
2020-02-28,158.39999389648438,158.6999969482422,155.60000610351562,156.60000610351562,30609900,4793510526.828003
2020-03-02,154.10000610351562,159.89999389648438,153.8000030517578,158.10000610351562,35833200,5665229138.708496
2020-03-03,161.10000610351562,161.10000610351562,156.10000610351562,156.10000610351562,37396200,5837547048.248291
2020-03-04,154.39999389648438,157.0,153.8000030517578,155.6999969482422,26349200,4102570359.588623
2020-03-05,158.10000610351562,158.1999969482422,156.39999389648438,157.60000610351562,43335200,6829627784.49707
2020-03-06,154.39999389648438,154.8000030517578,151.8000030517578,152.5,36879600,5624139000.0
2020-03-09,147.3000030517578,148.10000610351562,142.89999389648438,143.89999389648438,43736200,6293638913.05542
2020-03-10,142.0,146.8000030517578,138.0,145.89999389648438,80552800,11752653028.344727
2020-03-11,145.3000030517578,147.5,143.39999389648438,143.5,81558700,11703673450.0
2020-03-12,140.5,141.5,136.10000610351562,137.6999969482422,95519800,13153076168.496704
2020-03-13,128.6999969482422,135.39999389648438,124.5999984741211,130.60000610351562,110406300,14419063453.866577
2020-03-16,131.39999389648438,133.6999969482422,127.5,127.5,89328200,11389345500.0
2020-03-17,125.5,133.0,124.4000015258789,131.60000610351562,106992800,14080253133.032227
2020-03-18,132.10000610351562,136.39999389648438,131.60000610351562,132.8000030517578,78815500,10466698640.525818
2020-03-19,135.60000610351562,136.89999389648438,132.89999389648438,134.0,73943500,9908429000.0
2020-03-23,133.3000030517578,135.5,131.89999389648438,135.39999389648438,37438400,5069159131.494141
2020-03-24,137.8000030517578,138.6999969482422,135.6999969482422,138.1999969482422,75168600,10388300290.603638
2020-03-25,144.1999969482422,147.89999389648438,143.3000030517578,147.5,62429600,9208366000.0
2020-03-26,145.0,146.5,143.0,145.60000610351562,51142900,7446406552.151489
2020-03-27,150.0,151.0,147.10000610351562,150.8000030517578,55669200,8394915529.888916
2020-03-30,147.3000030517578,151.10000610351562,146.0,151.0,56790200,8575320200.0
2020-03-31,150.3000030517578,151.1999969482422,146.6999969482422,147.3000030517578,39689700,5846292931.123352
2020-04-01,145.5,146.6999969482422,140.60000610351562,141.5,42093400,5956216100.0
2020-04-02,140.60000610351562,141.5,139.3000030517578,139.6999969482422,28874300,4033739621.8826294
2020-04-03,145.5,146.6999969482422,138.0,139.60000610351562,22467800,3136505017.1325684
2020-04-06,139.5,145.5,139.1999969482422,144.8000030517578,44192800,6399117574.865723
2020-04-07,147.6999969482422,148.8000030517578,144.5,147.5,48158200,7103334500.0
2020-04-08,147.8000030517578,150.60000610351562,146.5,149.89999389648438,28970100,4342617813.180542
2020-04-09,149.5,149.5,147.0,148.60000610351562,36572400,5434658863.220215
2020-04-10,149.1999969482422,150.39999389648438,146.89999389648438,150.3000030517578,30530800,4588779333.172607
2020-04-13,148.8000030517578,149.60000610351562,147.3000030517578,147.3000030517578,15859000,2336030748.397827
2020-04-14,148.0,150.89999389648438,147.6999969482422,150.3000030517578,22464500,3376414418.5562134
2020-04-15,150.3000030517578,151.3000030517578,149.5,150.8000030517578,19421200,2928717019.268799
2020-04-16,148.5,149.6999969482422,147.8000030517578,149.39999389648438,24250200,3622979731.9885254
2020-04-17,151.3000030517578,153.0,150.3000030517578,151.3000030517578,31037100,4695913324.717712
2020-04-20,150.1999969482422,151.10000610351562,150.10000610351562,150.5,19632800,2954736400.0
2020-04-21,148.89999389648438,149.89999389648438,148.10000610351562,148.6999969482422,16592100,2467245219.364929
2020-04-22,147.39999389648438,148.39999389648438,146.10000610351562,147.39999389648438,32752400,4827703560.095215
2020-04-23,148.1999969482422,149.60000610351562,148.10000610351562,149.5,11979800,1790980100.0
2020-04-24,149.10000610351562,149.39999389648438,148.10000610351562,149.1999969482422,23079500,3443461329.5669556
2020-04-27,149.89999389648438,152.1999969482422,149.8000030517578,151.6999969482422,18601900,2821908173.2315063
2020-04-28,151.89999389648438,152.3000030517578,150.89999389648438,152.1999969482422,26548400,4040666398.980713
2020-04-30,155.60000610351562,155.60000610351562,153.3000030517578,153.3000030517578,32166300,4931093888.163757
2020-05-01,152.5,152.5,149.5,150.1999969482422,34177500,5133460395.698547
2020-05-07,148.89999389648438,150.0,148.60000610351562,150.0,18148500,2722275000.0
2020-05-08,151.60000610351562,153.1999969482422,151.3000030517578,152.89999389648438,13121900,2006338429.9102783
2020-05-11,154.39999389648438,155.89999389648438,154.1999969482422,155.3000030517578,20556100,3192362392.732239
2020-05-12,155.3000030517578,155.6999969482422,154.6999969482422,155.0,16360200,2535831000.0
2020-05-13,153.10000610351562,155.3000030517578,153.10000610351562,154.6999969482422,26461200,4093547559.246826
2020-05-14,153.8000030517578,154.0,151.6999969482422,151.89999389648438,31176000,4735634209.716797
2020-05-15,153.1999969482422,153.39999389648438,151.10000610351562,152.89999389648438,36974700,5653431404.324341
2020-05-18,153.10000610351562,153.6999969482422,152.1999969482422,153.3000030517578,18916600,2899914837.728882
2020-05-19,156.39999389648438,156.6999969482422,155.39999389648438,155.89999389648438,20756600,3235953813.3117676
2020-05-20,155.60000610351562,157.5,155.60000610351562,156.8000030517578,19967700,3130935420.9365845
2020-05-21,157.5,157.60000610351562,156.1999969482422,156.6999969482422,14606100,2288775825.42572
2020-05-22,156.6999969482422,156.89999389648438,154.6999969482422,155.0,13493400,2091477000.0
2020-05-25,157.3000030517578,157.6999969482422,156.60000610351562,157.6999969482422,13350400,2105358039.2578125
2020-05-26,159.1999969482422,161.5,158.8000030517578,161.1999969482422,22107200,3563680572.5341797
2020-05-27,161.39999389648438,162.8000030517578,160.60000610351562,162.60000610351562,18428800,2996522992.4804688
2020-05-28,164.10000610351562,166.0,163.3000030517578,166.0,31097400,5162168400.0
2020-05-29,164.8000030517578,165.5,163.8000030517578,164.0,18612100,3052384400.0
2020-06-01,164.10000610351562,165.1999969482422,163.8000030517578,164.60000610351562,19282300,3173866697.6898193
2020-06-02,165.39999389648438,167.1999969482422,165.1999969482422,166.5,22033000,3668494500.0
2020-06-03,169.10000610351562,169.1999969482422,166.8000030517578,168.0,23007300,3865226400.0
2020-06-04,169.60000610351562,169.8000030517578,166.89999389648438,168.5,26626100,4486497850.0
2020-06-05,167.89999389648438,169.3000030517578,167.5,169.0,23666700,3999672300.0
2020-06-08,171.1999969482422,171.1999969482422,169.89999389648438,171.10000610351562,22863300,3911910769.546509
2020-06-09,171.1999969482422,171.5,169.89999389648438,171.10000610351562,25079000,4291017053.0700684
2020-06-10,170.10000610351562,171.1999969482422,169.6999969482422,170.8000030517578,18657600,3186718136.9384766
2020-06-11,168.8000030517578,169.5,166.89999389648438,167.10000610351562,16724300,2794630632.0770264
2020-06-12,163.1999969482422,165.3000030517578,161.8000030517578,164.5,35174900,5786271050.0
2020-06-15,163.6999969482422,165.1999969482422,160.89999389648438,161.0,26918400,4333862400.0
2020-06-16,164.60000610351562,167.8000030517578,163.89999389648438,167.3000030517578,13635100,2281152271.611023
2020-06-17,167.3000030517578,167.3000030517578,165.8000030517578,166.5,14400300,2397649950.0
2020-06-18,166.0,166.6999969482422,164.5,166.39999389648438,19714000,3280409479.675293
2020-06-19,166.89999389648438,167.10000610351562,165.39999389648438,166.3000030517578,8287500,1378211275.2914429
2020-06-22,165.5,166.6999969482422,165.3000030517578,166.0,9669300,1605103800.0
2020-06-23,167.0,167.8000030517578,164.8000030517578,166.5,12009000,1999498500.0
2020-06-24,166.10000610351562,166.60000610351562,165.60000610351562,165.6999969482422,11151100,1847737235.9695435
2020-06-25,164.3000030517578,165.0,163.3000030517578,164.0,11273700,1848886800.0
2020-06-26,165.10000610351562,166.1999969482422,164.89999389648438,166.0,16410400,2724126400.0
2020-06-29,164.0,164.1999969482422,162.6999969482422,162.8000030517578,14452600,2352883324.105835
2020-06-30,165.39999389648438,165.60000610351562,163.1999969482422,163.1999969482422,16372600,2672008270.03479
2020-07-01,164.0,164.10000610351562,161.1999969482422,161.89999389648438,22351600,3618723903.57666
2020-07-02,162.3000030517578,163.10000610351562,161.60000610351562,162.5,10295500,1673018750.0
2020-07-03,163.1999969482422,163.3000030517578,161.8000030517578,163.3000030517578,10836900,1769665803.0715942
2020-07-06,163.6999969482422,166.0,163.60000610351562,165.89999389648438,20033500,3323557527.7252197
2020-07-07,165.8000030517578,166.0,164.60000610351562,165.3000030517578,16387000,2708771150.0091553
2020-07-08,164.39999389648438,165.89999389648438,163.6999969482422,163.8000030517578,28128200,4607399245.840454
2020-07-09,160.3000030517578,161.60000610351562,159.6999969482422,160.39999389648438,24042200,3856368733.2580566
2020-07-10,160.3000030517578,160.3000030517578,158.1999969482422,158.3000030517578,15942900,2523761118.6538696
2020-07-13,160.5,162.10000610351562,160.1999969482422,162.10000610351562,8408400,1363001691.3208008
2020-07-14,160.89999389648438,161.60000610351562,160.60000610351562,161.1999969482422,7263700,1170908417.8329468
2020-07-15,162.8000030517578,163.8000030517578,162.5,163.60000610351562,14859400,2430997930.69458
2020-07-16,163.60000610351562,163.8000030517578,162.39999389648438,162.6999969482422,8442400,1373578454.2358398
2020-07-17,162.8000030517578,163.0,161.6999969482422,162.10000610351562,6268400,1016107678.2592773
2020-07-20,162.6999969482422,162.6999969482422,161.1999969482422,162.3000030517578,6852800,1112209460.913086
2020-07-21,162.8000030517578,163.1999969482422,162.5,163.10000610351562,7536900,1229268436.001587
2020-07-22,162.5,163.0,161.89999389648438,161.89999389648438,11436000,1851488330.2001953
2020-07-27,160.3000030517578,162.5,159.8000030517578,162.5,19449000,3160462500.0
2020-07-28,162.5,163.10000610351562,161.39999389648438,161.6999969482422,10362300,1675583878.37677
2020-07-29,160.60000610351562,160.8000030517578,159.39999389648438,159.5,13723000,2188818500.0
2020-07-30,160.0,160.1999969482422,158.39999389648438,158.5,6405400,1015255900.0
2020-07-31,158.0,158.10000610351562,154.10000610351562,154.1999969482422,25559800,3941321081.9976807
2020-08-03,155.8000030517578,156.89999389648438,155.3000030517578,156.60000610351562,9937300,1556181240.6524658
2020-08-04,158.8000030517578,160.1999969482422,158.6999969482422,160.10000610351562,14600700,2337572159.1156006
2020-08-05,159.5,160.3000030517578,158.60000610351562,160.0,9896800,1583488000.0
2020-08-06,159.6999969482422,160.60000610351562,159.1999969482422,159.60000610351562,15115900,2412497732.260132
2020-08-07,159.6999969482422,160.0,158.5,159.5,9300400,1483413800.0
2020-08-11,160.8000030517578,163.5,160.8000030517578,163.5,26692200,4364174700.0
2020-08-12,163.60000610351562,165.60000610351562,163.3000030517578,165.3000030517578,23706900,3918750642.3477173
2020-08-13,166.8000030517578,167.6999969482422,166.10000610351562,167.39999389648438,26625300,4457075057.492065
2020-08-14,167.5,167.5,166.6999969482422,167.10000610351562,11947700,1996460742.9229736
2020-08-17,166.5,167.1999969482422,165.6999969482422,165.6999969482422,19076900,3161042271.7819214
2020-08-18,165.39999389648438,166.0,164.60000610351562,165.8000030517578,10310800,1709530671.4660645
2020-08-19,165.3000030517578,166.39999389648438,164.89999389648438,166.1999969482422,8856800,1472000132.9711914
2020-08-20,165.39999389648438,166.0,164.39999389648438,164.5,7578000,1246581000.0
2020-08-21,165.5,166.3000030517578,164.89999389648438,165.3000030517578,12014200,1985947296.6644287
2020-08-24,165.10000610351562,165.60000610351562,164.60000610351562,165.60000610351562,11894400,1969712712.5976562
2020-08-25,167.39999389648438,168.1999969482422,167.10000610351562,167.10000610351562,34549800,5773271790.875244
2020-08-26,166.5,167.3000030517578,166.39999389648438,167.3000030517578,10153400,1698663850.9857178
2020-08-27,167.3000030517578,167.3000030517578,166.10000610351562,166.1999969482422,12668800,2105554521.3378906
2020-08-28,166.8000030517578,168.60000610351562,163.8000030517578,165.0,88593300,14617894500.0
2020-08-31,167.1999969482422,168.39999389648438,166.0,166.0,27686900,4596025400.0
2020-09-01,166.1999969482422,166.6999969482422,165.3000030517578,166.3000030517578,10420700,1732962441.8014526
2020-09-02,167.0,167.1999969482422,166.3000030517578,167.1999969482422,16510100,2760488669.6151733
2020-09-03,168.89999389648438,169.10000610351562,167.60000610351562,167.8000030517578,22715200,3811610629.321289
2020-09-04,165.60000610351562,166.8000030517578,165.5,166.39999389648438,12701100,2113462962.4786377
2020-09-07,165.89999389648438,166.6999969482422,165.39999389648438,165.8000030517578,16323700,2706469509.815979
2020-09-08,166.10000610351562,167.0,165.6999969482422,167.0,10572700,1765640900.0
2020-09-09,164.3000030517578,165.39999389648438,163.89999389648438,165.10000610351562,60688400,10019655210.412598
2020-09-10,166.39999389648438,167.39999389648438,166.10000610351562,167.3000030517578,63295600,10589354073.162842
2020-09-11,167.3000030517578,168.60000610351562,166.8000030517578,168.60000610351562,14395700,2427115107.86438
2020-09-14,169.39999389648438,170.1999969482422,169.1999969482422,169.89999389648438,15794200,2683434483.5998535
2020-09-15,169.39999389648438,169.39999389648438,168.3000030517578,168.8000030517578,11105200,1874557793.8903809
2020-09-16,168.8000030517578,169.6999969482422,168.60000610351562,169.3000030517578,9763500,1652960579.7958374
2020-09-17,169.10000610351562,169.5,168.3000030517578,168.6999969482422,12184900,2055592592.8146362
2020-09-18,168.8000030517578,169.6999969482422,168.8000030517578,169.39999389648438,16111200,2729237181.665039
2020-09-23,168.89999389648438,169.60000610351562,168.0,169.1999969482422,30704800,5195252066.296387
2020-09-24,168.1999969482422,168.5,167.1999969482422,167.60000610351562,30184900,5058989424.234009
2020-09-25,168.39999389648438,168.60000610351562,167.6999969482422,168.3000030517578,8548500,1438712576.0879517
2020-09-28,169.6999969482422,171.3000030517578,168.89999389648438,171.3000030517578,28698800,4916104527.581787
2020-09-29,171.5,173.3000030517578,171.0,172.3000030517578,16769400,2889367671.1761475
2020-09-30,171.60000610351562,171.89999389648438,168.5,168.60000610351562,21756300,3668112312.789917
2020-10-02,170.0,170.1999969482422,166.39999389648438,167.10000610351562,40564100,6778261357.583618
2020-10-05,169.3000030517578,170.60000610351562,169.1999969482422,169.89999389648438,13708800,2329125036.328125
2020-10-06,170.6999969482422,171.10000610351562,169.89999389648438,170.8000030517578,14752900,2519795365.022278
2020-10-07,169.8000030517578,171.10000610351562,169.6999969482422,171.0,14994200,2564008200.0
2020-10-08,171.5,172.39999389648438,170.8000030517578,171.89999389648438,26628600,4577456177.471924
2020-10-09,172.1999969482422,172.1999969482422,170.39999389648438,170.8000030517578,12791100,2184719919.0353394
2020-10-12,170.89999389648438,170.89999389648438,169.89999389648438,170.5,18918800,3225655400.0
2020-10-13,171.3000030517578,171.39999389648438,170.3000030517578,171.0,9688200,1656682200.0
2020-10-14,170.60000610351562,170.89999389648438,170.0,170.39999389648438,13390200,2281689998.272705
2020-10-15,170.39999389648438,170.39999389648438,169.0,169.3000030517578,17437400,2952151873.2147217
2020-10-16,169.0,169.0,167.6999969482422,167.8000030517578,24738000,4151036475.494385
2020-10-19,168.60000610351562,170.5,168.60000610351562,170.0,20268900,3445713000.0
2020-10-20,169.60000610351562,169.89999389648438,168.39999389648438,168.8000030517578,9103500,1536670827.7816772
2020-10-21,169.39999389648438,170.89999389648438,169.39999389648438,169.89999389648438,9308000,1581429143.1884766
2020-10-22,169.0,169.0,167.8000030517578,168.0,9459000,1589112000.0
2020-10-23,168.60000610351562,169.10000610351562,167.60000610351562,168.6999969482422,14268500,2407095906.4559937
2020-10-26,168.5,169.10000610351562,167.8000030517578,168.0,5752400,966403200.0
2020-10-27,167.0,167.89999389648438,165.60000610351562,167.89999389648438,18899000,3173141984.649658
2020-10-28,166.6999969482422,167.6999969482422,166.3000030517578,167.3000030517578,28392500,4750065336.647034
2020-10-29,165.6999969482422,167.8000030517578,165.6999969482422,167.5,37972800,6360444000.0
2020-10-30,166.5,166.5,163.6999969482422,164.10000610351562,28458400,4670023613.696289
2020-11-02,165.1999969482422,167.8000030517578,165.1999969482422,167.0,14386600,2402562200.0
2020-11-04,169.39999389648438,169.8000030517578,168.0,169.0,23187200,3918636800.0
2020-11-05,169.6999969482422,171.8000030517578,169.1999969482422,171.1999969482422,30292900,5186144387.553406
2020-11-06,171.10000610351562,172.6999969482422,170.89999389648438,172.1999969482422,20912700,3601166876.1795044
2020-11-09,173.8000030517578,175.3000030517578,173.39999389648438,174.5,41991400,7327499300.0
2020-11-10,178.1999969482422,178.8000030517578,176.0,176.5,45485800,8028243700.0
2020-11-11,179.0,179.60000610351562,178.1999969482422,179.39999389648438,20707000,3714835673.614502
2020-11-12,179.5,180.1999969482422,178.0,179.1999969482422,18238300,3268303304.3411255
2020-11-13,178.3000030517578,178.3000030517578,175.6999969482422,176.8000030517578,18873100,3336764137.5961304
2020-11-16,178.60000610351562,180.3000030517578,178.39999389648438,179.8000030517578,15755300,2832802988.08136
2020-11-17,180.6999969482422,180.8000030517578,179.0,180.10000610351562,31154300,5610889620.150757
2020-11-18,179.3000030517578,179.39999389648438,178.10000610351562,178.6999969482422,21213100,3790780905.2627563
2020-11-19,178.1999969482422,179.3000030517578,177.5,179.0,35696700,6389709300.0
2020-11-20,178.5,179.39999389648438,178.1999969482422,179.1999969482422,9442300,1692060131.1843872
2020-11-24,182.8000030517578,183.8000030517578,182.60000610351562,182.6999969482422,38533600,7040088602.404785
2020-11-25,185.0,185.89999389648438,183.0,183.0,20875200,3820161600.0
2020-11-26,182.89999389648438,184.89999389648438,182.60000610351562,184.8000030517578,22163700,4095851827.6382446
2020-11-27,185.10000610351562,186.3000030517578,184.39999389648438,185.3000030517578,36851800,6828638652.462769
2020-11-30,185.89999389648438,185.89999389648438,181.8000030517578,181.8000030517578,20103400,3654798181.350708
2020-12-01,183.10000610351562,184.0,182.8000030517578,183.5,26757300,4909964550.0
2020-12-02,184.6999969482422,184.8000030517578,183.60000610351562,184.0,11300000,2079200000.0
2020-12-03,184.3000030517578,185.3000030517578,183.60000610351562,184.5,16057600,2962627200.0
2020-12-04,183.89999389648438,184.6999969482422,183.6999969482422,184.39999389648438,10756200,1983443214.3493652
2020-12-07,185.3000030517578,185.39999389648438,182.60000610351562,182.89999389648438,28408700,5195951056.607056
2020-12-08,182.0,183.10000610351562,181.89999389648438,182.8000030517578,26133200,4777149039.752197
2020-12-09,182.8000030517578,185.0,182.6999969482422,184.89999389648438,22511800,4162431682.598877
2020-12-10,184.39999389648438,185.0,184.10000610351562,184.6999969482422,27265300,5035900826.792908
2020-12-11,185.0,185.5,184.0,185.0,26389500,4882057500.0
2020-12-14,185.60000610351562,187.60000610351562,185.60000610351562,186.10000610351562,12805800,2383159458.1604004
2020-12-15,185.6999969482422,186.0,184.6999969482422,185.10000610351562,21785700,4032533202.9693604
2020-12-16,186.1999969482422,186.8000030517578,185.3000030517578,185.6999969482422,7942900,1474996505.7601929
2020-12-17,185.8000030517578,186.39999389648438,184.89999389648438,186.1999969482422,11401600,2122977885.2050781
2020-12-18,186.10000610351562,186.6999969482422,185.60000610351562,186.3000030517578,7352400,1369752142.4377441
2020-12-21,186.8000030517578,187.39999389648438,184.60000610351562,185.8000030517578,11893100,2209738016.294861
2020-12-22,184.10000610351562,184.5,182.1999969482422,182.8000030517578,18745500,3426677457.206726
2020-12-23,183.6999969482422,183.8000030517578,182.5,183.39999389648438,17309000,3174470494.354248
2020-12-24,184.39999389648438,185.1999969482422,183.89999389648438,184.3000030517578,22192600,4090096247.7264404
2020-12-25,184.5,184.89999389648438,184.39999389648438,184.5,4819800,889253100.0
2020-12-28,185.0,185.60000610351562,184.6999969482422,185.60000610351562,6289800,1167386918.3898926
2020-12-29,186.5,189.10000610351562,186.3000030517578,188.8000030517578,14314400,2702558763.684082
2020-12-30,188.10000610351562,188.60000610351562,187.0,187.5,21562500,4042968750.0
2021-01-04,188.10000610351562,188.39999389648438,184.5,186.39999389648438,19420000,3619887881.4697266
2021-01-05,185.89999389648438,186.8000030517578,185.5,186.1999969482422,13082600,2435980080.0750732
2021-01-06,186.1999969482422,187.5,186.10000610351562,186.8000030517578,18628100,3479729136.8484497
2021-01-07,189.5,191.10000610351562,189.3000030517578,190.0,25225600,4792864000.0
2021-01-08,190.8000030517578,193.0,190.1999969482422,193.0,26766100,5165857300.0
2021-01-12,192.60000610351562,193.5,191.60000610351562,193.0,11805200,2278403600.0
2021-01-13,192.60000610351562,194.3000030517578,192.5,193.6999969482422,44100800,8542324825.415039
2021-01-14,193.60000610351562,196.3000030517578,193.39999389648438,194.89999389648438,53319100,10391892264.56604
2021-01-15,195.0,195.3000030517578,192.6999969482422,192.6999969482422,33820200,6517152436.78894
2021-01-18,191.60000610351562,192.60000610351562,191.1999969482422,191.89999389648438,9318900,1788296853.1219482
2021-01-19,192.39999389648438,193.5,192.1999969482422,193.1999969482422,15736600,3040311071.975708
2021-01-20,193.39999389648438,193.39999389648438,191.39999389648438,192.1999969482422,11857400,2278992243.814087
2021-01-21,193.3000030517578,194.5,193.0,193.3000030517578,13009400,2514717059.701538
2021-01-22,192.3000030517578,193.3000030517578,192.10000610351562,192.89999389648438,18302700,3530590718.2891846
2021-01-25,193.5,193.6999969482422,192.6999969482422,193.5,11247900,2176468650.0
2021-01-26,192.6999969482422,193.1999969482422,192.10000610351562,192.39999389648438,37741200,7261406649.645996
2021-01-27,193.3000030517578,193.6999969482422,192.39999389648438,193.5,16653100,3222374850.0
2021-01-28,189.5,192.0,189.10000610351562,191.0,21763400,4156809400.0
2021-01-29,191.60000610351562,192.0,187.5,187.8000030517578,31685100,5950461876.695251
2021-02-01,187.5,190.5,187.5,189.89999389648438,32623600,6195221440.881348
2021-02-02,191.0,192.1999969482422,190.39999389648438,192.0,37550300,7209657600.0
2021-02-03,193.3000030517578,194.8000030517578,193.1999969482422,194.8000030517578,57417200,11184870735.223389
2021-02-04,194.39999389648438,195.3000030517578,193.6999969482422,194.10000610351562,19662100,3816413730.0079346
2021-02-05,195.8000030517578,196.8000030517578,195.10000610351562,196.6999969482422,22108300,4348702542.530823
2021-02-08,197.5,200.3000030517578,197.5,200.10000610351562,25280500,5058628204.299927
2021-02-09,200.60000610351562,200.8000030517578,199.3000030517578,200.10000610351562,56147000,11235015042.694092
2021-02-10,199.89999389648438,201.3000030517578,199.5,200.89999389648438,20570200,4132553054.449463
2021-02-12,201.8000030517578,201.8000030517578,200.39999389648438,201.0,25520900,5129700900.0
2021-02-15,202.6999969482422,203.60000610351562,202.0,203.3000030517578,23273100,4731421301.023865
2021-02-16,203.5,205.39999389648438,203.3000030517578,204.3000030517578,32074600,6552840877.883911
2021-02-17,204.1999969482422,204.6999969482422,203.1999969482422,203.6999969482422,20381700,4151752227.799988
2021-02-18,204.0,204.60000610351562,201.39999389648438,201.8000030517578,56442700,11390137032.24945
2021-02-19,200.1999969482422,201.3000030517578,199.8000030517578,200.60000610351562,20231800,4058499203.4851074
2021-02-22,202.5,203.10000610351562,201.3000030517578,201.39999389648438,13309800,2680593638.7634277
2021-02-24,200.6999969482422,201.1999969482422,197.8000030517578,198.0,15786900,3125806200.0
2021-02-25,200.6999969482422,200.89999389648438,200.0,200.60000610351562,9751700,1956191079.5196533
2021-02-26,197.6999969482422,197.6999969482422,193.0,193.89999389648438,24948200,4837455827.7282715
2021-03-01,196.6999969482422,198.0,196.39999389648438,197.89999389648438,20383500,4033894525.5889893
2021-03-02,199.39999389648438,199.39999389648438,195.89999389648438,197.0,46494700,9159455900.0
2021-03-03,197.8000030517578,198.3000030517578,196.6999969482422,198.1999969482422,50121500,9934081147.04132
2021-03-04,196.39999389648438,197.10000610351562,194.0,195.8000030517578,18306000,3584314855.8654785
2021-03-05,195.1999969482422,197.5,193.5,197.5,25097600,4956776000.0
2021-03-08,199.8000030517578,199.89999389648438,196.1999969482422,197.0,23038400,4538564800.0
2021-03-09,198.39999389648438,199.8000030517578,197.10000610351562,199.60000610351562,48375600,9655770055.26123
2021-03-10,199.89999389648438,200.1999969482422,199.0,199.8000030517578,9855100,1969049010.0753784
2021-03-11,199.89999389648438,200.60000610351562,199.39999389648438,200.5,7441600,1492040800.0
2021-03-12,200.8000030517578,202.89999389648438,199.89999389648438,202.8000030517578,9874900,2002629750.1358032
2021-03-15,203.89999389648438,204.8000030517578,203.3000030517578,204.60000610351562,14942200,3057174211.199951
2021-03-16,204.8000030517578,206.10000610351562,204.60000610351562,205.8000030517578,15242900,3136988866.517639
2021-03-17,205.3000030517578,206.5,205.10000610351562,206.39999389648438,36435700,7520328257.614136
2021-03-18,207.8000030517578,209.39999389648438,207.3000030517578,209.0,24125800,5042292200.0
2021-03-19,207.3000030517578,209.60000610351562,207.1999969482422,209.5,22160600,4642645700.0
2021-03-22,208.10000610351562,208.1999969482422,206.10000610351562,207.3000030517578,46970900,9737067713.343811
2021-03-23,208.1999969482422,208.5,205.1999969482422,205.1999969482422,41279000,8470450674.026489
2021-03-24,203.3000030517578,204.10000610351562,200.1999969482422,200.89999389648438,50625000,10170562191.009521
2021-03-25,201.8000030517578,204.1999969482422,201.8000030517578,203.3000030517578,30680100,6237264423.628235
2021-03-26,205.5,206.6999969482422,205.1999969482422,206.60000610351562,29149000,6022183577.911377
2021-03-29,208.89999389648438,209.0,205.39999389648438,206.8000030517578,30616400,6331471613.433838
2021-03-30,207.6999969482422,207.89999389648438,206.3000030517578,207.3000030517578,19445200,4030990019.342041
2021-03-31,206.1999969482422,207.39999389648438,205.0,205.1999969482422,20748300,4257551096.6812134
2021-04-01,207.0,207.3000030517578,204.89999389648438,205.1999969482422,18842900,3866563022.4960327
2021-04-02,207.39999389648438,207.8000030517578,205.89999389648438,206.89999389648438,16950500,3507058346.5423584
2021-04-05,207.6999969482422,208.39999389648438,206.89999389648438,207.8000030517578,14018200,2912982002.7801514
2021-04-06,208.60000610351562,208.60000610351562,204.8000030517578,205.0,23404500,4797922500.0
2021-04-07,205.8000030517578,206.6999969482422,204.5,206.1999969482422,16953100,3495729168.2632446
2021-04-08,205.89999389648438,206.0,204.10000610351562,204.89999389648438,22823300,4676494030.697632
2021-04-09,205.89999389648438,207.60000610351562,205.39999389648438,205.60000610351562,18713500,3847495714.2181396
2021-04-12,206.39999389648438,206.5,204.89999389648438,205.10000610351562,9806500,2011313209.854126
2021-04-13,205.3000030517578,206.8000030517578,205.3000030517578,205.60000610351562,9116600,1874373015.6433105
2021-04-14,205.10000610351562,205.10000610351562,204.10000610351562,204.6999969482422,24135600,4940557246.343994
2021-04-15,205.0,206.60000610351562,204.89999389648438,205.6999969482422,10430300,2145512678.1692505
2021-04-16,206.0,206.10000610351562,204.6999969482422,205.8000030517578,19019700,3914254318.043518
2021-04-19,205.60000610351562,206.3000030517578,204.89999389648438,205.3000030517578,23017800,4725554410.244751
2021-04-20,203.5,203.60000610351562,201.60000610351562,201.89999389648438,33344100,6732173586.483765
2021-04-21,198.8000030517578,199.3000030517578,197.10000610351562,198.0,53024200,10498791600.0
2021-04-22,200.60000610351562,201.8000030517578,199.8000030517578,201.60000610351562,18267600,3682748271.496582
2021-04-23,200.1999969482422,201.0,199.60000610351562,200.6999969482422,15325000,3075727453.2318115
2021-04-26,201.5,201.8000030517578,200.0,201.1999969482422,17165300,3453658307.6156616
2021-04-27,201.0,201.0,199.39999389648438,199.8000030517578,14812700,2959577505.204773
2021-04-28,199.39999389648438,200.89999389648438,199.1999969482422,200.0,18573800,3714760000.0
2021-04-30,200.3000030517578,200.8000030517578,198.8000030517578,199.3000030517578,42526700,8475571439.781189
2021-05-06,201.6999969482422,203.39999389648438,201.39999389648438,202.39999389648438,13633100,2759339356.790161
2021-05-07,202.5,203.39999389648438,201.8000030517578,202.89999389648438,16695000,3387415398.1018066
2021-05-10,203.10000610351562,205.1999969482422,202.89999389648438,204.89999389648438,17517000,3589233193.084717
2021-05-11,203.39999389648438,203.8000030517578,199.5,200.10000610351562,36174400,7238497660.791016
2021-05-12,200.10000610351562,200.5,195.39999389648438,196.89999389648438,77424900,15244962337.435913
2021-05-13,195.39999389648438,196.39999389648438,193.6999969482422,194.3000030517578,43101900,8374699301.53656
2021-05-14,196.6999969482422,198.3000030517578,195.89999389648438,197.8000030517578,27649800,5469130524.380493
2021-05-17,199.1999969482422,199.3000030517578,196.10000610351562,197.0,22843300,4500130100.0
2021-05-18,198.0,200.6999969482422,198.0,200.1999969482422,20442900,4092668517.61322
2021-05-19,198.10000610351562,199.6999969482422,197.5,199.0,10304400,2050575600.0
2021-05-20,198.3000030517578,199.60000610351562,197.8000030517578,198.89999389648438,13236600,2632759659.210205
2021-05-21,199.39999389648438,200.5,199.10000610351562,199.89999389648438,10499800,2098909955.9143066
2021-05-24,199.8000030517578,201.60000610351562,199.8000030517578,200.89999389648438,6758000,1357682158.7524414
2021-05-25,201.6999969482422,201.6999969482422,200.8000030517578,201.60000610351562,6187700,1247440357.7667236
2021-05-26,200.6999969482422,202.10000610351562,200.3000030517578,201.8000030517578,23988800,4840939913.208008
2021-05-27,200.89999389648438,201.39999389648438,200.10000610351562,200.5,9900800,1985110400.0
2021-05-28,203.1999969482422,204.6999969482422,203.0,204.3000030517578,13229300,2702746030.3726196
2021-05-31,203.89999389648438,204.1999969482422,201.5,201.8000030517578,14054900,2836278862.892151
2021-06-01,202.89999389648438,203.0,200.6999969482422,202.10000610351562,10685500,2159539615.219116
2021-06-02,202.60000610351562,204.39999389648438,201.10000610351562,203.6999969482422,27399300,5581237326.383972
2021-06-03,204.1999969482422,206.39999389648438,203.89999389648438,205.3000030517578,23592400,4843519791.998291
2021-06-04,205.10000610351562,205.6999969482422,204.10000610351562,205.60000610351562,9798200,2014509979.8034668
2021-06-07,206.6999969482422,206.8000030517578,205.1999969482422,205.60000610351562,7020900,1443497082.8521729
2021-06-08,205.6999969482422,206.8000030517578,205.39999389648438,206.10000610351562,16592500,3419714351.272583
2021-06-09,206.0,206.1999969482422,205.1999969482422,205.1999969482422,7069900,1450743458.4243774
2021-06-10,205.0,206.0,204.3000030517578,205.5,6653800,1367355900.0
2021-06-11,205.5,205.60000610351562,203.89999389648438,205.1999969482422,12310700,2526155602.430725
2021-06-14,206.5,206.8000030517578,205.10000610351562,205.60000610351562,5736100,1179342195.010376
2021-06-15,206.0,207.60000610351562,205.89999389648438,207.5,27085200,5620179000.0
2021-06-16,206.89999389648438,208.1999969482422,206.89999389648438,207.5,7848100,1628480750.0
2021-06-17,207.10000610351562,207.39999389648438,205.60000610351562,206.3000030517578,10950100,2259005663.417053
2021-06-18,206.3000030517578,206.3000030517578,204.10000610351562,204.10000610351562,8742700,1784385123.361206
2021-06-21,200.39999389648438,200.8000030517578,198.3000030517578,199.5,43940200,8766069900.0
2021-06-22,204.1999969482422,205.8000030517578,203.5,205.60000610351562,27963700,5749336890.67688
2021-06-23,205.39999389648438,206.10000610351562,204.60000610351562,204.8000030517578,14885200,3048489005.4260254
2021-06-24,204.3000030517578,204.8000030517578,203.60000610351562,204.10000610351562,14676400,2995453329.5776367
2021-06-25,206.10000610351562,206.5,205.1999969482422,205.8000030517578,8486600,1746542305.8990479
2021-06-28,206.6999969482422,206.89999389648438,205.89999389648438,206.10000610351562,8049400,1658981389.1296387
2021-06-29,205.1999969482422,205.3000030517578,204.0,204.8000030517578,22202200,4547010627.755737
2021-06-30,205.6999969482422,206.10000610351562,204.0,204.0,21693600,4425494400.0
2021-07-01,204.6999969482422,204.8000030517578,203.1999969482422,203.8000030517578,16469900,3356565670.262146
2021-07-02,204.1999969482422,205.89999389648438,204.10000610351562,205.6999969482422,9672900,1989715500.4806519
2021-07-05,204.8000030517578,205.1999969482422,204.1999969482422,205.0,14777600,3029408000.0
2021-07-06,205.5,206.10000610351562,204.8000030517578,205.60000610351562,43039000,8848818662.689209
2021-07-07,203.5,204.39999389648438,202.60000610351562,203.8000030517578,30203100,6155391872.172546
2021-07-08,199.6999969482422,200.10000610351562,198.1999969482422,198.1999969482422,16521400,3274541429.5806885
2021-07-09,195.5,198.39999389648438,194.3000030517578,198.3000030517578,84285800,16713874397.219849
2021-07-12,201.5,202.0,200.5,201.60000610351562,24074000,4853318546.936035
2021-07-13,202.5,203.60000610351562,202.5,202.89999389648438,29341600,5953410460.913086
2021-07-14,201.6999969482422,203.3000030517578,201.5,202.39999389648438,15957300,3229757422.60437
2021-07-15,202.1999969482422,202.1999969482422,199.8000030517578,200.1999969482422,10293100,2060678588.5879517
2021-07-16,199.0,200.60000610351562,198.60000610351562,199.60000610351562,9388000,1873844857.2998047
2021-07-19,197.3000030517578,197.89999389648438,196.0,196.6999969482422,19618500,3858958890.1290894
2021-07-20,194.5,195.89999389648438,194.3000030517578,195.0,27511800,5364801000.0
2021-07-21,197.5,198.6999969482422,196.0,196.60000610351562,17462700,3433166926.5838623
2021-07-26,200.10000610351562,200.39999389648438,198.1999969482422,198.6999969482422,26216500,5209218469.993591
2021-07-27,199.8000030517578,200.3000030517578,199.3000030517578,199.8000030517578,13118200,2621016400.0335693
2021-07-28,198.39999389648438,199.39999389648438,197.3000030517578,198.0,15308900,3031162200.0
2021-07-29,198.89999389648438,199.3000030517578,198.10000610351562,198.60000610351562,16414200,3259860220.184326
2021-07-30,198.0,198.5,196.0,196.1999969482422,23001600,4512913849.8046875
2021-08-02,198.10000610351562,200.3000030517578,197.89999389648438,200.1999969482422,14085900,2819997137.0132446
2021-08-03,198.89999389648438,199.8000030517578,198.1999969482422,199.3000030517578,12001200,2391839196.624756
2021-08-04,199.10000610351562,199.3000030517578,198.0,198.3000030517578,11974200,2374483896.5423584
2021-08-05,197.89999389648438,199.0,197.8000030517578,198.8000030517578,13962900,2775824562.611389
2021-08-06,198.6999969482422,199.39999389648438,198.39999389648438,199.1999969482422,34810100,6934171813.768005
2021-08-10,199.60000610351562,201.3000030517578,199.1999969482422,199.60000610351562,12492400,2493483116.2475586
2021-08-11,201.10000610351562,201.89999389648438,200.89999389648438,201.5,11019000,2220328500.0
2021-08-12,202.39999389648438,203.3000030517578,201.3000030517578,201.39999389648438,13788400,2776983675.842285
2021-08-13,202.0,202.3000030517578,201.5,201.6999969482422,7315700,1475576667.6742554
2021-08-16,200.89999389648438,200.89999389648438,198.10000610351562,198.8000030517578,13373800,2658711480.8135986
2021-08-17,199.3000030517578,199.6999969482422,197.5,197.5,9164700,1810028250.0
2021-08-18,197.5,199.3000030517578,197.0,198.5,9304500,1846943250.0
2021-08-19,197.10000610351562,197.60000610351562,195.60000610351562,195.89999389648438,9698300,1899896910.8062744
2021-08-20,195.39999389648438,196.39999389648438,193.60000610351562,193.89999389648438,21776900,4222540777.0843506
2021-08-23,196.0,197.89999389648438,195.89999389648438,197.5,12840200,2535939500.0
2021-08-24,198.60000610351562,199.89999389648438,198.5,199.60000610351562,11857600,2366777032.373047
2021-08-25,200.0,201.0,199.5,199.6999969482422,6205700,1239278271.0617065
2021-08-26,200.0,200.1999969482422,199.10000610351562,199.5,9232500,1841883750.0
2021-08-27,198.8000030517578,199.1999969482422,197.89999389648438,198.89999389648438,8045000,1600150450.8972168
2021-08-30,200.60000610351562,201.3000030517578,199.8000030517578,201.3000030517578,7973100,1604985054.3319702
2021-08-31,200.5,203.1999969482422,199.89999389648438,202.39999389648438,40971300,8292590869.93103
2021-09-01,202.8000030517578,204.60000610351562,202.8000030517578,204.1999969482422,17655500,3605253046.11969
2021-09-02,204.3000030517578,205.0,203.60000610351562,204.3000030517578,11320000,2312676034.5458984
2021-09-03,205.1999969482422,208.3000030517578,205.1999969482422,208.10000610351562,28257200,5880323492.468262
2021-09-06,210.5,210.8000030517578,209.8000030517578,210.60000610351562,31092900,6548164929.776001
2021-09-07,212.5,213.8000030517578,212.10000610351562,212.6999969482422,31295300,6656510214.494324
2021-09-08,212.6999969482422,214.6999969482422,212.39999389648438,214.6999969482422,18775700,4031142732.701111
2021-09-09,213.0,214.1999969482422,212.5,212.89999389648438,15528800,3306081425.2197266
2021-09-10,213.60000610351562,215.6999969482422,213.39999389648438,215.6999969482422,17531900,3781630776.496887
2021-09-13,215.1999969482422,216.39999389648438,214.5,216.1999969482422,22037300,4764464192.747498
2021-09-14,217.39999389648438,218.8000030517578,217.0,218.39999389648438,18038400,3939586449.9023438
2021-09-15,216.8000030517578,217.10000610351562,215.5,216.3000030517578,12966300,2804610729.5700073
2021-09-16,217.0,217.1999969482422,214.8000030517578,215.6999969482422,14576400,3144129435.5163574
2021-09-17,216.0,217.10000610351562,215.1999969482422,216.39999389648438,16779100,3630997137.588501
2021-09-21,212.3000030517578,214.10000610351562,211.1999969482422,212.89999389648438,19757800,4206435499.407959
2021-09-22,212.39999389648438,212.8000030517578,210.8000030517578,211.10000610351562,21300400,4496514570.007324
2021-09-24,215.5,216.0,214.39999389648438,215.89999389648438,32173100,6946172093.630981
2021-09-27,216.39999389648438,217.39999389648438,215.3000030517578,215.60000610351562,23330100,5029969702.39563
2021-09-28,215.0,215.10000610351562,212.89999389648438,214.5,28830300,6184099350.0
2021-09-29,211.89999389648438,212.1999969482422,210.10000610351562,212.10000610351562,33614300,7129593235.165405
2021-09-30,212.3000030517578,212.5,210.39999389648438,211.5,26369600,5577170400.0
2021-10-01,208.6999969482422,210.10000610351562,206.10000610351562,206.39999389648438,38793900,8007060723.220825
2021-10-04,208.8000030517578,208.89999389648438,204.5,205.5,18445300,3790509150.0
2021-10-05,202.60000610351562,203.6999969482422,200.5,202.5,39169600,7931844000.0
2021-10-06,204.39999389648438,205.8000030517578,200.5,201.8000030517578,35641500,7192454808.769226
2021-10-07,202.39999389648438,203.6999969482422,201.39999389648438,201.5,28540300,5750870450.0
2021-10-08,204.60000610351562,205.8000030517578,203.89999389648438,204.10000610351562,28525400,5822034314.105225
2021-10-11,203.89999389648438,207.8000030517578,203.6999969482422,207.8000030517578,13102100,2722616419.984436
2021-10-12,207.39999389648438,207.5,205.8000030517578,206.0,23401900,4820791400.0
2021-10-13,205.60000610351562,206.8000030517578,205.10000610351562,205.10000610351562,14175400,2907374626.5197754
2021-10-14,205.1999969482422,206.60000610351562,204.89999389648438,206.60000610351562,12421300,2566240655.8135986
2021-10-15,208.6999969482422,210.39999389648438,208.0,210.3000030517578,25618800,5387633718.182373
2021-10-18,210.8000030517578,210.89999389648438,209.3000030517578,210.10000610351562,23889600,5019205105.810547
2021-10-19,210.5,211.10000610351562,209.8000030517578,210.60000610351562,10987700,2314009687.0635986
2021-10-20,212.10000610351562,212.3000030517578,210.6999969482422,210.89999389648438,8403100,1772213738.7115479
2021-10-21,210.10000610351562,210.60000610351562,207.89999389648438,207.89999389648438,24843400,5164942708.36792
2021-10-22,207.10000610351562,209.3000030517578,206.6999969482422,208.1999969482422,17200300,3581102407.50885
2021-10-25,206.60000610351562,208.39999389648438,206.60000610351562,207.60000610351562,9657200,2004834778.942871
2021-10-26,209.60000610351562,210.5,208.8000030517578,209.8000030517578,20404000,4280759262.2680664
2021-10-27,209.6999969482422,210.1999969482422,208.39999389648438,209.3000030517578,10931100,2287879263.35907
2021-10-28,207.89999389648438,208.6999969482422,206.5,207.89999389648438,12458500,2590122073.9593506
2021-10-29,208.0,208.5,205.8000030517578,208.1999969482422,29791500,6202590209.083557
2021-11-01,211.6999969482422,212.60000610351562,210.89999389648438,212.60000610351562,23516800,4999671823.535156
2021-11-02,212.0,212.39999389648438,210.8000030517578,211.3000030517578,13756100,2906663971.9802856
2021-11-04,213.1999969482422,213.89999389648438,212.5,213.60000610351562,12994900,2775710719.314575
2021-11-05,213.5,213.60000610351562,211.3000030517578,212.10000610351562,24788000,5257534951.293945
2021-11-08,213.1999969482422,213.1999969482422,211.5,211.89999389648438,10825600,2293944573.9257812
2021-11-09,212.5,213.3000030517578,209.89999389648438,210.1999969482422,19347700,4066886480.9555054
2021-11-10,209.89999389648438,210.39999389648438,208.6999969482422,208.6999969482422,15905100,3319394321.461487
2021-11-11,208.5,210.1999969482422,208.39999389648438,209.5,14390300,3014767850.0
2021-11-12,210.5,212.8000030517578,210.5,212.39999389648438,19455400,4132326841.253662
2021-11-15,213.8000030517578,214.1999969482422,212.6999969482422,213.10000610351562,16757000,3570916802.2766113
2021-11-16,213.3000030517578,214.6999969482422,212.8000030517578,213.39999389648438,16527000,3526861699.1271973
2021-11-17,213.89999389648438,213.89999389648438,211.89999389648438,212.0,14939300,3167131600.0
2021-11-18,211.39999389648438,212.8000030517578,210.5,211.5,17122000,3621303000.0
2021-11-19,211.6999969482422,212.89999389648438,211.5,212.60000610351562,14583500,3100452189.01062
2021-11-22,211.60000610351562,212.6999969482422,211.0,212.60000610351562,21124700,4491111348.934937
2021-11-24,212.10000610351562,213.0,209.60000610351562,209.8000030517578,25973900,5449324299.266052
2021-11-25,210.6999969482422,211.39999389648438,210.5,210.6999969482422,8357500,1760925224.494934
2021-11-26,209.8000030517578,209.8000030517578,205.5,206.60000610351562,46593400,9626196724.383545
2021-11-29,202.6999969482422,205.9499969482422,202.4499969482422,202.85000610351562,45361600,9201600836.865234
2021-11-30,205.10000610351562,205.8000030517578,200.1999969482422,200.8000030517578,61926100,12434761068.98346
2021-12-01,200.35000610351562,202.39999389648438,199.0,201.3000030517578,37959800,7641307855.844116
2021-12-02,200.14999389648438,201.6999969482422,199.75,200.3000030517578,32150700,6439785308.11615
2021-12-03,200.9499969482422,203.6999969482422,200.35000610351562,203.6999969482422,24108200,4910840266.427612
2021-12-06,203.6999969482422,204.10000610351562,201.85000610351562,202.5,14274800,2890647000.0
2021-12-07,204.0500030517578,207.5500030517578,203.0,207.14999389648438,13199000,2734172769.4396973
2021-12-08,209.0,209.14999389648438,207.5,208.35000610351562,21974300,4578345539.120483
2021-12-09,207.9499969482422,208.64999389648438,206.9499969482422,206.9499969482422,15121300,3129352988.8534546
2021-12-10,206.64999389648438,207.4499969482422,205.10000610351562,205.35000610351562,12841700,2637043173.3795166
2021-12-13,207.10000610351562,207.39999389648438,205.60000610351562,205.64999389648438,14996800,3084091828.466797
2021-12-14,205.35000610351562,206.5,204.4499969482422,205.1999969482422,17210800,3531656107.4768066
2021-12-15,205.0,206.89999389648438,205.0,206.14999389648438,12532800,2583636643.5058594
2021-12-16,209.10000610351562,209.64999389648438,207.9499969482422,209.39999389648438,23637700,4949734235.726929
2021-12-17,208.3000030517578,209.0,205.9499969482422,206.4499969482422,18853300,3892263727.4642944
2021-12-20,204.39999389648438,205.0500030517578,201.85000610351562,201.89999389648438,20520800,4143149394.7509766
2021-12-21,204.5,205.75,203.60000610351562,205.10000610351562,21499300,4409506561.221313
2021-12-22,205.3000030517578,206.0,204.5,204.89999389648438,19566500,4009175730.5755615
2021-12-23,205.9499969482422,206.9499969482422,205.75,206.85000610351562,8207700,1697762795.0958252
2021-12-24,207.5,207.6999969482422,206.39999389648438,206.6999969482422,8703300,1798972083.4396362
2021-12-27,206.5500030517578,206.75,205.4499969482422,205.64999389648438,8368800,1721043668.9208984
2021-12-28,207.75,208.60000610351562,207.0,208.39999389648438,19923000,4151953078.399658
2021-12-29,208.4499969482422,209.1999969482422,207.35000610351562,208.1999969482422,9441700,1965761911.1862183
2021-12-30,207.4499969482422,208.39999389648438,206.14999389648438,207.35000610351562,12685900,2630421442.428589
2022-01-04,210.0500030517578,212.1999969482422,208.75,212.1999969482422,30750100,6525171126.158142
2022-01-05,212.35000610351562,212.6999969482422,211.75,212.5,16960000,3604000000.0
2022-01-06,210.75,211.5,207.89999389648438,208.1999969482422,25917300,5395981780.906677
2022-01-07,208.89999389648438,210.0,206.3000030517578,207.8000030517578,16730500,3476597951.057434
2022-01-11,207.60000610351562,207.6999969482422,205.35000610351562,207.1999969482422,12249700,2538137802.6168823
2022-01-12,208.39999389648438,210.5,208.35000610351562,210.25,10321900,2170179475.0
2022-01-13,209.64999389648438,209.89999389648438,208.64999389648438,208.8000030517578,11534800,2408466275.201416
2022-01-14,206.0500030517578,206.64999389648438,204.35000610351562,206.0500030517578,21411400,4411819035.342407
2022-01-17,206.85000610351562,208.35000610351562,206.5500030517578,206.9499969482422,11848000,2451943563.8427734
2022-01-18,207.6999969482422,208.6999969482422,205.10000610351562,206.10000610351562,23362800,4815073222.595215
2022-01-19,202.60000610351562,203.6999969482422,199.1999969482422,200.0,45756800,9151360000.0
2022-01-20,199.64999389648438,202.64999389648438,198.6999969482422,201.89999389648438,33224000,6707925397.216797
2022-01-21,199.1999969482422,201.14999389648438,197.85000610351562,200.5,19115300,3832617650.0
2022-01-24,198.8000030517578,201.3000030517578,198.1999969482422,200.8000030517578,32767300,6579673939.997864
2022-01-25,199.9499969482422,199.9499969482422,195.89999389648438,197.35000610351562,35015400,6910289403.717041
2022-01-26,197.75,198.5,196.3000030517578,196.8000030517578,31210700,6142265855.247498
2022-01-27,197.85000610351562,198.4499969482422,191.10000610351562,191.6999969482422,44501000,8530841564.193726
2022-01-28,194.35000610351562,195.8000030517578,193.0,195.60000610351562,38776000,7584585836.669922
2022-01-31,194.64999389648438,198.0500030517578,193.8000030517578,197.35000610351562,23289800,4596242172.149658
2022-02-01,199.10000610351562,200.0500030517578,197.0500030517578,197.60000610351562,13296200,2627329201.1535645
2022-02-02,199.0500030517578,201.8000030517578,199.0,201.5,24463400,4929375100.0
2022-02-03,199.6999969482422,200.89999389648438,199.5500030517578,200.0,8963900,1792780000.0
2022-02-04,199.5,201.35000610351562,198.5,201.1999969482422,20860900,4197213016.3375854
2022-02-07,200.39999389648438,200.8000030517578,199.0,200.64999389648438,7857600,1576627392.0410156
2022-02-08,201.10000610351562,202.39999389648438,201.10000610351562,201.75,10565400,2131569450.0
2022-02-09,202.8000030517578,203.9499969482422,202.14999389648438,203.35000610351562,13982700,2843382130.343628
2022-02-10,205.10000610351562,205.25,203.14999389648438,204.5,23576600,4821414700.0
2022-02-14,200.60000610351562,201.5500030517578,199.35000610351562,201.10000610351562,19182900,3857681307.08313
2022-02-15,201.10000610351562,201.39999389648438,198.4499969482422,199.3000030517578,23832400,4749797392.730713
2022-02-16,202.75,203.10000610351562,201.9499969482422,202.6999969482422,13032400,2641667440.2282715
2022-02-17,202.35000610351562,202.64999389648438,199.9499969482422,201.0,17564800,3530524800.0
2022-02-18,198.85000610351562,201.10000610351562,198.4499969482422,200.35000610351562,17918000,3589871409.362793
2022-02-21,197.35000610351562,199.4499969482422,196.64999389648438,199.0500030517578,14286400,2843707963.598633
2022-02-22,195.89999389648438,197.0500030517578,194.6999969482422,196.1999969482422,18841600,3696721862.5
2022-02-24,194.6999969482422,195.75,192.0,193.4499969482422,25139100,4863158818.281555
2022-02-25,194.6999969482422,195.75,193.89999389648438,195.6999969482422,19968600,3907854959.060669
2022-02-28,195.6999969482422,196.9499969482422,194.64999389648438,196.6999969482422,21214100,4172813405.2597046
2022-03-01,198.8000030517578,199.25,197.5500030517578,197.75,20229300,4000344075.0
2022-03-02,194.75,195.3000030517578,193.5,193.85000610351562,22407400,4343674626.763916
2022-03-03,196.0,196.85000610351562,195.5,195.85000610351562,11044000,2162967467.4072266
2022-03-04,195.10000610351562,195.1999969482422,191.1999969482422,192.0500030517578,26827800,5152279071.871948
2022-03-07,188.64999389648438,188.85000610351562,185.64999389648438,186.89999389648438,38717700,7236337893.685913
2022-03-08,184.5,186.6999969482422,183.0,183.5,33357400,6121082900.0
2022-03-09,183.6999969482422,185.85000610351562,182.8000030517578,183.1999969482422,30741900,5631915986.1831665
2022-03-10,188.8000030517578,190.85000610351562,188.1999969482422,190.4499969482422,28548500,5437061737.876892
2022-03-11,188.5,188.85000610351562,186.3000030517578,187.85000610351562,21604300,4058367886.8621826
2022-03-14,188.6999969482422,190.4499969482422,188.64999389648438,188.6999969482422,20082300,3789529948.713684
2022-03-15,188.5500030517578,191.3000030517578,188.5500030517578,190.5500030517578,24837100,4732709480.796814
2022-03-16,192.4499969482422,193.6999969482422,191.9499969482422,193.0500030517578,32348200,6244820108.718872
2022-03-17,197.6999969482422,198.35000610351562,196.0500030517578,198.10000610351562,14823200,2936476010.473633
2022-03-18,197.6999969482422,199.1999969482422,197.6999969482422,198.9499969482422,25203000,5014136773.086548
2022-03-22,201.0,201.9499969482422,200.5500030517578,201.14999389648438,19689500,3960542804.824829
2022-03-23,203.9499969482422,206.4499969482422,203.8000030517578,205.9499969482422,18190000,3746230444.4885254
2022-03-24,203.75,206.60000610351562,203.35000610351562,206.60000610351562,20182000,4169601323.1811523
2022-03-25,207.75,207.89999389648438,205.4499969482422,206.5,16763400,3461642100.0
2022-03-28,206.39999389648438,206.5500030517578,204.35000610351562,205.5,12196200,2506319100.0
2022-03-29,206.8000030517578,207.35000610351562,206.0500030517578,207.35000610351562,27558900,5714338083.206177
2022-03-30,208.89999389648438,209.0,205.5,207.3000030517578,29012400,6014270608.538818
2022-03-31,207.5,207.5500030517578,204.89999389648438,204.89999389648438,22385000,4586686363.372803
2022-04-01,203.60000610351562,205.3000030517578,202.3000030517578,204.75,34119000,6985865250.0
2022-04-04,204.8000030517578,205.85000610351562,204.60000610351562,205.85000610351562,15235700,3136268937.991333
2022-04-05,207.60000610351562,207.60000610351562,204.64999389648438,205.39999389648438,10787100,2215670274.1607666
2022-04-06,203.5500030517578,203.9499969482422,202.0500030517578,202.35000610351562,13105600,2651918239.9902344
2022-04-07,199.85000610351562,199.9499969482422,198.1999969482422,199.25,25006500,4982545125.0
2022-04-08,200.60000610351562,201.0,198.39999389648438,199.60000610351562,10260600,2048015822.6257324
2022-04-11,199.35000610351562,199.89999389648438,198.1999969482422,199.0,10953600,2179766400.0
2022-04-12,197.64999389648438,198.4499969482422,196.0500030517578,196.25,9345800,1834113250.0
2022-04-13,196.8000030517578,199.35000610351562,196.75,199.0,13047200,2596392800.0
2022-04-14,199.39999389648438,201.10000610351562,199.1999969482422,201.10000610351562,7600200,1528400266.3879395
2022-04-15,199.10000610351562,200.4499969482422,198.25,199.75,17016800,3399105800.0
2022-04-18,198.10000610351562,198.64999389648438,196.1999969482422,197.85000610351562,8255600,1633370510.3881836
2022-04-19,199.64999389648438,200.0,198.35000610351562,199.75,8996400,1797030900.0
2022-04-20,201.60000610351562,203.0,200.75,201.85000610351562,13789400,2783390474.1638184
2022-04-21,201.64999389648438,203.3000030517578,201.64999389648438,203.0,16502000,3349906000.0
2022-04-22,200.75,201.1999969482422,199.39999389648438,200.64999389648438,12409400,2489946034.259033
2022-04-25,197.0500030517578,198.4499969482422,196.6999969482422,197.60000610351562,26638300,5263728242.58728
2022-04-26,198.4499969482422,198.6999969482422,197.25,198.14999389648438,20083600,3979565217.4194336
2022-04-27,194.8000030517578,196.1999969482422,194.1999969482422,196.1999969482422,20308200,3984468778.024292
2022-04-28,196.1999969482422,200.39999389648438,196.10000610351562,200.0,24545600,4909120000.0
2022-05-02,200.0500030517578,201.5500030517578,198.85000610351562,199.8000030517578,20175100,4030985041.569519
2022-05-06,200.10000610351562,202.35000610351562,199.0500030517578,201.75,20664800,4169123400.0
2022-05-09,200.0,200.5,197.8000030517578,197.8000030517578,29125100,5760944868.882751
2022-05-10,195.89999389648438,196.8000030517578,193.9499969482422,196.39999389648438,34853500,6845227187.271118
2022-05-11,195.35000610351562,196.10000610351562,194.39999389648438,195.0500030517578,36879700,7193385597.547913
2022-05-12,193.25,194.85000610351562,192.5500030517578,193.0,35695900,6889308700.0
2022-05-13,194.10000610351562,197.10000610351562,193.75,196.75,17041500,3352915125.0
2022-05-16,199.0500030517578,199.0500030517578,195.9499969482422,196.6999969482422,16135700,3173892140.7577515
2022-05-17,196.60000610351562,197.39999389648438,196.10000610351562,196.9499969482422,10965300,2159615801.53656
2022-05-18,198.0500030517578,199.39999389648438,197.5,198.89999389648438,14684200,2920687290.374756
2022-05-19,194.10000610351562,196.5,193.9499969482422,196.25,40407100,7929893375.0
2022-05-20,196.39999389648438,198.14999389648438,196.14999389648438,197.9499969482422,13490500,2670444433.830261
2022-05-23,199.64999389648438,200.14999389648438,198.9499969482422,199.89999389648438,31196400,6236160169.592285
2022-05-24,199.9499969482422,200.10000610351562,198.14999389648438,198.25,23253500,4610006375.0
2022-05-25,197.89999389648438,198.6999969482422,196.85000610351562,197.85000610351562,9592300,1897836613.546753
2022-05-26,198.10000610351562,199.60000610351562,197.89999389648438,198.0,13799200,2732241600.0
2022-05-27,200.4499969482422,200.5,198.64999389648438,199.0500030517578,10518800,2093767172.10083
2022-05-30,201.10000610351562,203.14999389648438,200.4499969482422,202.5500030517578,12964700,2626000024.5651245
2022-05-31,202.10000610351562,203.10000610351562,201.35000610351562,201.5,22011400,4435297100.0
2022-06-01,202.0,204.5500030517578,202.0,204.4499969482422,15528100,3174719997.6119995
2022-06-02,203.5500030517578,203.8000030517578,202.1999969482422,203.14999389648438,6498500,1320170235.3363037
2022-06-03,204.6999969482422,204.8000030517578,202.9499969482422,203.85000610351562,15531900,3166177909.7991943
2022-06-06,202.1999969482422,204.64999389648438,202.10000610351562,204.39999389648438,9442300,1930006062.3687744
2022-06-07,205.1999969482422,206.3000030517578,204.89999389648438,205.10000610351562,11267600,2310984828.7719727
2022-06-08,206.35000610351562,207.64999389648438,206.1999969482422,207.64999389648438,29253300,6074447566.452026
2022-06-09,207.10000610351562,208.60000610351562,206.9499969482422,207.5,14201800,2946873500.0
2022-06-10,205.75,206.14999389648438,204.5500030517578,204.6999969482422,18446600,3776018963.7054443
2022-06-13,200.64999389648438,201.39999389648438,199.89999389648438,200.35000610351562,33506000,6712927304.504395
2022-06-14,197.14999389648438,198.25,196.64999389648438,197.9499969482422,28555800,5652620522.854614
2022-06-15,197.5500030517578,197.89999389648438,195.39999389648438,195.39999389648438,27930900,5457697689.523315
2022-06-16,198.35000610351562,199.6999969482422,196.6999969482422,196.85000610351562,24793000,4880502201.324463
2022-06-17,191.60000610351562,194.39999389648438,191.3000030517578,193.39999389648438,50078200,9685123574.346924
2022-06-20,194.5500030517578,194.75,190.64999389648438,191.89999389648438,26233600,5034227679.8828125
2022-06-21,194.10000610351562,196.5,193.35000610351562,195.60000610351562,16503600,3228104260.7299805
2022-06-22,197.3000030517578,197.35000610351562,195.25,195.25,21649700,4227103925.0
2022-06-23,195.0500030517578,197.0500030517578,194.6999969482422,195.25,17427000,3402621750.0
2022-06-24,195.25,196.85000610351562,194.75,196.8000030517578,15513600,3053076527.34375
2022-06-27,198.8000030517578,199.25,197.89999389648438,199.14999389648438,15240700,3035185311.9781494
2022-06-28,198.75,200.9499969482422,198.75,200.9499969482422,23253400,4672770659.036255
2022-06-29,199.89999389648438,200.39999389648438,199.3000030517578,199.5500030517578,15266100,3046350301.58844
2022-06-30,199.3000030517578,199.60000610351562,197.14999389648438,197.4499969482422,41516100,8197353818.3029175
2022-07-01,197.60000610351562,198.6999969482422,193.85000610351562,194.64999389648438,36977500,7197670149.307251
2022-07-04,196.5,197.5,195.89999389648438,197.39999389648438,23131800,4566217178.814697
2022-07-05,198.6999969482422,199.14999389648438,197.60000610351562,198.35000610351562,20482300,4062664330.014038
2022-07-06,196.60000610351562,197.1999969482422,195.25,195.9499969482422,40542000,7944204776.275635
2022-07-07,192.8000030517578,194.25,191.3000030517578,194.0,19691800,3820209200.0
2022-07-08,194.4499969482422,196.75,194.10000610351562,194.64999389648438,56704400,11037511113.903809
2022-07-11,197.4499969482422,198.5,196.3000030517578,197.5500030517578,31536500,6230035671.24176
2022-07-12,196.35000610351562,196.64999389648438,193.6999969482422,194.1999969482422,19174700,3723726681.4834595
2022-07-13,194.5,195.25,194.3000030517578,194.89999389648438,8317000,1620983249.2370605
2022-07-14,193.85000610351562,195.5500030517578,193.35000610351562,195.0500030517578,11343600,2212569214.61792
2022-07-15,195.75,196.14999389648438,193.6999969482422,194.9499969482422,22512100,4388733826.298523
2022-07-19,196.39999389648438,196.64999389648438,194.9499969482422,196.1999969482422,10845000,2127788966.9036865
2022-07-20,199.10000610351562,200.60000610351562,198.6999969482422,200.5,32019300,6419869650.0
2022-07-21,199.75,201.14999389648438,199.5500030517578,200.9499969482422,16600600,3335890519.3389893
2022-07-22,200.89999389648438,202.0,200.35000610351562,201.5500030517578,25583400,5156334348.074341
2022-07-25,200.25,201.5,200.0,200.10000610351562,9438300,1888603887.6068115
2022-07-26,200.39999389648438,200.6999969482422,199.89999389648438,200.14999389648438,10719900,2145587919.5709229
2022-07-27,199.8000030517578,201.0,199.4499969482422,200.5,13952300,2797436150.0
2022-07-28,201.6999969482422,201.85000610351562,199.89999389648438,200.6999969482422,15602000,3131321352.3864746
2022-07-29,201.3000030517578,201.35000610351562,199.39999389648438,199.85000610351562,18121100,3621501945.602417
2022-08-01,200.10000610351562,202.0500030517578,199.64999389648438,201.89999389648438,16454800,3322224019.567871
2022-08-02,200.75,200.89999389648438,198.1999969482422,198.6999969482422,47247500,9388078105.812073
2022-08-03,199.0500030517578,199.4499969482422,198.39999389648438,198.85000610351562,13891400,2762304974.786377
2022-08-04,199.8000030517578,199.89999389648438,198.8000030517578,198.9499969482422,9576500,1905244645.7748413
2022-08-05,198.5500030517578,200.85000610351562,198.5500030517578,200.8000030517578,16646300,3342577090.800476
2022-08-08,200.14999389648438,201.25,200.0,201.0500030517578,15835000,3183626798.324585
2022-08-09,201.10000610351562,201.35000610351562,199.60000610351562,199.8000030517578,18269500,3650246155.7540894
2022-08-10,199.6999969482422,199.6999969482422,198.39999389648438,199.1999969482422,11016200,2194427006.3812256
2022-08-12,202.3000030517578,204.8000030517578,202.0500030517578,203.5,24516300,4989067050.0
2022-08-15,203.75,204.6999969482422,203.75,204.6999969482422,21966500,4496542482.963562
2022-08-16,204.5500030517578,204.5500030517578,203.75,204.25,14488300,2959235275.0
2022-08-17,205.1999969482422,206.85000610351562,205.10000610351562,206.75,30253900,6254993825.0
2022-08-18,205.3000030517578,205.5500030517578,204.60000610351562,205.1999969482422,13210400,2710774039.6850586
2022-08-19,206.1999969482422,206.5,205.14999389648438,205.5500030517578,24672000,5071329675.292969
2022-08-22,203.75,205.5500030517578,203.5,205.35000610351562,10693500,2195910290.2679443
2022-08-23,203.9499969482422,204.10000610351562,202.85000610351562,203.14999389648438,14840600,3014867799.420166
2022-08-24,203.14999389648438,203.75,202.4499969482422,202.75,22972400,4657654100.0
2022-08-25,203.1999969482422,204.1999969482422,202.89999389648438,203.64999389648438,11304800,2302222451.0009766
2022-08-26,204.5,205.10000610351562,204.0,204.10000610351562,9997100,2040408171.017456
2022-08-29,199.85000610351562,200.8000030517578,199.4499969482422,200.35000610351562,26759900,5361346128.329468
2022-08-30,201.6999969482422,203.14999389648438,201.5500030517578,203.10000610351562,12291200,2496342795.0195312
2022-08-31,201.10000610351562,204.39999389648438,201.0,204.39999389648438,18403700,3761716167.6727295
2022-09-01,200.5,201.1999969482422,199.5500030517578,199.64999389648438,29414500,5872604745.46814
2022-09-02,199.9499969482422,200.10000610351562,198.0500030517578,199.14999389648438,27128000,5402541034.423828
2022-09-05,198.5500030517578,199.25,198.10000610351562,198.8000030517578,12770200,2538715798.9715576
2022-09-06,199.0,200.0,198.14999389648438,198.8000030517578,11321300,2250674474.5498657
2022-09-07,198.0,198.1999969482422,196.60000610351562,197.75,26315100,5203811025.0
2022-09-08,199.39999389648438,201.9499969482422,199.39999389648438,201.9499969482422,30401600,6139603027.22168
2022-09-09,202.3000030517578,203.1999969482422,201.89999389648438,202.89999389648438,15671400,3179726964.349365
2022-09-12,204.25,204.8000030517578,203.5500030517578,204.1999969482422,9645500,1969611070.56427
2022-09-13,204.3000030517578,204.9499969482422,203.89999389648438,204.75,10859000,2223380250.0
2022-09-14,200.5,201.75,199.85000610351562,200.8000030517578,26351000,5291280880.41687
2022-09-15,201.0500030517578,201.5,200.6999969482422,200.9499969482422,18782100,3774262937.6815796
2022-09-16,199.85000610351562,200.5,199.4499969482422,199.85000610351562,13437900,2685564397.0184326
2022-09-20,201.25,202.0,200.5500030517578,200.89999389648438,29259300,5878193191.415405
2022-09-21,199.39999389648438,199.60000610351562,198.1999969482422,198.35000610351562,15969100,3167471082.4676514
2022-09-22,196.4499969482422,197.9499969482422,196.3000030517578,197.64999389648438,10534000,2082045035.7055664
2022-09-26,194.9499969482422,194.9499969482422,192.14999389648438,192.5500030517578,52852200,10176691271.292114
2022-09-27,193.0500030517578,194.25,192.85000610351562,193.10000610351562,28197100,5444860182.10144
2022-09-28,192.10000610351562,192.5500030517578,189.39999389648438,191.1999969482422,35711900,6828115171.01593
2022-09-29,193.89999389648438,195.25,193.3000030517578,195.10000610351562,33993400,6632112547.479248
2022-09-30,193.60000610351562,193.89999389648438,190.8000030517578,191.14999389648438,38227400,7307167276.678467
2022-10-03,190.5500030517578,192.6999969482422,189.1999969482422,192.5500030517578,19492500,3753280934.486389
2022-10-04,196.0,198.8000030517578,195.75,198.6999969482422,24593000,4886629024.94812
2022-10-05,200.39999389648438,200.64999389648438,199.0500030517578,199.39999389648438,28665800,5715960345.037842
2022-10-06,199.5,201.1999969482422,199.5,200.1999969482422,19053800,3814570701.852417
2022-10-07,197.5,199.4499969482422,197.35000610351562,198.89999389648438,8743700,1739121876.6326904
2022-10-11,196.4499969482422,196.8000030517578,194.5500030517578,195.10000610351562,21300600,4155747190.008545
2022-10-12,194.5,195.60000610351562,194.39999389648438,194.8000030517578,22749400,4431583189.425659
2022-10-13,194.60000610351562,194.60000610351562,193.3000030517578,193.39999389648438,17624900,3408655552.4261475
2022-10-14,196.5,198.64999389648438,196.10000610351562,197.6999969482422,19640900,3883005870.06073
2022-10-17,195.89999389648438,196.39999389648438,195.35000610351562,195.9499969482422,12423200,2434326002.0874023
2022-10-18,198.3000030517578,198.75,196.8000030517578,198.10000610351562,27183800,5385110945.916748
2022-10-19,198.10000610351562,199.14999389648438,198.0500030517578,198.60000610351562,12168900,2416743614.2730713
2022-10-20,196.85000610351562,197.89999389648438,196.60000610351562,197.6999969482422,10515100,2078835237.9104614
2022-10-21,197.10000610351562,197.3000030517578,196.14999389648438,196.25,8348500,1638393125.0
2022-10-24,198.0,198.5,196.60000610351562,196.8000030517578,9743800,1917579869.7357178
2022-10-25,198.14999389648438,199.39999389648438,197.75,198.6999969482422,9070600,1802328192.3187256
2022-10-26,199.75,200.6999969482422,199.75,199.75,10134700,2024406325.0
2022-10-27,199.64999389648438,199.6999969482422,198.4499969482422,198.64999389648438,8463800,1681333818.3410645
2022-10-28,196.8000030517578,198.8000030517578,196.8000030517578,197.64999389648438,13461100,2660586332.839966
2022-10-31,200.10000610351562,200.89999389648438,199.6999969482422,200.6999969482422,24609200,4939066364.898682
2022-11-01,201.4499969482422,202.0,201.0500030517578,202.0,23995400,4847070800.0
2022-11-02,201.75,202.64999389648438,201.6999969482422,202.0,10890000,2199780000.0
2022-11-04,200.4499969482422,200.75,198.75,199.39999389648438,25435200,5071778724.755859
2022-11-07,200.89999389648438,202.0500030517578,200.75,201.35000610351562,11199400,2254999258.355713
2022-11-08,202.8000030517578,204.4499969482422,202.6999969482422,204.10000610351562,10678500,2179481915.1763916
2022-11-09,204.25,204.25,202.8000030517578,203.10000610351562,6964100,1414408752.5054932
2022-11-10,201.39999389648438,202.14999389648438,201.10000610351562,201.9499969482422,11793000,2381596314.01062
2022-11-11,206.64999389648438,206.64999389648438,205.25,206.14999389648438,20284200,4181587706.1950684
2022-11-14,205.5500030517578,205.64999389648438,204.0,204.8000030517578,15499400,3174277167.300415
2022-11-15,204.0,205.0500030517578,203.6999969482422,204.6999969482422,16525300,3382728859.5687866
2022-11-16,204.8000030517578,205.10000610351562,203.14999389648438,204.89999389648438,21682300,4442703137.661743
2022-11-17,204.60000610351562,205.8000030517578,204.60000610351562,205.25,15917400,3267046350.0
2022-11-18,205.8000030517578,206.14999389648438,205.0,205.0500030517578,10731100,2200412087.7487183
2022-11-21,205.6999969482422,206.10000610351562,204.89999389648438,205.64999389648438,9631600,1980738481.213379
2022-11-22,206.64999389648438,208.3000030517578,206.64999389648438,208.0,14654300,3048094400.0
2022-11-24,210.10000610351562,210.9499969482422,210.10000610351562,210.3000030517578,16534400,3477184370.4589844
2022-11-25,210.60000610351562,210.60000610351562,209.8000030517578,210.4499969482422,11656300,2453068299.4277954
2022-11-28,210.10000610351562,210.4499969482422,208.1999969482422,208.89999389648438,7399200,1545692834.8388672
2022-11-29,208.0,208.10000610351562,206.89999389648438,207.64999389648438,9298400,1930812703.2470703
2022-11-30,206.6999969482422,207.14999389648438,205.9499969482422,206.64999389648438,18781100,3881114200.3692627
2022-12-01,208.60000610351562,208.8000030517578,207.14999389648438,207.14999389648438,11723800,2428585098.4436035
2022-12-02,205.35000610351562,205.35000610351562,202.64999389648438,203.5,27847300,5666925550.0
2022-12-05,203.4499969482422,203.64999389648438,202.1999969482422,202.89999389648438,18194500,3691663938.949585
2022-12-06,202.14999389648438,203.5500030517578,202.14999389648438,203.0500030517578,9117900,1851389622.8256226
2022-12-07,202.0,203.64999389648438,201.9499969482422,203.14999389648438,10740100,2181851249.447632
2022-12-08,202.39999389648438,202.60000610351562,201.0,202.1999969482422,15283900,3090404533.357239
2022-12-09,202.5500030517578,204.89999389648438,202.5500030517578,204.4499969482422,16626600,3399308319.2596436
2022-12-12,203.4499969482422,204.25,203.39999389648438,203.85000610351562,14247900,2904434501.9622803
2022-12-13,205.60000610351562,206.0500030517578,204.64999389648438,204.85000610351562,11000900,2253534432.144165
2022-12-14,205.1999969482422,206.14999389648438,204.9499969482422,206.0500030517578,15505500,3194908322.319031
2022-12-15,205.0,206.3000030517578,204.85000610351562,205.5500030517578,15102800,3104380586.090088
2022-12-16,203.6999969482422,204.1999969482422,203.0,203.1999969482422,14309100,2907609076.3320923
2022-12-19,201.75,202.75,201.5500030517578,201.6999969482422,14666500,2958233005.241394
2022-12-20,202.10000610351562,202.6999969482422,197.39999389648438,199.0500030517578,37833200,7530698575.457764
2022-12-21,198.5,199.10000610351562,196.9499969482422,197.0500030517578,62768200,12368474001.553345
2022-12-22,198.1999969482422,199.0,197.60000610351562,198.9499969482422,14741700,2932861170.011902
2022-12-23,197.4499969482422,198.0500030517578,196.6999969482422,197.8000030517578,21384000,4229755265.258789
2022-12-26,197.89999389648438,198.89999389648438,197.64999389648438,198.14999389648438,35685600,7071101422.192383
2022-12-27,199.64999389648438,199.89999389648438,198.9499969482422,199.25,12436400,2477952700.0
2022-12-28,198.5500030517578,199.0500030517578,197.85000610351562,198.85000610351562,16728700,3326502097.103882
2022-12-29,197.5500030517578,197.85000610351562,196.3000030517578,197.6999969482422,12089100,2390015033.1069946
2022-12-30,198.5500030517578,199.14999389648438,197.3000030517578,197.4499969482422,15378300,3036445288.069153
2023-01-04,196.10000610351562,196.1999969482422,194.3000030517578,195.0500030517578,14867500,2899905920.3720093
2023-01-05,195.14999389648438,195.6999969482422,194.5,195.14999389648438,14771600,2882677649.8413086
2023-01-06,194.39999389648438,196.25,194.3000030517578,195.85000610351562,11818100,2314574957.131958
2023-01-10,197.39999389648438,197.6999969482422,196.10000610351562,196.1999969482422,14338000,2813115556.2438965
2023-01-11,197.14999389648438,198.60000610351562,197.14999389648438,198.3000030517578,29189200,5788218449.078369
2023-01-12,198.5500030517578,199.5,198.1999969482422,199.25,7137600,1422166800.0
2023-01-13,199.0500030517578,199.9499969482422,198.25,198.4499969482422,34567900,6859999649.507141
2023-01-16,197.64999389648438,198.0,196.75,196.75,14024500,2759320375.0
2023-01-17,197.39999389648438,198.85000610351562,197.14999389648438,198.64999389648438,15618000,3102515604.675293
2023-01-18,199.25,202.1999969482422,198.60000610351562,202.0,25275600,5105671200.0
2023-01-19,200.5500030517578,201.3000030517578,199.89999389648438,200.10000610351562,17443200,3490384426.4648438
2023-01-20,199.64999389648438,201.25,199.60000610351562,201.14999389648438,10766200,2165621064.28833
2023-01-23,203.0500030517578,203.39999389648438,202.25,203.0500030517578,8449900,1715752220.7870483
2023-01-24,204.6999969482422,206.10000610351562,204.60000610351562,205.85000610351562,20528500,4225791850.2960205
2023-01-25,205.4499969482422,207.10000610351562,205.25,206.8000030517578,14957500,3093211045.6466675
2023-01-26,207.0500030517578,207.5500030517578,206.0,206.35000610351562,14614500,3015702164.199829
2023-01-27,206.9499969482422,207.35000610351562,206.3000030517578,206.89999389648438,9283400,1920735403.338623
2023-01-30,206.9499969482422,207.4499969482422,206.39999389648438,206.85000610351562,16488000,3410542900.6347656
2023-01-31,207.5,207.85000610351562,205.9499969482422,206.1999969482422,19200300,3959101801.4053345
2023-02-01,207.5,207.6999969482422,205.8000030517578,205.85000610351562,14486900,2982128453.4210205
2023-02-02,206.1999969482422,206.3000030517578,204.75,205.0,11525800,2362789000.0
2023-02-03,204.8000030517578,206.14999389648438,204.60000610351562,205.5500030517578,10279200,2112889591.369629
2023-02-06,207.3000030517578,207.6999969482422,206.3000030517578,206.60000610351562,9260100,1913136716.519165
2023-02-07,207.1999969482422,207.6999969482422,206.8000030517578,207.0500030517578,7815700,1618240708.8516235
2023-02-08,207.3000030517578,207.8000030517578,206.5500030517578,207.0,5460900,1130406300.0
2023-02-09,206.35000610351562,207.5500030517578,206.1999969482422,207.10000610351562,10611300,2197600294.7662354
2023-02-10,207.3000030517578,208.75,206.75,207.25,9431900,1954761275.0
2023-02-13,207.0,207.39999389648438,205.39999389648438,206.25,9263300,1910555625.0
2023-02-14,208.35000610351562,208.4499969482422,207.5,208.10000610351562,13284700,2764546151.083374
2023-02-15,208.64999389648438,208.8000030517578,207.10000610351562,207.35000610351562,7499900,1555104310.7757568
2023-02-16,208.39999389648438,209.0500030517578,208.10000610351562,208.9499969482422,8700700,1818011238.4475708
2023-02-17,207.39999389648438,208.5,207.35000610351562,207.89999389648438,8425600,1751682188.5742188
2023-02-20,208.10000610351562,208.75,207.64999389648438,208.6999969482422,9321100,1945313541.5542603
2023-02-21,208.60000610351562,209.14999389648438,207.9499969482422,208.3000030517578,12851300,2676925829.219055
2023-02-22,207.1999969482422,207.4499969482422,205.64999389648438,206.35000610351562,19682300,4061442725.1312256
2023-02-24,206.35000610351562,207.75,206.10000610351562,207.5,9686600,2009969500.0
2023-02-27,207.10000610351562,208.1999969482422,207.0500030517578,208.14999389648438,10617200,2209970115.197754
2023-02-28,208.5500030517578,208.9499969482422,207.8000030517578,208.0,16935000,3522480000.0
2023-03-01,207.6999969482422,208.64999389648438,207.1999969482422,208.64999389648438,12990000,2710363420.715332
2023-03-02,209.0,209.35000610351562,207.85000610351562,208.1999969482422,11640300,2423510424.4766235
2023-03-03,209.3000030517578,211.14999389648438,209.10000610351562,210.8000030517578,19850000,4184380060.5773926
2023-03-06,212.39999389648438,212.89999389648438,212.0500030517578,212.60000610351562,11180500,2376974368.2403564
2023-03-07,212.5,213.6999969482422,212.4499969482422,213.5500030517578,12632100,2697584993.55011
2023-03-08,213.0500030517578,214.39999389648438,213.0500030517578,214.25,21082200,4516861350.0
2023-03-09,215.5,216.39999389648438,215.4499969482422,216.1999969482422,12221100,2642201782.7041626
2023-03-10,213.5500030517578,214.4499969482422,211.89999389648438,212.10000610351562,17220300,3652425735.10437
2023-03-13,209.9499969482422,209.9499969482422,207.35000610351562,208.8000030517578,39473700,8242108680.464172
2023-03-14,205.10000610351562,205.10000610351562,201.9499969482422,203.25,55036100,11186087325.0
2023-03-15,206.0,206.0,203.85000610351562,204.5500030517578,17054700,3488538937.046814
2023-03-16,199.8000030517578,202.5500030517578,199.35000610351562,202.35000610351562,29048200,5877903447.296143
2023-03-17,203.60000610351562,204.89999389648438,203.35000610351562,204.6999969482422,37640200,7704948825.131226
2023-03-20,203.5,204.39999389648438,201.5,201.64999389648438,21358900,4307022054.63562
2023-03-22,205.3000030517578,205.6999969482422,204.39999389648438,204.9499969482422,22754500,4663534705.558777
2023-03-23,203.1999969482422,204.75,202.3000030517578,204.5500030517578,18994200,3885263667.9656982
2023-03-24,203.89999389648438,204.5500030517578,203.1999969482422,204.3000030517578,11482500,2345874785.041809
2023-03-27,205.39999389648438,205.4499969482422,204.1999969482422,205.0,10040600,2058323000.0
2023-03-28,206.39999389648438,206.39999389648438,204.8000030517578,205.5500030517578,12567900,2583331883.354187
2023-03-29,205.9499969482422,208.39999389648438,205.60000610351562,208.39999389648438,18087000,3769330689.605713
2023-03-30,209.89999389648438,210.0500030517578,208.5500030517578,209.39999389648438,27983400,5859723789.202881
2023-03-31,210.89999389648438,212.39999389648438,210.89999389648438,211.89999389648438,19042800,4035169203.7719727
2023-04-03,213.10000610351562,213.5500030517578,212.14999389648438,213.1999969482422,12485800,2661972521.8963623
2023-04-04,213.35000610351562,213.85000610351562,212.85000610351562,213.6999969482422,10816000,2311379166.9921875
2023-04-05,212.10000610351562,212.25,209.3000030517578,209.4499969482422,15352300,3215539188.1484985
2023-04-06,207.5500030517578,208.0,206.89999389648438,207.14999389648438,19284000,3994680482.2998047
2023-04-07,207.3000030517578,208.1999969482422,207.3000030517578,207.5500030517578,9544700,1981002514.1281128
2023-04-10,208.89999389648438,209.60000610351562,208.4499969482422,208.75,6669000,1392153750.0
2023-04-11,210.4499969482422,211.25,209.75,210.5,8954100,1884838050.0
2023-04-12,211.39999389648438,212.1999969482422,211.25,212.0500030517578,10768600,2283481662.863159
2023-04-13,211.35000610351562,212.3000030517578,211.14999389648438,212.25,7909500,1678791375.0
2023-04-14,213.3000030517578,213.5,212.6999969482422,213.3000030517578,11350000,2420955034.637451
2023-04-17,214.10000610351562,214.3000030517578,213.25,214.1999969482422,10229100,2191073188.783264
2023-04-18,214.85000610351562,216.0,214.6999969482422,215.6999969482422,11317400,2441163145.462036
2023-04-19,215.5,215.8000030517578,214.75,215.4499969482422,9058000,1951546072.3571777
2023-04-20,214.5500030517578,215.85000610351562,214.35000610351562,215.35000610351562,20516900,4418314540.22522
2023-04-21,214.75,216.10000610351562,214.5500030517578,214.9499969482422,15649100,3363773997.242737
2023-04-24,215.6999969482422,215.9499969482422,215.14999389648438,215.14999389648438,6249800,1344644431.854248
2023-04-25,216.1999969482422,217.14999389648438,215.60000610351562,215.85000610351562,9899900,2136893475.4241943
2023-04-26,214.4499969482422,214.64999389648438,213.0500030517578,213.75,11275200,2410074000.0
2023-04-27,213.0500030517578,214.8000030517578,212.89999389648438,214.5500030517578,7091800,1521545711.642456
2023-04-28,216.60000610351562,217.4499969482422,215.25,217.4499969482422,33003700,7176654464.280701
2023-05-01,218.75,219.5500030517578,218.5,219.5,26809300,5884641350.0
2023-05-02,220.0,220.14999389648438,218.5,219.25,16451800,3607057150.0
2023-05-08,219.10000610351562,219.8000030517578,218.4499969482422,218.85000610351562,14644600,3204970799.383545
2023-05-09,219.39999389648438,221.60000610351562,219.25,221.5500030517578,13178500,2919696715.2175903
2023-05-10,221.64999389648438,221.6999969482422,220.10000610351562,220.39999389648438,8533800,1880849467.9138184
2023-05-11,219.6999969482422,220.35000610351562,219.5,220.0,12021800,2644796000.0
2023-05-12,220.0500030517578,221.75,220.0500030517578,221.64999389648438,10042700,2225964393.7042236
2023-05-15,222.64999389648438,223.5500030517578,222.3000030517578,223.5500030517578,14660400,3277332464.73999
2023-05-16,224.5,224.9499969482422,224.10000610351562,224.9499969482422,18159300,4084934479.5822144
2023-05-17,224.8000030517578,225.85000610351562,224.8000030517578,225.64999389648438,21518700,4855694523.660278
2023-05-18,228.10000610351562,228.60000610351562,226.9499969482422,228.39999389648438,39586900,9041647718.380737
2023-05-19,229.14999389648438,229.64999389648438,228.1999969482422,228.5500030517578,16309800,3727604839.7735596
2023-05-22,228.0,230.0,227.89999389648438,229.89999389648438,8217700,1889249179.8431396
2023-05-23,231.0500030517578,231.39999389648438,227.8000030517578,228.6999969482422,25879300,5918595831.022644
2023-05-24,227.5500030517578,228.5500030517578,226.85000610351562,227.39999389648438,12729700,2894733702.304077
2023-05-25,226.64999389648438,227.75,226.14999389648438,226.75,17015300,3858219275.0
2023-05-26,227.39999389648438,228.25,226.75,226.75,11435900,2593090325.0
2023-05-29,230.10000610351562,230.1999969482422,228.10000610351562,228.5,16476100,3764788850.0
2023-05-30,227.8000030517578,228.64999389648438,226.60000610351562,228.14999389648438,16985600,3875264536.328125
2023-05-31,226.3000030517578,227.14999389648438,224.8000030517578,225.0500030517578,31322500,7049128720.588684
2023-06-01,225.35000610351562,227.4499969482422,224.8000030517578,227.0,21564800,4895209600.0
2023-06-02,228.25,230.75,228.10000610351562,230.75,12629200,2914187900.0
2023-06-05,233.9499969482422,234.64999389648438,233.14999389648438,234.64999389648438,18572700,4358083941.641235
2023-06-06,233.10000610351562,236.5,232.5,236.3000030517578,23338900,5514982141.22467
2023-06-07,237.4499969482422,237.89999389648438,232.9499969482422,233.14999389648438,49597200,11563586877.282715
2023-06-08,233.14999389648438,234.1999969482422,230.25,231.64999389648438,36355900,8421844013.101196
2023-06-09,233.60000610351562,235.5500030517578,233.10000610351562,235.10000610351562,20454500,4808853074.84436
2023-06-12,236.35000610351562,236.9499969482422,235.4499969482422,236.60000610351562,15184300,3592605472.6776123
2023-06-13,237.8000030517578,240.35000610351562,237.75,239.6999969482422,33419900,8010749928.010559
2023-06-14,241.60000610351562,243.5,241.0500030517578,242.5,23675300,5741260250.0
2023-06-15,242.5,244.1999969482422,241.6999969482422,242.5500030517578,44393200,10767570795.477295
2023-06-16,242.35000610351562,243.64999389648438,241.0,243.25,30481900,7414722175.0
2023-06-19,244.14999389648438,244.1999969482422,240.9499969482422,242.0500030517578,36867900,8923875307.511902
2023-06-20,241.14999389648438,241.8000030517578,239.85000610351562,241.39999389648438,26079600,6295615280.822754
2023-06-21,240.35000610351562,243.0,240.14999389648438,242.89999389648438,25962700,6306339671.536255
2023-06-22,242.39999389648438,244.39999389648438,242.25,242.9499969482422,24968400,6066072703.80249
2023-06-23,244.0500030517578,244.3000030517578,238.1999969482422,239.14999389648438,49026600,11724711090.76538
2023-06-26,238.75,240.0,236.89999389648438,238.6999969482422,24077000,5747179826.522827
2023-06-27,238.8000030517578,239.3000030517578,236.60000610351562,238.0,32683700,7778720600.0
2023-06-28,239.89999389648438,242.89999389648438,239.60000610351562,242.85000610351562,16899100,4103946538.143921
2023-06-29,243.75,244.75,242.3000030517578,242.8000030517578,13308500,3231303840.614319
2023-06-30,242.5500030517578,242.64999389648438,240.6999969482422,241.9499969482422,18957500,4586767067.146301
2023-07-03,243.89999389648438,245.75,243.8000030517578,245.5,28091400,6896438700.0
2023-07-04,244.10000610351562,244.60000610351562,243.35000610351562,243.9499969482422,19651700,4794032155.027771
2023-07-05,242.89999389648438,244.5,242.10000610351562,243.75,20511800,4999751250.0
2023-07-06,242.39999389648438,242.9499969482422,240.1999969482422,240.9499969482422,35471800,8546930101.748657
2023-07-07,234.1999969482422,235.4499969482422,232.6999969482422,233.5,24722300,5772657050.0
2023-07-10,233.4499969482422,234.4499969482422,231.8000030517578,232.5,25737400,5983945500.0
2023-07-11,233.39999389648438,233.6999969482422,230.89999389648438,231.60000610351562,10289700,2383094582.8033447
2023-07-12,232.25,232.35000610351562,229.35000610351562,230.0500030517578,19763400,4546570230.31311
2023-07-13,230.8000030517578,232.85000610351562,229.5500030517578,232.1999969482422,22007400,5110118212.838745
2023-07-14,233.25,233.64999389648438,230.3000030517578,231.85000610351562,28413800,6587739703.424072
2023-07-18,231.5,234.10000610351562,231.5,233.1999969482422,11239600,2621074685.699463
2023-07-19,235.10000610351562,235.8000030517578,234.39999389648438,235.75,14818900,3493555675.0
2023-07-20,235.64999389648438,236.25,233.6999969482422,233.6999969482422,10523000,2459225067.8863525
2023-07-21,233.39999389648438,234.89999389648438,232.6999969482422,234.10000610351562,16212100,3795252708.9508057
2023-07-24,235.85000610351562,236.60000610351562,235.25,235.9499969482422,11884000,2804029763.73291
2023-07-25,236.4499969482422,236.60000610351562,235.5,236.39999389648438,11533300,2726472049.6063232
2023-07-26,236.35000610351562,236.6999969482422,234.9499969482422,236.10000610351562,9597500,2265969808.578491
2023-07-27,235.6999969482422,237.89999389648438,235.35000610351562,237.75,32670900,7767506475.0
2023-07-28,235.3000030517578,237.60000610351562,233.3000030517578,237.0,21094200,4999325400.0
2023-07-31,240.14999389648438,241.25,239.1999969482422,240.10000610351562,21616300,5190073761.935425
2023-08-01,240.9499969482422,242.10000610351562,240.3000030517578,241.6999969482422,35209200,8510063532.550049
2023-08-02,239.5500030517578,241.10000610351562,237.64999389648438,238.0500030517578,29981200,7137024751.495361
2023-08-03,236.39999389648438,236.5,234.39999389648438,234.64999389648438,30443300,7143520159.188843
2023-08-04,233.8000030517578,235.85000610351562,233.5500030517578,235.3000030517578,17321300,4075701942.8604126
2023-08-07,234.14999389648438,236.5500030517578,233.89999389648438,236.5,13219500,3126411750.0
2023-08-08,237.4499969482422,238.14999389648438,236.64999389648438,237.14999389648438,11179700,2651265786.7645264
2023-08-09,236.75,237.0,235.75,236.35000610351562,15931500,3765410122.238159
2023-08-10,235.39999389648438,238.64999389648438,235.35000610351562,238.60000610351562,11943300,2849671452.896118
2023-08-14,239.0,239.5500030517578,235.64999389648438,236.14999389648438,14968700,3534858413.6383057
2023-08-15,237.75,238.0500030517578,236.85000610351562,236.9499969482422,11628200,2755301954.51355
2023-08-16,235.0500030517578,235.5500030517578,233.9499969482422,234.14999389648438,14659200,3432451590.5273438
2023-08-17,233.4499969482422,233.60000610351562,230.60000610351562,233.10000610351562,16843000,3926103402.8015137
2023-08-18,231.1999969482422,232.75,230.60000610351562,231.35000610351562,23799100,5505921930.258179
2023-08-21,232.0500030517578,233.3000030517578,231.1999969482422,232.10000610351562,6676800,1549685320.7519531
2023-08-22,233.10000610351562,234.5500030517578,233.0,234.4499969482422,6224300,1459287116.0049438
2023-08-23,233.4499969482422,235.8000030517578,233.3000030517578,235.75,5744600,1354289450.0
2023-08-24,236.14999389648438,237.0,235.75,236.6999969482422,11543900,2732441094.770813
2023-08-25,234.25,235.35000610351562,233.89999389648438,234.60000610351562,10191100,2390832122.201538
2023-08-28,236.64999389648438,238.25,236.35000610351562,238.0500030517578,7287700,1734837007.2402954
2023-08-29,238.6999969482422,239.35000610351562,238.0,238.4499969482422,15999200,3815009191.1743164
2023-08-30,239.60000610351562,240.60000610351562,239.25,239.5500030517578,50338300,12058539918.6203
2023-08-31,239.64999389648438,242.0,239.64999389648438,240.9499969482422,20441000,4925258887.619019
2023-09-01,240.9499969482422,243.75,240.9499969482422,243.10000610351562,28108000,6833054971.557617
2023-09-04,243.8000030517578,245.8000030517578,243.5500030517578,245.75,17235000,4235501250.0
2023-09-05,245.8000030517578,246.5,244.5500030517578,245.89999389648438,12056500,2964693276.412964
2023-09-06,246.64999389648438,248.10000610351562,246.64999389648438,247.85000610351562,22650600,5613951348.248291
2023-09-07,247.0,248.1999969482422,246.5500030517578,246.75,16497600,4070782800.0
2023-09-08,246.0500030517578,246.6999969482422,243.8000030517578,244.14999389648438,17674100,4315131407.1258545
2023-09-11,245.0500030517578,245.85000610351562,243.64999389648438,244.4499969482422,7816200,1910670066.1468506
2023-09-12,245.64999389648438,246.5,244.39999389648438,246.5,7460200,1838939300.0
2023-09-13,246.39999389648438,247.14999389648438,245.60000610351562,246.39999389648438,16967600,4180816536.4379883
2023-09-14,247.39999389648438,249.5500030517578,246.89999389648438,249.10000610351562,9686300,2412857389.1204834
2023-09-15,250.89999389648438,252.4499969482422,250.60000610351562,251.5500030517578,18332200,4611464965.945435
2023-09-19,250.1999969482422,251.6999969482422,249.89999389648438,251.5500030517578,11882200,2988967446.2615967
2023-09-20,251.85000610351562,252.0,248.89999389648438,249.0,16429700,4090995300.0
2023-09-21,248.25,249.35000610351562,246.5500030517578,246.89999389648438,17368100,4288183783.9935303
2023-09-22,244.39999389648438,247.14999389648438,243.6999969482422,246.0,16797800,4132258800.0
2023-09-25,246.75,247.4499969482422,245.60000610351562,247.25,27249300,6737389425.0
2023-09-26,247.1999969482422,247.4499969482422,245.35000610351562,245.8000030517578,12123300,2979907176.9973755
2023-09-27,244.35000610351562,246.5,243.10000610351562,246.1999969482422,20896800,5144792096.228027
2023-09-28,246.1999969482422,247.1999969482422,243.64999389648438,245.1999969482422,48062600,11784949373.324585
2023-09-29,245.64999389648438,245.8000030517578,241.9499969482422,242.75,16250500,3944808875.0
2023-10-02,243.85000610351562,246.1999969482422,241.6999969482422,241.89999389648438,15372000,3718486706.176758
2023-10-03,241.14999389648438,241.14999389648438,237.25,237.8000030517578,29277300,6962142029.347229
2023-10-04,234.4499969482422,234.9499969482422,231.5,231.85000610351562,52287500,12122857194.137573
2023-10-05,233.3000030517578,236.6999969482422,232.5,236.5,21139900,4999586350.0
2023-10-06,236.5,238.0500030517578,235.75,236.5,12262300,2900033950.0
2023-10-10,238.85000610351562,241.85000610351562,238.85000610351562,241.35000610351562,46463500,11213966008.590698
2023-10-11,241.5500030517578,242.35000610351562,240.89999389648438,241.0,19217600,4631441600.0
2023-10-12,242.0500030517578,244.8000030517578,242.0500030517578,244.5,14530200,3552633900.0
2023-10-13,242.85000610351562,243.4499969482422,240.5,241.14999389648438,25560100,6163817958.99353
2023-10-16,239.1999969482422,239.4499969482422,236.64999389648438,237.3000030517578,13865100,3290188272.3129272
2023-10-17,240.0,241.3000030517578,238.25,239.39999389648438,12530400,2999777683.520508
2023-10-18,239.75,240.14999389648438,238.10000610351562,239.85000610351562,10255500,2459781737.5946045
2023-10-19,236.6999969482422,237.9499969482422,235.6999969482422,236.5,13219000,3126293500.0
2023-10-20,235.0500030517578,236.89999389648438,234.1999969482422,235.64999389648438,17606300,4148924487.539673
2023-10-23,234.75,235.35000610351562,233.8000030517578,233.85000610351562,15472000,3618127294.4335938
2023-10-24,234.39999389648438,234.8000030517578,229.4499969482422,233.9499969482422,35866300,8390920775.544739
2023-10-25,235.89999389648438,237.14999389648438,235.0500030517578,235.4499969482422,17527900,4126944001.509094
2023-10-26,233.39999389648438,234.60000610351562,231.60000610351562,232.14999389648438,18234200,4233069418.7072754
2023-10-27,233.35000610351562,235.85000610351562,232.85000610351562,235.85000610351562,33416400,7881258143.95752
2023-10-30,233.3000030517578,234.0,232.0500030517578,233.0500030517578,16555800,3858329240.524292
2023-10-31,234.5,236.3000030517578,233.14999389648438,235.64999389648438,23777800,5603238424.871826
2023-11-01,240.35000610351562,241.6999969482422,239.89999389648438,241.35000610351562,20125700,4857337817.837524
2023-11-02,244.0500030517578,244.3000030517578,241.8000030517578,242.5500030517578,24263900,5885209019.047546
2023-11-06,246.89999389648438,247.4499969482422,245.89999389648438,246.5,23117500,5698463750.0
2023-11-07,246.10000610351562,246.39999389648438,243.4499969482422,243.4499969482422,15687300,3819073137.1261597
2023-11-08,244.64999389648438,244.6999969482422,239.85000610351562,240.8000030517578,27486000,6618628883.880615
2023-11-09,241.39999389648438,244.5500030517578,240.3000030517578,243.9499969482422,12150200,2964041252.920532
2023-11-10,242.5500030517578,244.25,241.60000610351562,244.14999389648438,12598400,3075899283.1054688
2023-11-13,245.5500030517578,245.9499969482422,243.4499969482422,244.0,8916600,2175650400.0
2023-11-14,245.8000030517578,246.0,244.89999389648438,245.0,12024400,2945978000.0
2023-11-15,248.25,248.4499969482422,246.8000030517578,247.9499969482422,25785600,6393539441.308594
2023-11-16,247.60000610351562,249.0500030517578,246.39999389648438,247.25,13480600,3333078350.0
2023-11-17,246.6999969482422,249.6999969482422,246.5500030517578,249.64999389648438,13100500,3270539745.0408936
2023-11-20,249.8000030517578,251.3000030517578,247.35000610351562,247.89999389648438,15575700,3861215934.9334717
2023-11-21,247.8000030517578,248.0500030517578,246.0500030517578,247.3000030517578,11501200,2844246795.098877
2023-11-22,246.64999389648438,249.3000030517578,246.35000610351562,248.3000030517578,8625000,2141587526.3214111
2023-11-24,250.39999389648438,250.60000610351562,249.5500030517578,249.89999389648438,10186600,2545631277.8259277
2023-11-27,250.25,250.85000610351562,248.25,249.0,10619900,2644355100.0
2023-11-28,249.4499969482422,249.4499969482422,247.39999389648438,248.4499969482422,32542800,8085258560.687256
2023-11-29,247.39999389648438,248.39999389648438,246.35000610351562,246.9499969482422,10195700,2517828083.885193
2023-11-30,246.5,248.1999969482422,245.8000030517578,248.1999969482422,15259200,3787333393.432617
2023-12-01,249.4499969482422,249.60000610351562,248.5,249.0,9894700,2463780300.0
2023-12-04,247.6999969482422,247.8000030517578,245.3000030517578,246.6999969482422,9194600,2268307791.9403076
2023-12-05,246.10000610351562,247.0500030517578,244.4499969482422,244.64999389648438,13102900,3205624405.026245
2023-12-06,245.3000030517578,249.75,245.1999969482422,249.60000610351562,11667400,2912183111.212158
2023-12-07,247.64999389648438,247.89999389648438,245.85000610351562,246.4499969482422,15505000,3821207202.682495
2023-12-08,244.64999389648438,245.25,241.9499969482422,242.4499969482422,16117100,3907590845.814514
2023-12-11,245.0,246.85000610351562,244.89999389648438,246.35000610351562,16418800,4044771480.2124023
2023-12-12,247.89999389648438,248.10000610351562,245.6999969482422,245.89999389648438,11382400,2798932090.5273438
2023-12-13,246.5500030517578,246.8000030517578,245.10000610351562,246.0500030517578,13360300,3287301855.7724
2023-12-14,245.64999389648438,246.0,241.5,242.60000610351562,22238600,5395084495.733643
2023-12-15,243.1999969482422,244.6999969482422,242.8000030517578,243.85000610351562,17556700,4281201402.157593
2023-12-18,241.9499969482422,242.35000610351562,239.85000610351562,242.0,20642000,4995364000.0
2023-12-19,242.0,244.25,240.8000030517578,243.89999389648438,17395100,4242664783.8287354
2023-12-20,244.6999969482422,246.89999389648438,244.64999389648438,245.75,12874800,3163982100.0
2023-12-21,242.9499969482422,243.5500030517578,242.39999389648438,243.1999969482422,26683200,6489354158.569336
2023-12-22,243.89999389648438,245.5,243.5500030517578,244.14999389648438,10914500,2664775108.3831787
2023-12-25,246.0,246.35000610351562,244.0,244.25,9343700,2282198725.0
2023-12-26,244.75,244.75,243.4499969482422,244.3000030517578,7377900,1802420992.515564
2023-12-27,245.64999389648438,247.4499969482422,245.60000610351562,247.10000610351562,15362900,3796172683.7677
2023-12-28,245.89999389648438,247.25,245.89999389648438,246.9499969482422,10607100,2619423312.6296997
2023-12-29,246.9499969482422,248.60000610351562,246.14999389648438,247.4499969482422,13779600,3409761977.947998
2024-01-04,246.35000610351562,249.10000610351562,244.14999389648438,248.6999969482422,23036600,5729202349.697876
2024-01-05,249.5,251.14999389648438,249.25,250.1999969482422,17014600,4257052868.0755615
2024-01-09,253.0,254.3000030517578,251.0500030517578,252.1999969482422,20992400,5294283215.936279
2024-01-10,252.89999389648438,256.45001220703125,252.6999969482422,255.60000610351562,24594400,6286328790.112305
2024-01-11,259.0,260.6499938964844,258.8500061035156,259.6000061035156,32944600,8552418361.077881
2024-01-12,260.8500061035156,262.54998779296875,260.0,260.8500061035156,28902600,7539243386.407471
2024-01-15,261.54998779296875,262.25,261.04998779296875,262.1000061035156,3535500,926654571.5789795
2024-01-16,261.54998779296875,264.3500061035156,261.04998779296875,262.1499938964844,23599100,6186503920.962524
2024-01-17,263.1499938964844,266.0,260.79998779296875,260.8500061035156,70394700,18362457924.65515
2024-01-18,260.6499938964844,262.25,260.3999938964844,260.54998779296875,19751300,5146200973.895264
2024-01-19,263.8500061035156,264.20001220703125,261.3500061035156,262.45001220703125,22236700,5836022186.444092
2024-01-22,264.3999938964844,266.3500061035156,264.04998779296875,266.3500061035156,8853000,2357996604.034424
2024-01-23,266.75,268.45001220703125,264.95001220703125,265.95001220703125,17534500,4663300489.044189
2024-01-24,265.25,265.79998779296875,263.6000061035156,264.3999938964844,67032400,17723366150.8667
2024-01-25,264.1499938964844,265.04998779296875,262.8999938964844,264.70001220703125,16001300,4235544305.328369
2024-01-26,263.3500061035156,263.70001220703125,261.04998779296875,261.20001220703125,17663700,4613758655.621338
2024-01-29,262.3500061035156,265.29998779296875,262.3500061035156,264.3500061035156,8460400,2236506791.6381836
2024-01-30,265.1000061035156,265.70001220703125,264.20001220703125,264.3500061035156,20442400,5403948564.770508
2024-01-31,263.0,267.0,262.8999938964844,267.0,17442300,4657094100.0
2024-02-01,264.95001220703125,266.1000061035156,264.29998779296875,264.95001220703125,25994800,6887322577.319336
2024-02-02,266.20001220703125,266.8999938964844,264.75,265.75,20309400,5397223050.0
2024-02-05,267.8999938964844,268.20001220703125,266.45001220703125,267.8500061035156,18930800,5070614895.544434
2024-02-06,266.75,266.75,264.95001220703125,265.6499938964844,16634500,4418954823.471069
2024-02-07,265.20001220703125,267.70001220703125,265.1499938964844,266.79998779296875,9765700,2605488640.789795
2024-02-08,267.8999938964844,269.20001220703125,266.0,268.1499938964844,22125100,5932845429.959106
2024-02-09,267.8500061035156,269.70001220703125,267.1000061035156,267.6000061035156,14491000,3877791688.446045
2024-02-13,270.95001220703125,273.6499938964844,270.1499938964844,273.54998779296875,11205800,3065346453.210449
2024-02-14,271.79998779296875,271.8500061035156,269.29998779296875,270.29998779296875,13420400,3627533956.176758
2024-02-15,272.3500061035156,272.5,270.1000061035156,271.6000061035156,12500700,3395190196.298218
2024-02-16,274.1000061035156,276.25,273.3999938964844,275.0,26005900,7151622500.0
2024-02-19,275.0,276.3500061035156,274.5,276.3500061035156,9177400,2536174546.0144043
2024-02-20,277.1499938964844,277.29998779296875,274.6499938964844,276.25,37939300,10480731625.0
2024-02-21,274.6499938964844,275.29998779296875,273.6499938964844,274.8500061035156,8018800,2203967228.942871
2024-02-22,276.8500061035156,278.75,276.6499938964844,278.6000061035156,13100800,3649882959.9609375
2024-02-26,280.0,281.20001220703125,278.8999938964844,279.8500061035156,24002900,6717211711.502075
2024-02-27,280.1499938964844,281.75,279.75,280.20001220703125,12991600,3640246478.588867
2024-02-28,280.3999938964844,280.8999938964844,279.25,279.8999938964844,9446800,2644159262.3413086
2024-02-29,279.29998779296875,280.75,277.70001220703125,280.5,15723200,4410357600.0
2024-03-01,280.20001220703125,283.95001220703125,280.1000061035156,283.45001220703125,16120400,4569327576.782227
2024-03-04,284.8500061035156,285.29998779296875,282.8999938964844,283.45001220703125,16585100,4701046797.454834
2024-03-05,282.3999938964844,285.3999938964844,282.1000061035156,284.8500061035156,13228600,3768166790.740967
2024-03-06,283.6499938964844,286.3999938964844,283.0,285.8500061035156,14709500,4204710664.779663
2024-03-07,287.3999938964844,288.45001220703125,284.1499938964844,284.5,15992000,4549724000.0
2024-03-08,284.95001220703125,287.25,282.95001220703125,285.1000061035156,21222400,6050506369.53125
2024-03-11,282.3999938964844,282.3999938964844,276.1000061035156,279.1499938964844,57007100,15913531617.056274
2024-03-12,276.75,278.1000061035156,273.95001220703125,277.95001220703125,22194300,6168905955.926514
2024-03-13,280.6000061035156,280.6000061035156,275.3999938964844,277.20001220703125,15445400,4281465068.5424805
2024-03-14,277.29998779296875,278.8500061035156,276.04998779296875,278.8500061035156,16363800,4563045729.876709
2024-03-15,277.6000061035156,280.70001220703125,277.45001220703125,279.6000061035156,10325500,2887009863.0218506
2024-03-18,281.3999938964844,285.1000061035156,281.1000061035156,284.95001220703125,17698600,5043216286.047363
2024-03-19,284.5,288.0,284.0,288.0,29499900,8495971200.0
2024-03-21,292.25,292.95001220703125,291.04998779296875,292.75,34524800,10107135200.0
2024-03-22,294.0,295.3500061035156,293.0,294.6499938964844,15525100,4574470620.24231
2024-03-25,293.8500061035156,293.8999938964844,290.70001220703125,290.75,16496300,4796299225.0
2024-03-26,290.6499938964844,291.70001220703125,289.6000061035156,291.3999938964844,16634200,4847205778.4729
2024-03-27,292.70001220703125,294.29998779296875,292.20001220703125,292.8999938964844,20520600,6010483614.752197
2024-03-28,292.20001220703125,293.54998779296875,290.1499938964844,290.8500061035156,28173600,8194291731.958008
2024-03-29,291.54998779296875,293.04998779296875,291.29998779296875,292.3500061035156,12123700,3544363768.9971924
2024-04-01,291.54998779296875,294.0,286.54998779296875,287.25,30153000,8661449250.0
2024-04-02,288.04998779296875,289.75,285.70001220703125,286.3999938964844,15156400,4340792867.492676
2024-04-03,285.20001220703125,286.8500061035156,283.79998779296875,285.75,24143000,6898862250.0
2024-04-04,288.75,290.70001220703125,288.20001220703125,288.6499938964844,23344800,6738476377.514648
2024-04-05,284.8500061035156,285.79998779296875,283.0,285.3999938964844,43350100,12372118275.411987
2024-04-08,287.5,289.5,287.1000061035156,288.1000061035156,15613300,4498191825.2960205
2024-04-09,289.04998779296875,291.04998779296875,288.6499938964844,290.75,9447500,2746860625.0
2024-04-10,290.3999938964844,290.70001220703125,289.29998779296875,289.6499938964844,11358900,3290105315.6707764
2024-04-11,287.20001220703125,290.45001220703125,287.04998779296875,290.1499938964844,14568900,4227166246.078491
2024-04-12,291.6000061035156,292.3999938964844,290.5,291.6000061035156,23164500,6754768341.384888
2024-04-15,289.6000061035156,290.6499938964844,287.1499938964844,290.45001220703125,16637700,4832420168.096924
2024-04-16,289.5,289.5,284.04998779296875,284.6000061035156,26780000,7621588163.452148
2024-04-17,285.0,285.6499938964844,281.04998779296875,281.1499938964844,26817000,7539599386.3220215
2024-04-18,280.8999938964844,284.0,279.95001220703125,282.79998779296875,24512400,6932106420.776367
2024-04-19,280.79998779296875,280.95001220703125,274.3999938964844,277.45001220703125,44480700,12341170757.977295
2024-04-22,281.70001220703125,282.3999938964844,279.20001220703125,281.3999938964844,25899800,7288203561.920166
2024-04-23,283.25,283.8999938964844,280.3999938964844,280.3999938964844,17525400,4914122053.033447
2024-04-24,283.3500061035156,286.29998779296875,283.0,285.95001220703125,13616600,3893666936.2182617
2024-04-25,283.79998779296875,285.0,281.20001220703125,281.5,12269500,3453864250.0
2024-04-26,282.0,284.6499938964844,280.25,283.29998779296875,21834400,6185685253.466797
2024-04-30,286.79998779296875,290.1499938964844,286.75,289.29998779296875,29652700,8578525748.028564
2024-05-01,287.6499938964844,289.5,286.8500061035156,288.1499938964844,28157200,8113497008.14209
2024-05-02,287.54998779296875,289.0,286.54998779296875,288.3999938964844,12749900,3677071082.180786
2024-05-07,291.0,291.04998779296875,288.1499938964844,290.1000061035156,23103400,6702296481.011963
2024-05-08,288.79998779296875,289.5,285.8500061035156,286.20001220703125,16072000,4599806596.191406
2024-05-09,287.25,288.54998779296875,285.8999938964844,286.6000061035156,11428500,3275408169.7540283
2024-05-10,289.1000061035156,291.1000061035156,287.20001220703125,288.1000061035156,21783600,6275855292.956543
2024-05-13,288.0,288.3999938964844,286.3999938964844,287.8500061035156,11358000,3269400369.3237305
2024-05-14,288.3500061035156,289.8500061035156,286.54998779296875,288.25,11640000,3355230000.0
2024-05-15,289.8999938964844,291.5,288.5,288.75,10363100,2992345125.0
2024-05-16,290.0,290.54998779296875,287.25,289.1499938964844,28414200,8215965756.573486
2024-05-17,288.1000061035156,290.54998779296875,287.54998779296875,290.25,22734000,6598543500.0
2024-05-20,289.8999938964844,294.3500061035156,289.8999938964844,292.79998779296875,18004900,5271834500.213623
2024-05-21,293.75,294.5,291.54998779296875,291.70001220703125,13307600,3881827082.446289
2024-05-22,291.25,291.54998779296875,289.25,289.29998779296875,9912900,2867801848.99292
2024-05-23,290.1000061035156,291.5,287.8500061035156,291.29998779296875,18046800,5257032619.702148
2024-05-24,287.3999938964844,290.5,286.6499938964844,289.6499938964844,16857500,4882774772.109985
2024-05-27,290.54998779296875,292.5,290.25,292.5,13383700,3914732250.0
2024-05-28,292.45001220703125,293.0,291.70001220703125,292.6499938964844,10435500,3053949011.3067627
2024-05-29,292.3999938964844,294.29998779296875,289.54998779296875,289.79998779296875,23681200,6862811470.922852
2024-05-30,286.54998779296875,288.6499938964844,284.79998779296875,288.04998779296875,19760600,5692040588.781738
2024-05-31,289.1499938964844,295.0,289.1499938964844,295.0,21187400,6250283000.0
2024-06-03,295.1499938964844,297.0,295.0,295.8500061035156,14952100,4423578876.260376
2024-06-04,293.8999938964844,295.8999938964844,293.5,294.75,12738900,3754790775.0
2024-06-05,292.70001220703125,292.79998779296875,289.95001220703125,290.45001220703125,24273000,7050093146.30127
2024-06-06,292.6000061035156,293.25,291.0,291.3999938964844,22725600,6622239701.293945
2024-06-07,291.0,291.79998779296875,290.45001220703125,291.25,9545400,2780097750.0
2024-06-10,291.6000061035156,294.54998779296875,291.6000061035156,294.25,11576300,3406326275.0
2024-06-11,294.8999938964844,296.29998779296875,293.25,293.6499938964844,10465500,3073194011.123657
2024-06-12,291.3999938964844,292.04998779296875,290.8999938964844,291.1499938964844,11684600,3401971218.6828613
2024-06-13,292.95001220703125,293.0,288.5,288.5,19805300,5713829050.0
2024-06-14,287.6499938964844,291.1499938964844,286.5,290.29998779296875,17619800,5115027724.914551
2024-06-17,288.1000061035156,288.1499938964844,284.6000061035156,285.29998779296875,27834800,7941268100.219727
2024-06-18,287.54998779296875,287.79998779296875,286.25,287.1000061035156,10209000,2931003962.310791
2024-06-19,287.8999938964844,289.25,287.54998779296875,288.6499938964844,11856500,3422378652.633667
2024-06-20,287.5,288.3999938964844,285.8500061035156,288.25,8959000,2582431750.0
2024-06-21,289.04998779296875,290.6000061035156,287.75,287.95001220703125,15483800,4458560399.01123
2024-06-24,288.04998779296875,290.6499938964844,287.79998779296875,289.6499938964844,12248900,3547893810.2386475
2024-06-25,291.04998779296875,294.8500061035156,290.8999938964844,294.75,15968000,4706568000.0
2024-06-26,295.5,296.70001220703125,294.0,296.0,13621200,4031875200.0
2024-06-27,295.0,295.8999938964844,294.1499938964844,295.04998779296875,9420600,2779547915.0024414
2024-06-28,296.79998779296875,298.5,296.3500061035156,296.8500061035156,68960800,20471013900.90332
2024-07-01,299.5,300.29998779296875,298.0,298.54998779296875,18737500,5594080396.270752
2024-07-02,298.95001220703125,302.6000061035156,298.45001220703125,301.8999938964844,14740400,4450126670.031738
2024-07-03,302.3999938964844,304.70001220703125,301.3999938964844,304.70001220703125,15758900,4801737022.369385
2024-07-04,304.79998779296875,306.8999938964844,304.5,306.8999938964844,13674700,4196765346.536255
2024-07-05,306.8999938964844,307.5,304.3999938964844,304.5,8800400,2679721800.0
2024-07-08,304.5,305.5,303.29998779296875,303.5,14521800,4407366300.0
2024-07-09,299.1499938964844,301.70001220703125,297.75,300.5,24316900,7307228450.0
2024-07-10,300.1000061035156,302.3999938964844,299.45001220703125,302.3999938964844,30330700,9172003494.876099
2024-07-11,305.1000061035156,306.0,303.3999938964844,304.3999938964844,28009400,8526061189.044189
2024-07-12,300.1000061035156,302.6000061035156,299.1499938964844,300.70001220703125,23560000,7084492287.597656
2024-07-16,301.70001220703125,303.29998779296875,301.1000061035156,301.20001220703125,21426400,6453631941.552734
2024-07-17,303.29998779296875,303.8999938964844,302.0,302.5,16862500,5100906250.0
2024-07-18,298.1000061035156,300.5,297.25,297.5,27196000,8090810000.0
2024-07-19,297.04998779296875,298.04998779296875,295.1499938964844,295.20001220703125,22699300,6700833637.091064
2024-07-22,296.5,296.8500061035156,293.1000061035156,293.3500061035156,17240100,5057383440.22522
2024-07-23,295.1499938964844,296.04998779296875,293.25,294.29998779296875,12491000,3676101147.5219727
2024-07-24,292.3999938964844,293.75,289.6499938964844,289.70001220703125,20294100,5879201017.730713
2024-07-25,284.70001220703125,284.8999938964844,280.8500061035156,281.75,57782300,16280163025.0
2024-07-26,281.45001220703125,283.1499938964844,279.70001220703125,283.0,21431200,6065029600.0
2024-07-29,284.25,287.3999938964844,282.8999938964844,286.29998779296875,16100300,4609515693.463135
2024-07-30,285.1000061035156,286.29998779296875,283.6499938964844,285.70001220703125,15650600,4471376611.047363
2024-07-31,283.04998779296875,290.6499938964844,282.20001220703125,290.04998779296875,51467700,14928205756.732178
2024-08-01,286.70001220703125,286.8500061035156,278.6000061035156,280.6000061035156,46476300,13041250063.668823
2024-08-02,270.6000061035156,270.6000061035156,263.1499938964844,263.45001220703125,72492800,19098229044.921875
2024-08-05,248.4499969482422,256.79998779296875,224.39999389648438,234.9499969482422,86154500,20241999512.07733
2024-08-06,254.9499969482422,256.3500061035156,245.75,249.14999389648438,68702400,17117202540.673828
2024-08-07,247.3000030517578,263.95001220703125,245.8000030517578,258.3999938964844,67136800,17348148710.229492
2024-08-08,253.75,260.1499938964844,252.64999389648438,255.39999389648438,56581700,14450965834.65271
2024-08-09,260.3999938964844,261.04998779296875,253.5500030517578,258.1000061035156,42204600,10893007517.596436
2024-08-13,261.04998779296875,265.04998779296875,260.8500061035156,264.70001220703125,18893000,5000977330.627441
2024-08-14,267.0,269.79998779296875,265.75,267.70001220703125,28075500,7515811692.718506
2024-08-15,268.3999938964844,271.79998779296875,268.25,269.75,42253600,11397908600.0
2024-08-16,276.5,278.3999938964844,274.5,278.29998779296875,26122400,7269863601.123047
2024-08-19,276.95001220703125,278.29998779296875,273.6000061035156,274.20001220703125,20600200,5648575091.467285
2024-08-20,277.1000061035156,278.20001220703125,275.6000061035156,277.04998779296875,19987300,5537481221.014404
2024-08-21,274.20001220703125,277.0,273.95001220703125,276.45001220703125,18906400,5226674510.791016
2024-08-22,276.5,277.8500061035156,275.75,277.5,12677900,3518117250.0
2024-08-23,277.6000061035156,279.1000061035156,276.3999938964844,278.8999938964844,12394400,3456798084.350586
2024-08-26,276.95001220703125,277.54998779296875,274.75,276.04998779296875,15415000,4255310561.8286133
2024-08-27,276.3500061035156,278.6499938964844,275.3999938964844,278.0,13625000,3787750000.0
2024-08-28,277.6499938964844,279.45001220703125,277.20001220703125,279.3999938964844,9475600,2647482582.1655273
2024-08-29,278.5,279.79998779296875,277.8999938964844,279.54998779296875,7597500,2123881032.25708
2024-08-30,280.0,281.79998779296875,279.3999938964844,281.1000061035156,72246800,20308575920.959473
2024-09-02,283.5,283.8500061035156,280.20001220703125,281.70001220703125,16994800,4787435367.456055
2024-09-03,281.8500061035156,284.5,281.79998779296875,283.3999938964844,19922800,5646121398.400879
2024-09-04,275.1499938964844,277.20001220703125,272.45001220703125,273.0,24937400,6807910200.0
2024-09-05,269.95001220703125,275.6000061035156,269.1000061035156,272.25,14671100,3994206975.0
2024-09-06,272.1499938964844,272.79998779296875,268.25,269.5,11802900,3180881550.0
2024-09-09,262.20001220703125,268.3500061035156,261.75,268.1499938964844,32707000,8770381850.372314
2024-09-10,268.79998779296875,270.20001220703125,267.1000061035156,267.3500061035156,17852200,4772785778.961182
2024-09-11,265.75,266.45001220703125,260.3500061035156,262.79998779296875,19703500,5178079559.47876
2024-09-12,268.70001220703125,270.3999938964844,266.8999938964844,269.1000061035156,14056400,3782577325.793457
2024-09-13,268.45001220703125,268.70001220703125,266.04998779296875,266.5,10926400,2911885600.0
2024-09-17,267.54998779296875,267.8999938964844,261.6499938964844,265.79998779296875,16646100,4424533176.800537
2024-09-18,267.8999938964844,268.25,264.1000061035156,265.8999938964844,11277100,2998580821.170044
2024-09-19,270.6499938964844,273.29998779296875,270.6000061035156,271.6000061035156,36618700,9945639143.502808
2024-09-20,276.29998779296875,276.95001220703125,274.0,274.1000061035156,16421600,4501160660.229492
2024-09-24,277.45001220703125,278.04998779296875,275.5,275.6499938964844,14623900,4031077945.742798
2024-09-25,275.20001220703125,276.20001220703125,274.45001220703125,275.1499938964844,16122100,4435995716.598511
2024-09-26,278.04998779296875,281.8999938964844,277.54998779296875,281.8999938964844,23559800,6641507476.202393
2024-09-27,284.95001220703125,287.5,282.45001220703125,286.1499938964844,20376200,5830649505.633545
2024-09-30,276.20001220703125,279.75,275.8999938964844,276.70001220703125,20857300,5771215164.605713
2024-10-01,279.0,282.5,278.6000061035156,282.0,11962800,3373509600.0
2024-10-02,278.0,280.6499938964844,276.6000061035156,277.3500061035156,13708400,3802024823.6694336
2024-10-03,283.95001220703125,284.25,280.6499938964844,280.8500061035156,14613500,4104201564.1937256
2024-10-04,281.54998779296875,282.8999938964844,281.29998779296875,282.1499938964844,6628600,1870259449.5422363
2024-10-07,287.5,288.54998779296875,286.20001220703125,287.6000061035156,30223100,8692163744.467163
2024-10-08,284.5,285.1000061035156,282.1499938964844,283.29998779296875,14412900,4083174394.0612793
2024-10-09,285.25,285.75,282.5,283.45001220703125,17117500,4851955583.953857
2024-10-10,285.70001220703125,285.8500061035156,283.75,284.5,6630300,1886320350.0
2024-10-11,285.0,285.54998779296875,283.3500061035156,283.54998779296875,15563200,4412945170.019531
2024-10-15,287.1000061035156,287.5,285.0,285.0,24119100,6873943500.0
2024-10-16,281.54998779296875,284.29998779296875,280.6000061035156,282.45001220703125,10590100,2991173874.2736816
2024-10-17,283.3500061035156,283.8500061035156,281.3999938964844,281.54998779296875,14918200,4200219027.8930664
2024-10-18,282.6499938964844,283.3999938964844,281.29998779296875,281.75,17275400,4867343950.0
2024-10-21,281.8999938964844,282.3500061035156,280.04998779296875,281.0,10109400,2840741400.0
2024-10-22,280.45001220703125,281.1499938964844,276.20001220703125,277.95001220703125,24178400,6720386575.146484
2024-10-23,277.79998779296875,279.20001220703125,275.8500061035156,276.54998779296875,7955300,2200038117.8894043
2024-10-24,274.0,277.20001220703125,273.1000061035156,276.3999938964844,59105500,16336759839.248657
2024-10-25,275.0,275.6499938964844,272.95001220703125,274.5,10842000,2976129000.0
2024-10-28,273.75,279.45001220703125,273.1000061035156,278.70001220703125,25154000,7010420107.055664
2024-10-29,278.79998779296875,281.3999938964844,278.3500061035156,281.0,11681100,3282389100.0
2024-10-30,282.1499938964844,284.6499938964844,282.1000061035156,283.8500061035156,10350100,2937875948.171997
2024-10-31,282.0,283.3500061035156,280.8999938964844,281.79998779296875,19256200,5426396924.938965
2024-11-01,278.1000061035156,280.1499938964844,276.45001220703125,277.29998779296875,14325200,3972377785.131836
2024-11-05,278.8500061035156,280.04998779296875,276.95001220703125,277.6000061035156,10870100,3017539826.345825
2024-11-06,280.6499938964844,286.45001220703125,280.04998779296875,284.75,19155400,5454500150.0
2024-11-07,287.79998779296875,289.79998779296875,284.6499938964844,287.1000061035156,21853800,6274226113.38501
2024-11-08,290.04998779296875,290.29998779296875,286.5,286.6000061035156,10844200,3107947786.187744
2024-11-11,287.25,288.70001220703125,286.20001220703125,287.20001220703125,9495600,2727136435.913086
2024-11-12,288.6000061035156,290.29998779296875,286.25,286.8999938964844,16291200,4673945180.566406
2024-11-13,287.1499938964844,287.3500061035156,282.95001220703125,283.79998779296875,17793300,5049738322.796631
2024-11-14,284.70001220703125,286.8500061035156,283.25,283.25,12562200,3558243150.0
2024-11-15,285.1499938964844,286.3500061035156,284.20001220703125,284.20001220703125,25118000,7138535906.616211
2024-11-18,282.0,283.79998779296875,281.3999938964844,282.29998779296875,13912300,3927442120.172119
2024-11-19,283.20001220703125,284.8500061035156,282.20001220703125,284.20001220703125,13740700,3905107107.7331543
2024-11-20,284.20001220703125,285.1499938964844,282.04998779296875,283.1000061035156,29761800,8425565761.651611
2024-11-21,282.70001220703125,283.20001220703125,281.0,281.1000061035156,9909400,2785532400.4821777
2024-11-22,281.75,283.70001220703125,281.5,282.45001220703125,12166200,3436343338.5131836
2024-11-25,285.20001220703125,286.6499938964844,284.29998779296875,284.29998779296875,16061300,4566227393.939209
2024-11-26,283.25,283.45001220703125,279.8500061035156,282.29998779296875,15081200,4257422575.9033203
2024-11-27,281.20001220703125,281.54998779296875,278.25,279.75,11108100,3107490975.0
2024-11-28,278.29998779296875,282.3500061035156,278.1000061035156,281.8999938964844,15031800,4237464328.253174
2024-11-29,281.3999938964844,281.6000061035156,279.6000061035156,280.45001220703125,47120600,13214972845.202637
2024-12-02,281.3999938964844,285.1000061035156,281.20001220703125,284.5,17871000,5084299500.0
2024-12-03,285.75,290.0,285.75,287.8999938964844,19361500,5574175731.826782
2024-12-04,289.0,289.3999938964844,286.6000061035156,286.75,11183900,3206983325.0
2024-12-05,289.3500061035156,289.3500061035156,286.8500061035156,286.95001220703125,16186800,4644802457.592773
2024-12-06,287.54998779296875,287.8999938964844,285.1000061035156,285.79998779296875,10883800,3110589907.1411133
2024-12-09,287.1499938964844,287.70001220703125,285.29998779296875,286.70001220703125,11621100,3331769511.859131
2024-12-10,289.04998779296875,289.5,287.1000061035156,287.1000061035156,18203700,5226282381.106567
2024-12-11,287.8999938964844,288.5,286.54998779296875,288.45001220703125,9789700,2823839084.503174
2024-12-12,290.45001220703125,292.29998779296875,290.45001220703125,290.6000061035156,18532600,5385573673.114014
2024-12-13,289.1000061035156,289.1000061035156,286.3999938964844,288.04998779296875,20881500,6014915820.098877
2024-12-16,288.0,288.79998779296875,286.6499938964844,286.8500061035156,15740300,4515105151.071167
2024-12-17,287.25,289.54998779296875,285.45001220703125,285.45001220703125,15166600,4329306155.13916
2024-12-18,285.5,287.45001220703125,285.25,285.25,10496100,2994012525.0
2024-12-19,280.45001220703125,285.3500061035156,280.0,284.45001220703125,19572000,5567255638.916016
2024-12-20,285.6000061035156,286.04998779296875,283.04998779296875,283.04998779296875,13307600,3766716017.553711
2024-12-23,284.75,286.25,284.04998779296875,285.95001220703125,11087000,3170327785.3393555
2024-12-24,286.75,286.75,285.6499938964844,286.1499938964844,8864600,2536605235.8947754
2024-12-25,286.3999938964844,286.5,284.0,286.1499938964844,17649400,5050375702.276611
2024-12-26,286.75,290.20001220703125,286.75,290.1499938964844,8833900,2563156031.0821533
2024-12-27,291.54998779296875,294.3999938964844,291.3500061035156,294.29998779296875,11357800,3342600401.3549805
2024-12-30,294.54998779296875,295.0,291.3999938964844,291.8999938964844,93596500,27320817778.7323
2025-01-06,292.70001220703125,293.3500061035156,288.3500061035156,289.0,26401200,7629946800.0
2025-01-07,290.8500061035156,293.70001220703125,289.5,292.75,42955500,12575222625.0
2025-01-08,291.04998779296875,291.45001220703125,289.70001220703125,290.75,22111900,6429034925.0
2025-01-09,289.70001220703125,290.04998779296875,286.29998779296875,287.1499938964844,30990300,8898864455.85022
2025-01-10,285.75,287.20001220703125,284.75,284.75,11741900,3343506025.0
2025-01-14,284.3999938964844,284.8999938964844,280.29998779296875,281.6000061035156,22458000,6324172937.072754
2025-01-15,283.6000061035156,284.3500061035156,281.6000061035156,282.6000061035156,9548900,2698519198.2818604
2025-01-16,284.1000061035156,285.1000061035156,281.8999938964844,282.25,9541200,2693003700.0
2025-01-17,281.3500061035156,281.45001220703125,278.1000061035156,280.95001220703125,11387700,3199374454.01001
2025-01-20,283.25,285.6499938964844,283.0,284.45001220703125,13413400,3815441793.737793
2025-01-21,286.5,286.75,282.75,284.70001220703125,8903800,2534911968.688965
2025-01-22,286.8999938964844,287.79998779296875,286.3999938964844,287.3999938964844,9079200,2609362024.584961
2025-01-23,288.25,289.29998779296875,287.1499938964844,288.8500061035156,15345800,4432634423.66333
2025-01-24,289.3999938964844,291.0,287.75,288.54998779296875,36951000,10662210598.937988
2025-01-27,290.6499938964844,291.8999938964844,288.8999938964844,289.45001220703125,13227800,3828786871.472168
2025-01-28,287.95001220703125,291.1000061035156,286.5,289.20001220703125,15887100,4594549513.934326
2025-01-29,290.75,291.8999938964844,290.20001220703125,291.45001220703125,12536200,3653675643.029785
2025-01-30,290.3999938964844,292.3500061035156,290.25,292.0,5851200,1708550400.0
2025-01-31,292.20001220703125,293.3999938964844,291.3500061035156,292.5,15510800,4536909000.0
2025-02-03,285.75,287.75,284.8500061035156,285.3500061035156,30448000,8688336985.839844
2025-02-04,289.6499938964844,290.04998779296875,286.20001220703125,287.29998779296875,19803400,5689516578.259277
2025-02-05,288.3999938964844,290.5,286.8500061035156,288.1000061035156,84826700,24438572787.74109
2025-02-06,288.70001220703125,290.70001220703125,288.3999938964844,289.04998779296875,9926700,2869312513.824463
2025-02-07,287.95001220703125,288.5,286.3500061035156,287.29998779296875,8898200,2556452751.3793945
2025-02-10,287.1000061035156,287.54998779296875,286.0,287.0,8531700,2448597900.0
2025-02-12,286.95001220703125,287.3999938964844,285.45001220703125,286.95001220703125,10352700,2970707391.3757324
2025-02-13,288.5,290.8999938964844,287.8500061035156,290.3500061035156,11570600,3359523780.621338
2025-02-14,291.3999938964844,292.29998779296875,289.3500061035156,289.54998779296875,10928600,3164375996.5942383
2025-02-17,289.1499938964844,290.95001220703125,288.8500061035156,290.45001220703125,8355800,2426942211.9995117
2025-02-18,290.70001220703125,292.79998779296875,290.29998779296875,291.20001220703125,52444600,15271868160.192871
2025-02-19,290.6499938964844,292.04998779296875,289.3999938964844,290.45001220703125,13270800,3854504021.9970703
2025-02-20,288.95001220703125,289.1000061035156,285.6000061035156,286.8999938964844,9974700,2861741369.1192627
2025-02-21,285.8999938964844,287.70001220703125,285.6000061035156,287.25,8054800,2313741300.0
2025-02-25,283.79998779296875,286.95001220703125,283.45001220703125,286.1000061035156,12219600,3496027634.5825195
2025-02-26,285.04998779296875,285.45001220703125,282.6499938964844,285.45001220703125,24205800,6909545905.480957
2025-02-27,285.5,287.45001220703125,285.20001220703125,287.45001220703125,9418500,2707347939.971924
2025-02-28,284.3500061035156,284.8500061035156,280.29998779296875,281.3500061035156,49972700,14059819450.009155
2025-03-03,285.04998779296875,286.70001220703125,283.54998779296875,286.6499938964844,17966700,5150154445.339966
2025-03-04,284.70001220703125,285.8999938964844,281.8500061035156,284.54998779296875,20587500,5858172873.687744
2025-03-05,284.6499938964844,286.54998779296875,283.3500061035156,285.29998779296875,15579100,4444717039.825439
2025-03-06,286.8999938964844,289.5,286.8999938964844,288.8500061035156,9424100,2722151342.5201416
2025-03-07,284.0,286.1000061035156,282.29998779296875,284.45001220703125,10742100,3055590476.1291504
2025-03-10,284.70001220703125,285.1499938964844,282.75,283.75,9903900,2810231625.0
2025-03-11,279.3999938964844,280.70001220703125,275.1499938964844,280.70001220703125,24745300,6946006012.06665
2025-03-12,280.1499938964844,284.1000061035156,280.1499938964844,283.1000061035156,18368400,5200094152.111816
2025-03-13,284.8999938964844,286.20001220703125,283.1499938964844,283.79998779296875,11634200,3301785817.980957
2025-03-14,282.1000061035156,286.1000061035156,281.70001220703125,285.6000061035156,12236300,3494687354.6844482
2025-03-17,287.95001220703125,289.5,287.8500061035156,288.54998779296875,11318700,3266010746.8322754
2025-03-18,292.29998779296875,293.25,291.75,292.45001220703125,22493700,6578282839.581299
2025-03-19,292.6000061035156,295.3999938964844,292.6000061035156,293.54998779296875,26907600,7898725651.538086
2025-03-21,292.29998779296875,295.8500061035156,292.1499938964844,294.3500061035156,17463800,5140469636.590576
2025-03-24,294.70001220703125,294.95001220703125,292.8500061035156,293.3500061035156,25765900,7558426922.262573
2025-03-25,295.25,295.95001220703125,293.0,293.8999938964844,10144700,2981527268.081665
2025-03-26,296.20001220703125,296.3999938964844,294.1499938964844,295.6000061035156,35265500,10424482015.24353
2025-03-27,293.04998779296875,295.1499938964844,292.54998779296875,295.1499938964844,20171600,5953647616.882324
2025-03-28,294.3500061035156,294.8500061035156,291.1499938964844,292.6499938964844,15542800,4548600325.134277
2025-03-31,283.95001220703125,284.75,281.1499938964844,282.3999938964844,43436700,12266523814.883423
2025-04-01,285.6499938964844,286.29998779296875,281.8500061035156,282.20001220703125,20931500,5906869555.511475
2025-04-02,283.1000061035156,283.1000061035156,279.1499938964844,281.6000061035156,17992100,5066575469.815063
2025-04-03,269.3999938964844,273.79998779296875,268.79998779296875,273.0,44941000,12268893000.0
2025-04-04,266.1499938964844,267.8999938964844,258.6000061035156,263.29998779296875,48017500,12643007163.848877
2025-04-07,241.0,249.0,235.85000610351562,243.25,58501500,14230489875.0
2025-04-08,254.5500030517578,260.3999938964844,254.5500030517578,257.8999938964844,31341100,8082869498.709106
2025-04-09,252.89999389648438,253.39999389648438,246.0,249.1999969482422,48223000,12017171452.835083
2025-04-10,272.20001220703125,272.54998779296875,266.5,270.1499938964844,41657100,11253665310.74524
2025-04-11,255.8000030517578,263.0,255.10000610351562,261.70001220703125,30829300,8068028186.3342285
2025-04-14,264.54998779296875,267.29998779296875,264.0,264.0,16931100,4469810400.0
2025-04-15,267.29998779296875,268.29998779296875,266.6499938964844,266.75,9379600,2502008300.0
2025-04-16,267.04998779296875,267.8999938964844,262.8500061035156,264.75,20882200,5528562450.0
2025-04-17,265.3500061035156,268.54998779296875,264.6000061035156,268.54998779296875,15327600,4116226792.895508
2025-04-18,269.95001220703125,271.79998779296875,268.3500061035156,271.45001220703125,12836000,3484332356.689453
2025-04-21,269.8500061035156,270.6499938964844,267.5,268.29998779296875,18108000,4858376178.955078
2025-04-22,267.5,269.04998779296875,267.04998779296875,268.8999938964844,10916700,2935500563.369751
2025-04-23,275.29998779296875,275.45001220703125,272.8999938964844,273.95001220703125,17440000,4777688212.890625
2025-04-24,276.75,277.1000061035156,274.45001220703125,274.79998779296875,13817500,3797048831.3293457
2025-04-25,277.70001220703125,279.95001220703125,277.29998779296875,279.0,11875100,3313152900.0
2025-04-28,281.29998779296875,283.04998779296875,280.79998779296875,281.3999938964844,25310700,7122430825.515747
2025-04-30,283.0,283.70001220703125,281.45001220703125,283.45001220703125,56308600,15960673357.36084
2025-05-01,283.3999938964844,285.0,282.20001220703125,284.5,27160900,7727276050.0
2025-05-02,285.1499938964844,287.1000061035156,284.3500061035156,285.1499938964844,15820200,4511129933.441162
2025-05-07,286.8999938964844,287.5,285.20001220703125,286.3999938964844,15202600,4354024547.210693
2025-05-08,286.6000061035156,287.1000061035156,284.04998779296875,286.5,11559500,3311796750.0
2025-05-09,289.79998779296875,290.70001220703125,288.8999938964844,290.1499938964844,14795700,4292972264.694214
2025-05-12,291.5,291.54998779296875,289.25,291.3999938964844,13613200,3966886396.911621
2025-05-13,296.3999938964844,296.95001220703125,294.29998779296875,294.5,28736500,8462899250.0
2025-05-14,294.04998779296875,294.3999938964844,290.3999938964844,293.20001220703125,16531500,4847036001.800537
2025-05-15,291.0,291.8999938964844,289.95001220703125,290.54998779296875,12028500,3494880528.1677246
2025-05-16,291.45001220703125,291.6000061035156,289.25,291.0,9302500,2707027500.0
2025-05-19,290.6000061035156,291.3999938964844,289.95001220703125,290.8500061035156,6009400,1747834026.6784668
2025-05-20,292.45001220703125,293.1499938964844,290.04998779296875,290.3999938964844,19811900,5753375639.077759
2025-05-21,291.75,292.25,289.8500061035156,290.1499938964844,13521800,3923350187.4694824
2025-05-22,288.04998779296875,289.3999938964844,287.20001220703125,288.25,7764500,2238117125.0
2025-05-23,289.70001220703125,290.79998779296875,289.45001220703125,290.6000061035156,13261400,3853762920.941162
2025-05-26,291.29998779296875,292.70001220703125,290.70001220703125,292.20001220703125,9671200,2825924758.0566406
2025-05-27,292.20001220703125,294.54998779296875,291.6000061035156,294.45001220703125,13156100,3873813805.596924
2025-05-28,296.8500061035156,297.20001220703125,294.1000061035156,294.5,17186800,5061512600.0
2025-05-29,296.3999938964844,298.95001220703125,296.1000061035156,298.45001220703125,15041100,4489016478.607178
2025-05-30,294.6000061035156,298.5,294.6000061035156,297.25,11928700,3545806075.0
2025-06-02,295.25,295.6000061035156,293.75,294.79998779296875,11769300,3469589496.331787
2025-06-03,295.3999938964844,295.95001220703125,294.25,294.29998779296875,6535200,1923309280.2246094
2025-06-04,295.75,296.6000061035156,295.3999938964844,295.6000061035156,7127700,2106948163.5040283
2025-06-05,294.0,294.3500061035156,292.3500061035156,292.5,8312700,2431464750.0
2025-06-06,293.3999938964844,294.6499938964844,293.3999938964844,294.20001220703125,7692600,2263163013.9038086
2025-06-09,296.25,296.54998779296875,295.45001220703125,295.70001220703125,9656600,2855456737.878418
2025-06-10,296.45001220703125,297.54998779296875,295.1499938964844,295.45001220703125,15824300,4675289628.167725
2025-06-11,296.8999938964844,297.0,295.45001220703125,296.1000061035156,9729400,2880875399.383545
2025-06-12,295.8999938964844,296.70001220703125,294.54998779296875,295.45001220703125,5859400,1731159801.525879
2025-06-13,294.1499938964844,294.8500061035156,291.3500061035156,292.45001220703125,13643000,3989895516.5405273
2025-06-16,294.6000061035156,295.79998779296875,293.6000061035156,295.0,7890300,2327638500.0
2025-06-17,295.1499938964844,296.04998779296875,294.75,295.45001220703125,9934100,2935029966.265869
2025-06-18,294.79998779296875,298.45001220703125,294.70001220703125,298.3500061035156,9622900,2870992273.7335205
2025-06-19,297.8999938964844,298.1000061035156,295.8500061035156,296.3500061035156,11467100,3398275154.989624
2025-06-20,296.0,296.8500061035156,294.3999938964844,294.3999938964844,5816300,1712318684.500122
2025-06-23,293.45001220703125,293.45001220703125,291.79998779296875,293.1499938964844,11249700,3297849486.3372803
2025-06-24,296.29998779296875,297.25,294.70001220703125,295.1499938964844,9147900,2700002629.1656494
2025-06-25,296.25,296.5,294.1000061035156,295.3500061035156,8477600,2503859211.743164
2025-06-26,295.6499938964844,297.95001220703125,295.6499938964844,297.8500061035156,13726400,4088408323.779297
2025-06-27,300.0,302.5,299.79998779296875,302.1000061035156,16063400,4852753238.043213
2025-06-30,304.70001220703125,305.1000061035156,302.3999938964844,303.0,15523400,4703590200.0
2025-07-01,302.70001220703125,302.8999938964844,300.3999938964844,300.8999938964844,14241400,4285237173.0773926
2025-07-02,299.29998779296875,301.5,298.95001220703125,300.0,10287800,3086340000.0
2025-07-03,300.0,300.6000061035156,299.29998779296875,300.3999938964844,10228500,3072641337.5701904
2025-07-04,302.29998779296875,302.3999938964844,299.75,300.79998779296875,15435400,4642968131.57959
2025-07-07,300.6000061035156,300.8999938964844,298.20001220703125,298.5,19256200,5747975700.0
2025-07-08,298.3500061035156,299.75,298.20001220703125,299.54998779296875,17906500,5363891856.414795
2025-07-09,294.20001220703125,294.45001220703125,292.6499938964844,293.75,11828500,3474621875.0
2025-07-10,293.29998779296875,293.3500061035156,290.8999938964844,291.5,47596900,13874496350.0
2025-07-11,293.45001220703125,295.1499938964844,292.3999938964844,293.25,13553200,3974475900.0
2025-07-14,292.54998779296875,294.1499938964844,291.70001220703125,293.29998779296875,11585700,3398085668.572998
2025-07-15,294.04998779296875,294.70001220703125,292.6000061035156,293.3999938964844,9235700,2709754323.6297607
2025-07-16,293.6000061035156,293.95001220703125,292.1499938964844,292.75,5062700,1482105425.0
2025-07-17,292.0,295.1000061035156,291.75,295.0,8545400,2520893000.0
2025-07-18,295.8500061035156,296.0,294.1000061035156,294.3999938964844,16994700,5003239576.272583
2025-07-22,294.54998779296875,297.29998779296875,292.8999938964844,294.3500061035156,14695600,4325649949.694824
2025-07-23,298.95001220703125,305.20001220703125,298.6000061035156,304.0,37500000,11400000000.0
2025-07-24,307.29998779296875,310.20001220703125,306.79998779296875,309.29998779296875,16442400,5085634119.287109
2025-07-25,308.20001220703125,308.5,306.0,306.20001220703125,8434300,2582582762.9577637
2025-07-28,306.70001220703125,306.70001220703125,304.1000061035156,304.29998779296875,4474200,1361499005.3833008
2025-07-29,302.6000061035156,302.70001220703125,301.20001220703125,301.8999938964844,18360900,5543155597.93396
2025-07-30,302.0,303.3999938964844,301.6000061035156,303.29998779296875,8649700,2623453904.412842
2025-07-31,304.20001220703125,306.0,303.6000061035156,305.6000061035156,16449400,5026936740.39917
2025-08-01,305.20001220703125,307.6000061035156,304.79998779296875,306.3999938964844,7858800,2407936272.0336914
2025-08-04,299.75,303.1000061035156,299.04998779296875,302.79998779296875,15003300,4542999056.854248
2025-08-05,304.5,305.79998779296875,303.70001220703125,305.1000061035156,7416700,2262835215.2679443
2025-08-06,305.20001220703125,308.70001220703125,305.1000061035156,308.5,16448300,5074300550.0
2025-08-07,307.5,311.1000061035156,307.5,310.3999938964844,10418900,3234026496.408081
2025-08-08,311.6000061035156,315.6000061035156,311.6000061035156,314.0,13758600,4320200400.0
2025-08-12,316.1000061035156,320.20001220703125,316.0,318.3999938964844,17989000,5727697490.203857
2025-08-13,320.5,322.29998779296875,319.6000061035156,321.1000061035156,14517500,4661569338.607788
2025-08-14,319.5,319.79998779296875,317.1000061035156,317.70001220703125,18035600,5729910340.161133
2025-08-15,319.29998779296875,322.8999938964844,319.29998779296875,322.8999938964844,10874200,3511279113.6291504
2025-08-18,323.0,325.20001220703125,323.0,324.0,9694600,3141050400.0
2025-08-19,324.8999938964844,325.1000061035156,322.5,323.70001220703125,9449600,3058835635.3515625
2025-08-20,322.6000061035156,323.29998779296875,321.20001220703125,322.0,12887400,4149742800.0
2025-08-21,321.79998779296875,321.79998779296875,319.3999938964844,320.29998779296875,6868000,2199820316.1621094
2025-08-22,320.79998779296875,322.3999938964844,319.70001220703125,322.0,7619100,2453350200.0
2025-08-25,324.8999938964844,325.0,321.70001220703125,322.29998779296875,11419600,3680536940.600586
2025-08-26,321.6000061035156,322.0,318.29998779296875,319.1000061035156,20145300,6428365352.957153
2025-08-27,319.3999938964844,319.3999938964844,317.79998779296875,318.79998779296875,4210800,1342402988.5986328
2025-08-28,318.0,321.0,317.5,321.0,7319000,2349399000.0
2025-08-29,320.1000061035156,320.20001220703125,318.79998779296875,319.6000061035156,9367700,2993916977.1759033
2025-09-01,317.70001220703125,320.0,316.29998779296875,318.1000061035156,16194000,5151311498.840332
2025-09-02,319.0,320.70001220703125,318.5,320.3999938964844,11458400,3671271290.0634766
2025-09-03,319.29998779296875,319.8999938964844,316.1000061035156,316.79998779296875,12083600,3828084332.495117
2025-09-04,317.5,320.20001220703125,317.5,319.8999938964844,9290600,2972062883.2946777
2025-09-05,322.5,323.29998779296875,320.6000061035156,323.0,10124200,3270116600.0
2025-09-08,324.8999938964844,327.0,323.8999938964844,326.20001220703125,10874200,3547164172.741699
2025-09-09,327.6000061035156,328.6000061035156,324.0,324.5,7597700,2465453650.0
2025-09-10,324.3999938964844,326.5,324.20001220703125,326.1000061035156,10802200,3522597485.9313965
2025-09-11,325.79998779296875,327.3999938964844,324.8999938964844,327.0,11199500,3662236500.0
2025-09-12,329.3999938964844,329.6000061035156,327.5,328.3999938964844,11350600,3727536970.7214355
2025-09-16,329.1000061035156,330.70001220703125,327.70001220703125,329.3999938964844,12080400,3979283686.26709
2025-09-17,327.79998779296875,328.1000061035156,325.5,326.79998779296875,18223300,5955374217.547607
2025-09-18,327.79998779296875,329.20001220703125,325.8999938964844,328.6000061035156,18956000,6228941715.698242
2025-09-19,330.1000061035156,331.20001220703125,324.6000061035156,326.6000061035156,26607100,8689879022.39685
2025-09-22,327.5,330.20001220703125,327.3999938964844,328.6000061035156,12073800,3967450753.692627
2025-09-24,328.3999938964844,329.70001220703125,326.70001220703125,329.29998779296875,11865200,3907210215.161133
2025-09-25,330.29998779296875,331.70001220703125,329.5,331.20001220703125,20842000,6902870654.418945
2025-09-26,330.79998779296875,333.1000061035156,330.5,330.6000061035156,19865900,6567666661.251831
2025-09-29,331.1000061035156,331.5,327.8999938964844,328.5,19496400,6404567400.0
2025-09-30,328.6000061035156,329.8999938964844,326.5,328.29998779296875,24949600,8190953375.439453
2025-10-01,326.79998779296875,327.20001220703125,322.8999938964844,324.5,17838300,5788528350.0
2025-10-02,324.6000061035156,325.70001220703125,322.0,323.6000061035156,14300000,4627480087.280273
2025-10-03,324.29998779296875,328.29998779296875,324.20001220703125,328.0,13730700,4503669600.0
2025-10-06,338.70001220703125,339.5,335.3999938964844,338.5,30185700,10217859450.0
2025-10-07,339.79998779296875,340.70001220703125,337.8999938964844,338.29998779296875,18084200,6117884639.245605
2025-10-08,339.6000061035156,342.29998779296875,338.70001220703125,339.3999938964844,12133500,4118109825.942993
2025-10-09,340.8999938964844,341.70001220703125,339.8999938964844,341.5,10458500,3571577750.0
2025-10-10,340.3999938964844,340.3999938964844,334.70001220703125,335.0,22707400,7606979000.0
2025-10-14,329.6000061035156,333.29998779296875,326.6000061035156,328.70001220703125,29367600,9653130478.49121
2025-10-15,330.8999938964844,334.20001220703125,330.3999938964844,334.20001220703125,12168400,4066679428.540039
2025-10-16,336.29998779296875,337.20001220703125,334.3999938964844,335.5,8951000,3003060500.0
2025-10-17,333.1000061035156,335.0,331.8999938964844,332.3999938964844,18288200,6078997568.377686
2025-10-20,337.5,340.29998779296875,336.29998779296875,340.0,17144800,5829232000.0
2025-10-21,342.20001220703125,343.29998779296875,340.1000061035156,340.79998779296875,26663500,9086920474.517822
2025-10-22,340.20001220703125,343.29998779296875,339.6000061035156,342.1000061035156,19802100,6774298530.862427
2025-10-23,340.0,341.29998779296875,338.8999938964844,340.70001220703125,11773600,4011265663.720703
2025-10-24,342.70001220703125,343.8999938964844,341.29998779296875,342.5,16046500,5495926250.0
2025-10-27,347.1000061035156,349.1000061035156,346.5,348.5,17143500,5974509750.0
2025-10-28,347.70001220703125,347.70001220703125,344.20001220703125,344.8999938964844,12575600,4337324363.244629
2025-10-29,346.0,346.20001220703125,343.29998779296875,343.79998779296875,16188400,5565571722.387695
2025-10-30,344.3999938964844,346.70001220703125,343.3999938964844,345.79998779296875,28804700,9960664908.380127
2025-10-31,348.8999938964844,351.0,346.8999938964844,349.20001220703125,19715700,6884722680.670166
2025-11-04,348.3999938964844,351.5,347.0,347.29998779296875,23800700,8265982819.464111
2025-11-05,343.8999938964844,344.8999938964844,335.5,342.6000061035156,62824000,21523502783.447266
2025-11-06,345.8999938964844,348.3999938964844,345.29998779296875,347.20001220703125,15374500,5338026587.677002
2025-11-07,344.8999938964844,346.6000061035156,342.70001220703125,345.5,23649700,8170971350.0
2025-11-10,348.1000061035156,348.20001220703125,346.29998779296875,347.8999938964844,10363400,3605426796.746826
2025-11-11,350.0,350.6000061035156,347.0,348.1000061035156,21464500,7471792581.008911
2025-11-12,349.5,352.70001220703125,349.0,352.20001220703125,25451100,8963877730.682373
2025-11-13,353.29998779296875,355.5,353.20001220703125,354.8999938964844,15383600,5459639546.105957
2025-11-14,349.0,352.8999938964844,348.79998779296875,352.20001220703125,28700800,10108422110.351562
2025-11-17,351.1000061035156,351.6000061035156,349.29998779296875,350.70001220703125,12643100,4433935324.334717
2025-11-18,348.5,349.29998779296875,341.0,341.1000061035156,23987000,8181965846.405029
2025-11-19,342.1000061035156,343.6000061035156,338.5,340.5,16652900,5670312450.0
2025-11-20,347.8999938964844,349.5,345.3999938964844,345.8999938964844,30139400,10425218276.043701
2025-11-21,341.5,346.8999938964844,341.0,345.70001220703125,21307900,7366141290.106201
2025-11-25,349.0,349.1000061035156,343.8999938964844,345.1000061035156,21198100,7315464439.382935
2025-11-26,347.8999938964844,352.5,347.5,352.0,25093600,8832947200.0
2025-11-27,353.70001220703125,354.5,352.79998779296875,353.1000061035156,23483000,8291847443.328857
2025-11-28,352.70001220703125,354.6000061035156,352.5,354.20001220703125,11753700,4163160683.477783
2025-12-01,354.20001220703125,354.70001220703125,349.70001220703125,350.1000061035156,58398100,20445175166.433716
2025-12-02,350.8999938964844,352.20001220703125,349.70001220703125,350.1000061035156,18951600,6634955275.671387
2025-12-03,350.6000061035156,351.5,348.8999938964844,349.6000061035156,11993000,4192752873.199463
2025-12-04,350.1000061035156,356.70001220703125,350.0,356.6000061035156,29571800,10545304060.491943
2025-12-05,352.79998779296875,353.5,351.1000061035156,352.20001220703125,16113500,5675174896.697998
2025-12-08,353.6000061035156,355.0,351.79998779296875,355.0,15890300,5641056500.0
2025-12-09,355.3999938964844,356.20001220703125,354.1000061035156,354.79998779296875,17114800,6072330831.079102
2025-12-10,356.1000061035156,357.3999938964844,354.0,355.20001220703125,12657800,4496050714.51416
2025-12-11,357.3999938964844,357.79998779296875,351.6000061035156,352.5,22307800,7863499500.0
2025-12-12,356.0,359.70001220703125,355.3999938964844,359.29998779296875,24862500,8933095946.502686
2025-12-15,357.6000061035156,360.6000061035156,357.29998779296875,360.6000061035156,24320800,8770080628.442383
2025-12-16,359.79998779296875,360.1000061035156,353.79998779296875,353.79998779296875,30867700,10920991883.197021
2025-12-17,353.0,353.8999938964844,350.70001220703125,353.70001220703125,10878700,3847796322.796631
2025-12-18,351.20001220703125,353.1000061035156,350.20001220703125,352.1000061035156,19745100,6952249830.514526
2025-12-19,353.70001220703125,356.29998779296875,353.1000061035156,355.29998779296875,22364300,7946035516.998291
2025-12-22,359.3999938964844,359.70001220703125,356.70001220703125,357.20001220703125,20868200,7454121294.73877
2025-12-23,357.70001220703125,359.3999938964844,357.3999938964844,358.79998779296875,140778300,50511252321.51489
2025-12-24,359.0,359.70001220703125,356.79998779296875,357.29998779296875,20740100,7410437476.824951
2025-12-25,358.70001220703125,358.70001220703125,356.8999938964844,358.6000061035156,4590000,1645974028.0151367
2025-12-26,359.0,360.3999938964844,357.70001220703125,358.79998779296875,17290000,6203651788.94043
2025-12-29,359.29998779296875,360.29998779296875,357.70001220703125,359.8999938964844,12171200,4380414805.712891
2025-12-30,359.20001220703125,359.3999938964844,357.79998779296875,357.8999938964844,38590900,13811682874.459839
2026-01-05,362.20001220703125,366.1000061035156,362.20001220703125,365.0,26016300,9495949500.0
2026-01-06,368.5,371.70001220703125,368.3999938964844,371.3999938964844,17084100,6345034635.726929
2026-01-07,368.3999938964844,370.1000061035156,367.1000061035156,368.3999938964844,18237600,6718731728.686523
2026-01-08,367.6000061035156,368.3999938964844,365.5,365.5,16445100,6010684050.0
2026-01-09,367.29998779296875,369.3999938964844,366.1000061035156,369.0,7136300,2633294700.0
2026-01-13,378.6000061035156,378.70001220703125,376.0,377.5,30854200,11647460500.0
2026-01-14,379.5,382.3999938964844,378.79998779296875,382.3999938964844,24845900,9501072008.352661
2026-01-15,381.5,385.8999938964844,381.3999938964844,385.3999938964844,14103700,5435565893.917847
2026-01-16,383.70001220703125,384.8999938964844,382.3999938964844,384.79998779296875,11255600,4331154742.602539
2026-01-19,382.0,384.1000061035156,380.0,384.0,13555700,5205388800.0
2026-01-20,382.20001220703125,382.70001220703125,380.1000061035156,380.3999938964844,17733600,6745861331.762695
2026-01-21,375.1000061035156,378.0,374.5,376.8999938964844,22312700,8409656493.814087
2026-01-22,381.70001220703125,381.79998779296875,379.3999938964844,380.1000061035156,14603400,5550752429.13208
2026-01-23,381.5,383.0,380.20001220703125,381.29998779296875,12257200,4673670210.375977
2026-01-26,374.1000061035156,375.70001220703125,372.5,372.8999938964844,21723600,8100730307.409668
2026-01-27,372.79998779296875,374.70001220703125,370.20001220703125,374.0,13353000,4994022000.0
2026-01-28,371.0,372.70001220703125,369.6000061035156,370.79998779296875,22451700,8325090085.9313965
2026-01-29,371.3999938964844,373.5,368.3999938964844,371.8999938964844,20522400,7632280434.741211
2026-01-30,373.70001220703125,375.20001220703125,371.20001220703125,374.3999938964844,19822400,7421506439.013672
2026-02-02,378.70001220703125,380.8999938964844,370.8999938964844,371.29998779296875,23797400,8835974329.504395
2026-02-03,377.79998779296875,383.29998779296875,377.29998779296875,383.1000061035156,18187800,6967746291.0095215
2026-02-04,381.79998779296875,384.29998779296875,380.1000061035156,383.79998779296875,12223600,4691417530.786133
2026-02-05,385.5,387.0,382.1000061035156,383.6000061035156,15991900,6134492937.606812
2026-02-06,381.3999938964844,388.5,379.29998779296875,388.5,29618000,11506593000.0
2026-02-09,401.70001220703125,401.8999938964844,396.5,397.29998779296875,41648600,16546988271.594238
2026-02-10,400.70001220703125,405.79998779296875,400.70001220703125,404.70001220703125,21567800,8728488923.278809
2026-02-12,405.1000061035156,408.29998779296875,403.8999938964844,407.70001220703125,40253100,16411189361.37085
2026-02-13,403.6000061035156,405.79998779296875,400.5,401.20001220703125,28486200,11428663787.731934
2026-02-16,402.5,402.5,397.29998779296875,398.1000061035156,18820400,7492401354.870605
2026-02-17,397.70001220703125,398.5,393.20001220703125,395.20001220703125,14154700,5593937612.786865
2026-02-18,397.5,400.79998779296875,397.20001220703125,399.70001220703125,9773500,3906468069.30542
2026-02-19,401.6000061035156,405.20001220703125,400.5,404.6000061035156,14019500,5672289785.568237
2026-02-20,401.3999938964844,401.5,398.3999938964844,400.1000061035156,13829400,5533143024.407959
2026-02-24,400.0,401.6000061035156,398.1000061035156,401.1000061035156,23656300,9488542074.386597
2026-02-25,403.5,405.5,399.79998779296875,404.5,16628700,6726309150.0
2026-02-26,408.6000061035156,410.0,407.20001220703125,407.79998779296875,23666500,9651198411.102295
2026-02-27,407.6000061035156,413.70001220703125,407.1000061035156,413.1000061035156,21163100,8742476739.169312
2026-03-02,403.79998779296875,409.3999938964844,401.5,409.3999938964844,40552500,16602193252.487183
2026-03-03,405.3999938964844,406.6000061035156,395.20001220703125,395.8999938964844,33759800,13365504613.946533
2026-03-04,385.8999938964844,391.0,377.0,381.79998779296875,81757000,31214821601.989746
2026-03-05,393.8999938964844,396.6000061035156,386.6000061035156,388.5,37578400,14599208400.0
2026-03-06,384.20001220703125,390.79998779296875,383.3999938964844,390.29998779296875,24475500,9552787351.226807
2026-03-09,369.29998779296875,376.79998779296875,366.79998779296875,375.3999938964844,59976200,22515065113.934326
2026-03-10,382.3999938964844,387.6000061035156,380.79998779296875,384.70001220703125,31016200,11931932518.615723
2026-03-11,389.79998779296875,392.8999938964844,387.8999938964844,388.29998779296875,23769500,9229696559.84497
2026-03-12,383.3999938964844,384.8999938964844,379.3999938964844,382.8999938964844,29928300,11459545887.332153
2026-03-13,377.8999938964844,383.1000061035156,375.5,380.8999938964844,32447000,12359062101.959229
2026-03-16,380.20001220703125,382.1000061035156,376.3999938964844,379.0,18649300,7068084700.0
2026-03-17,383.79998779296875,385.3999938964844,379.29998779296875,380.8999938964844,24285700,9250422981.77185
2026-03-18,384.0,390.70001220703125,384.0,390.70001220703125,22680900,8861427906.866455
2026-03-19,381.70001220703125,383.79998779296875,378.79998779296875,379.1000061035156,22021100,8348199144.406128
2026-03-23,367.20001220703125,368.29998779296875,361.8999938964844,365.8999938964844,32390200,11851573982.305908
2026-03-24,375.79998779296875,376.20001220703125,370.0,374.29998779296875,34556500,12934497528.167725
2026-03-25,383.5,384.5,381.6000061035156,383.6000061035156,30731800,11788718667.572021
2026-03-26,384.29998779296875,385.70001220703125,379.1000061035156,382.6000061035156,14377100,5500678547.7508545
2026-03-27,379.8999938964844,384.79998779296875,377.70001220703125,382.70001220703125,20778200,7951817393.640137
2026-03-30,37.0,37.63999938964844,36.7400016784668,37.63999938964844,79754900,3001974387.321472
2026-03-31,37.130001068115234,37.93000030517578,36.90999984741211,37.13999938964844,251780300,9351120188.3255
2026-04-01,383.5,389.20001220703125,381.29998779296875,389.20001220703125,19862090,7730325670.457153
2026-04-02,392.79998779296875,394.1000061035156,381.79998779296875,383.0,14557440,5575499520.0
2026-04-03,386.79998779296875,388.6000061035156,385.0,386.6000061035156,16726160,6466333558.088379
2026-04-06,387.20001220703125,390.5,386.29998779296875,386.79998779296875,7404380,2864014093.614502
2026-04-07,388.29998779296875,390.79998779296875,385.3999938964844,387.79998779296875,10961600,4250908346.1914062
2026-04-08,403.5,403.5,397.6000061035156,400.3999938964844,17892030,7163968702.795715
2026-04-09,400.70001220703125,401.3999938964844,396.1000061035156,396.70001220703125,12475840,4949165880.292969
2026-04-10,398.8999938964844,399.0,396.1000061035156,396.5,14727190,5839330835.0
2026-04-13,394.5,397.79998779296875,392.8999938964844,394.79998779296875,13770580,5436624815.9021
2026-04-14,400.0,400.0,397.1000061035156,398.20001220703125,8691770,3461062920.100708
2026-04-15,402.3999938964844,403.0,398.8999938964844,399.6000061035156,14926010,5964433687.101135
2026-04-16,402.29998779296875,405.3999938964844,402.20001220703125,404.3999938964844,17643250,7134930192.314148
2026-04-17,403.0,403.1000061035156,399.1000061035156,399.1000061035156,15100850,6026749327.168274
2026-04-20,401.5,402.29998779296875,399.79998779296875,400.6000061035156,8808500,3528685153.7628174
2026-04-21,401.1000061035156,401.70001220703125,399.3999938964844,399.5,16652130,6652525935.0
2026-04-22,397.79998779296875,398.1000061035156,395.5,396.8999938964844,20743070,8232924356.394348
2026-04-23,396.70001220703125,397.6000061035156,390.29998779296875,393.6000061035156,21774440,8570419716.900635
2026-04-24,395.70001220703125,395.8999938964844,392.5,393.70001220703125,9457590,3723453298.4490967
2026-04-27,394.29998779296875,397.8999938964844,391.0,395.8999938964844,35268650,13962858319.737244
2026-04-28,397.79998779296875,400.0,396.5,400.0,18269570,7307828000.0
2026-04-30,396.0,396.0,392.29998779296875,394.1000061035156,17418510,6864634897.314148
2026-05-01,394.20001220703125,396.5,391.20001220703125,394.6000061035156,13476730,5317917740.255432
2026-05-07,404.1000061035156,409.6000061035156,402.5,407.20001220703125,25211910,10266290059.762573
2026-05-08,405.5,406.20001220703125,402.8999938964844,405.8999938964844,12794980,5193482303.90564
2026-05-11,407.1000061035156,410.0,405.79998779296875,407.1000061035156,9307430,3789054809.8080444
2026-05-12,410.3999938964844,412.70001220703125,406.79998779296875,410.29998779296875,9041680,3709801193.6279297
2026-05-13,410.0,416.3999938964844,409.79998779296875,415.70001220703125,17206170,7152605079.036255
2026-05-14,416.5,416.6000061035156,411.20001220703125,411.20001220703125,16840080,6924641101.567383
2026-05-15,413.20001220703125,416.70001220703125,406.20001220703125,409.8999938964844,15449260,6332651579.7052
2026-05-18,410.0,411.1000061035156,404.5,405.8999938964844,20930820,8495819710.248413
2026-05-19,409.3999938964844,411.3999938964844,406.5,408.29998779296875,8957190,3657220567.6593018
2026-05-20,408.0,408.20001220703125,399.1000061035156,402.20001220703125,14204900,5713210953.399658
2026-05-21,408.5,411.29998779296875,407.20001220703125,408.79998779296875,15455940,6318388083.328857
2026-05-22,410.79998779296875,414.1000061035156,409.29998779296875,412.3999938964844,16415570,6769780967.807312
2026-05-25,415.6000061035156,419.29998779296875,413.3999938964844,418.0,18311940,7654390920.0
2026-05-26,418.0,419.1000061035156,415.3999938964844,417.3999938964844,12508960,5221239827.651367
2026-05-27,419.6000061035156,421.29998779296875,415.29998779296875,415.6000061035156,14750680,6130382698.031006
2026-05-28,413.1000061035156,415.29998779296875,409.8999938964844,413.5,11073780,4579008030.0
2026-05-29,416.79998779296875,422.6000061035156,416.29998779296875,417.8999938964844,16905480,7064799988.817139
2026-06-01,417.79998779296875,421.20001220703125,416.6000061035156,417.5,39102560,16325318800.0
2026-06-02,415.8999938964844,416.1000061035156,410.79998779296875,415.79998779296875,27046750,11246038319.839478
2026-06-03,420.1000061035156,426.1000061035156,418.70001220703125,423.79998779296875,25944760,10995388971.291504
2026-06-04,420.20001220703125,420.5,417.0,418.6000061035156,27551630,11533112486.161804
2026-06-05,419.0,420.6000061035156,416.8999938964844,418.6000061035156,21573860,9030817927.676392
2026-06-08,408.8999938964844,411.0,405.20001220703125,408.79998779296875,21345450,8726019699.435425
2026-06-09,413.8999938964844,414.29998779296875,409.0,413.20001220703125,21046250,8696310756.912231
2026-06-10,412.29998779296875,412.5,406.1000061035156,407.79998779296875,28495650,11620525722.15271
2026-06-11,401.1000061035156,407.0,399.5,406.29998779296875,24318340,9880541245.145264
2026-06-12,414.29998779296875,416.29998779296875,410.20001220703125,412.20001220703125,21172680,8727378954.455566
2026-06-15,421.3999938964844,427.79998779296875,421.0,424.5,29199710,12395276895.0
2026-06-16,423.5,425.20001220703125,422.1000061035156,423.1000061035156,17003560,7194206339.781494
2026-06-17,422.8999938964844,428.0,422.8999938964844,425.5,11852430,5043208965.0
2026-06-18,428.8999938964844,433.6000061035156,428.0,432.29998779296875,19945970,8622642587.51892
2026-06-19,435.20001220703125,435.29998779296875,426.70001220703125,429.70001220703125,18075430,7767012491.647339
2026-06-22,428.70001220703125,435.6000061035156,428.20001220703125,434.5,33964840,14757722980.0
2026-06-23,434.79998779296875,435.0,422.79998779296875,422.79998779296875,22291940,9425031959.881592
2026-06-24,423.20001220703125,425.1000061035156,417.70001220703125,419.8999938964844,26681010,11203355936.152039
2026-06-25,427.3999938964844,427.8999938964844,422.79998779296875,425.8999938964844,24347130,10369442518.396912
2026-06-26,422.79998779296875,425.20001220703125,417.0,420.3999938964844,31212940,13121919785.491333
2026-06-29,423.20001220703125,424.3999938964844,418.5,421.70001220703125,20256510,8542170514.271851
2026-06-30,425.5,426.8999938964844,421.70001220703125,423.6000061035156,13186710,5585890436.485291
2026-07-01,427.5,430.0,424.29998779296875,425.79998779296875,11629380,4951789862.039795
2026-07-02,425.8999938964844,430.3999938964844,423.79998779296875,426.3999938964844,20511410,8746065098.808289
2026-07-03,427.6000061035156,431.70001220703125,424.8999938964844,431.70001220703125,16798390,7251865168.058472
2026-07-06,433.29998779296875,436.29998779296875,431.6000061035156,435.3999938964844,17831580,7763869823.164673
2026-07-07,436.20001220703125,439.3999938964844,430.70001220703125,431.79998779296875,30094520,12994813368.635254
2026-07-08,427.79998779296875,431.6000061035156,425.8999938964844,426.5,15556910,6635022115.0
2026-07-09,419.0,420.5,417.20001220703125,419.1000061035156,27122170,11366901612.540588
2026-07-10,422.3999938964844,423.29998779296875,420.29998779296875,422.1000061035156,19626030,8284147382.787781
2026-07-13,422.0,424.6000061035156,415.6000061035156,417.79998779296875,13900030,5807432364.321899
2026-07-14,418.29998779296875,422.0,415.3999938964844,421.29998779296875,12782800,5385393483.959961
2026-07-15,424.0,425.79998779296875,420.5,425.6000061035156,15643440,6657848159.47998
2026-07-16,421.0,423.29998779296875,419.0,419.70001220703125,11434220,4798942273.577881
2026-07-17,415.8999938964844,416.79998779296875,401.8999938964844,407.8999938964844,31540630,12865422784.491272
2026-07-21,411.8999938964844,418.29998779296875,409.70001220703125,418.29998779296875,20619610,8625182611.295776
2026-07-22,421.6000061035156,424.1000061035156,419.5,420.29998779296875,33929460,14260551623.822021
2026-07-23,420.70001220703125,423.79998779296875,420.6000061035156,422.1000061035156,11131220,4698488029.939575
2026-07-24,417.8999938964844,418.3999938964844,416.1000061035156,417.5,11065970,4620042475.0
2026-07-27,420.3999938964844,424.29998779296875,418.70001220703125,424.29998779296875,14187050,6019565141.818237
2026-07-28,418.70001220703125,419.3999938964844,411.20001220703125,412.8999938964844,36925830,15246674981.62262
2026-07-29,414.70001220703125,416.6000061035156,409.79998779296875,414.8999938964844,18153180,7531754271.201782
2026-07-30,410.70001220703125,415.0,408.29998779296875,412.70001220703125,11897310,4910019982.230835
2026-07-31,417.6000061035156,422.3999938964844,414.8999938964844,417.20001220703125,41985870,17516505476.522827
2026-08-03,412.8999938964844,413.29998779296875,404.1000061035156,411.79998779296875,23173840,9542987029.11621
2026-08-04,411.3999938964844,413.70001220703125,409.1000061035156,412.3999938964844,22158610,9138210628.754578
2026-08-05,417.20001220703125,422.0,417.0,421.29998779296875,14596150,6149357816.824341
2026-08-06,420.6000061035156,423.70001220703125,419.6000061035156,423.70001220703125,17161180,7271192175.487061
2026-08-07,424.0,425.20001220703125,421.5,425.1000061035156,14522160,6173370304.63623
2026-08-10,426.8999938964844,428.6000061035156,424.5,427.6000061035156,10609610,4536669300.75592
2026-08-12,429.6000061035156,431.8999938964844,427.3999938964844,431.8999938964844,9512360,4108388225.941162
2026-08-13,434.70001220703125,436.29998779296875,432.3999938964844,435.3999938964844,10609810,4619511209.242859
2026-08-14,437.70001220703125,439.8999938964844,436.1000061035156,437.79998779296875,14148620,6194265663.2873535
2026-08-17,438.1000061035156,438.5,434.6000061035156,435.8999938964844,7963570,3471320114.394226
2026-08-18,435.0,436.8999938964844,430.70001220703125,431.0,14336900,6179203900.0
2026-08-19,425.20001220703125,425.29998779296875,417.3999938964844,417.3999938964844,23980250,10009356203.63617
2026-08-20,420.6000061035156,423.20001220703125,420.0,422.79998779296875,14126880,5972844691.552734
2026-08-21,420.29998779296875,424.3999938964844,420.29998779296875,424.1000061035156,9084530,3852749228.447571
2026-08-24,424.79998779296875,425.5,423.5,424.70001220703125,4474790,1900443367.6239014
2026-08-25,424.20001220703125,426.8999938964844,423.1000061035156,426.70001220703125,11060270,4719417344.013062
2026-08-26,426.6000061035156,429.70001220703125,426.29998779296875,428.20001220703125,12985360,5560331310.512695
2026-08-27,430.0,430.6000061035156,428.20001220703125,429.3999938964844,9981350,4285991629.0786743
2026-08-28,430.0,434.0,428.8999938964844,432.0,9712480,4195791360.0
2026-08-31,427.8999938964844,433.5,426.5,433.5,15956790,6917268465.0
2026-09-01,430.79998779296875,437.5,430.3999938964844,435.70001220703125,12651260,5512154136.434326
2026-09-02,429.6000061035156,430.70001220703125,424.5,424.5,31819720,13507471140.0
2026-09-03,428.29998779296875,430.70001220703125,426.29998779296875,427.20001220703125,22256820,9508113775.689697
2026-09-04,428.5,429.1000061035156,424.29998779296875,427.5,11631790,4972590225.0
2026-09-07,429.79998779296875,431.70001220703125,428.5,430.1000061035156,10282250,4422395787.757874
2026-09-08,426.1000061035156,429.0,422.20001220703125,422.20001220703125,8363220,3530951586.090088
2026-09-09,420.70001220703125,424.8999938964844,420.1000061035156,421.3999938964844,8271810,3485740683.5128784
