date,open,high,low,volume,amount,close
2015-01-01,320.4349975585937,320.4349975585937,314.00299072265625,8036550,2525477744.050598,314.2489929199219
2015-01-02,314.0790100097656,315.8389892578125,313.56500244140625,7860650,2476356392.512512,315.0320129394531
2015-01-03,314.84600830078125,315.1499938964844,281.0820007324219,33054400,9290996885.009766,281.0820007324219
2015-01-04,281.14599609375,287.2300109863281,257.61199951171875,55629100,14696930481.939695,264.19500732421875
2015-01-05,265.0840148925781,278.34100341796875,265.0840148925781,43962800,12066645524.267578,274.4739990234375
2015-01-06,274.6109924316406,287.5530090332031,272.6960144042969,23245700,6652663529.470825,286.1889953613281
2015-01-07,286.0769958496094,298.7539978027344,283.0790100097656,24866800,7319219451.23291,294.3370056152344
2015-01-08,294.135009765625,294.135009765625,282.17498779296875,19982500,5662021372.98584,283.3489990234375
2015-01-09,282.38299560546875,291.114013671875,280.5329895019531,18718600,5436030992.29126,290.4079895019531
2015-01-10,287.3030090332031,288.12701416015625,273.96600341796875,15264300,4194568430.007935,274.7959899902344
2015-01-11,274.6080017089844,279.63800048828125,265.0390014648437,18200800,4835224594.65332,265.6600036621094
2015-01-12,266.14599609375,272.2030029296875,265.20001220703125,18880300,5056068629.812622,267.7959899902344
2015-01-13,267.3940124511719,268.2770080566406,219.906005859375,72843904,16452596450.035156,225.86099243164065
2015-01-14,223.8939971923828,223.8939971923828,171.50999450683594,97638704,17389745788.623535,178.10299682617188
2015-01-15,176.89700317382812,229.06700134277344,176.89700317382812,81773504,17159678694.234377,209.843994140625
2015-01-16,209.07000732421875,221.59100341796875,199.77099609375,38421000,7995294841.690063,208.0970001220703
2015-01-17,207.83399963378903,211.7310028076172,194.875,23469700,4676572293.077087,199.25999450683597
2015-01-18,200.0500030517578,218.69500732421875,194.5059967041016,30085100,6328069984.78241,210.3390045166016
2015-01-19,211.4709930419922,216.72799682617188,207.3179931640625,18658300,4008940855.08728,214.86099243164065
2015-01-20,212.9069976806641,215.24099731445312,205.1529998779297,24051100,5082358255.218506,211.31500244140625
2015-01-21,211.3780059814453,227.7879943847656,211.2120056152344,29924600,6789802061.175537,226.89700317382807
2015-01-22,227.32200622558597,237.0189971923828,226.4340057373047,33544600,7829511104.150391,233.406005859375
2015-01-23,233.5169982910156,234.84500122070312,225.1959991455078,24621700,5733876820.199585,232.8789978027344
2015-01-24,232.6999969482422,248.2100067138672,230.02200317382807,24782500,6142268280.525208,247.8470001220703
2015-01-25,247.3520050048828,255.07400512695312,243.88999938964844,33582700,8520535556.489563,253.71800231933597
2015-01-26,254.07899475097656,309.3840026855469,254.07899475097656,106794000,29205274701.59912,273.4729919433594
2015-01-27,273.1669921875,275.4800109863281,250.6529998779297,44399000,11698026795.98999,263.4750061035156
2015-01-28,263.3510131835937,266.5350036621094,227.04600524902344,44352200,10374644565.22522,233.9149932861328
2015-01-29,233.34800720214844,238.70599365234372,220.7120056152344,32213400,7522247689.929199,233.51300048828125
2015-01-30,232.77200317382807,242.8509979248047,225.8390045166016,26605200,6024082491.192627,226.4250030517578
2015-01-31,226.4409942626953,233.5039978027344,216.3090057373047,23348200,5077393070.254517,217.4640045166016
2015-02-01,216.86700439453125,231.57400512695312,212.01499938964844,29128500,6611353905.555725,226.9720001220703
2015-02-02,226.49099731445312,242.1750030517578,222.65899658203125,30612100,7292690090.478516,238.22900390625
2015-02-03,237.45399475097656,245.95700073242188,224.4830017089844,40783700,9268830150.653076,227.26800537109372
2015-02-04,227.5110015869141,230.05799865722656,221.11300659179688,26594300,6032996653.494263,226.85299682617188
2015-02-05,227.6649932861328,239.40499877929688,214.7250061035156,22516400,4888557949.987793,217.11099243164065
2015-02-06,216.92300415039065,230.50999450683597,216.23199462890625,24435300,5431136547.889709,222.26600646972656
2015-02-07,222.63299560546875,230.2989959716797,222.60699462890625,21604200,4920442919.329834,227.7539978027344
2015-02-08,227.6929931640625,229.43800354003903,221.07699584960935,17145200,3830443466.3513184,223.41200256347656
2015-02-09,223.38900756835935,223.9770050048828,217.0189971923828,27791300,6117143059.962463,220.1100006103516
2015-02-10,220.2819976806641,221.8070068359375,215.33200073242188,21115100,4641922564.268494,219.8390045166016
2015-02-11,219.73199462890625,223.406005859375,218.07400512695312,17201900,3770398409.503174,219.18499755859372
2015-02-12,219.2079925537109,222.19900512695312,217.61399841308597,15206200,3372187851.8859863,221.76400756835935
2015-02-13,221.968994140625,240.25900268554688,221.26199340820312,42744400,10063185942.285156,235.427001953125
2015-02-14,235.5279998779297,259.8080139160156,235.5279998779297,49732500,12797217348.861694,257.3210144042969
2015-02-15,257.5069885253906,265.6109924316406,227.6840057373047,56552400,13279917157.415771,234.8249969482422
2015-02-16,234.8249969482422,239.52099609375,229.02200317382807,28153700,6583545734.397888,233.84300231933597
2015-02-17,233.4219970703125,245.7749938964844,232.31399536132807,27363100,6665924807.701111,243.6100006103516
2015-02-18,243.77999877929688,244.25100708007807,232.33999633789065,25200800,5955604362.316895,236.3260040283203
2015-02-19,236.41000366210935,242.6719970703125,235.5919952392578,18270500,4390090638.48114,240.2830047607422
2015-02-20,240.25100708007807,247.1009979248047,239.2989959716797,23876700,5820638215.434265,243.7790069580078
2015-02-21,243.7519989013672,255.32000732421875,243.1840057373047,12284200,3003904520.8129883,244.53399658203125
2015-02-22,244.54400634765625,246.3919982910156,233.8509979248047,19527000,4607922976.730347,235.9770050048828
2015-02-23,235.9949951171875,240.10899353027344,232.42100524902344,16400000,3917828771.972656,238.8919982910156
2015-02-24,238.9980010986328,239.9010009765625,236.4019927978516,14200400,3390132502.6672363,238.7350006103516
2015-02-25,238.88999938964844,239.33999633789065,235.52999877929688,11496200,2730002628.0334477,237.47000122070312
2015-02-26,237.3370056152344,237.7100067138672,234.2570037841797,13619400,3219980194.5739746,236.42599487304688
2015-02-27,236.43600463867188,256.65301513671875,236.43600463867188,44013900,11171960338.146973,253.8280029296875
2015-02-28,253.5200042724609,254.69200134277344,249.47900390625,13949300,3546790872.7111816,254.26300048828125
2015-03-01,254.2830047607422,261.6600036621094,245.93299865722656,25213700,6560655062.753296,260.2019958496094
2015-03-02,260.35699462890625,276.3009948730469,258.31298828125,40465700,11155180062.36267,275.6700134277344
2015-03-03,275.0459899902344,285.7959899902344,268.1610107421875,50461300,14215048923.165894,281.7019958496094
2015-03-04,281.989990234375,284.2250061035156,268.1260070800781,41383000,11301366670.440674,273.0920104980469
2015-03-05,272.739013671875,281.6669921875,264.7690124511719,41302400,11406814600.292969,276.1780090332031
2015-03-06,275.6000061035156,277.6080017089844,270.0150146484375,28918900,7886848931.710815,272.7229919433594
2015-03-07,272.29400634765625,277.85400390625,270.13299560546875,17825900,4924600716.186523,276.260986328125
2015-03-08,276.4330139160156,277.8580017089844,272.56500244140625,22067900,6054416722.802734,274.35400390625
2015-03-09,274.81201171875,292.70098876953125,273.8930053710937,59178200,17138420649.54834,289.60699462890625
2015-03-10,289.86199951171875,300.04400634765625,289.7430114746094,67770800,19772809269.82422,291.760009765625
2015-03-11,291.5249938964844,297.3909912109375,290.50799560546875,33963900,10066186643.47229,296.3789978027344
2015-03-12,296.12701416015625,297.0880126953125,292.4129943847656,32585200,9591584088.085938,294.35400390625
2015-03-13,294.1180114746094,294.4979858398437,285.3370056152344,31421500,8965716721.939087,285.3370056152344
2015-03-14,284.4419860839844,286.3420104980469,280.9760131835937,22612300,6374068406.323242,281.885009765625
2015-03-15,281.42498779296875,286.52899169921875,280.9960021972656,11970100,3428152913.5925293,286.3930053710937
2015-03-16,285.6849975585937,294.11199951171875,285.6849975585937,21516100,6252427768.893433,290.5929870605469
2015-03-17,290.5950012207031,292.364990234375,284.3739929199219,21497200,6137558190.966797,285.5050048828125
2015-03-18,285.0669860839844,285.33599853515625,249.8699951171875,57008000,14611094032.226562,256.29901123046875
2015-03-19,255.8800048828125,264.2439880371094,248.6360015869141,52732000,13759255772.338867,260.9280090332031
2015-03-20,260.9559936523437,264.8479919433594,259.1619873046875,18456700,4831022637.625122,261.7489929199219
2015-03-21,261.6440124511719,262.1960144042969,255.6499938964844,17130100,4454254147.946167,260.0249938964844
2015-03-22,259.9169921875,269.7470092773437,259.5899963378906,18438100,4940673118.447876,267.9599914550781
2015-03-23,267.8949890136719,277.2969970703125,261.7449951171875,22811900,6084845983.227539,266.739990234375
2015-03-24,266.5769958496094,267.00299072265625,244.15499877929688,40073700,9841900400.41809,245.59500122070312
2015-03-25,247.4720001220703,249.19000244140625,236.51499938964844,35866900,8830323402.592468,246.19700622558597
2015-03-26,246.2760009765625,254.35400390625,244.90499877929688,25730000,6394728300.323486,248.5319976806641
2015-03-27,248.5659942626953,256.8110046386719,245.21299743652344,17274900,4267401392.298889,247.0290069580078
2015-03-28,246.9750061035156,254.2050018310547,246.9750061035156,16040900,4055107504.776001,252.79800415039065
2015-03-29,252.7400054931641,253.13900756835935,240.8500061035156,21699400,5266726416.574097,242.71299743652344
2015-03-30,242.8789978027344,249.24200439453125,239.2140045166016,23009600,5695474272.0703125,247.5260009765625
2015-03-31,247.45399475097656,248.72999572753903,242.73899841308597,22672000,5537046505.859375,244.2239990234375
2015-04-01,244.22300720214844,247.5410003662109,241.16000366210935,22877200,5656891071.008301,247.27200317382807
2015-04-02,247.0890045166016,254.46099853515625,245.4160003662109,26272600,6647099291.28418,253.0050048828125
2015-04-03,253.07400512695312,256.0429992675781,251.8789978027344,23146600,5886689749.301147,254.32200622558597
2015-04-04,254.2910003662109,255.25799560546875,251.1000061035156,12493500,3169563547.279358,253.69700622558597
2015-04-05,253.7610015869141,260.67498779296875,251.94200134277344,19649200,5120542063.293457,260.5979919433594
2015-04-06,260.72100830078125,261.7980041503906,254.5749969482422,20034200,5118577914.440918,255.49200439453125
2015-04-07,255.2740020751953,255.80499267578125,252.2050018310547,18467400,4675576196.740723,253.17999267578125
2015-04-08,253.06399536132807,253.8470001220703,244.21499633789065,30086400,7371829996.2890625,245.02200317382807
2015-04-09,244.75100708007807,246.1179962158203,239.3999938964844,21643500,5274001395.03479,243.67599487304688
2015-04-10,243.69400024414065,243.69400024414065,232.77099609375,28882000,6818231683.807373,236.07200622558597
2015-04-11,236.01600646972656,239.53700256347656,234.1750030517578,16365200,3871220822.363281,236.552001953125
2015-04-12,236.53500366210935,237.72799682617188,233.4949951171875,12387900,2925439747.187805,236.1529998779297
2015-04-13,235.9499969482422,236.93499755859372,221.9960021972656,31181800,7003027091.693115,224.5870056152344
2015-04-14,224.75900268554688,224.9759979248047,216.322998046875,31719000,6951504212.585449,219.15899658203125
2015-04-15,219.072998046875,223.8329925537109,218.6490020751953,22562000,5050119977.996826,223.8329925537109
2015-04-16,223.91700744628903,229.6719970703125,223.91700744628903,24805400,5669844645.751953,228.572998046875
2015-04-17,228.5749969482422,228.906005859375,221.94200134277344,20429800,4553434760.910034,222.8820037841797
2015-04-18,222.85299682617188,224.3159942626953,220.87600708007807,12939000,2890003320.327759,223.3560028076172
2015-04-19,223.45599365234372,226.35299682617188,222.3730010986328,15021500,3343785991.68396,222.6000061035156
2015-04-20,222.61199951171875,226.3509979248047,221.9770050048828,18364700,4125189232.223511,224.62600708007807
2015-04-21,224.6199951171875,235.2689971923828,224.30099487304688,24978000,5876549011.871338,235.2689971923828
2015-04-22,235.6020050048828,237.90899658203125,233.4759979248047,23847900,5584605708.132935,234.17599487304688
2015-04-23,234.0529937744141,236.4750061035156,233.19900512695312,17036000,4028366727.661133,236.4620056152344
2015-04-24,235.97000122070312,236.30499267578125,229.93299865722656,21448700,4960398066.8029785,231.26800537109372
2015-04-25,231.2350006103516,232.56100463867188,226.3370056152344,13957200,3159770499.481201,226.38999938964844
2015-04-26,226.41000366210935,226.94400024414065,214.87399291992188,28943700,6351115879.01001,219.42999267578125
2015-04-27,219.4290008544922,233.30499267578125,218.0229949951172,38574000,8844477989.776611,229.28599548339844
2015-04-28,228.968994140625,229.4949951171875,223.06900024414065,21469200,4848926074.273682,225.85499572753903
2015-04-29,225.59100341796875,227.0399932861328,223.42999267578125,18936500,4276013166.572571,225.80799865722656
2015-04-30,225.6929931640625,239.56300354003903,224.9929962158203,33818600,7986093441.488647,236.1450042724609
2015-05-01,235.93899536132807,238.96600341796875,232.07899475097656,18815300,4366635909.938049,232.07899475097656
2015-05-02,232.34100341796875,235.7270050048828,232.34100341796875,12535500,2944964923.187256,234.92999267578125
2015-05-03,234.8800048828125,243.2400054931641,234.0829925537109,18494100,4445204919.406128,240.3580017089844
2015-05-04,240.3560028076172,242.63800048828125,237.80999755859372,21223400,5072774735.192871,239.01800537109372
2015-05-05,238.8520050048828,239.20399475097656,232.0540008544922,23929100,5650163073.678589,236.1210021972656
2015-05-06,236.24899291992188,236.45399475097656,229.2310028076172,29587200,6798605921.777344,229.7819976806641
2015-05-07,229.66200256347656,239.10499572753903,228.572998046875,29064400,6897970298.956299,237.33399963378903
2015-05-08,237.20399475097656,246.2749938964844,236.2740020751953,27445500,6692942147.415161,243.86300659179688
2015-05-09,243.7689971923828,247.8040008544922,239.63900756835935,19790500,4785976210.494995,241.83200073242188
2015-05-10,241.72900390625,244.0679931640625,238.8489990234375,15019100,3609029732.435608,240.29600524902344
2015-05-11,240.2989959716797,244.2700042724609,239.37600708007807,20892300,5059237682.862854,242.1580047607422
2015-05-12,242.1450042724609,242.8809967041016,240.0989990234375,19282600,4649266241.784668,241.11199951171875
2015-05-13,241.3979949951172,243.70399475097656,235.0449981689453,27180100,6424750467.83905,236.3769989013672
2015-05-14,236.2140045166016,237.7989959716797,234.0570068359375,24413700,5784313548.161316,236.9290008544922
2015-05-15,236.9550018310547,238.7530059814453,236.7949981689453,16329400,3879947017.233277,237.60499572753903
2015-05-16,237.6439971923828,237.69700622558597,235.2949981689453,11089700,2618865922.746277,236.1529998779297
2015-05-17,236.00999450683597,238.0249938964844,236.00999450683597,11134300,2636624530.34668,236.802001953125
2015-05-18,236.88699340820312,237.2100067138672,232.4600067138672,16780300,3911957878.770447,233.1280059814453
2015-05-19,233.03700256347656,234.1510009765625,231.81700134277344,14241900,3303366067.9641724,231.94700622558597
2015-05-20,231.88999938964844,234.68299865722656,231.8419952392578,15499400,3627138672.4487305,234.01800537109372
2015-05-21,234.01600646972656,236.24200439453125,233.8350067138672,15108900,3555788873.071289,235.343994140625
2015-05-22,235.3209991455078,240.968994140625,235.05999755859372,27003000,6490117238.479614,240.34800720214844
2015-05-23,240.28599548339844,241.0249938964844,238.6909942626953,14605000,3488725472.640991,238.8719940185547
2015-05-24,238.9759979248047,241.97799682617188,238.81100463867188,11508000,2772887157.714844,240.9530029296875
2015-05-25,240.927001953125,241.02099609375,236.63699340820312,14423900,3420050937.80365,237.1100006103516
2015-05-26,237.10400390625,238.24200439453125,235.69200134277344,16425000,3894630255.8898926,237.11599731445312
2015-05-27,237.06500244140625,238.6360015869141,236.69500732421875,18837000,4469699960.678101,237.2830047607422
2015-05-28,237.2570037841797,237.82400512695312,236.6519927978516,13829600,3283257742.63916,237.4080047607422
2015-05-29,237.3769989013672,237.52200317382807,235.7310028076172,14805000,3510206176.9866943,237.0959930419922
2015-05-30,237.0919952392578,237.09300231933597,232.04600524902344,14098600,3289837834.210205,233.34500122070312
2015-05-31,233.13499450683597,233.2519989013672,229.54200744628903,14730800,3390882887.963867,230.19000244140625
2015-06-01,230.2330017089844,231.71299743652344,221.29600524902344,26090500,5816250669.2352295,222.92599487304688
2015-06-02,222.8939971923828,226.4160003662109,222.41900634765625,20459000,4619703449.630737,225.8029937744141
2015-06-03,225.73599243164065,227.4040069580078,223.92999267578125,17752400,4009805471.911621,225.87399291992188
2015-06-04,225.77200317382807,226.58099365234372,224.0540008544922,14728100,3303866379.9102783,224.32400512695312
2015-06-05,224.1540069580078,225.96800231933597,223.1790008544922,18056500,4061845713.058472,224.95199584960935
2015-06-06,225.0050048828125,225.718994140625,224.3789978027344,11131500,2511477935.188293,225.61900329589844
2015-06-07,225.5959930419922,226.19400024414065,222.6519927978516,13318400,2968418266.5039062,222.8809967041016
2015-06-08,222.8789978027344,229.4640045166016,222.8390045166016,23378400,5341707200.500488,228.48899841308597
2015-06-09,228.5379943847656,230.95399475097656,227.9290008544922,28353100,6494220966.47644,229.04800415039065
2015-06-10,228.9949951171875,229.7819976806641,228.00999450683597,15904800,3639065855.383301,228.8029937744141
2015-06-11,228.85499572753903,230.28700256347656,228.7669982910156,14416000,3311427306.3964844,229.7050018310547
2015-06-12,229.7050018310547,231.0570068359375,229.31300354003903,14017700,3223818606.109619,229.98199462890625
2015-06-13,229.9199981689453,232.6519927978516,229.2100067138672,13305300,3092178234.7732544,232.4019927978516
2015-06-14,232.44200134277344,234.8580017089844,232.0039978027344,12165900,2841260774.7894287,233.54299926757807
2015-06-15,233.4219970703125,237.83599853515625,233.4219970703125,19912100,4715643219.40918,236.822998046875
2015-06-16,236.76499938964844,251.74200439453125,236.1219940185547,41612000,10440242917.785645,250.8950042724609
2015-06-17,250.822998046875,256.8529968261719,246.4759979248047,43858400,10933197235.69336,249.28399658203125
2015-06-18,249.4279937744141,252.1080017089844,244.1269989013672,30980200,7714286778.634644,249.0070037841797
2015-06-19,249.04299926757807,250.9770050048828,243.78700256347656,23965300,5862056239.085388,244.6060028076172
2015-06-20,244.52999877929688,245.8280029296875,240.6269989013672,20608100,5053353532.919312,245.2120056152344
2015-06-21,245.1000061035156,245.2239990234375,241.8820037841797,10600900,2586025952.1881104,243.94400024414065
2015-06-22,243.968994140625,247.91700744628903,243.7790069580078,17692500,4369870672.187805,246.9900054931641
2015-06-23,246.927001953125,247.3040008544922,243.13299560546875,15108700,3690995054.50592,244.29600524902344
2015-06-24,244.2819976806641,244.34100341796875,240.51499938964844,17344900,4171708612.913513,240.51499938964844
2015-06-25,240.3650054931641,243.33200073242188,240.3650054931641,16133100,3917100481.9107056,242.7989959716797
2015-06-26,242.60400390625,243.74899291992188,241.5529937744141,13983500,3406296617.0654297,243.593994140625
2015-06-27,243.5489959716797,251.3390045166016,243.11700439453125,20488600,5142433826.547241,250.9900054931641
2015-06-28,250.9550018310547,251.1719970703125,247.4340057373047,15137600,3769428937.6220703,249.0110015869141
2015-06-29,248.7209930419922,257.1730041503906,248.58099365234372,34742900,8931148684.439087,257.0639953613281
2015-06-30,257.0360107421875,267.86700439453125,255.9459991455078,44533800,11715595431.31714,263.0719909667969
2015-07-01,263.3450012207031,265.1719970703125,255.7740020751953,27029800,6990473965.19165,258.6210021972656
2015-07-02,258.552001953125,261.6310119628906,254.11599731445312,21551900,5504613938.047791,255.41200256347656
2015-07-03,255.45899963378903,257.0769958496094,253.5050048828125,19033800,4879048128.918457,256.33599853515625
2015-07-04,256.4909973144531,261.4570007324219,254.1999969482422,15620400,4075143460.839844,260.885986328125
2015-07-05,260.80499267578125,274.5060119628906,258.70098876953125,44156100,12006617371.35315,271.9129943847656
2015-07-06,271.1080017089844,277.4219970703125,267.6000061035156,49154800,13224115783.996582,269.0299987792969
2015-07-07,269.9630126953125,271.34100341796875,264.8320007324219,28857600,7682095144.3359375,266.2070007324219
2015-07-08,265.98199462890625,272.97100830078125,264.385986328125,36980200,10013683592.425535,270.7850036621094
2015-07-09,270.8269958496094,272.3349914550781,267.08599853515625,40301200,10850211345.690918,269.2279968261719
2015-07-10,269.156005859375,294.59100341796875,268.802001953125,100390000,28600509909.973145,284.8940124511719
2015-07-11,284.8800048828125,298.5060119628906,283.5299987792969,41109900,12049927937.036133,293.114990234375
2015-07-12,293.1400146484375,314.3940124511719,292.5050048828125,56405000,17534453382.873535,310.86700439453125
2015-07-13,310.8269958496094,310.947998046875,281.010986328125,62053900,18123088816.7572,292.0539855957031
2015-07-14,292.03399658203125,296.1470031738281,286.63800048828125,28727200,8258035512.207031,287.4639892578125
2015-07-15,288.0450134277344,293.2479858398437,285.36700439453125,27486600,7856467666.534424,285.8290100097656
2015-07-16,286.0419921875,291.1830139160156,275.239990234375,49482600,13760566219.848633,278.0889892578125
2015-07-17,278.09100341796875,280.2799987792969,272.0429992675781,27591400,7711023323.156738,279.47198486328125
2015-07-18,279.3309936523437,282.5270080566406,274.07501220703125,25187100,6923959001.696777,274.9010009765625
2015-07-19,274.7669982910156,275.6700134277344,272.51300048828125,15332500,4195186864.624024,273.614013671875
2015-07-20,273.4989929199219,278.9809875488281,272.9599914550781,22711400,6336048800.616455,278.9809875488281
2015-07-21,278.8819885253906,280.5469970703125,275.41900634765625,22930700,6325043952.246094,275.8330078125
2015-07-22,275.6570129394531,277.6659851074219,274.3810119628906,19389800,5375278842.102051,277.22198486328125
2015-07-23,277.34100341796875,278.1109924316406,275.71600341796875,18531300,5115547041.815186,276.04901123046875
2015-07-24,276.0050048828125,289.25299072265625,275.2539978027344,37199400,10723769196.276855,288.27801513671875
2015-07-25,288.1640014648437,290.7330017089844,286.00201416015625,20662200,5965114966.75415,288.6969909667969
2015-07-26,288.6400146484375,293.052001953125,287.7059936523437,16032300,4692429832.168579,292.6860046386719
2015-07-27,292.6390075683594,297.77398681640625,287.45001220703125,30592000,8982545191.40625,293.6239929199219
2015-07-28,293.63299560546875,296.64898681640625,293.4230041503906,25453600,7494227136.9140625,294.427001953125
2015-07-29,294.4840087890625,294.5360107421875,288.7770080566406,24672600,7144938143.64624,289.5899963378906
2015-07-30,289.1029968261719,290.1260070800781,286.5679931640625,21635800,6225095320.10498,287.72198486328125
2015-07-31,287.6960144042969,288.9590148925781,282.343994140625,23629100,6726023170.779419,284.6499938964844
2015-08-01,284.6860046386719,284.9320068359375,278.11199951171875,18995000,5349011245.422363,281.6010131835937
2015-08-02,280.4490051269531,283.0320129394531,277.52899169921875,17722200,5008542073.095703,282.614013671875
2015-08-03,282.8059997558594,285.47100830078125,280.2330017089844,21474100,6039096500.506592,281.2269897460937
2015-08-04,281.2250061035156,285.7149963378906,281.2250061035156,21908700,6248755313.113403,285.2179870605469
2015-08-05,284.84698486328125,285.5010070800781,281.4880065917969,20128000,5673720665.039063,281.8819885253906
2015-08-06,281.906005859375,281.906005859375,278.40301513671875,18792100,5235046763.705444,278.5769958496094
2015-08-07,278.7409973144531,280.3919982910156,276.3659973144531,42484800,11878112444.970703,279.5849914550781
2015-08-08,279.74200439453125,279.9280090332031,260.7099914550781,58533000,15276937944.030762,260.9970092773437
2015-08-09,261.1159973144531,267.00299072265625,260.4679870605469,23789600,6306218722.65625,265.0830078125
2015-08-10,265.4779968261719,267.0320129394531,262.59600830078125,20979400,5548421943.609619,264.4700012207031
2015-08-11,264.3420104980469,270.385986328125,264.093994140625,25433900,6876970137.670898,270.385986328125
2015-08-12,270.5979919433594,270.6730041503906,265.468994140625,26815400,7142979180.255127,266.3760070800781
2015-08-13,266.1830139160156,266.23199462890625,262.84100341796875,27685500,7311186468.24646,264.0799865722656
2015-08-14,264.1319885253906,267.46600341796875,261.4779968261719,27091200,7197589817.578125,265.67999267578125
2015-08-15,265.52899169921875,266.6669921875,261.2959899902344,19321100,5053452927.041626,261.5509948730469
2015-08-16,261.8659973144531,262.44000244140625,257.0409851074219,29717000,7682052178.009033,258.5069885253906
2015-08-17,258.489990234375,260.5050048828125,257.11700439453125,21617900,5576899655.401611,257.9760131835937
2015-08-18,257.9259948730469,257.9930114746094,211.07899475097656,42147200,8896388607.56836,211.07899475097656
2015-08-19,225.67100524902344,237.40899658203125,222.76600646972656,60869200,13798074082.025146,226.6840057373047
2015-08-20,226.8990020751953,237.3650054931641,226.8990020751953,32275000,7595921446.990967,235.3500061035156
2015-08-21,235.35499572753903,236.4320068359375,231.7239990234375,23173800,5389507497.857666,232.56900024414065
2015-08-22,232.66200256347656,234.95700073242188,222.70399475097656,23205900,5346407286.836243,230.38999938964844
2015-08-23,230.37600708007807,232.7050018310547,225.5800018310547,18406600,4199815632.2387695,228.16900634765625
2015-08-24,228.11199951171875,228.13900756835935,210.4429931640625,59220700,12465660957.336426,210.4949951171875
2015-08-25,210.0679931640625,226.3209991455078,199.56700134277344,61089200,13537916127.56958,221.60899353027344
2015-08-26,222.0760040283203,231.18299865722656,220.20399475097656,31808000,7183232246.09375,225.83099365234372
2015-08-27,226.0500030517578,228.64300537109372,223.6840057373047,21905400,4923654791.098022,224.7689971923828
2015-08-28,224.7010040283203,235.218994140625,220.92599487304688,31336600,7251163771.191406,231.39599609375
2015-08-29,231.5489959716797,233.2220001220703,227.3300018310547,17142500,3939003629.0740967,229.77999877929688
2015-08-30,229.8950042724609,232.0679931640625,226.2469940185547,19412600,4440845819.406128,228.7610015869141
2015-08-31,229.11399841308597,231.95599365234372,225.9149932861328,20710700,4764620794.143677,230.05599975585935
2015-09-01,230.2559967041016,231.21600341796875,226.8600006103516,20575200,4693635244.40918,228.1210021972656
2015-09-02,228.0269927978516,230.57699584960935,226.4750061035156,18760400,4301459489.477539,229.28399658203125
2015-09-03,229.32400512695312,229.60499572753903,226.66700744628903,17482000,3971613182.525635,227.18299865722656
2015-09-04,227.21499633789065,230.8999938964844,227.05099487304688,20962400,4827598882.202148,230.29800415039065
2015-09-05,230.19900512695312,236.14300537109372,229.4429931640625,20671400,4858171698.562622,235.0189971923828
2015-09-06,234.8699951171875,242.91200256347656,234.68099975585935,25473700,6109612114.712524,239.83999633789065
2015-09-07,239.9340057373047,242.1060028076172,238.7220001220703,21192200,5082885595.986938,239.8470001220703
2015-09-08,239.8459930419922,245.781005859375,239.6779937744141,26879200,6547961130.029297,243.60699462890625
2015-09-09,243.4149932861328,244.4160003662109,237.8209991455078,23635700,5629267380.288696,238.16799926757807
2015-09-10,238.33599853515625,241.29299926757807,235.7910003662109,21215500,5059408899.681091,238.4770050048828
2015-09-11,238.32899475097656,241.16900634765625,238.32899475097656,19224700,4615984939.642334,240.10699462890625
2015-09-12,239.85499572753903,240.12399291992188,234.7539978027344,17962600,4225324505.5664062,235.22900390625
2015-09-13,235.24200439453125,235.93499755859372,229.33200073242188,18478800,4259585023.791504,230.51199340820312
2015-09-14,230.60899353027344,232.44000244140625,227.96099853515625,20997800,4843016524.246216,230.6439971923828
2015-09-15,230.49200439453125,259.1820068359375,229.82200622558597,19177800,4416724067.58728,230.3040008544922
2015-09-16,230.25,231.21499633789065,227.4019927978516,20144200,4614854991.052246,229.09100341796875
2015-09-17,229.0760040283203,230.28500366210935,228.92599487304688,18935400,4351544227.770996,229.80999755859372
2015-09-18,233.52099609375,234.35299682617188,232.18499755859372,20242200,4715926668.548584,232.9750061035156
2015-09-19,232.8580017089844,233.2050018310547,231.0890045166016,12712600,2942877863.6932373,231.4929962158203
2015-09-20,231.3990020751953,232.3650054931641,230.91000366210935,14444700,3339788057.510376,231.2120056152344
2015-09-21,231.2169952392578,231.2169952392578,226.52099609375,19678800,4468760430.12085,227.0850067138672
2015-09-22,226.968994140625,232.3860015869141,225.11700439453125,25009300,5767594652.760315,230.6179962158203
2015-09-23,230.93600463867188,231.8350067138672,229.59100341796875,17254100,3973325992.442322,230.2830047607422
2015-09-24,230.3580017089844,235.6490020751953,230.2949981689453,25097800,5886162110.830688,234.5290069580078
2015-09-25,234.36199951171875,237.427001953125,233.6840057373047,22363600,5258666295.611572,235.1439971923828
2015-09-26,235.0760040283203,235.4029998779297,233.3580017089844,13724100,3216105543.7408447,234.33999633789065
2015-09-27,234.13900756835935,234.5260009765625,232.4759979248047,14179900,3300471037.9592896,232.7570037841797
2015-09-28,232.83599853515625,239.3390045166016,232.4669952392578,24713000,5909916203.765869,239.1419982910156
2015-09-29,239.01600646972656,239.802001953125,235.9279937744141,22691300,5370735642.771912,236.6869964599609
2015-09-30,236.63999938964844,237.73399353027344,235.6289978027344,19743500,4660650561.798096,236.05999755859372
2015-10-01,236.0039978027344,238.44500732421875,235.61599731445312,20488800,4867093868.664551,237.5489959716797
2015-10-02,237.26400756835935,238.5410003662109,236.60299682617188,19677900,4669427910.287476,237.29299926757807
2015-10-03,237.20199584960935,239.31500244140625,236.94400024414065,16482700,3934914900.578308,238.72999572753903
2015-10-04,238.531005859375,238.96800231933597,237.94000244140625,12999000,3097128775.909424,238.25900268554688
2015-10-05,238.14700317382807,240.38299560546875,237.03500366210935,23335900,5609553547.149658,240.38299560546875
2015-10-06,240.36399841308597,246.93499755859372,240.1360015869141,27535100,6775369408.77533,246.06300354003903
2015-10-07,246.1699981689453,246.68099975585935,242.5850067138672,22999200,5588092490.039063,242.968994140625
2015-10-08,243.0749969482422,244.25100708007807,242.1790008544922,18515300,4486331267.021179,242.3040008544922
2015-10-09,242.4980010986328,244.22799682617188,242.1219940185547,17353100,4232959031.8634033,243.93099975585935
2015-10-10,243.7400054931641,245.31900024414065,243.07400512695312,15912700,3897672559.403992,244.9409942626953
2015-10-11,244.74200439453125,247.2429962158203,244.1519927978516,16827300,4157184516.352844,247.0500030517578
2015-10-12,246.875,247.45399475097656,245.1790008544922,17388300,4265489073.0514526,245.30799865722656
2015-10-13,245.1999969482422,250.23599243164065,243.7570037841797,28198500,7035751214.080811,249.50799560546875
2015-10-14,249.4929962158203,254.2749938964844,248.9029998779297,27462600,6920273067.819214,251.98899841308597
2015-10-15,252.10699462890625,255.9620056152344,252.04600524902344,25223500,6414840704.742432,254.32000732421875
2015-10-16,254.29600524902344,266.135009765625,253.92599487304688,35901500,9437390974.014282,262.8689880371094
2015-10-17,262.7470092773437,273.5780029296875,262.36700439453125,43199600,11691540376.80664,270.6400146484375
2015-10-18,270.9070129394531,271.6679992675781,260.7770080566406,22434300,5869777675.3967285,261.6430053710937
2015-10-19,261.8609924316406,264.82000732421875,260.95098876953125,25258800,6654102791.6015625,263.43701171875
2015-10-20,263.5719909667969,270.8349914550781,263.2269897460937,30889800,8323658569.555664,269.4630126953125
2015-10-21,269.3059997558594,270.7699890136719,263.8389892578125,25637300,6826495226.968384,266.2720031738281
2015-10-22,266.4960021972656,276.510009765625,266.135009765625,37808600,10360426385.48584,274.02301025390625
2015-10-23,273.64898681640625,278.6839904785156,273.5429992675781,29442500,8140733544.692993,276.4960021972656
2015-10-24,276.5039978027344,281.7059936523437,276.5039978027344,25942400,7306780514.257812,281.65399169921875
2015-10-25,281.44500732421875,294.0589904785156,281.44500732421875,45717100,12969026593.15796,283.67999267578125
2015-10-26,283.62799072265625,285.29998779296875,280.510009765625,32108800,9160640248.046877,285.29998779296875
2015-10-27,285.1809997558594,296.2120056152344,285.00799560546875,46331800,13611726598.236084,293.7879943847656
2015-10-28,293.7030029296875,306.3309936523437,293.7030029296875,50808100,15477062388.8031,304.6180114746094
2015-10-29,304.3240051269531,318.1700134277344,301.822998046875,64495900,20242361403.07312,313.8550109863281
2015-10-30,313.9429931640625,334.16900634765625,313.94000244140625,78305000,25685215722.0459,328.0150146484375
2015-10-31,328.5119934082031,332.7770080566406,309.2510070800781,48598100,15267869960.849,314.1659851074219
2015-11-01,315.0050048828125,327.47198486328125,311.8810119628906,37001100,12041304965.066528,325.4309997558594
2015-11-02,325.9419860839844,365.3599853515625,323.2090148925781,101918000,36811660029.23584,361.1889953613281
2015-11-03,361.87298583984375,417.8999938964844,357.6470031738281,206162000,83169253943.35938,403.4169921875
2015-11-04,403.66400146484375,495.56201171875,380.5480041503906,263900000,108611472607.42188,411.56298828125
2015-11-05,408.0769958496094,447.5610046386719,374.58099365234375,151824992,58658193552.234375,386.35400390625
2015-11-06,388.0469970703125,395.83599853515625,354.0249938964844,122687000,45942601039.7644,374.4700012207031
2015-11-07,374.2690124511719,390.58599853515625,372.4330139160156,56625100,21884581594.06128,386.4819946289063
2015-11-08,384.2780151367188,389.8949890136719,368.7000122070313,51817600,19347034271.38672,373.3680114746094
2015-11-09,374.3240051269531,385.2780151367188,362.8949890136719,68224400,25942804887.95166,380.2569885253906
2015-11-10,379.9840087890625,381.3869934082031,329.1080017089844,95797904,32266554250.76416,336.8190002441406
2015-11-11,339.82000732421875,340.5849914550781,300.9970092773437,107070000,33307765474.54834,311.0840148925781
2015-11-12,314.0790100097656,345.0809936523437,313.3559875488281,78477800,26537425657.86743,338.1520080566406
2015-11-13,338.4979858398437,340.9140014648437,326.07501220703125,52003000,17512165776.550293,336.75299072265625
2015-11-14,336.6239929199219,338.1809997558594,329.9700012207031,38612000,12854166698.242188,332.906005859375
2015-11-15,333.0509948730469,334.6619873046875,317.489990234375,44213100,14155530716.152954,320.1659851074219
2015-11-16,319.7349853515625,331.6260070800781,315.9049987792969,47980100,15869466394.802856,330.7510070800781
2015-11-17,330.36199951171875,338.3500061035156,329.614013671875,51001600,17090329851.5625,335.093994140625
2015-11-18,334.5929870605469,336.531005859375,330.6400146484375,43783800,14649621481.658936,334.5899963378906
2015-11-19,334.6789855957031,335.3340148925781,325.27301025390625,45011100,14680324660.491943,326.14898681640625
2015-11-20,326.4110107421875,326.4729919433594,312.2170104980469,53152900,17116403332.498169,322.0220031738281
2015-11-21,322.0920104980469,328.15899658203125,319.5950012207031,28200500,9219504918.579102,326.927001953125
2015-11-22,326.9750061035156,327.010009765625,321.2590026855469,23439400,7606929370.19043,324.5360107421875
2015-11-23,324.3500061035156,325.1180114746094,321.2900085449219,27478900,8876948454.342651,323.0459899902344
2015-11-24,323.0140075683594,323.0580139160156,318.1180114746094,29362600,9397382385.687256,320.0459899902344
2015-11-25,320.0450134277344,329.1340026855469,316.7699890136719,41666900,13675326316.912842,328.2059936523437
2015-11-26,328.3030090332031,366.7569885253906,328.22900390625,106105000,37421534809.7229,352.6839904785156
2015-11-27,351.8609924316406,363.5889892578125,347.8699951171875,55179100,19756434891.11328,358.0419921875
2015-11-28,357.1409912109375,359.5360107421875,352.1719970703125,36816600,13157553765.03296,357.3810119628906
2015-11-29,357.47198486328125,371.9389953613281,355.6659851074219,40409300,15003730890.704346,371.29400634765625
2015-11-30,371.43701171875,382.3630065917969,370.3829956054688,71701600,27054520446.411133,377.3210144042969
2015-12-01,377.41400146484375,378.9309997558594,356.56298828125,60452200,21913197472.088623,362.4880065917969
2015-12-02,361.8450012207031,362.2319946289063,349.4649963378906,54160500,19453748148.19336,359.18701171875
2015-12-03,359.3309936523437,370.2749938964844,357.4119873046875,50714900,18310411277.755737,361.0459899902344
2015-12-04,361.2619934082031,363.5159912109375,355.7569885253906,35784100,12996177288.272097,363.1830139160156
2015-12-05,363.7210083007813,389.7850036621094,363.22900390625,66282200,25780395747.62573,388.9490051269531
2015-12-06,389.5549926757813,402.8089904785156,387.0889892578125,77762000,30232542829.65088,388.7829895019531
2015-12-07,389.9779968261719,399.968994140625,385.4110107421875,63455800,25099053990.4541,395.5360107421875
2015-12-08,395.7539978027344,415.56298828125,389.9500122070313,57801400,24020122510.839844,415.56298828125
2015-12-09,414.4410095214844,423.1199951171875,406.2909851074219,90917200,37963657718.16406,417.56298828125
2015-12-10,417.9880065917969,419.5090026855469,411.5480041503906,52138900,21662618236.76758,415.47900390625
2015-12-11,415.281005859375,451.93798828125,415.281005859375,110944000,50139808171.875,451.93798828125
2015-12-12,452.3349914550781,469.1029968261719,410.7409973144531,131969000,57406120317.32178,434.99700927734375
2015-12-13,431.6600036621094,441.6799926757813,426.26800537109375,55050600,23878473271.80176,433.7550048828125
2015-12-14,433.2720031738281,447.1419982910156,430.45599365234375,130496000,57963975164.0625,444.1820068359375
2015-12-15,443.87799072265625,465.3210144042969,443.87799072265625,83121104,38677996431.68506,465.3210144042969
2015-12-16,465.2080078125,465.2080078125,443.85101318359375,107944000,49107394668.21289,454.9339904785156
2015-12-17,454.7770080566406,457.8599853515625,448.8580017089844,47978400,21881892855.76172,456.0780029296875
2015-12-18,455.8469848632813,465.177001953125,454.9400024414063,60220100,27919001719.8761,463.6159973144531
2015-12-19,463.552001953125,465.58099365234375,456.7650146484375,47892700,22141848416.775517,462.3219909667969
2015-12-20,462.2340087890625,462.6449890136719,434.3380126953125,75409400,33382610054.89502,442.68499755859375
2015-12-21,442.8380126953125,444.72900390625,427.31201171875,77639696,34055799201.34912,438.6390075683594
2015-12-22,437.4360046386719,443.68798828125,435.5159912109375,50840400,22195494649.54834,436.5719909667969
2015-12-23,436.7200012207031,444.5289916992188,436.6189880371094,47161400,20864250567.45605,442.4010009765625
2015-12-24,443.0910034179688,458.45599365234375,443.0769958496094,57157200,26005667804.73633,454.9849853515625
2015-12-25,454.8550109863281,458.3049926757813,452.0750122070313,39078500,17806236352.020264,455.6530151367188
2015-12-26,455.7560119628906,457.489013671875,405.760009765625,116166000,48473049952.51465,417.2739868164063
2015-12-27,416.5140075683594,424.0069885253906,408.8829956054688,53591200,22659591852.929688,422.822998046875
2015-12-28,423.3429870605469,429.7690124511719,418.4809875488281,49638600,20961337957.36084,422.2789916992188
2015-12-29,422.0979919433594,432.9830017089844,420.62701416015625,51596500,22340407447.67761,432.9830017089844
2015-12-30,433.2999877929688,434.3869934082031,422.0840148925781,46889400,20003955599.04785,426.6199951171875
2015-12-31,425.875,432.9209899902344,418.7349853515625,45996600,19804617432.1106,430.5669860839844
2016-01-01,430.7210083007813,436.2460021972656,427.5150146484375,36278900,15757160292.886353,434.3340148925781
2016-01-02,434.62200927734375,436.06201171875,431.8699951171875,30096600,13045009758.105469,433.43798828125
2016-01-03,433.5780029296875,433.7430114746094,424.70599365234375,39633800,17042969429.93164,430.010986328125
2016-01-04,430.0610046386719,434.5169982910156,429.0840148925781,38477500,16664259084.014893,433.0910034179688
2016-01-05,433.0690002441406,434.1820068359375,429.6759948730469,34522600,14912382001.00708,431.9599914550781
2016-01-06,431.8559875488281,431.8559875488281,426.3410034179688,34042500,14607807336.502075,429.1050109863281
2016-01-07,430.010986328125,458.7659912109375,429.0769958496094,87562200,40107690949.01733,458.0480041503906
2016-01-08,457.5379943847656,462.9339904785156,447.93798828125,56993000,25830938016.1438,453.2300109863281
2016-01-09,453.3829956054688,454.6400146484375,446.8890075683594,32278000,14447987613.708496,447.6109924316406
2016-01-10,448.2380065917969,448.3089904785156,440.35101318359375,35995900,16125839140.231323,447.9909973144531
2016-01-11,448.697998046875,450.6619873046875,443.8550109863281,40450000,18138912965.393063,448.4280090332031
2016-01-12,448.1820068359375,448.1820068359375,435.6900024414063,115607000,50368814112.24365,435.6900024414063
2016-01-13,434.6650085449219,435.1860046386719,424.4429931640625,173888000,75184128830.07812,432.3710021972656
2016-01-14,432.2879943847656,433.3240051269531,427.8450012207031,43945500,18910012312.27112,430.3059997558594
2016-01-15,430.2550048828125,430.2550048828125,364.33099365234375,153351008,55870525122.22852,364.33099365234375
2016-01-16,365.072998046875,390.5570068359375,354.9140014648437,120352000,46640733964.84375,387.5360107421875
2016-01-17,387.1520080566406,390.9649963378906,380.0920104980469,45319600,17325638269.36035,382.2990112304688
2016-01-18,381.7330017089844,388.10400390625,376.6650085449219,54403900,21063449115.353397,387.1679992675781
2016-01-19,387.0260009765625,387.7300109863281,378.9719848632813,46819800,17798499532.946777,380.1489868164063
2016-01-20,379.739990234375,425.2669982910156,376.5989990234375,121720000,51150396937.25586,420.2300109863281
2016-01-21,419.6319885253906,422.87701416015625,406.2999877929688,68338000,28036484105.529785,410.2619934082031
2016-01-22,409.7510070800781,410.4100036621094,375.2820129394531,91546600,35015842529.504395,382.4920043945313
2016-01-23,382.4339904785156,394.5429992675781,381.9809875488281,56247400,21795361122.34497,387.4909973144531
2016-01-24,388.10198974609375,405.4849853515625,387.510009765625,54824800,22092804935.88867,402.9710083007813
2016-01-25,402.3169860839844,402.3169860839844,388.5539855957031,59062400,23136278481.054688,391.72601318359375
2016-01-26,392.00201416015625,397.7659912109375,390.5750122070313,58147000,22802521371.154785,392.1530151367188
2016-01-27,392.4440002441406,396.8429870605469,391.7820129394531,47424400,18731309398.950195,394.9719848632813
2016-01-28,395.14599609375,395.50201416015625,379.7349853515625,59247900,22531324729.88892,380.28900146484375
2016-01-29,380.1080017089844,384.3789978027344,365.4519958496094,86125296,32682310490.197266,379.4739990234375
2016-01-30,378.864990234375,380.9169921875,376.4909973144531,30284400,11455225869.873049,378.2550048828125
2016-01-31,378.2929992675781,380.3469848632813,367.8349914550781,37894300,13974167263.339231,368.7669982910156
2016-02-01,369.3500061035156,378.0719909667969,367.9570007324219,51656700,19270841862.5885,373.0559997558594
2016-02-02,372.9200134277344,375.8829956054688,372.9200134277344,40378700,15119723378.735352,374.447998046875
2016-02-03,374.64599609375,374.9500122070313,368.0450134277344,45933400,16993015632.098389,369.9490051269531
2016-02-04,370.1740112304688,391.6080017089844,369.9930114746094,69285504,26993216239.40625,389.593994140625
2016-02-05,388.8980102539063,391.093994140625,385.5719909667969,43825000,16940510417.175291,386.5490112304688
2016-02-06,386.5889892578125,386.6310119628906,372.3869934082031,49249300,18543445090.908813,376.5220031738281
2016-02-07,376.5140075683594,380.8710021972656,374.9030151367188,37076300,13963675924.96338,376.6199951171875
2016-02-08,376.7569885253906,379.8789978027344,373.3340148925781,47671100,17802628851.07727,373.4469909667969
2016-02-09,373.4230041503906,377.2460021972656,372.8980102539063,55318500,20801359777.313232,376.0289916992188
2016-02-10,376.14599609375,385.4830017089844,375.7829895019531,85130896,32490120205.17285,381.6489868164063
2016-02-11,382.114013671875,383.1300048828125,376.3989868164063,74375600,28236993425.02441,379.6539916992188
2016-02-12,379.6860046386719,384.9540100097656,379.6000061035156,67042800,25762067489.135742,384.2630004882813
2016-02-13,384.6409912109375,391.8599853515625,384.6409912109375,61911700,24260717855.09033,391.8599853515625
2016-02-14,392.9320068359375,407.2300109863281,392.9320068359375,74469800,30326337472.14966,407.2300109863281
2016-02-15,407.5679931640625,410.3810119628906,397.7489929199219,74070496,29641901260.92383,400.18499755859375
2016-02-16,401.4320068359375,408.9450073242188,401.4320068359375,73093104,29784563244.56689,407.4880065917969
2016-02-17,407.656005859375,421.1669921875,406.7839965820313,83193600,34635325187.69531,416.3219909667969
2016-02-18,416.5719909667969,425.9960021972656,415.6380004882813,76752600,32418224832.97119,422.37298583984375
2016-02-19,422.7300109863281,423.10400390625,417.60400390625,55711300,23442479574.520878,420.7850036621094
2016-02-20,421.60101318359375,441.9840087890625,421.60101318359375,93992096,41089960793.42773,437.16400146484375
2016-02-21,437.7730102539063,448.0459899902344,429.0769958496094,89820704,39413145646.58301,438.7980041503906
2016-02-22,438.989013671875,439.0450134277344,432.9169921875,85385200,37377199320.53223,437.74798583984375
2016-02-23,438.2550048828125,439.8580017089844,417.8210144042969,85244896,35865595918.29199,420.7359924316406
2016-02-24,420.95599365234375,425.5499877929688,413.9070129394531,67743696,28788021424.035645,424.9549865722656
2016-02-25,425.0369873046875,427.718994140625,420.4150085449219,70798000,30056866561.401367,424.54400634765625
2016-02-26,424.6289978027344,432.1520080566406,421.6199951171875,61486000,26571298367.370605,432.1520080566406
2016-02-27,432.8389892578125,434.2309875488281,428.1029968261719,41893600,18119778500.02441,432.5190124511719
2016-02-28,432.5710144042969,435.6830139160156,423.8200073242188,53033400,22990190917.071533,433.5039978027344
2016-02-29,433.43798828125,441.5069885253906,431.6929931640625,60694700,26565887557.632446,437.6969909667969
2016-03-01,437.9169921875,439.6530151367188,432.3190002441406,74895800,32588884122.86377,435.12298583984375
2016-03-02,435.1310119628906,435.9169921875,423.989013671875,74955296,31780222020.52344,423.989013671875
2016-03-03,423.9119873046875,425.37298583984375,419.4110107421875,100484000,42369179182.12891,421.6510009765625
2016-03-04,421.83599853515625,425.1780090332031,410.9389953613281,90856096,37336312812.69238,410.9389953613281
2016-03-05,410.781005859375,411.2569885253906,394.0350036621094,135384992,54231167237.0293,400.5700073242188
2016-03-06,400.5249938964844,411.9070129394531,395.7780151367188,91212496,37187973173.47803,407.7070007324219
2016-03-07,407.7569885253906,415.9169921875,406.3089904785156,85762400,35533164565.74707,414.3210144042969
2016-03-08,414.4649963378906,416.2430114746094,411.093994140625,70311696,29107072352.223637,413.9719848632813
2016-03-09,413.8940124511719,416.0320129394531,411.6059875488281,70012304,29045303411.86914,414.8599853515625
2016-03-10,414.7439880371094,417.5119934082031,413.2510070800781,81022896,33797162600.644043,417.1310119628906
2016-03-11,417.2380065917969,423.9259948730469,417.0130004882813,73969696,31192281286.83008,421.6900024414063
2016-03-12,421.6050109863281,421.7950134277344,410.093994140625,92712896,38162852446.68945,411.6239929199219
2016-03-13,411.6480102539063,416.60400390625,411.6419982910156,74322800,30774470363.45215,414.0650024414063
2016-03-14,414.2009887695313,416.6839904785156,414.2009887695313,95259400,39669632900.87891,416.43798828125
2016-03-15,416.3880004882813,418.1310119628906,414.9849853515625,66781700,27836615114.27307,416.8299865722656
2016-03-16,416.8880004882813,417.6860046386719,415.9119873046875,65185800,27183194752.58789,417.010986328125
2016-03-17,417.8890075683594,420.99700927734375,417.8890075683594,83528600,35133883444.13452,420.6210021972656
2016-03-18,420.5469970703125,420.5469970703125,406.1369934082031,104940000,42977967555.54199,409.5480041503906
2016-03-19,409.2650146484375,410.9840087890625,407.2300109863281,58423000,23979369826.263428,410.4440002441406
2016-03-20,410.4010009765625,414.625,410.4010009765625,45947900,19011173588.85498,413.7550048828125
2016-03-21,413.4179992675781,413.4179992675781,410.3810119628906,61655400,25482608829.27246,413.3070068359375
2016-03-22,413.1319885253906,418.375,412.531005859375,66813300,27933905065.979004,418.0889892578125
2016-03-23,418.1610107421875,419.26800537109375,417.364013671875,61444200,25686193897.13745,418.0409851074219
2016-03-24,418.4240112304688,418.6799926757813,415.4859924316406,68346704,28459158316.37256,416.3940124511719
2016-03-25,416.5079956054688,418.0799865722656,415.5580139160156,52560000,21926823222.65625,417.177001953125
2016-03-26,417.364990234375,418.9869995117188,416.2590026855469,44650400,18661411755.029297,417.9450073242188
2016-03-27,418.1400146484375,428.7969970703125,417.71099853515625,71229400,30398215934.39941,426.7650146484375
2016-03-28,426.5480041503906,426.8569946289063,423.2929992675781,68522800,29069495113.61084,424.2309875488281
2016-03-29,424.3039855957031,426.2030029296875,412.6809997558594,75411504,31410097337.26758,416.5159912109375
2016-03-30,416.8340148925781,416.8340148925781,412.4960021972656,66034100,27392001854.34265,414.8160095214844
2016-03-31,415.2569885253906,418.3689880371094,415.2569885253906,60215200,25093420316.015625,416.72900390625
2016-04-01,416.760009765625,418.1730041503906,415.83099365234375,51235700,21414472734.194942,417.9599914550781
2016-04-02,418.4219970703125,422.08099365234375,418.4219970703125,45681200,19225983040.74707,420.87298583984375
2016-04-03,421.1730041503906,421.5799865722656,419.6969909667969,38053700,16016954228.92456,420.9039916992188
2016-04-04,421.2990112304688,422.3429870605469,419.60101318359375,50634300,21339521941.56189,421.4440002441406
2016-04-05,421.0169982910156,424.2569885253906,420.614013671875,60718000,25746253465.881348,424.0299987792969
2016-04-06,424.2839965820313,424.5270080566406,422.72900390625,59091000,25019897251.190186,423.4129943847656
2016-04-07,423.6199951171875,423.6570129394531,420.51800537109375,57858600,24459433574.487305,422.7449951171875
2016-04-08,422.9070129394531,425.3609924316406,419.635009765625,63454700,26673119628.33252,420.3489990234375
2016-04-09,420.8110046386719,420.8909912109375,416.5150146484375,49792700,20883606634.58252,419.4110107421875
2016-04-10,419.5920104980469,422.43499755859375,419.2569885253906,73478600,30975932189.556885,421.5639953613281
2016-04-11,421.87200927734375,422.739013671875,420.5329895019531,50747500,21439956129.226685,422.4830017089844
2016-04-12,422.8429870605469,427.2770080566406,422.8429870605469,70728800,30073178644.67773,425.1900024414063
2016-04-13,425.6319885253906,426.6579895019531,422.9159851074219,69060400,29263240140.57617,423.7340087890625
2016-04-14,423.93499755859375,425.3710021972656,423.0130004882813,45281000,19211913827.911377,424.2820129394531
2016-04-15,424.427001953125,429.9280090332031,424.427001953125,54801500,23548917665.222168,429.7130126953125
2016-04-16,429.5750122070313,432.625,428.9840087890625,39392800,16961436325.756836,430.5719909667969
2016-04-17,430.635986328125,431.3710021972656,426.0790100097656,52125900,22278556846.89331,427.3989868164063
2016-04-18,427.6109924316406,429.2739868164063,427.08599853515625,55670900,23860046892.1814,428.5910034179688
2016-04-19,428.7030029296875,436.0199890136719,428.10400390625,52810500,22999448186.325077,435.5090026855469
2016-04-20,435.3240051269531,443.0539855957031,434.406005859375,72890096,32172887135.00244,441.3890075683594
2016-04-21,441.4159851074219,450.5480041503906,440.9519958496094,68204704,30652898262.623047,449.4249877929688
2016-04-22,449.68798828125,449.80999755859375,444.1499938964844,58804400,26211296814.086918,445.7369995117188
2016-04-23,445.8609924316406,450.2820129394531,444.33099365234375,50485400,22732667536.053467,450.2820129394531
2016-04-24,450.55999755859375,460.14599609375,448.9280090332031,68198400,31272716812.5,458.5549926757813
2016-04-25,459.1210021972656,466.6199951171875,453.5920104980469,87091800,40186420460.28442,461.4259948730469
2016-04-26,461.6480102539063,467.9649963378906,461.6210021972656,78971904,36807934915.125,466.0889892578125
2016-04-27,466.2619934082031,467.0790100097656,444.1340026855469,93564896,41607094004.015625,444.68701171875
2016-04-28,445.0379943847656,449.5509948730469,436.6499938964844,74064704,33255865795.140625,449.010986328125
2016-04-29,449.4079895019531,455.3840026855469,446.0169982910156,49258500,22417394828.88794,455.0969848632813
2016-04-30,455.1780090332031,455.5870056152344,447.6969909667969,69322600,31078568912.91504,448.3179931640625
2016-05-01,448.4840087890625,452.47900390625,447.927001953125,40660100,18373282687.5,451.875
2016-05-02,451.9330139160156,452.4450073242188,441.7760009765625,92127000,40966021547.79053,444.66900634765625
2016-05-03,444.72698974609375,451.0969848632813,442.6170043945313,59366400,26732926530.46875,450.3039855957031
2016-05-04,450.1830139160156,450.37799072265625,445.6300048828125,50407300,22518049107.59888,446.7219848632813
2016-05-05,446.71099853515625,448.5060119628906,445.8829956054688,50440800,22596268485.791016,447.97601318359375
2016-05-06,447.9419860839844,461.375,447.0679931640625,72796800,33457627439.35547,459.6029968261719
2016-05-07,459.6390075683594,460.6749877929688,457.3240051269531,38364500,17591504784.118652,458.5360107421875
2016-05-08,458.4289855957031,459.4169921875,455.9830017089844,40315000,18486362787.323,458.5480041503906
2016-05-09,458.20599365234375,462.4809875488281,456.531005859375,55493100,25553629262.13684,460.4830017089844
2016-05-10,460.51800537109375,461.9289855957031,448.9540100097656,58956100,26583010061.78894,450.8949890136719
2016-05-11,450.864013671875,454.5759887695313,450.864013671875,50605200,22910390824.987797,452.7279968261719
2016-05-12,452.4469909667969,454.9490051269531,449.25,59849300,27217426237.78076,454.7659912109375
2016-05-13,454.8500061035156,457.0549926757813,453.4530029296875,60845000,27725241967.010494,455.6700134277344
2016-05-14,455.822998046875,456.83599853515625,454.7860107421875,37209000,16955061866.54663,455.6709899902344
2016-05-15,455.7590026855469,458.6919860839844,455.4590148925781,28514000,13047093757.080078,457.5679931640625
2016-05-16,457.58599853515625,458.2000122070313,452.9450073242188,59171500,26873505622.23816,454.1629943847656
2016-05-17,454.0090026855469,455.0719909667969,453.6050109863281,64100300,29087625761.97205,453.7829895019531
2016-05-18,453.6910095214844,455.99798583984375,453.2990112304688,86850096,39483702754.4458,454.6189880371094
2016-05-19,454.5239868164063,454.6329956054688,438.7149963378906,96027400,42128660439.33716,438.7149963378906
2016-05-20,437.7929992675781,444.0539855957031,437.3890075683594,81987904,36294076970.75586,442.6759948730469
2016-05-21,442.9660034179688,443.7780151367188,441.70599365234375,42762300,18951737711.279297,443.18798828125
2016-05-22,443.2179870605469,443.427001953125,439.0350036621094,39657600,17422495727.34375,439.322998046875
2016-05-23,439.3479919433594,444.3450012207031,438.822998046875,50582500,22466470225.753784,444.1549987792969
2016-05-24,444.2909851074219,447.1000061035156,443.9299926757813,65783100,29338011902.023315,445.9809875488281
2016-05-25,446.06201171875,450.2980041503906,446.06201171875,65231000,29327792305.29785,449.5989990234375
2016-05-26,449.6719970703125,453.6440124511719,447.89599609375,65203800,29562359834.30786,453.3840026855469
2016-05-27,453.52099609375,478.1489868164063,453.52099609375,164780992,78017865826.17969,473.4639892578125
2016-05-28,473.0289916992188,533.4730224609375,472.6990051269531,181199008,96042718218.89648,530.0399780273438
2016-05-29,527.4769897460938,553.9600219726562,512.1790161132812,148736992,78270309226.23242,526.2329711914062
2016-05-30,528.4710083007812,544.3489990234375,522.9630126953125,87958704,46957986754.81641,533.864013671875
2016-05-31,534.1909790039062,546.6179809570312,520.6619873046875,138450000,73570389807.1289,531.385986328125
2016-06-01,531.1069946289062,543.0800170898438,525.635986328125,86061800,46208300185.217285,536.9199829101562
2016-06-02,536.5150146484375,540.3519897460938,533.0780029296875,60378200,32481780096.472168,537.9719848632812
2016-06-03,537.6820068359375,574.6380004882812,536.9199829101562,122020000,69453048186.03516,569.1939697265625
2016-06-04,569.7050170898438,590.1320190429688,564.2379760742188,94925296,54366279028.836914,572.7269897460938
2016-06-05,573.3079833984375,582.8079833984375,569.177978515625,68874096,39601020389.56348,574.9769897460938
2016-06-06,574.6019897460938,586.469970703125,574.6019897460938,72138896,42239991831.32617,585.5369873046875
2016-06-07,585.4450073242188,590.2589721679688,567.5139770507812,107770000,62139857058.71582,576.5969848632812
2016-06-08,577.1669921875,582.8389892578125,573.1300048828125,80265800,46686202808.69141,581.64501953125
2016-06-09,582.2030029296875,582.2030029296875,570.9509887695312,71301000,40971693978.14941,574.6300048828125
2016-06-10,575.8369750976562,579.1270141601562,573.3250122070312,66991900,38685810530.34668,577.469970703125
2016-06-11,578.6740112304688,607.1160278320312,578.6740112304688,82357000,49968214694.51904,606.7269897460938
2016-06-12,609.6840209960938,684.843994140625,607.0390014648438,277084992,186418348310.66016,672.7839965820312
2016-06-13,671.6539916992188,716.0040283203125,664.4869995117188,243295008,171371158852.78125,704.3759765625
2016-06-14,704.5040283203125,704.5040283203125,662.8040161132812,186694000,127989755865.84473,685.5590209960938
2016-06-15,685.6849975585938,696.302978515625,672.5609741210938,99223800,68907852580.81055,694.468994140625
2016-06-16,696.5230102539062,773.7219848632812,696.5230102539062,271633984,208155290501.52344,766.3079833984375
2016-06-17,768.4869995117188,775.3560180664062,716.5560302734375,363320992,272094359555.9082,748.9089965820312
2016-06-18,748.7559814453125,777.989990234375,733.9290161132812,252718000,191112172394.6533,756.2269897460938
2016-06-19,756.68798828125,766.6209716796875,745.6279907226562,136184992,104015510172.71094,763.781005859375
2016-06-20,763.927001953125,764.083984375,732.7269897460938,174511008,128654054684.49023,737.2260131835938
2016-06-21,735.8829956054688,735.8829956054688,639.0700073242188,309944000,206624780526.3672,666.6519775390625
2016-06-22,665.9149780273438,678.6699829101562,587.4829711914062,266392992,158801132233.33008,596.1160278320312
2016-06-23,597.4429931640625,629.3270263671875,558.1389770507812,253462000,158154455775.0244,623.9769897460938
2016-06-24,625.5750122070312,681.7269897460938,625.27197265625,224316992,149237872979.79297,665.2990112304688
2016-06-25,665.281005859375,691.7310180664062,646.5590209960938,126656000,84241816894.53125,665.1229858398438
2016-06-26,665.9310302734375,665.97998046875,616.9340209960938,109225000,68742611054.99268,629.3670043945312
2016-06-27,629.3489990234375,655.2750244140625,620.5239868164062,122134000,80031359831.78711,655.2750244140625
2016-06-28,658.1019897460938,659.2479858398438,637.7730102539062,138384992,89535224965.59375,647.0009765625
2016-06-29,644.1220092773438,644.6820068359375,628.2839965820312,142456000,91156171926.7578,639.8900146484375
2016-06-30,640.5910034179688,675.4030151367188,636.6079711914062,138980000,93580372799.07228,673.3369750976562
2016-07-01,672.5150146484375,686.1539916992188,669.593994140625,134431008,90915155743.2539,676.2960205078125
2016-07-02,676.7340087890625,703.7020263671875,676.3989868164062,112354000,79063737470.45898,703.7020263671875
2016-07-03,704.968017578125,704.968017578125,649.0089721679688,129512000,85304892157.71484,658.6640014648438
2016-07-04,658.8040161132812,683.6619873046875,650.5079956054688,92008400,62902645592.72461,683.6619873046875
2016-07-05,683.208984375,683.4910278320312,665.0659790039062,130476000,87500730299.56055,670.6270141601562
2016-07-06,670.4180297851562,681.8980102539062,670.4180297851562,134960992,91413262815.66602,677.3309936523438
2016-07-07,678.0900268554688,682.4320068359375,611.833984375,258091008,165323295291.0,640.56201171875
2016-07-08,640.68798828125,666.7069702148438,636.4669799804688,141970000,94626271765.74709,666.5230102539062
2016-07-09,666.3839721679688,666.3839721679688,633.3989868164062,180536000,117521718526.85548,650.9600219726562
2016-07-10,650.5989990234375,652.2940063476562,641.2639770507812,102532000,66580178018.06641,649.3599853515625
2016-07-11,648.4840087890625,659.6290283203125,644.97998046875,107910000,69888882321.16699,647.6589965820312
2016-07-12,648.2830200195312,675.2589721679688,646.7789916992188,138172992,91823003514.89062,664.551025390625
2016-07-13,664.7969970703125,668.7000122070312,654.468017578125,131449000,86029166442.62695,654.468017578125
2016-07-14,652.9229736328125,662.9019775390625,652.9229736328125,98511400,64828185377.80762,658.0780029296875
2016-07-15,659.1710205078125,667.0770263671875,659.0399780273438,81673104,54170094992.31445,663.2550048828125
2016-07-16,663.781005859375,666.4600219726562,659.333984375,50330200,33256536713.342285,660.7670288085938
2016-07-17,661.9929809570312,682.364990234375,661.9929809570312,74407904,50557118881.3125,679.458984375
2016-07-18,679.8090209960938,681.5549926757812,668.625,69465000,46757309544.98291,673.1060180664062
2016-07-19,672.7379760742188,673.2769775390625,667.6320190429688,61203300,41181498087.96387,672.864013671875
2016-07-20,672.8060302734375,672.9290161132812,663.3599853515625,94636400,62998031702.9541,665.6849975585938
2016-07-21,665.22802734375,666.218994140625,660.4149780273438,60491800,40227774348.91357,665.0120239257812
2016-07-22,664.9219970703125,666.5830078125,646.7219848632812,134169000,87292903100.46387,650.6190185546875
2016-07-23,650.7260131835938,656.3660278320312,648.5239868164062,69532200,45582253008.17871,655.5560302734375
2016-07-24,655.4099731445312,663.1099853515625,652.7930297851562,118184000,78153303266.11328,661.2849731445312
2016-07-25,661.2630004882812,661.8280029296875,653.39501953125,78176496,51135010320.77637,654.0969848632812
2016-07-26,654.2260131835938,656.2249755859375,645.8790283203125,225135008,146739395284.76758,651.7839965820312
2016-07-27,651.6270141601562,657.4559936523438,648.447021484375,147460992,96491393525.1328,654.3519897460938
2016-07-28,654.4920043945312,657.594970703125,654.4920043945312,86428400,56613624672.924805,655.0349731445312
2016-07-29,655.1110229492188,657.7960205078125,654.7860107421875,60703500,39881714138.76343,656.9920043945312
2016-07-30,657.0120239257812,658.2230224609375,654.208984375,38456100,25190552824.035645,655.0469970703125
2016-07-31,655.0999755859375,655.2849731445312,624.364990234375,110818000,69225902412.8418,624.6810302734375
2016-08-01,624.6019897460938,626.1190185546875,605.8839721679688,121887000,73896671931.15234,606.27197265625
2016-08-02,606.39697265625,612.8480224609375,531.333984375,330932992,181174239352.64062,547.4650268554688
2016-08-03,548.656005859375,573.3599853515625,541.5469970703125,207982000,117791641547.85156,566.35498046875
2016-08-04,566.3289794921875,579.4959716796875,565.7769775390625,125292000,72454985571.5332,578.2890014648438
2016-08-05,578.281005859375,578.281005859375,569.9819946289062,66127900,38026387969.32984,575.0430297851562
2016-08-06,575.030029296875,588.39599609375,569.468994140625,80797296,47490874271.293945,587.7780151367188
2016-08-07,587.77099609375,597.5130004882812,586.8159790039062,82398400,48836707897.16797,592.6900024414062
2016-08-08,592.7360229492188,592.9940185546875,588.0469970703125,61194100,36169018567.437744,591.0540161132812
2016-08-09,591.0380249023438,591.0910034179688,584.7930297851562,92228096,54211769398.625,587.801025390625
2016-08-10,587.6480102539062,599.9840087890625,586.3709716796875,102905000,60930362028.80859,592.10302734375
2016-08-11,592.1240234375,597.5419921875,589.1199951171875,74514400,43897922964.16016,589.1199951171875
2016-08-12,588.7979736328125,589.9099731445312,583.8109741210938,69218000,40669660315.30762,587.5590209960938
2016-08-13,587.3569946289062,589.7739868164062,584.97900390625,43563000,25509970597.0459,585.5880126953125
2016-08-14,585.5889892578125,585.666015625,564.781005859375,60851100,34713910937.072754,570.4730224609375
2016-08-15,570.4940185546875,573.5800170898438,563.239990234375,57262300,32481466492.79785,567.239990234375
2016-08-16,567.2429809570312,581.7379760742188,566.7160034179688,58405200,33725441794.26269,577.4390258789062
2016-08-17,577.760986328125,580.8939819335938,571.4299926757812,54443000,31207598874.084476,573.2160034179688
2016-08-18,573.7069702148438,577.7919921875,573.4299926757812,59896600,34399695109.350586,574.3179931640625
2016-08-19,574.3389892578125,578.2379760742188,574.1820068359375,50631600,29145068155.22461,575.6300048828125
2016-08-20,576.083984375,582.8179931640625,575.4569702148438,45301400,26351689449.072266,581.697021484375
2016-08-21,581.9390258789062,584.1580200195312,580.218017578125,38299400,22263746979.37012,581.3079833984375
2016-08-22,581.3109741210938,588.447998046875,580.593994140625,72844000,42741434856.20117,586.7529907226562
2016-08-23,586.77099609375,589.4739990234375,581.6339721679688,85349200,49794001642.65137,583.4149780273438
2016-08-24,583.4119873046875,583.5900268554688,579.85498046875,56328200,32680608117.45605,580.1820068359375
2016-08-25,580.1799926757812,580.4509887695312,575.1669921875,136130000,78650603068.84766,577.760986328125
2016-08-26,577.7529907226562,580.6229858398438,576.8579711914062,48856800,28319893024.51172,579.6510009765625
2016-08-27,579.4520263671875,579.844970703125,568.6300048828125,59698300,34024868272.680664,569.947021484375
2016-08-28,569.8300170898438,574.0380249023438,569.739990234375,86301600,49529522763.57422,573.9119873046875
2016-08-29,574.0709838867188,576.2780151367188,573.4650268554688,110398000,63380263993.04199,574.1069946289062
2016-08-30,574.114013671875,578.3569946289062,574.114013671875,70342400,40622946374.609375,577.5029907226562
2016-08-31,577.5910034179688,577.8610229492188,573.6420288085938,75840896,43644310954.92969,575.4719848632812
2016-09-01,575.5460205078125,576.3109741210938,571.8140258789062,76923400,44023490937.54883,572.302978515625
2016-09-02,572.4099731445312,575.6430053710938,570.8109741210938,79910800,45991621085.10742,575.5369873046875
2016-09-03,575.5549926757812,599.5,574.0560302734375,159014000,95124079008.17873,598.2119750976562
2016-09-04,598.5900268554688,611.8369750976562,596.8480224609375,97942896,59611373838.11426,608.6339721679688
2016-09-05,608.989990234375,609.0549926757812,602.2420043945312,82446800,50011406626.14746,606.5900268554688
2016-09-06,606.5059814453125,610.8300170898438,605.0910034179688,78529104,47936990097.09668,610.4359741210938
2016-09-07,610.572998046875,614.5449829101562,608.5130004882812,75032400,46110711701.87988,614.5440063476562
2016-09-08,614.635009765625,628.77001953125,613.843994140625,86713000,54309737487.36572,626.3159790039062
2016-09-09,626.3519897460938,626.8300170898438,620.2630004882812,64550200,40205803603.57666,622.8610229492188
2016-09-10,622.927001953125,625.094970703125,622.39501953125,45016800,28068378698.291016,623.5089721679688
2016-09-11,623.4240112304688,628.8179931640625,600.5059814453125,73610800,44661070533.88672,606.718994140625
2016-09-12,607.0050048828125,608.458984375,605.4110107421875,72812304,44287572835.30957,608.2429809570312
2016-09-13,608.0250244140625,611.1929931640625,606.9249877929688,86920600,52955595683.776855,609.2410278320312
2016-09-14,608.8410034179688,611.9520263671875,608.4099731445312,47877700,29238146352.04468,610.6840209960938
2016-09-15,610.5880126953125,611.0859985351562,607.155029296875,59464600,36104230955.12695,607.155029296875
2016-09-16,607.2459716796875,609.260986328125,606.7349853515625,64963400,39431031247.33887,606.9730224609375
2016-09-17,607.218017578125,607.8599853515625,605.1920166015625,37140300,22506427881.628414,605.9840087890625
2016-09-18,606.2830200195312,610.1580200195312,605.8560180664062,48679400,29688301536.52344,609.8740234375
2016-09-19,609.8709716796875,610.9320068359375,608.27001953125,54796400,33383445820.92285,609.2269897460938
2016-09-20,609.2540283203125,609.5250244140625,607.93798828125,72710896,44230911419.63281,608.31201171875
2016-09-21,603.5880126953125,603.5880126953125,595.8829956054688,82776200,49429723962.51221,597.1489868164062
2016-09-22,597.2789916992188,598.4869995117188,596.2130126953125,67085300,40002828450.54932,596.2979736328125
2016-09-23,596.198974609375,603.2050170898438,595.7860107421875,51067000,30785331391.6626,602.8419799804688
2016-09-24,602.9609985351562,604.5800170898438,602.0449829101562,35359500,21308518687.5,602.625
2016-09-25,602.7490234375,603.3809814453125,599.7109985351562,33977800,20414745281.21338,600.8259887695312
2016-09-26,600.8070068359375,608.1430053710938,600.3489990234375,59153800,35968055775.305176,608.0430297851562
2016-09-27,608.02197265625,608.2479858398438,604.1099853515625,49422400,29958179290.625,606.166015625
2016-09-28,606.2429809570312,606.5900268554688,604.6069946289062,48722600,29463921785.058598,604.72802734375
2016-09-29,605.0189819335938,606.823974609375,604.8480224609375,55658600,33712024029.32129,605.6929931640625
2016-09-30,605.7150268554688,609.7349853515625,604.1420288085938,56122400,34219790741.89453,609.7349853515625
2016-10-01,609.9290161132812,615.2369995117188,609.9290161132812,56357000,34602238307.43408,613.9829711914062
2016-10-02,613.947998046875,614.0050048828125,609.6820068359375,39249800,23977389952.331543,610.8920288085938
2016-10-03,610.968017578125,612.5679931640625,610.4550170898438,46798300,28646783568.24341,612.1329956054688
2016-10-04,612.052001953125,612.0540161132812,609.47900390625,49801600,30389134505.078125,610.2039794921875
2016-10-05,610.218017578125,613.8140258789062,609.6170043945312,68077504,41698219121.79688,612.510986328125
2016-10-06,612.469970703125,613.8189697265625,611.468994140625,56812100,34827010132.177734,613.02099609375
2016-10-07,612.6079711914062,617.9119873046875,611.8209838867188,64071400,39539804624.87793,617.1209716796875
2016-10-08,617.3410034179688,619.8489990234375,617.3410034179688,42345900,26216684237.27417,619.1079711914062
2016-10-09,619.1719970703125,619.197998046875,616.6069946289062,39243400,24203445992.49268,616.7520141601562
2016-10-10,616.822021484375,621.3179931640625,616.197021484375,67481104,41770399741.4668,618.9940185546875
2016-10-11,619.2379760742188,642.0800170898438,618.5,103590000,66408650705.56641,641.072021484375
2016-10-12,640.8709716796875,641.3369750976562,635.9650268554688,92370200,58765183811.88965,636.1920166015625
2016-10-13,636.030029296875,638.8330078125,635.0289916992188,61620700,39239199732.14111,636.7860107421875
2016-10-14,637.0079956054688,641.2849731445312,637.0079956054688,58144600,37234522119.37256,640.3779907226562
2016-10-15,640.3109741210938,642.1019897460938,637.3900146484375,39035400,24929801915.91797,638.64599609375
2016-10-16,639.0830078125,642.8980102539062,638.9010009765625,40298100,25856509453.381348,641.6309814453125
2016-10-17,641.8179931640625,642.3280029296875,638.6630249023438,58063600,37113846277.88086,639.1929931640625
2016-10-18,639.4110107421875,640.7360229492188,635.9959716796875,65546700,41816174172.23511,637.9600219726562
2016-10-19,638.1339721679688,638.8740234375,628.0130004882812,69381696,43746548317.03125,630.52001953125
2016-10-20,630.6630249023438,631.9169921875,628.2579956054688,56957300,35931911100.177,630.8569946289062
2016-10-21,630.8250122070312,634.093994140625,630.6939697265625,55951000,35407359591.918945,632.8280029296875
2016-10-22,633.135986328125,658.197021484375,632.8499755859375,78556496,51634713980.47363,657.2940063476562
2016-10-23,657.6209716796875,661.1290283203125,653.885986328125,54474600,35793679018.83545,657.0709838867188
2016-10-24,657.1610107421875,657.2520141601562,652.594970703125,62218200,40675831799.56055,653.760986328125
2016-10-25,654.0020141601562,664.4240112304688,653.697998046875,90378800,59432015481.78711,657.5880126953125
2016-10-26,657.677978515625,679.72802734375,657.677978515625,88877104,60285696583.71777,678.3040161132812
2016-10-27,678.2139892578125,688.593994140625,678.0399780273438,96105296,66150523479.41406,688.31298828125
2016-10-28,688.0,690.4439697265625,684.1619873046875,81145504,55962078058.34766,689.6510009765625
2016-10-29,690.2890014648438,720.4019775390625,690.052001953125,134760992,96283899329.57812,714.47900390625
2016-10-30,714.1179809570312,714.1179809570312,696.4749755859375,100665000,70653140936.2793,701.864013671875
2016-10-31,702.6400146484375,709.2890014648438,691.6820068359375,97064400,68039425127.56348,700.9719848632812
2016-11-01,701.3369750976562,736.4520263671875,701.3369750976562,130527000,95257694798.76707,729.7930297851562
2016-11-02,730.0659790039062,740.8289794921875,722.3489990234375,84865200,62870599510.40039,740.8289794921875
2016-11-03,742.3460083007812,745.7730102539062,678.156005859375,172808000,119012871709.47266,688.7000122070312
2016-11-04,689.1240234375,706.9299926757812,685.56298828125,99907696,70258587133.06836,703.2349853515625
2016-11-05,703.5250244140625,707.510009765625,697.739013671875,53752300,37810336962.420654,703.4180297851562
2016-11-06,703.81201171875,714.2579956054688,699.5599975585938,59902200,42621731510.44922,711.52197265625
2016-11-07,710.7360229492188,710.7360229492188,699.9030151367188,65047100,45736631263.17139,703.1309814453125
2016-11-08,703.0889892578125,712.9869995117188,702.3900146484375,79660800,56547061347.65625,709.8480224609375
2016-11-09,709.8250122070312,740.0460205078125,708.6099853515625,132429000,95782321474.91457,723.2730102539062
2016-11-10,722.843994140625,723.0180053710938,711.2100219726562,68807800,49234320130.01709,715.5339965820312
2016-11-11,715.5549926757812,718.3179931640625,714.4099731445312,63119700,45219648074.74365,716.4110107421875
2016-11-12,716.7520141601562,717.1480102539062,704.0349731445312,64622500,45562353156.28052,705.0540161132812
2016-11-13,705.1959838867188,705.2570190429688,687.3150024414062,80318096,56385793723.58984,702.031005859375
2016-11-14,701.9970092773438,706.2839965820312,699.8079833984375,62993000,44411387606.93359,705.02099609375
2016-11-15,705.7940063476562,715.718017578125,705.260009765625,72038496,51263963821.67578,711.6190185546875
2016-11-16,711.1669921875,747.614990234375,709.0390014648438,141294000,105150711936.03516,744.197998046875
2016-11-17,744.8759765625,755.64501953125,739.510986328125,108579000,80454540569.64111,740.9769897460938
2016-11-18,740.7050170898438,752.8820190429688,736.8900146484375,87363104,65660800439.43945,751.5850219726562
2016-11-19,751.8330078125,756.2369995117188,744.4669799804688,110608000,83134745606.44531,751.6160278320312
2016-11-20,751.8790283203125,755.47998046875,717.9439697265625,154116000,112662803166.5039,731.0260009765625
2016-11-21,731.2650146484375,741.7219848632812,730.510009765625,60802400,44948051734.22852,739.2479858398438
2016-11-22,739.6430053710938,753.8699951171875,736.5269775390625,129906000,97604481415.6494,751.3469848632812
2016-11-23,751.7410278320312,752.25,738.9240112304688,76543800,56994053768.70117,744.593994140625
2016-11-24,744.6199951171875,746.8319702148438,733.489990234375,85919296,63605109842.40234,740.2890014648438
2016-11-25,740.4420166015625,741.6489868164062,734.5910034179688,67807600,50289437838.45215,741.6489868164062
2016-11-26,741.510986328125,742.2139892578125,729.625,54962700,40418581298.05298,735.3820190429688
2016-11-27,735.43701171875,739.0180053710938,731.0850219726562,52601800,38506357250.354,732.0349731445312
2016-11-28,732.4840087890625,738.0059814453125,732.4840087890625,61888600,45538435706.54297,735.81298828125
2016-11-29,736.3289794921875,737.4710083007812,734.5590209960938,68511104,50397042414.4375,735.60400390625
2016-11-30,736.2839965820312,747.9290161132812,736.2650146484375,84070800,62690837157.6416,745.6909790039062
2016-12-01,746.0460205078125,758.2750244140625,746.0460205078125,80461904,60891475876.91895,756.7739868164062
2016-12-02,757.5449829101562,781.2960205078125,757.5449829101562,127605000,99269540256.958,777.9439697265625
2016-12-03,778.2479858398438,778.2479858398438,764.8560180664062,69547296,53631747084.39844,771.155029296875
2016-12-04,771.6380004882812,773.8720092773438,768.1610107421875,60557900,46864063750.616455,773.8720092773438
2016-12-05,773.3939819335938,773.468017578125,751.7130126953125,106363000,80697609398.37646,758.7000122070312
2016-12-06,758.719970703125,765.6220092773438,758.719970703125,116218000,88816584718.50586,764.2239990234375
2016-12-07,764.2109985351562,771.5430297851562,759.75,96426096,74067971808.91113,768.1320190429688
2016-12-08,768.0759887695312,774.697998046875,765.9459838867188,80111904,61751056526.6543,770.8099975585938
2016-12-09,769.9439697265625,774.5280151367188,769.6489868164062,68705296,53095040953.1416,772.7940063476562
2016-12-10,773.0230102539062,777.0919799804688,772.9099731445312,53843100,41709558729.52881,774.6500244140625
2016-12-11,774.7520141601562,774.7979736328125,765.4119873046875,57313400,44115901730.84717,769.7310180664062
2016-12-12,770.0399780273438,781.9219970703125,770.0399780273438,76571000,59732039770.20264,780.0869750976562
2016-12-13,780.64697265625,788.4600219726562,777.9619750976562,81645600,63728965425.29297,780.5560302734375
2016-12-14,780.0050048828125,782.0339965820312,776.8389892578125,75979000,59376146271.66748,781.4810180664062
2016-12-15,780.0700073242188,781.4349975585938,777.802001953125,81580096,63476494772.13281,778.0880126953125
2016-12-16,778.9630126953125,785.031982421875,778.9630126953125,83608200,65624659967.72461,784.906982421875
2016-12-17,785.166015625,792.5089721679688,784.864013671875,78989800,62467422924.29199,790.8289794921875
2016-12-18,791.0079956054688,794.7369995117188,788.0260009765625,60524400,47846355705.17578,790.530029296875
2016-12-19,790.6920166015625,793.6110229492188,790.3200073242188,74886400,59363496885.15625,792.7139892578125
2016-12-20,792.2470092773438,801.3369750976562,791.4970092773438,99629296,79790709728.23438,800.8759765625
2016-12-21,800.6439819335938,834.281005859375,799.405029296875,155576000,129794101767.57812,834.281005859375
2016-12-22,834.1799926757812,875.781982421875,834.1489868164062,200027008,172931345101.1953,864.5399780273438
2016-12-23,864.8880004882812,925.1170043945312,864.677001953125,275564000,254065601397.9492,921.9840087890624
2016-12-24,922.1799926757812,923.47900390625,886.3350219726562,137727008,123792067743.55469,898.822021484375
2016-12-25,899.6519775390625,899.6519775390625,862.4240112304688,143664992,128750121140.47266,896.1829833984375
2016-12-26,896.905029296875,913.1840209960938,896.8980102539062,123771000,112335795496.94824,907.6099853515624
2016-12-27,908.35400390625,940.0479736328124,904.2550048828124,167308000,156131490657.22656,933.197998046875
2016-12-28,934.8309936523438,975.9210205078124,934.8309936523438,236630000,230932191082.76367,975.9210205078124
2016-12-29,975.125,979.39697265625,954.5029907226562,199320000,194037423889.16016,973.4970092773438
2016-12-30,972.5349731445312,972.5349731445312,934.8330078125,187474000,180207128326.5381,961.2379760742188
2016-12-31,960.6270141601562,963.7429809570312,947.2360229492188,99135104,95540760646.44531,963.7429809570312
2017-01-01,963.6580200195312,1003.0800170898438,958.698974609375,147775008,147527486665.49414,998.3250122070312
2017-01-02,998.6170043945312,1031.3900146484375,996.7020263671876,222184992,227017515576.0,1021.75
2017-01-03,1021.5999755859376,1044.0799560546875,1021.5999755859376,185168000,193285758791.0156,1043.8399658203125
2017-01-04,1044.4000244140625,1159.4200439453125,1044.4000244140625,344945984,398319469367.09375,1154.72998046875
2017-01-05,1156.72998046875,1191.0999755859375,910.4169921875,510199008,517025473218.2461,1013.3800048828124
2017-01-06,1014.239990234375,1046.81005859375,883.9439697265625,351876000,317462875124.2676,902.2009887695312
2017-01-07,903.4869995117188,908.5850219726562,823.5560302734375,279550016,253994957429.8164,908.5850219726562
2017-01-08,908.1749877929688,942.7239990234376,887.2490234375,158715008,144620952544.71875,911.198974609375
2017-01-09,913.2440185546876,913.6859741210938,879.8070068359375,141876992,128090521349.03123,902.8280029296876
2017-01-10,902.4400024414062,914.8729858398438,901.0599975585938,115808000,105116491498.04688,907.6790161132812
2017-01-11,908.114990234375,919.447998046875,762.7650146484375,310928992,241827205951.95508,777.7570190429688
2017-01-12,775.177978515625,826.2459716796875,755.7559814453125,222326000,178935520410.15625,804.833984375
2017-01-13,803.7369995117188,829.0009765625,780.0029907226562,168968000,139226929997.0703,823.9840087890625
2017-01-14,825.1420288085938,835.0850219726562,812.4559936523438,93063296,76164117024.48438,818.4119873046875
2017-01-15,818.1420288085938,823.3070068359375,812.8709716796875,71013600,58358832580.37109,821.7979736328125
2017-01-16,821.7830200195312,834.530029296875,820.27099609375,82755200,68813762193.94531,831.5339965820312
2017-01-17,830.9459838867188,910.5609741210938,830.7960205078125,155095008,140816649555.98438,907.93798828125
2017-01-18,909.3729858398438,917.4990234375,858.3040161132812,225676992,200089278995.4961,886.6179809570312
2017-01-19,888.3350219726562,904.614013671875,884.3380126953125,105625000,94964585418.70116,899.072998046875
2017-01-20,898.1719970703125,899.3980102539062,887.0079956054688,86728400,77624173023.0957,895.0260009765625
2017-01-21,895.5490112304688,927.3670043945312,895.5349731445312,111158000,102464221824.8291,921.7890014648438
2017-01-22,922.2050170898438,937.5250244140624,897.5640258789062,116573000,107791902555.29784,924.6729736328124
2017-01-23,925.4990234375,928.2659912109376,916.7379760742188,73588600,67775985423.864746,921.0120239257812
2017-01-24,910.677001953125,924.14501953125,892.2860107421875,111349000,99399806067.8711,892.68701171875
2017-01-25,891.9240112304688,903.2520141601562,891.68701171875,120831000,108934220458.0078,901.5419921875
2017-01-26,902.39501953125,919.3259887695312,902.2239990234376,131958000,121082813194.70216,917.5859985351562
2017-01-27,918.3590087890624,923.2230224609376,915.8460083007812,125594000,115515081500.0,919.75
2017-01-28,919.8109741210938,923.9110107421876,919.8109741210938,68979600,63570911416.47949,921.5900268554688
2017-01-29,922.0670166015624,923.4180297851562,919.1480102539062,60851700,55952893019.86084,919.4959716796876
2017-01-30,920.1510009765624,923.0479736328124,919.4739990234376,78227296,71998996636.75195,920.3820190429688
2017-01-31,920.958984375,972.0189819335938,920.958984375,164582000,159710869037.23145,970.4030151367188
2017-02-01,970.9409790039062,989.114013671875,970.7420043945312,150110000,148462244069.21387,989.0230102539062
2017-02-02,990.0009765625,1013.52001953125,983.2210083007812,145820992,147541677925.5586,1011.7999877929688
2017-02-03,1011.4600219726562,1033.8699951171875,1008.7899780273438,201278000,207298231859.61917,1029.9100341796875
2017-02-04,1031.3299560546875,1045.9000244140625,1015.1599731445312,155064000,161716249385.7422,1042.9000244140625
2017-02-05,1043.52001953125,1043.6300048828125,1022.3699951171876,114208000,117330442816.40623,1027.3399658203125
2017-02-06,1028.4000244140625,1044.6400146484375,1028.1600341796875,111762000,116025723028.56444,1038.1500244140625
2017-02-07,1040.1400146484375,1061.9300537109375,1040.1400146484375,146007008,154964534376.17578,1061.3499755859375
2017-02-08,1062.3199462890625,1078.969970703125,1037.489990234375,201855008,214585992512.73828,1063.0699462890625
2017-02-09,1064.699951171875,1088.989990234375,953.343994140625,407220000,404932643470.459,994.3829956054688
2017-02-10,995.6320190429688,998.905029296875,946.6909790039062,190452000,188294942786.86523,988.6740112304688
2017-02-11,988.8980102539062,1009.2899780273438,982.8300170898438,102261000,102716062698.30322,1004.4500122070312
2017-02-12,1003.52001953125,1004.760009765625,996.9210205078124,67530000,67474694974.365234,999.1810302734376
2017-02-13,998.885009765625,1002.0999755859376,976.0020141601562,100607000,99665522592.3462,990.6420288085938
2017-02-14,991.7349853515624,1011.510009765625,986.4710083007812,137946000,138573652616.08887,1004.5499877929688
2017-02-15,1006.2100219726562,1008.8400268554688,1001.5800170898438,89759400,90430798558.88672,1007.47998046875
2017-02-16,1007.6500244140624,1033.3699951171875,1007.6500244140624,122277000,125632273715.33205,1027.43994140625
2017-02-17,1026.1199951171875,1053.1700439453125,1025.6400146484375,136474000,142780458208.98438,1046.2099609375
2017-02-18,1049.2099609375,1061.0999755859375,1046.9599609375,99073504,104465088441.4961,1054.4200439453125
2017-02-19,1054.760009765625,1056.81005859375,1043.4599609375,77423296,81129548801.47656,1047.8699951171875
2017-02-20,1048.68994140625,1080.489990234375,1041.68994140625,109478000,118234048301.7578,1079.97998046875
2017-02-21,1079.280029296875,1117.25,1076.9300537109375,186868992,208414995902.0625,1115.300048828125
2017-02-22,1114.800048828125,1125.3900146484375,1100.550048828125,136100000,152083576025.39062,1117.43994140625
2017-02-23,1117.27001953125,1176.6199951171875,1116.9599609375,189454000,221039765329.58984,1166.719970703125
2017-02-24,1172.7099609375,1200.3900146484375,1131.9599609375,330759008,388205250274.8164,1173.6800537109375
2017-02-25,1170.4100341796875,1174.8499755859375,1124.5899658203125,139960992,160092976305.45703,1143.8399658203125
2017-02-26,1144.27001953125,1167.469970703125,1130.199951171875,116486000,135729481512.20705,1165.199951171875
2017-02-27,1163.780029296875,1181.97998046875,1163.3800048828125,131570000,155248649045.41016,1179.969970703125
2017-02-28,1180.719970703125,1193.25,1171.8199462890625,184956000,218242525901.3672,1179.969970703125
2017-03-01,1180.0400390625,1222.5,1179.68994140625,229056992,280022172720.0,1222.5
2017-03-02,1224.6800537109375,1262.1300048828125,1215.6199951171875,368275008,460715721354.5156,1251.010009765625
2017-03-03,1250.7099609375,1280.31005859375,1250.7099609375,315739008,402564074726.53125,1274.989990234375
2017-03-04,1277.4300537109375,1279.4000244140625,1230.510009765625,183270000,230031344974.36523,1255.1500244140625
2017-03-05,1254.2900390625,1267.2900390625,1238.06005859375,134127000,169955003585.083,1267.1199951171875
2017-03-06,1267.469970703125,1276.0,1264.5999755859375,153656992,195579222374.85547,1272.8299560546875
2017-03-07,1273.2099609375,1275.550048828125,1204.800048828125,291256000,356363377617.1875,1223.5400390625
2017-03-08,1223.22998046875,1232.1600341796875,1148.0799560546875,332603008,382493459200.0,1150.0
2017-03-09,1150.3499755859375,1197.4599609375,1141.22998046875,212283008,252296230104.84372,1188.489990234375
2017-03-10,1189.3599853515625,1270.469970703125,1077.25,563795968,629602216867.5,1116.719970703125
2017-03-11,1116.3199462890625,1193.8299560546875,1116.3199462890625,283320000,333136143149.41406,1175.8299560546875
2017-03-12,1176.6199951171875,1226.97998046875,1175.3599853515625,227176000,277468223989.2578,1221.3800048828125
2017-03-13,1221.780029296875,1237.3699951171875,1217.030029296875,380276992,468470848696.03125,1231.9200439453125
2017-03-14,1232.1600341796875,1244.81005859375,1220.719970703125,245306000,304179440000.0,1240.0
2017-03-15,1240.1600341796875,1251.6099853515625,1239.75,297804992,372140091690.7422,1249.6099853515625
2017-03-16,1251.3299560546875,1257.97998046875,1152.43994140625,638568000,758497493496.0938,1187.81005859375
2017-03-17,1180.1600341796875,1180.1600341796875,1099.5699462890625,706598976,777421377563.7188,1100.22998046875
2017-03-18,1099.68994140625,1114.0699462890625,957.655029296875,621302016,605035082369.9062,973.8179931640624
2017-03-19,976.72998046875,1069.9100341796875,976.72998046875,406648000,421588243548.8281,1036.739990234375
2017-03-20,1037.239990234375,1063.030029296875,1036.6800537109375,286529984,302068499436.03125,1054.22998046875
2017-03-21,1055.3599853515625,1122.4300537109375,1055.3599853515625,337391008,378060133283.65625,1120.5400390625
2017-03-22,1120.6500244140625,1120.6500244140625,1014.2100219726562,380840992,399555523925.6055,1049.1400146484375
2017-03-23,1050.050048828125,1058.010009765625,1028.9300537109375,248540000,258131150104.98047,1038.5899658203125
2017-03-24,1038.449951171875,1040.469970703125,934.3579711914062,491038016,460357970350.9063,937.52001953125
2017-03-25,936.5399780273438,975.760986328125,903.7130126953124,435803008,423940010701.72656,972.7789916992188
2017-03-26,974.0150146484376,1007.9600219726562,954.1859741210938,303668000,293563439886.23047,966.7249755859376
2017-03-27,972.0549926757812,1046.4000244140625,971.9840087890624,372535008,389585942592.2344,1045.77001953125
2017-03-28,1044.5799560546875,1064.6500244140625,1027.72998046875,326332000,341718561767.08984,1047.1500244140625
2017-03-29,1046.0799560546875,1055.1300048828125,1015.8800048828124,298457984,310387340876.59375,1039.969970703125
2017-03-30,1042.2099609375,1049.2900390625,1020.0399780273438,352968992,362297981416.85547,1026.4300537109375
2017-03-31,1026.6400146484375,1074.9200439453125,1026.6400146484375,447287008,479397759776.4688,1071.7900390625
2017-04-01,1071.7099609375,1091.719970703125,1061.0899658203125,289633984,312949519712.0,1080.5
2017-04-02,1080.6099853515625,1107.5899658203125,1075.449951171875,514187008,566721517203.4688,1102.1700439453125
2017-04-03,1102.949951171875,1151.739990234375,1102.949951171875,580444032,663917722252.3125,1143.81005859375
2017-04-04,1145.52001953125,1156.43994140625,1120.52001953125,436310016,494448325632.0,1133.25
2017-04-05,1134.1400146484375,1135.0899658203125,1113.6300048828125,414784000,466540759671.875,1124.780029296875
2017-04-06,1125.81005859375,1188.3699951171875,1125.81005859375,511222016,604612081341.0938,1182.6800537109375
2017-04-07,1178.93994140625,1186.5799560546875,1163.3900146484375,317022016,373103218370.1953,1176.9000244140625
2017-04-08,1172.6500244140625,1184.97998046875,1162.5799560546875,209312000,246140436179.6875,1175.949951171875
2017-04-09,1176.5699462890625,1197.2099609375,1171.8599853515625,242343008,287871987729.64453,1187.8699951171875
2017-04-10,1187.300048828125,1190.3399658203125,1179.0400390625,215883008,256281196341.15625,1187.1300048828125
2017-04-11,1187.4599609375,1208.0699462890625,1187.4599609375,216182000,260501473931.15237,1205.010009765625
2017-04-12,1204.81005859375,1207.1400146484375,1196.760009765625,288702016,346549237536.2422,1200.3699951171875
2017-04-13,1201.02001953125,1205.8900146484375,1156.43994140625,351968992,411550313277.3516,1169.280029296875
2017-04-14,1170.3299560546875,1190.800048828125,1159.7900390625,254827008,297520734874.5,1167.5400390625
2017-04-15,1167.300048828125,1188.0,1164.9599609375,203559008,238677012035.92188,1172.52001953125
2017-04-16,1172.6099853515625,1187.219970703125,1172.6099853515625,183231008,216751277867.3281,1182.93994140625
2017-04-17,1183.25,1194.9000244140625,1172.6500244140625,253206000,302305184114.50195,1193.9100341796875
2017-04-18,1193.77001953125,1217.5699462890625,1193.77001953125,270524000,327785826968.2617,1211.6700439453125
2017-04-19,1212.1300048828125,1215.510009765625,1205.0799560546875,288060992,348637349260.0625,1210.2900390625
2017-04-20,1211.0799560546875,1240.7900390625,1208.4100341796875,315108000,387292926792.48047,1229.0799560546875
2017-04-21,1229.4200439453125,1235.93994140625,1215.56005859375,272167008,332601705415.8047,1222.050048828125
2017-04-22,1222.7099609375,1235.56005859375,1208.469970703125,249320000,307089927460.9375,1231.7099609375
2017-04-23,1231.9200439453125,1232.199951171875,1203.93994140625,258951008,312608236252.40625,1207.2099609375
2017-04-24,1209.6300048828125,1250.93994140625,1209.6300048828125,235806000,294792876656.9824,1250.1500244140625
2017-04-25,1250.449951171875,1267.5799560546875,1249.969970703125,242556000,306952190071.28906,1265.489990234375
2017-04-26,1265.989990234375,1294.8299560546875,1265.9300537109375,329631008,422283677242.9024,1281.0799560546875
2017-04-27,1281.8800048828125,1319.699951171875,1281.300048828125,449196992,591920343494.7812,1317.72998046875
2017-04-28,1317.739990234375,1331.280029296875,1292.3699951171875,527488992,694428697885.6406,1316.47998046875
2017-04-29,1317.8399658203125,1327.199951171875,1315.2099609375,422705984,558728559103.3125,1321.7900390625
2017-04-30,1321.8699951171875,1347.9100341796875,1314.9200439453125,413115008,556833594184.6094,1347.8900146484375
2017-05-01,1348.300048828125,1434.3199462890625,1348.300048828125,713624000,1014487860977.5392,1421.5999755859375
2017-05-02,1421.030029296875,1473.9000244140625,1415.68994140625,477337984,693486144276.6094,1452.8199462890625
2017-05-03,1453.780029296875,1492.77001953125,1447.489990234375,583795968,869908514003.1562,1490.0899658203125
2017-05-04,1490.719970703125,1608.9100341796875,1490.719970703125,933548992,1435490319553.7422,1537.6700439453125
2017-05-05,1540.8699951171875,1618.030029296875,1530.31005859375,946035968,1471511600232.4375,1555.449951171875
2017-05-06,1556.81005859375,1578.800048828125,1542.5,582529984,919698367183.0468,1578.800048828125
2017-05-07,1579.469970703125,1596.719970703125,1559.760009765625,1080029952,1724494582469.25,1596.7099609375
2017-05-08,1596.9200439453125,1723.3499755859375,1596.9200439453125,1340320000,2309840439277.344,1723.3499755859375
2017-05-09,1723.8900146484375,1833.489990234375,1716.300048828125,1167920000,2050120034091.7969,1755.3599853515625
2017-05-10,1756.52001953125,1788.43994140625,1719.0999755859375,915723008,1636516063758.3438,1787.1300048828125
2017-05-11,1780.3699951171875,1873.9300537109373,1755.3499755859375,799489984,1477913156781.5234,1848.5699462890625
2017-05-12,1845.760009765625,1856.1500244140625,1694.010009765625,740984000,1277634244923.828,1724.239990234375
2017-05-13,1723.1199951171875,1812.989990234375,1651.0799560546875,579635008,1046189042101.0234,1804.9100341796875
2017-05-14,1800.8599853515625,1831.4200439453125,1776.6199951171875,437196000,790848231303.2227,1808.9100341796875
2017-05-15,1808.43994140625,1812.800048828125,1708.5400390625,731529024,1271712040483.4297,1738.4300537109375
2017-05-16,1741.699951171875,1785.93994140625,1686.5400390625,959044992,1663415539546.0312,1734.449951171875
2017-05-17,1726.72998046875,1864.050048828125,1661.9100341796875,1064729984,1958134229882.4216,1839.0899658203125
2017-05-18,1818.699951171875,1904.47998046875,1807.1199951171875,894321024,1689059423811.6094,1888.6500244140625
2017-05-19,1897.3699951171875,2004.52001953125,1890.25,1157289984,2300356828890.0,1987.7099609375
2017-05-20,1984.239990234375,2084.72998046875,1974.9200439453125,961336000,2004125980503.9065,2084.72998046875
2017-05-21,2067.030029296875,2119.080078125,2037.5,1147859968,2343011710633.75,2041.199951171875
2017-05-22,2043.18994140625,2303.89990234375,2017.8699951171875,1942220032,4221220827878.875,2173.39990234375
2017-05-23,2191.56005859375,2320.820068359375,2178.5,1378749952,3199278855905.0,2320.419921875
2017-05-24,2321.3701171875,2523.719970703125,2321.3701171875,1725379968,4216207319659.9688,2443.639892578125
2017-05-25,2446.239990234375,2763.7099609375,2285.300048828125,2406700032,5547395392753.5,2304.97998046875
2017-05-26,2320.889892578125,2573.7900390625,2071.989990234375,1763480064,3883923624783.0,2202.419921875
2017-05-27,2196.27001953125,2260.199951171875,1855.8299560546875,1700480000,3467057649296.875,2038.8699951171875
2017-05-28,2054.080078125,2267.340087890625,2054.080078125,1147139968,2473004399027.0938,2155.800048828125
2017-05-29,2159.429931640625,2307.050048828125,2107.169921875,994625024,2243486257229.125,2255.610107421875
2017-05-30,2255.360107421875,2301.9599609375,2124.570068359375,1443970048,3141313478018.75,2175.469970703125
2017-05-31,2187.18994140625,2311.080078125,2145.570068359375,1544829952,3532114514776.25,2286.409912109375
2017-06-01,2288.330078125,2448.389892578125,2288.330078125,1653180032,3980658941720.125,2407.8798828125
2017-06-02,2404.030029296875,2488.550048828125,2373.320068359375,1317030016,3277495110624.9062,2488.550048828125
2017-06-03,2493.719970703125,2581.909912109375,2423.570068359375,1514950016,3810629670689.9375,2515.35009765625
2017-06-04,2547.7900390625,2585.889892578125,2452.5400390625,1355120000,3403804046601.5625,2511.81005859375
2017-06-05,2512.39990234375,2686.81005859375,2510.219970703125,1369309952,3679075752366.125,2686.81005859375
2017-06-06,2690.840087890625,2999.909912109375,2690.840087890625,2089609984,5982971204157.063,2863.199951171875
2017-06-07,2869.3798828125,2869.3798828125,2700.56005859375,1517709952,4146626289063.844,2732.159912109375
2017-06-08,2720.489990234375,2815.300048828125,2670.949951171875,1281170048,3594476460206.875,2805.6201171875
2017-06-09,2807.43994140625,2901.7099609375,2795.6201171875,1348950016,3809178623721.0,2823.81005859375
2017-06-10,2828.139892578125,2950.989990234375,2746.550048828125,2018889984,5951102115873.75,2947.7099609375
2017-06-11,2942.409912109375,2996.60009765625,2840.530029296875,1752400000,5183792152246.094,2958.110107421875
2017-06-12,2953.219970703125,2997.260009765625,2518.56005859375,2569530112,6833999070661.75,2659.6298828125
2017-06-13,2680.909912109375,2789.0400390625,2650.3798828125,1781200000,4839556058789.063,2717.02001953125
2017-06-14,2716.8798828125,2786.830078125,2412.93994140625,1696560000,4252207286015.625,2506.3701171875
2017-06-15,2499.580078125,2534.7099609375,2212.9599609375,2026259968,4993879950235.0,2464.580078125
2017-06-16,2469.570068359375,2539.919921875,2385.14990234375,1195190016,3010157836727.625,2518.56005859375
2017-06-17,2514.010009765625,2685.18994140625,2484.9599609375,1534509952,4075474111492.375,2655.8798828125
2017-06-18,2655.35009765625,2662.10009765625,2516.330078125,1178659968,3003567455896.125,2548.2900390625
2017-06-19,2549.030029296875,2662.85009765625,2549.030029296875,1446840064,3746737171027.375,2589.60009765625
2017-06-20,2591.260009765625,2763.449951171875,2589.820068359375,1854189952,5046715741883.375,2721.7900390625
2017-06-21,2709.429931640625,2772.010009765625,2660.39990234375,1626579968,4374036350794.5,2689.10009765625
2017-06-22,2691.030029296875,2723.739990234375,2642.360107421875,1097939968,2970377672328.25,2705.409912109375
2017-06-23,2707.340087890625,2765.169921875,2706.3701171875,961318976,2638733985921.2344,2744.909912109375
2017-06-24,2738.52001953125,2757.93994140625,2583.18994140625,982750016,2563719592948.016,2608.719970703125
2017-06-25,2607.25,2682.260009765625,2552.1201171875,1161100032,3006563931811.3125,2589.409912109375
2017-06-26,2590.570068359375,2615.25,2376.2900390625,1663280000,4122356234785.156,2478.449951171875
2017-06-27,2478.449951171875,2552.449951171875,2332.989990234375,1489789952,3802614290238.75,2552.449951171875
2017-06-28,2553.030029296875,2603.97998046875,2484.419921875,1183869952,3048216559955.0,2574.7900390625
2017-06-29,2567.56005859375,2588.830078125,2510.47998046875,949979008,2412300759534.5312,2539.320068359375
2017-06-30,2539.239990234375,2559.25,2478.429931640625,860273024,2134199804470.0935,2480.840087890625
2017-07-01,2492.60009765625,2515.27001953125,2419.22998046875,779913984,1898739627828.9373,2434.550048828125
2017-07-02,2436.39990234375,2514.280029296875,2394.840087890625,803747008,2014567739594.4844,2506.469970703125
2017-07-03,2498.56005859375,2595.0,2480.469970703125,964112000,2472041071210.937,2564.06005859375
2017-07-04,2561.0,2631.590087890625,2559.35009765625,985516032,2563957823626.5,2601.639892578125
2017-07-05,2602.8701171875,2622.64990234375,2538.550048828125,941566016,2449945348776.8594,2601.989990234375
2017-07-06,2608.10009765625,2616.719970703125,2581.68994140625,761956992,1987610575697.4373,2608.56005859375
2017-07-07,2608.590087890625,2916.139892578125,2498.8701171875,917411968,2310648746690.9688,2518.659912109375
2017-07-08,2520.27001953125,2571.340087890625,2492.31005859375,733329984,1885640785511.3904,2571.340087890625
2017-07-09,2572.610107421875,2635.489990234375,2517.590087890625,527856000,1329373633710.9375,2518.43994140625
2017-07-10,2525.25,2537.159912109375,2321.1298828125,1111200000,2636388737109.375,2372.56005859375
2017-07-11,2385.889892578125,2413.469970703125,2296.81005859375,1329760000,3108699682343.75,2337.7900390625
2017-07-12,2332.77001953125,2423.7099609375,2275.139892578125,1117410048,2680488017754.1875,2398.840087890625
2017-07-13,2402.699951171875,2425.219970703125,2340.830078125,835769984,1970661963655.4373,2357.89990234375
2017-07-14,2360.590087890625,2363.25,2183.219970703125,882502976,1970929273983.578,2233.340087890625
2017-07-15,2230.1201171875,2231.139892578125,1990.4100341796875,993608000,1986083272325.1956,1998.8599853515625
2017-07-16,1991.97998046875,2058.77001953125,1843.030029296875,1182870016,2282726150744.0625,1929.8199462890625
2017-07-17,1932.6199951171875,2230.489990234375,1932.6199951171875,1201760000,2678013895976.5625,2228.409912109375
2017-07-18,2233.52001953125,2387.610107421875,2164.77001953125,1512450048,3507189990066.0,2318.8798828125
2017-07-19,2323.080078125,2397.169921875,2260.22998046875,1245100032,2830647680635.5,2273.429931640625
2017-07-20,2269.889892578125,2900.699951171875,2269.889892578125,2249260032,6337515285817.5,2817.60009765625
2017-07-21,2838.409912109375,2838.409912109375,2621.85009765625,1489449984,3973495103861.25,2667.760009765625
2017-07-22,2668.6298828125,2862.419921875,2657.7099609375,1177129984,3307876648583.0,2810.1201171875
2017-07-23,2808.10009765625,2832.179931640625,2653.93994140625,1072840000,2929282231230.4688,2730.39990234375
2017-07-24,2732.699951171875,2777.260009765625,2699.18994140625,866473984,2387014612640.5,2754.860107421875
2017-07-25,2757.5,2768.080078125,2480.9599609375,1460089984,3761892613458.9375,2576.47998046875
2017-07-26,2577.77001953125,2610.760009765625,2450.800048828125,937404032,2371116582970.7188,2529.449951171875
2017-07-27,2538.7099609375,2693.320068359375,2529.340087890625,789104000,2108312308238.2808,2671.780029296875
2017-07-28,2679.72998046875,2897.449951171875,2679.72998046875,1380099968,3876714624589.2183,2809.010009765625
2017-07-29,2807.02001953125,2808.760009765625,2692.800048828125,803745984,2191373198831.3904,2726.449951171875
2017-07-30,2724.389892578125,2758.530029296875,2644.85009765625,705942976,1946411806309.8596,2757.179931640625
2017-07-31,2763.239990234375,2889.6201171875,2720.610107421875,860574976,2474445727128.3125,2875.340087890625
2017-08-01,2871.300048828125,2921.35009765625,2685.610107421875,1324669952,3600797356659.75,2718.260009765625
2017-08-02,2727.1298828125,2762.530029296875,2668.590087890625,1094950016,2968048074327.75,2710.669921875
2017-08-03,2709.56005859375,2813.31005859375,2685.139892578125,804796992,2257238251653.4688,2804.72998046875
2017-08-04,2806.929931640625,2899.330078125,2743.719970703125,1002120000,2902029179150.3906,2895.889892578125
2017-08-05,2897.6298828125,3290.010009765625,2874.830078125,1945699968,6329186711898.094,3252.909912109375
2017-08-06,3257.610107421875,3293.2900390625,3155.60009765625,1105030016,3551500104875.1875,3213.93994140625
2017-08-07,3212.780029296875,3397.679931640625,3180.889892578125,1482279936,5008534880095.5,3378.93994140625
2017-08-08,3370.219970703125,3484.85009765625,3345.830078125,1752760064,5994334150575.375,3419.93994140625
2017-08-09,3420.39990234375,3422.760009765625,3247.669921875,1468960000,4909954688164.063,3342.469970703125
2017-08-10,3341.840087890625,3453.449951171875,3319.469970703125,1515110016,5123011239288.469,3381.280029296875
2017-08-11,3373.820068359375,3679.719970703125,3372.1201171875,2021190016,7378596933068.125,3650.6201171875
2017-08-12,3650.6298828125,3949.919921875,3613.699951171875,2219589888,8622462947109.75,3884.7099609375
2017-08-13,3880.0400390625,4208.39013671875,3857.800048828125,3159089920,12867794638389.688,4073.260009765625
2017-08-14,4066.10009765625,4325.1298828125,3989.159912109375,2463089920,10653183817046.25,4325.1298828125
2017-08-15,4326.990234375,4455.97021484375,3906.179931640625,3258050048,13624937809936.75,4181.93017578125
2017-08-16,4200.33984375,4381.22998046875,3994.419921875,2272039936,9943877878841.0,4376.6298828125
2017-08-17,4384.43994140625,4484.7001953125,4243.7099609375,2553359872,11060363274332.75,4331.68994140625
2017-08-18,4324.33984375,4370.1298828125,4015.39990234375,2941710080,12239338137781.25,4160.6201171875
2017-08-19,4137.75,4243.259765625,3970.550048828125,2975820032,12479697049413.25,4193.7001953125
2017-08-20,4189.31005859375,4196.2900390625,4069.8798828125,2109769984,8624022187368.437,4087.659912109375
2017-08-21,4090.47998046875,4109.14013671875,3988.60009765625,2800890112,11208433969442.438,4001.739990234375
2017-08-22,3998.35009765625,4128.759765625,3674.580078125,3764239872,15435340953453.75,4100.52001953125
2017-08-23,4089.010009765625,4255.77978515625,4078.409912109375,2369819904,9838354774139.623,4151.52001953125
2017-08-24,4137.60009765625,4376.39013671875,4130.259765625,2037750016,8832994597553.125,4334.68017578125
2017-08-25,4332.81982421875,4455.7001953125,4307.35009765625,1727970048,7553994030583.875,4371.60009765625
2017-08-26,4372.06005859375,4379.27978515625,4269.52001953125,1511609984,6579131146743.4375,4352.39990234375
2017-08-27,4345.10009765625,4416.58984375,4317.2900390625,1537459968,6738502364376.75,4382.8798828125
2017-08-28,4384.4501953125,4403.93017578125,4224.64013671875,1959330048,8587077734313.0,4382.66015625
2017-08-29,4389.2099609375,4625.68017578125,4352.1298828125,2486080000,11383810090156.25,4579.02001953125
2017-08-30,4570.35986328125,4626.52001953125,4471.41015625,1937849984,8846866153468.875,4565.2998046875
2017-08-31,4555.58984375,4736.0498046875,4549.39990234375,1944930048,9147764804371.123,4703.39013671875
2017-09-01,4701.759765625,4892.009765625,4678.52978515625,2599079936,12714724428552.0,4892.009765625
2017-09-02,4901.419921875,4975.0400390625,4469.240234375,2722139904,12464052581404.877,4578.77001953125
2017-09-03,4585.27001953125,4714.080078125,4417.58984375,1933190016,8859732440212.125,4582.9599609375
2017-09-04,4591.6298828125,4591.6298828125,4108.39990234375,2987330048,12655256330681.75,4236.31005859375
2017-09-05,4228.2900390625,4427.83984375,3998.110107421875,2697969920,11807745714335.623,4376.52978515625
2017-09-06,4376.58984375,4617.25,4376.58984375,2172100096,9985405047866.5,4597.1201171875
2017-09-07,4589.14013671875,4655.0400390625,4491.330078125,1844620032,8485030576629.75,4599.8798828125
2017-09-08,4605.16015625,4661.0,4075.179931640625,2700890112,11421389061120.0,4228.75
2017-09-09,4229.81005859375,4308.81982421875,4114.10986328125,1386230016,5858291302641.375,4226.06005859375
2017-09-10,4229.33984375,4245.43994140625,3951.0400390625,1679090048,6922787424116.9375,4122.93994140625
2017-09-11,4122.47021484375,4261.669921875,4099.39990234375,1557330048,6480470839257.5625,4161.27001953125
2017-09-12,4168.8798828125,4344.64990234375,4085.219970703125,1864530048,7702019476828.687,4130.81005859375
2017-09-13,4131.97998046875,4131.97998046875,3789.919921875,2219409920,8617058956358.125,3882.590087890625
2017-09-14,3875.3701171875,3920.60009765625,3153.860107421875,2716310016,8569822152346.875,3154.949951171875
2017-09-15,3166.300048828125,3733.449951171875,2946.6201171875,4148069888,15088687260014.75,3637.52001953125
2017-09-16,3637.75,3808.840087890625,3487.7900390625,1818400000,6591772807031.25,3625.0400390625
2017-09-17,3606.280029296875,3664.81005859375,3445.639892578125,1239149952,4439725434808.875,3582.8798828125
2017-09-18,3591.090087890625,4079.22998046875,3591.090087890625,1943209984,7899537132073.5,4065.199951171875
2017-09-19,4073.7900390625,4094.070068359375,3868.8701171875,1563980032,6138574660379.3125,3924.969970703125
2017-09-20,3916.360107421875,4031.389892578125,3857.72998046875,1213830016,4741159291726.156,3905.949951171875
2017-09-21,3901.469970703125,3916.419921875,3613.6298828125,1411480064,5125140626722.5,3631.0400390625
2017-09-22,3628.02001953125,3758.27001953125,3553.530029296875,1194829952,4338069048385.0938,3630.699951171875
2017-09-23,3629.919921875,3819.2099609375,3594.580078125,928113984,3519779382285.4688,3792.39990234375
2017-09-24,3796.14990234375,3796.14990234375,3666.89990234375,768014976,2828476341713.156,3682.840087890625
2017-09-25,3681.580078125,3950.25,3681.580078125,1374210048,5395244937091.5,3926.070068359375
2017-09-26,3928.409912109375,3969.889892578125,3869.89990234375,1043740032,4062601615482.9375,3892.35009765625
2017-09-27,3892.93994140625,4210.0498046875,3884.820068359375,1686880000,7086026077812.5,4200.669921875
2017-09-28,4197.1298828125,4279.31005859375,4109.7001953125,1712320000,7148473640156.25,4174.72998046875
2017-09-29,4171.6201171875,4214.6298828125,4039.2900390625,1367049984,5691124536589.125,4163.06982421875
2017-09-30,4166.10986328125,4358.43017578125,4160.85986328125,1207449984,5238775272914.625,4338.7099609375
2017-10-01,4341.0498046875,4403.740234375,4269.81005859375,1208210048,5320643199953.75,4403.740234375
2017-10-02,4395.81005859375,4470.22998046875,4377.4599609375,1431730048,6312955683576.063,4409.31982421875
2017-10-03,4408.4599609375,4432.47021484375,4258.89013671875,1288019968,5561000426284.0,4317.47998046875
2017-10-04,4319.3701171875,4352.31005859375,4210.419921875,1116770048,4723222417525.875,4229.35986328125
2017-10-05,4229.8798828125,4362.64013671875,4164.0498046875,1161769984,5028616997972.0,4328.41015625
2017-10-06,4324.4599609375,4413.27001953125,4320.52978515625,1069939968,4676504374225.875,4370.81005859375
2017-10-07,4369.35009765625,4443.8798828125,4321.0498046875,906928000,4014870617914.063,4426.89013671875
2017-10-08,4429.669921875,4624.14013671875,4405.64013671875,1313869952,6057571110635.4375,4610.47998046875
2017-10-09,4614.52001953125,4878.7099609375,4564.25,1968739968,9394866540547.312,4772.02001953125
2017-10-10,4776.2099609375,4922.169921875,4765.10009765625,1597139968,7637507729906.0,4781.990234375
2017-10-11,4789.25,4873.72998046875,4751.6298828125,1222279936,5899309641632.625,4826.47998046875
2017-10-12,4829.580078125,5446.91015625,4822.0,2791610112,15205649471343.0,5446.91015625
2017-10-13,5464.16015625,5840.2998046875,5436.85009765625,3615480064,20417375030991.75,5647.2099609375
2017-10-14,5643.52978515625,5837.7001953125,5591.64013671875,1669030016,9733432622205.123,5831.7900390625
2017-10-15,5835.9599609375,5852.47998046875,5478.60986328125,1976039936,11220330088412.25,5678.18994140625
2017-10-16,5687.56982421875,5776.22998046875,5544.2099609375,2008070016,11497385289148.5,5725.58984375
2017-10-17,5741.580078125,5800.35009765625,5472.72021484375,1821570048,10210828692834.0,5605.509765625
2017-10-18,5603.81982421875,5603.81982421875,5151.43994140625,2399269888,13413574029560.5,5590.68994140625
2017-10-19,5583.740234375,5744.35009765625,5531.06005859375,1780540032,10164248418248.812,5708.52001953125
2017-10-20,5708.10986328125,6060.10986328125,5627.22998046875,2354429952,14153538394800.0,6011.4501953125
2017-10-21,5996.7900390625,6194.8798828125,5965.06982421875,2207099904,13312343996503.5,6031.60009765625
2017-10-22,6036.66015625,6076.259765625,5792.33984375,2034630016,12224911521779.25,6008.419921875
2017-10-23,6006.0,6075.58984375,5732.47021484375,2401840128,14243680125682.5,5930.31982421875
2017-10-24,5935.52001953125,5935.52001953125,5504.18017578125,2735699968,15119229245169.0,5526.64013671875
2017-10-25,5524.60009765625,5754.330078125,5397.8798828125,1966989952,11311765431783.877,5750.7998046875
2017-10-26,5747.9501953125,5976.7998046875,5721.22021484375,1905040000,11248937492031.25,5904.830078125
2017-10-27,5899.740234375,5988.39013671875,5728.81982421875,1710130048,9886090627478.312,5780.89990234375
2017-10-28,5787.81982421875,5876.72021484375,5689.18994140625,1403920000,8076877893437.5,5753.08984375
2017-10-29,5754.43994140625,6255.7099609375,5724.580078125,2859040000,17594103583203.125,6153.85009765625
2017-10-30,6114.85009765625,6214.990234375,6040.85009765625,1772150016,10864218456853.123,6130.52978515625
2017-10-31,6132.02001953125,6470.43017578125,6103.330078125,2311379968,14950929959290.5,6468.39990234375
2017-11-01,6440.97021484375,6767.31005859375,6377.8798828125,2870320128,19424346273598.5,6767.31005859375
2017-11-02,6777.77001953125,7367.330078125,6758.72021484375,4653770240,32941712643840.0,7078.5
2017-11-03,7087.52978515625,7461.2900390625,7002.93994140625,3369860096,24289142015734.0,7207.759765625
2017-11-04,7164.47998046875,7492.85986328125,7031.27978515625,2483800064,18330320767434.0,7379.9501953125
2017-11-05,7404.52001953125,7617.47998046875,7333.18994140625,2380410112,17632674039669.0,7407.41015625
2017-11-06,7403.22021484375,7445.77001953125,7007.31005859375,3111899904,21854125440463.5,7022.759765625
2017-11-07,7023.10009765625,7253.31982421875,7023.10009765625,2326340096,16620257382442.5,7144.3798828125
2017-11-08,7141.3798828125,7776.419921875,7114.02001953125,4602200064,34330985525760.0,7459.68994140625
2017-11-09,7446.830078125,7446.830078125,7101.52001953125,3226249984,23046975112753.5,7143.580078125
2017-11-10,7173.72998046875,7312.0,6436.8701171875,5208249856,34468927414053.25,6618.14013671875
2017-11-11,6618.60986328125,6873.14990234375,6204.22021484375,4908680192,31207425668022.5,6357.60009765625
2017-11-12,6295.4501953125,6625.0498046875,5519.009765625,8957349888,53296857273558.0,5950.06982421875
2017-11-13,5938.25,6811.18994140625,5844.2900390625,6263249920,41083726685690.0,6559.490234375
2017-11-14,6561.47998046875,6764.97998046875,6461.75,3197110016,21215222788672.0,6635.75
2017-11-15,6634.759765625,7342.25,6634.759765625,4200880128,30731706775686.0,7315.5400390625
2017-11-16,7323.240234375,7967.3798828125,7176.580078125,5123809792,40333042001365.25,7871.68994140625
2017-11-17,7853.56982421875,8004.58984375,7561.08984375,4651670016,35859678726879.0,7708.990234375
2017-11-18,7697.2099609375,7884.990234375,7463.43994140625,3667190016,28567959945018.37,7790.14990234375
2017-11-19,7766.02978515625,8101.91015625,7694.10009765625,3149319936,25309478910586.5,8036.490234375
2017-11-20,8039.06982421875,8336.8603515625,7949.35986328125,3488450048,28607521775222.5,8200.6396484375
2017-11-21,8205.740234375,8348.66015625,7762.7099609375,4277609984,34525701356895.0,8071.259765625
2017-11-22,8077.9501953125,8302.259765625,8075.47021484375,3633530112,29989521746223.75,8253.5498046875
2017-11-23,8232.3798828125,8267.400390625,8038.77001953125,4225179904,33965249539401.125,8038.77001953125
2017-11-24,8074.02001953125,8374.16015625,7940.93017578125,5058610176,41752202397171.0,8253.6904296875
2017-11-25,8241.7099609375,8790.919921875,8191.14990234375,4342060032,38170702037286.0,8790.919921875
2017-11-26,8789.0400390625,9522.9296875,8775.58984375,5475579904,51090171003818.0,9330.5498046875
2017-11-27,9352.7197265625,9818.349609375,9352.7197265625,5653320192,55506274098795.0,9818.349609375
2017-11-28,9823.4296875,10125.7001953125,9736.2998046875,6348819968,63861509054114.5,10058.7998046875
2017-11-29,10077.400390625,11517.400390625,9601.0302734375,11568799744,114399352903672.0,9888.6103515625
2017-11-30,9906.7900390625,10801.0,9202.0498046875,8310689792,85048271809048.0,10233.599609375
2017-12-01,10198.599609375,11046.7001953125,9694.650390625,6783119872,74448807817467.0,10975.599609375
2017-12-02,10978.2998046875,11320.2001953125,10905.099609375,5138500096,56906831155935.0,11074.599609375
2017-12-03,11082.7001953125,11858.7001953125,10862.0,6608309760,74827214365117.5,11323.2001953125
2017-12-04,11315.400390625,11657.2001953125,11081.7998046875,6132409856,71486729371099.5,11657.2001953125
2017-12-05,11685.7001953125,12032.0,11604.599609375,6895260160,82168748095402.5,11916.7001953125
2017-12-06,11923.400390625,14369.099609375,11923.400390625,12656300032,180877511907328.0,14291.5
2017-12-07,14266.099609375,17899.69921875,14057.2998046875,17950699520,321312122174160.0,17899.69921875
2017-12-08,17802.900390625,18353.400390625,14336.900390625,21135998976,350210829689184.0,16569.400390625
2017-12-09,16523.30078125,16783.0,13674.900390625,13911300096,211148497834158.0,15178.2001953125
2017-12-10,15168.400390625,15850.599609375,13226.599609375,13433299968,207617029572810.0,15455.400390625
2017-12-11,15427.400390625,17513.900390625,15404.7998046875,12153900032,205848183557212.0,16936.80078125
2017-12-12,16919.80078125,17781.80078125,16571.599609375,14603799552,254331016422510.0,17415.400390625
2017-12-13,17500.0,17653.099609375,16039.7001953125,12976900096,212927562016984.0,16408.19921875
2017-12-14,16384.599609375,17085.80078125,16185.900390625,13777399808,228208850419712.0,16564.0
2017-12-15,16601.30078125,18154.099609375,16601.30078125,14309999616,253385737790394.0,17706.900390625
2017-12-16,17760.30078125,19716.69921875,17515.30078125,12740599808,248408575673296.0,19497.400390625
2017-12-17,19475.80078125,20089.0,18974.099609375,13314599936,254852104857020.0,19140.80078125
2017-12-18,19106.400390625,19371.0,18355.900390625,14839499776,283645155025060.0,19114.19921875
2017-12-19,19118.30078125,19177.80078125,17275.400390625,16894499840,300328442106900.0,17776.69921875
2017-12-20,17760.30078125,17934.69921875,16077.7001953125,22149699584,368229887051940.0,16624.599609375
2017-12-21,16642.400390625,17567.69921875,15342.7001953125,16516599808,261010181557640.0,15802.900390625
2017-12-22,15898.0,15943.400390625,11833.0,22197999616,307038286753042.0,13831.7998046875
2017-12-23,13948.7001953125,15603.2001953125,13828.7998046875,13086000128,192353735637357.0,14699.2001953125
2017-12-24,14608.2001953125,14626.0,12747.7001953125,11572299776,161153529960406.0,13925.7998046875
2017-12-25,13995.900390625,14593.0,13448.900390625,10664699904,149589475507548.0,14026.599609375
2017-12-26,14036.599609375,16461.19921875,14028.900390625,13454300160,216611539088175.0,16099.7998046875
2017-12-27,16163.5,16930.900390625,15114.2998046875,12487600128,197784854627328.0,15838.5
2017-12-28,15864.099609375,15888.400390625,13937.2998046875,12336499712,180193083043328.0,14606.5
2017-12-29,14695.7998046875,15279.0,14307.0,13025500160,190904337989035.0,14656.2001953125
2017-12-30,14681.900390625,14681.900390625,12350.099609375,14452599808,187192966055951.0,12952.2001953125
2017-12-31,12897.7001953125,14377.400390625,12755.599609375,12136299520,171806315265670.0,14156.400390625
2018-01-01,14112.2001953125,14112.2001953125,13154.7001953125,10291200000,140548978650000.0,13657.2001953125
2018-01-02,13625.0,15444.599609375,13163.599609375,16846600192,252397442155860.0,14982.099609375
2018-01-03,14978.2001953125,15572.7998046875,14844.5,16871900160,256469754332160.0,15201.0
2018-01-04,15270.7001953125,15739.7001953125,14522.2001953125,21783199744,339800493701136.0,15599.2001953125
2018-01-05,15477.2001953125,17705.19921875,15202.7998046875,23840899072,415534950375424.0,17429.5
2018-01-06,17462.099609375,17712.400390625,16764.599609375,18314600448,321000002052096.0,17527.0
2018-01-07,17527.30078125,17579.599609375,16087.7001953125,15866000384,261433601729742.0,16477.599609375
2018-01-08,16476.19921875,16537.900390625,14208.2001953125,18413899776,279340693798968.0,15170.099609375
2018-01-09,15123.7001953125,15497.5,14424.0,16659999744,243159366771390.0,14595.400390625
2018-01-10,14588.5,14973.2998046875,13691.2001953125,18500800512,277018032692892.0,14973.2998046875
2018-01-11,14968.2001953125,15018.7998046875,13105.900390625,16534099968,221652834121698.0,13405.7998046875
2018-01-12,13453.900390625,14229.900390625,13158.099609375,12065699840,168685718469940.0,13980.599609375
2018-01-13,13952.400390625,14659.5,13952.400390625,12763599872,183287849374785.0,14360.2001953125
2018-01-14,14370.7998046875,14511.7998046875,13268.0,11084099584,152650219470848.0,13772.0
2018-01-15,13767.2998046875,14445.5,13641.7001953125,12750799872,176213501580675.0,13819.7998046875
2018-01-16,13836.099609375,13843.099609375,10194.900390625,18853799936,216639588164608.0,11490.5
2018-01-17,11431.099609375,11678.0,9402.2900390625,18830600192,210688045952508.0,11188.599609375
2018-01-18,11198.7998046875,12107.2998046875,10942.5,15020399616,172357589420982.0,11474.900390625
2018-01-19,11429.7998046875,11992.7998046875,11172.099609375,10740400128,124668124641216.0,11607.400390625
2018-01-20,11656.2001953125,13103.0,11656.2001953125,11801700352,152232495485538.0,12899.2001953125
2018-01-21,12889.2001953125,12895.900390625,11288.2001953125,9935179776,115249075038648.0,11600.099609375
2018-01-22,11633.099609375,11966.400390625,10240.2001953125,10537400320,115188541974220.0,10931.400390625
2018-01-23,10944.5,11377.599609375,10129.7001953125,9660609536,104995372454738.0,10868.400390625
2018-01-24,10903.400390625,11501.400390625,10639.7998046875,9940989952,112923685143948.0,11359.400390625
2018-01-25,11421.7001953125,11785.7001953125,11057.400390625,8873169920,99906572863330.0,11259.400390625
2018-01-26,11256.0,11656.7001953125,10470.2998046875,9746199552,108878697482322.0,11171.400390625
2018-01-27,11174.900390625,11614.900390625,10989.2001953125,7583269888,86757917288749.0,11440.7001953125
2018-01-28,11475.2998046875,12040.2998046875,11475.2998046875,8350360064,98419847191393.5,11786.2998046875
2018-01-29,11755.5,11875.599609375,11179.2001953125,7107359744,80287581388434.0,11296.400390625
2018-01-30,11306.7998046875,11307.2001953125,10036.2001953125,8637859840,87296801213910.0,10106.2998046875
2018-01-31,10108.2001953125,10381.599609375,9777.419921875,8041160192,82189499297373.0,10221.099609375
2018-02-01,10237.2998046875,10288.7998046875,8812.2802734375,9959400448,91333080573441.0,9170.5400390625
2018-02-02,9142.2802734375,9142.2802734375,7796.490234375,12726899712,112388069631744.0,8830.75
2018-02-03,8852.1201171875,9430.75,8251.6298828125,7263790080,66644621377860.0,9174.91015625
2018-02-04,9175.7001953125,9334.8701171875,8031.22021484375,7073549824,58547840970883.0,8277.009765625
2018-02-05,8270.5400390625,8364.83984375,6756.68017578125,9285289984,64581699048369.0,6955.27001953125
2018-02-06,7051.75,7850.7001953125,6048.259765625,13999800320,108554451681280.0,7754.0
2018-02-07,7755.490234375,8509.1103515625,7236.7900390625,9169280000,69881831873125.0,7621.2998046875
2018-02-08,7637.85986328125,8558.76953125,7637.85986328125,9346750464,77256405707304.0,8265.58984375
2018-02-09,8271.83984375,8736.98046875,7884.7099609375,6784820224,59278841781068.0,8736.98046875
2018-02-10,8720.080078125,9122.5498046875,8295.4697265625,7780960256,67086664270644.0,8621.900390625
2018-02-11,8616.1298828125,8616.1298828125,7931.10009765625,6122189824,49773220918739.5,8129.97021484375
2018-02-12,8141.43017578125,8985.919921875,8141.43017578125,6256439808,55848549852036.0,8926.5703125
2018-02-13,8926.7197265625,8958.4697265625,8455.41015625,5696719872,48982160994807.0,8598.3095703125
2018-02-14,8599.919921875,9518.5400390625,8599.919921875,7909819904,75100812428183.5,9494.6298828125
2018-02-15,9488.3203125,10234.7998046875,9395.580078125,9062540288,92133413123978.0,10166.400390625
2018-02-16,10135.7001953125,10324.099609375,9824.8203125,7296159744,74668172054184.0,10233.900390625
2018-02-17,10207.5,11139.5,10149.400390625,8660880384,96245767134855.0,11112.7001953125
2018-02-18,11123.400390625,11349.7998046875,10326.0,8744009728,92265040140096.0,10551.7998046875
2018-02-19,10552.599609375,11273.7998046875,10513.2001953125,7652089856,85897002766008.0,11225.2998046875
2018-02-20,11231.7998046875,11958.5,11231.7998046875,9926540288,113199289421043.0,11403.7001953125
2018-02-21,11372.2001953125,11418.5,10479.099609375,9405339648,100546846646940.0,10690.400390625
2018-02-22,10660.400390625,11039.099609375,9939.08984375,8040079872,80440999119360.0,10005.0
2018-02-23,9937.0703125,10487.2998046875,9734.5595703125,7739500032,79725360756393.0,10301.099609375
2018-02-24,10287.7001953125,10597.2001953125,9546.9697265625,6917929984,67886133349944.0,9813.0703125
2018-02-25,9796.419921875,9923.2197265625,9407.0595703125,5706939904,55156035973514.0,9664.73046875
2018-02-26,9669.4296875,10475.0,9501.73046875,7287690240,75549299834385.0,10366.7001953125
2018-02-27,10393.900390625,10878.5,10246.099609375,6966179840,74716455770740.0,10725.599609375
2018-02-28,10687.2001953125,11089.7998046875,10393.099609375,6936189952,72121812211350.0,10397.900390625
2018-03-01,10385.0,11052.2998046875,10352.7001953125,7317279744,80131530476544.0,10951.0
2018-03-02,10977.400390625,11189.0,10850.099609375,7620590080,84484912839705.0,11086.400390625
2018-03-03,11101.900390625,11528.2001953125,11002.400390625,6690570240,76872646193280.0,11489.7001953125
2018-03-04,11497.400390625,11512.599609375,11136.099609375,6084149760,70044380150355.0,11512.599609375
2018-03-05,11532.400390625,11704.099609375,11443.900390625,6468539904,74862351607576.5,11573.2998046875
2018-03-06,11500.099609375,11500.099609375,10694.2998046875,6832169984,73650111879338.0,10779.900390625
2018-03-07,10803.900390625,10929.5,9692.1201171875,8797910016,87676190867496.0,9965.5703125
2018-03-08,9951.4404296875,10147.400390625,9335.8701171875,7186089984,67513385576340.0,9395.009765625
2018-03-09,9414.6904296875,9466.349609375,8513.0302734375,8704190464,81275811967086.0,9337.5498046875
2018-03-10,9350.58984375,9531.3203125,8828.4697265625,5386319872,47755111985152.0,8866.0
2018-03-11,8852.7802734375,9711.8896484375,8607.1201171875,6296370176,60310599521083.0,9578.6298828125
2018-03-12,9602.9296875,9937.5,8956.4296875,6457399808,59441140877343.5,9205.1201171875
2018-03-13,9173.0400390625,9470.3798828125,8958.1904296875,5991139840,55087629817535.0,9194.849609375
2018-03-14,9214.650390625,9355.849609375,8068.58984375,6438230016,53242936202190.0,8269.8095703125
2018-03-15,8290.759765625,8428.349609375,7783.0498046875,6834429952,56731648614088.0,8300.8603515625
2018-03-16,8322.91015625,8585.150390625,8005.31005859375,5289379840,44104698322700.0,8338.349609375
2018-03-17,8321.91015625,8346.5302734375,7812.81982421875,4426149888,35041297006620.0,7916.8798828125
2018-03-18,7890.52001953125,8245.509765625,7397.990234375,6639190016,54598572076032.0,8223.6796875
2018-03-19,8344.1201171875,8675.8701171875,8182.39990234375,6729110016,58076595988149.0,8630.650390625
2018-03-20,8619.669921875,9051.01953125,8389.8896484375,6361789952,56705622143901.5,8913.4697265625
2018-03-21,8937.48046875,9177.3701171875,8846.330078125,6043129856,53960800213002.0,8929.2802734375
2018-03-22,8939.4404296875,9100.7099609375,8564.900390625,5530390016,48271841830739.5,8728.4697265625
2018-03-23,8736.25,8879.6201171875,8360.6201171875,5954120192,52870325437035.5,8879.6201171875
2018-03-24,8901.9501953125,8996.1796875,8665.7001953125,5664600064,49101433770580.0,8668.1201171875
2018-03-25,8612.8095703125,8682.009765625,8449.099609375,4569880064,38824696899706.5,8495.7802734375
2018-03-26,8498.4697265625,8530.080078125,7921.43017578125,5921039872,48608187038103.0,8209.400390625
2018-03-27,8200.0,8232.7802734375,7797.27978515625,5378250240,42128049470017.5,7833.0400390625
2018-03-28,7836.830078125,8122.89013671875,7809.169921875,4935289856,39257664357362.5,7954.47998046875
2018-03-29,7979.06982421875,7994.330078125,7081.3798828125,6361229824,45582665792264.5,7165.7001953125
2018-03-30,7171.4501953125,7276.66015625,6683.93017578125,6289509888,43337993796303.75,6890.52001953125
2018-03-31,6892.47998046875,7207.85009765625,6863.52001953125,4553269760,31752362291211.25,6973.52978515625
2018-04-01,7003.06005859375,7060.9501953125,6526.8701171875,4532100096,31018735351528.5,6844.22998046875
2018-04-02,6844.85986328125,7135.47021484375,6816.580078125,4333440000,30697221425625.0,7083.7998046875
2018-04-03,7102.259765625,7530.93994140625,7072.490234375,5499700224,41006369085256.5,7456.10986328125
2018-04-04,7456.41015625,7469.8798828125,6803.8798828125,4936000000,33830553468750.0,6853.83984375
2018-04-05,6848.64990234375,6933.81982421875,6644.7998046875,5639320064,38412060647906.75,6811.47021484375
2018-04-06,6815.9599609375,6857.490234375,6575.0,3766810112,24997756620333.25,6636.31982421875
2018-04-07,6630.509765625,7050.5400390625,6630.509765625,3976610048,27482709315287.0,6911.08984375
2018-04-08,6919.97998046875,7111.56005859375,6919.97998046875,3652499968,25653406646585.25,7023.52001953125
2018-04-09,7044.31982421875,7178.10986328125,6661.990234375,4894060032,33136358984876.25,6770.72998046875
2018-04-10,6795.43994140625,6872.41015625,6704.14990234375,4272750080,29203220335355.0,6834.759765625
2018-04-11,6843.47021484375,6968.31982421875,6817.58984375,4641889792,32346172659432.25,6968.31982421875
2018-04-12,6955.3798828125,7899.22998046875,6806.509765625,8906250240,70263634705920.0,7889.25
2018-04-13,7901.08984375,8183.9599609375,7758.93017578125,7764460032,61307865530971.5,7895.9599609375
2018-04-14,7874.669921875,8140.7099609375,7846.0,5191430144,41460008289960.0,7986.240234375
2018-04-15,7999.330078125,8338.419921875,7999.330078125,5244480000,43681852656562.5,8329.1103515625
2018-04-16,8337.5703125,8371.150390625,7925.72998046875,5631309824,45380867099428.0,8058.669921875
2018-04-17,8071.66015625,8285.9599609375,7881.72021484375,6900879872,54531372749470.0,7902.08984375
2018-04-18,7944.43017578125,8197.7998046875,7886.009765625,6529909760,53306395422830.0,8163.419921875
2018-04-19,8159.27001953125,8298.6904296875,8138.77978515625,7063209984,58584450167418.0,8294.3095703125
2018-04-20,8286.8798828125,8880.23046875,8244.5400390625,8438110208,74642089080460.0,8845.830078125
2018-04-21,8848.7900390625,8997.5703125,8652.150390625,7548550144,67148732279694.0,8895.580078125
2018-04-22,8925.0595703125,9001.6396484375,8779.6103515625,6629899776,58359427323268.5,8802.4599609375
2018-04-23,8794.3896484375,8958.5498046875,8788.8095703125,6925190144,61848041341701.0,8930.8798828125
2018-04-24,8934.33984375,9732.6103515625,8927.830078125,10678800384,103557666723840.0,9697.5
2018-04-25,9701.0302734375,9745.3203125,8799.83984375,11083100160,98038225006920.0,8845.740234375
2018-04-26,8867.3203125,9281.509765625,8727.08984375,8970559488,83260335490992.0,9281.509765625
2018-04-27,9290.6298828125,9375.4697265625,8987.0498046875,7566289920,67998624347745.0,8987.0498046875
2018-04-28,8939.26953125,9412.08984375,8931.990234375,7805479936,72969376730916.0,9348.48046875
2018-04-29,9346.41015625,9531.490234375,9193.7099609375,8853000192,83387117740104.0,9419.080078125
2018-04-30,9426.1103515625,9477.1396484375,9166.8095703125,8673920000,80151789761875.0,9240.5498046875
2018-05-01,9251.4697265625,9255.8798828125,8891.0498046875,7713019904,70335103827036.0,9119.009765625
2018-05-02,9104.599609375,9256.51953125,9015.1396484375,7558159872,69806559334521.0,9235.919921875
2018-05-03,9233.9697265625,9798.330078125,9188.150390625,10207299584,99458501713058.0,9743.8603515625
2018-05-04,9695.5,9779.2001953125,9585.9599609375,8217829888,79719193538261.0,9700.759765625
2018-05-05,9700.2802734375,9964.5,9695.1201171875,7651939840,75433973722735.0,9858.150390625
2018-05-06,9845.3095703125,9940.1396484375,9465.25,7222280192,69729669387120.0,9654.7998046875
2018-05-07,9645.669921875,9665.849609375,9231.5302734375,7394019840,69304220167545.0,9373.009765625
2018-05-08,9380.8701171875,9462.75,9127.76953125,7415869952,68484226467588.0,9234.8203125
2018-05-09,9223.73046875,9374.759765625,9031.6201171875,7226890240,67392050069840.0,9325.1796875
2018-05-10,9325.9599609375,9396.0400390625,9040.51953125,6906699776,62463781339880.0,9043.9404296875
2018-05-11,9052.9599609375,9052.9599609375,8394.4599609375,8488520192,71655760305063.0,8441.490234375
2018-05-12,8441.4404296875,8664.8603515625,8223.5,6821380096,58015084966528.0,8504.8896484375
2018-05-13,8515.490234375,8773.5498046875,8395.1201171875,5866379776,51177947703747.5,8723.9404296875
2018-05-14,8713.099609375,8881.1201171875,8367.9697265625,7364149760,64191747274132.5,8716.7900390625
2018-05-15,8705.1904296875,8836.1904296875,8456.4501953125,6705710080,57068140164805.0,8510.3798828125
2018-05-16,8504.41015625,8508.4296875,8175.490234375,6760220160,56575133809755.0,8368.830078125
2018-05-17,8370.0498046875,8445.5400390625,8054.1201171875,5862530048,47453193187604.5,8094.31982421875
2018-05-18,8091.830078125,8274.1201171875,7974.81982421875,5764190208,47560158904356.0,8250.9697265625
2018-05-19,8255.73046875,8372.0595703125,8183.35009765625,4712399872,38864008503736.0,8247.1796875
2018-05-20,8246.990234375,8562.41015625,8205.240234375,5191059968,44192791272576.0,8513.25
2018-05-21,8522.330078125,8557.51953125,8365.1201171875,5154990080,43399811141820.0,8418.990234375
2018-05-22,8419.8701171875,8423.25,8004.580078125,5137010176,41310704589498.75,8041.77978515625
2018-05-23,8037.080078125,8054.66015625,7507.8798828125,6491120128,49058716384783.75,7557.81982421875
2018-05-24,7561.1201171875,7738.60009765625,7331.14013671875,6049220096,45897488657994.0,7587.33984375
2018-05-25,7592.2998046875,7659.14013671875,7392.64990234375,4867829760,36412048766490.0,7480.14013671875
2018-05-26,7486.47998046875,7595.16015625,7349.1201171875,4051539968,29802641345022.0,7355.8798828125
2018-05-27,7362.080078125,7381.740234375,7270.9599609375,4056519936,29889332194351.875,7368.22021484375
2018-05-28,7371.31005859375,7419.0498046875,7100.89013671875,5040600064,35969672832094.0,7135.990234375
2018-05-29,7129.4599609375,7526.419921875,7090.68017578125,5662660096,42314736321978.0,7472.58984375
2018-05-30,7469.72998046875,7573.77001953125,7313.60009765625,4922540032,36458891293952.0,7406.52001953125
2018-05-31,7406.14990234375,7608.89990234375,7361.1298828125,5127130112,38423584270890.0,7494.169921875
2018-06-01,7500.7001953125,7604.72998046875,7407.33984375,4921460224,37114947167507.5,7541.4501953125
2018-06-02,7536.72021484375,7695.830078125,7497.259765625,4939299840,37753292326755.0,7643.4501953125
2018-06-03,7632.08984375,7754.89013671875,7613.0400390625,4851760128,37456801128192.0,7720.25
2018-06-04,7722.52978515625,7753.81982421875,7474.0400390625,4993169920,37521026641493.75,7514.47021484375
2018-06-05,7500.89990234375,7643.22998046875,7397.0,4961739776,37876729469530.0,7633.759765625
2018-06-06,7625.97021484375,7680.43017578125,7502.009765625,4692259840,35914462878517.5,7653.97998046875
2018-06-07,7650.81982421875,7741.27001953125,7650.81982421875,4485799936,34443049551952.0,7678.240234375
2018-06-08,7685.14013671875,7698.18994140625,7558.39990234375,4227579904,32234958231328.0,7624.919921875
2018-06-09,7632.52001953125,7683.580078125,7531.97998046875,3845220096,28962120783568.125,7531.97998046875
2018-06-10,7499.5498046875,7499.5498046875,6709.06982421875,5804839936,39391760015870.5,6786.02001953125
2018-06-11,6799.2900390625,6910.18017578125,6706.6298828125,4745269760,32775198240015.0,6906.919921875
2018-06-12,6905.81982421875,6907.9599609375,6542.080078125,4654380032,30636804311094.5,6582.35986328125
2018-06-13,6596.8798828125,6631.66015625,6285.6298828125,5052349952,32081916466811.25,6349.89990234375
2018-06-14,6342.75,6707.14013671875,6334.4599609375,5138710016,34302688407132.75,6675.35009765625
2018-06-15,6674.080078125,6681.080078125,6433.8701171875,3955389952,25538291965299.0,6456.580078125
2018-06-16,6455.4501953125,6592.490234375,6402.2900390625,3194170112,20922325799907.0,6550.16015625
2018-06-17,6545.52978515625,6589.10986328125,6499.27001953125,3104019968,20173863918048.75,6499.27001953125
2018-06-18,6510.06982421875,6781.14013671875,6446.68017578125,4039200000,27203284233984.37,6734.81982421875
2018-06-19,6742.39013671875,6822.5,6709.919921875,4057029888,27465848682250.125,6769.93994140625
2018-06-20,6770.759765625,6821.56005859375,6611.8798828125,3888640000,26351562632500.0,6776.5498046875
2018-06-21,6780.08984375,6810.93994140625,6715.169921875,3529129984,23750128045664.0,6729.740234375
2018-06-22,6737.8798828125,6747.080078125,6006.60009765625,5079810048,30903989293272.0,6083.68994140625
2018-06-23,6090.10009765625,6224.81982421875,6071.81005859375,3431360000,21145687305781.25,6162.47998046875
2018-06-24,6164.27978515625,6223.77978515625,5826.41015625,4566909952,28192585433787.5,6173.22998046875
2018-06-25,6171.97021484375,6327.3701171875,6119.68017578125,5500810240,34375554302542.5,6249.18017578125
2018-06-26,6253.5498046875,6290.16015625,6093.669921875,3279759872,19985774082979.0,6093.669921875
2018-06-27,6084.39990234375,6180.0,6052.85009765625,3296219904,20295254071239.75,6157.1298828125
2018-06-28,6153.16015625,6170.41015625,5873.0498046875,3467800064,20471949406628.75,5903.43994140625
2018-06-29,5898.1298828125,6261.66015625,5835.75,3966230016,24663207333838.5,6218.2998046875
2018-06-30,6214.22021484375,6465.509765625,6214.22021484375,4543860224,29098880874496.0,6404.0
2018-07-01,6411.68017578125,6432.85009765625,6289.2900390625,4788259840,30576964609782.5,6385.81982421875
2018-07-02,6380.3798828125,6683.85986328125,6305.7001953125,4396930048,29082087557778.5,6614.18017578125
2018-07-03,6596.66015625,6671.3701171875,6447.75,4672309760,30508266355750.0,6529.58984375
2018-07-04,6550.8701171875,6771.919921875,6450.4599609375,4176689920,27555919765936.25,6597.5498046875
2018-07-05,6599.7099609375,6749.5400390625,6546.64990234375,4999240192,33190656211804.75,6639.14013671875
2018-07-06,6638.68994140625,6700.93994140625,6533.5498046875,4313959936,28789211632896.0,6673.5
2018-07-07,6668.7099609375,6863.990234375,6579.240234375,3961080064,27160849419527.125,6856.93017578125
2018-07-08,6857.7998046875,6885.91015625,6747.97998046875,3386210048,22937780123124.75,6773.8798828125
2018-07-09,6775.080078125,6838.68017578125,6724.33984375,3718129920,25066702388160.0,6741.75
2018-07-10,6739.2099609375,6767.740234375,6320.72021484375,4052430080,25651680576386.25,6329.9501953125
2018-07-11,6330.77001953125,6444.9599609375,6330.47021484375,3644859904,23307821934330.5,6394.7099609375
2018-07-12,6396.77978515625,6397.10009765625,6136.419921875,3770170112,23483673516235.125,6228.81005859375
2018-07-13,6235.02978515625,6310.5498046875,6192.240234375,3805400064,23738275125993.0,6238.0498046875
2018-07-14,6247.5,6298.18994140625,6212.22021484375,2923670016,18349304203435.5,6276.1201171875
2018-07-15,6272.7001953125,6403.4599609375,6256.509765625,3285459968,20894343080075.5,6359.64013671875
2018-07-16,6357.009765625,6741.75,6357.009765625,4725799936,31860161718528.0,6741.75
2018-07-17,6739.64990234375,7387.240234375,6684.169921875,5961950208,43647676183665.0,7321.0400390625
2018-07-18,7315.31982421875,7534.990234375,7280.47021484375,6103410176,44986892345777.75,7370.77978515625
2018-07-19,7378.2001953125,7494.4599609375,7295.4599609375,5111629824,38167823568777.0,7466.85986328125
2018-07-20,7467.39990234375,7594.669921875,7323.259765625,4936869888,36306382370898.0,7354.1298828125
2018-07-21,7352.72021484375,7437.64013671875,7262.41015625,3726609920,27648799858927.5,7419.2900390625
2018-07-22,7417.7998046875,7537.9501953125,7383.81982421875,3695460096,27414734633698.5,7418.490234375
2018-07-23,7414.7099609375,7771.5,7409.10009765625,5132480000,39577117151093.75,7711.10986328125
2018-07-24,7716.509765625,8424.26953125,7705.5,7277689856,61309220911788.0,8424.26953125
2018-07-25,8379.66015625,8416.8701171875,8086.35986328125,5845400064,47823498428784.75,8181.39013671875
2018-07-26,8176.85009765625,8290.330078125,7878.7099609375,4899089920,38955505808815.0,7951.580078125
2018-07-27,7950.39990234375,8262.66015625,7839.759765625,5195879936,42424410418455.0,8165.009765625
2018-07-28,8169.06005859375,8222.849609375,8110.77001953125,3988750080,32676440525977.5,8192.150390625
2018-07-29,8205.8203125,8272.259765625,8141.18017578125,4107190016,33754776698458.25,8218.4599609375
2018-07-30,8221.580078125,8235.5,7917.5,5551400000,45413116563574.22,8180.47998046875
2018-07-31,8181.2001953125,8181.52978515625,7696.93017578125,5287530000,41139309603383.79,7780.43994140625
2018-08-01,7769.0400390625,7769.0400390625,7504.9501953125,4797620000,36581421463828.125,7624.91015625
2018-08-02,7634.18994140625,7712.77001953125,7523.43994140625,4214110000,31888802074965.82,7567.14990234375
2018-08-03,7562.14013671875,7562.14013671875,7328.64990234375,4627150000,34400038321118.164,7434.39013671875
2018-08-04,7438.669921875,7497.490234375,6984.06982421875,4268390000,30018947028334.96,7032.85009765625
2018-08-05,7031.080078125,7102.77001953125,6940.7001953125,3679110000,26005715380942.383,7068.47998046875
2018-08-06,7062.93994140625,7166.5498046875,6890.5400390625,3925900000,27292070853222.656,6951.7998046875
2018-08-07,6958.31982421875,7146.56005859375,6748.240234375,4682800000,31623510884765.625,6753.1201171875
2018-08-08,6746.85009765625,6746.85009765625,6226.22021484375,5064430000,31935281704853.52,6305.7998046875
2018-08-09,6305.56005859375,6625.72998046875,6249.06982421875,4267040000,28026900055859.37,6568.22998046875
2018-08-10,6571.419921875,6591.259765625,6124.52001953125,4528680000,28008572305898.44,6184.7099609375
2018-08-11,6185.7900390625,6455.740234375,6109.02978515625,4047850000,25484170601440.43,6295.72998046875
2018-08-12,6283.64990234375,6409.85009765625,6237.5,5665250000,35819619190551.76,6322.68994140625
2018-08-13,6341.35986328125,6537.0498046875,6225.72021484375,4083980000,25719149210712.89,6297.56982421875
2018-08-14,6287.66015625,6287.93994140625,5971.0498046875,5301700000,32869002299902.344,6199.7099609375
2018-08-15,6221.419921875,6588.490234375,6221.419921875,4895450000,30883044329614.258,6308.52001953125
2018-08-16,6294.22998046875,6473.5,6276.41015625,4328420000,27419371942060.547,6334.72998046875
2018-08-17,6340.91015625,6582.5,6324.97021484375,4992990000,32857019198583.984,6580.6298828125
2018-08-18,6583.43017578125,6617.35009765625,6353.72998046875,3984520000,25595599261328.125,6423.759765625
2018-08-19,6422.56982421875,6537.97998046875,6361.5498046875,3311170000,21542703219858.4,6506.06982421875
2018-08-20,6500.509765625,6536.919921875,6297.93017578125,3665100000,23121392515576.17,6308.52978515625
2018-08-21,6301.06982421875,6500.8701171875,6298.240234375,3377180000,21913709705273.44,6488.759765625
2018-08-22,6486.25,6816.7900390625,6310.10986328125,4668110000,29767183535751.957,6376.7099609375
2018-08-23,6371.33984375,6546.5400390625,6371.33984375,3426180000,22389674756894.53,6534.8798828125
2018-08-24,6551.52001953125,6719.9599609375,6498.64013671875,4097820000,27537186327128.902,6719.9599609375
2018-08-25,6719.9501953125,6789.6298828125,6700.9599609375,3312600000,22403742999902.344,6763.18994140625
2018-08-26,6754.64013671875,6774.75,6620.75,3295500000,22103774557617.188,6707.259765625
2018-08-27,6710.7998046875,6884.64013671875,6689.7099609375,4019000000,27669368709472.656,6884.64013671875
2018-08-28,6891.080078125,7109.56005859375,6882.33984375,4659940000,33068238022041.016,7096.27978515625
2018-08-29,7091.7099609375,7113.2998046875,6970.81982421875,4145880000,29216680348593.75,7047.16015625
2018-08-30,7043.759765625,7072.68994140625,6834.68994140625,4463250000,31145584960327.15,6978.22998046875
2018-08-31,6973.97021484375,7057.169921875,6920.16015625,4495650000,31638496878222.656,7037.580078125
2018-09-01,7044.81005859375,7242.2900390625,7038.0498046875,4116050000,29607776662500.0,7193.25
2018-09-02,7189.580078125,7306.31005859375,7132.16015625,4329540000,31487533078974.61,7272.72021484375
2018-09-03,7279.02978515625,7317.93994140625,7208.14990234375,4087760000,29677383105117.188,7260.06005859375
2018-09-04,7263.0,7388.259765625,7255.43994140625,4273640000,31461085310156.25,7361.66015625
2018-09-05,7361.4599609375,7388.43017578125,6792.830078125,5800460000,39401539154960.94,6792.830078125
2018-09-06,6755.14013671875,6755.14013671875,6404.72021484375,5523470000,36063674188378.91,6529.169921875
2018-09-07,6528.919921875,6555.2900390625,6396.8701171875,4264680000,27579983337949.22,6467.06982421875
2018-09-08,6460.169921875,6534.25,6197.52001953125,3835060000,23877006783896.484,6225.97998046875
2018-09-09,6223.3798828125,6446.259765625,6201.22021484375,3671890000,23136064323383.79,6300.85986328125
2018-09-10,6301.56982421875,6374.97998046875,6292.759765625,3714100000,23509139495410.16,6329.7001953125
2018-09-11,6331.8798828125,6398.919921875,6260.2099609375,3849910000,24336051843935.547,6321.2001953125
2018-09-12,6317.009765625,6363.8701171875,6265.08984375,4064230000,25815175320205.08,6351.7998046875
2018-09-13,6354.240234375,6535.41015625,6354.240234375,4210910000,27443806098833.008,6517.31005859375
2018-09-14,6515.41015625,6596.10009765625,6456.169921875,4076220000,26547238596972.656,6512.7099609375
2018-09-15,6509.39990234375,6561.72021484375,6493.5498046875,3216300000,21044894788183.598,6543.2001953125
2018-09-16,6536.68017578125,6544.330078125,6460.10009765625,3273730000,21335488256860.35,6517.18017578125
2018-09-17,6514.06005859375,6540.2099609375,6257.52001953125,3910780000,24564392099824.22,6281.2001953125
2018-09-18,6280.91015625,6384.18017578125,6265.7099609375,4180090000,26632606600576.17,6371.2998046875
2018-09-19,6371.85009765625,6448.4599609375,6208.33984375,4431340000,28354106416699.22,6398.5400390625
2018-09-20,6398.85009765625,6529.259765625,6395.9501953125,4348110000,28348241984003.902,6519.669921875
2018-09-21,6513.8701171875,6794.330078125,6496.35986328125,6531940000,43992290578769.53,6734.9501953125
2018-09-22,6735.0498046875,6814.56005859375,6616.7998046875,4509660000,30313844238720.703,6721.97998046875
2018-09-23,6715.31982421875,6766.14990234375,6679.419921875,4197500000,28167868933105.47,6710.6298828125
2018-09-24,6704.77001953125,6713.56005859375,6580.89990234375,4177310000,27551072799804.688,6595.41015625
2018-09-25,6603.64013671875,6603.64013671875,6381.85986328125,4726180000,30467178599990.234,6446.47021484375
2018-09-26,6452.7900390625,6585.91015625,6397.89013671875,4437300000,28820263500000.0,6495.0
2018-09-27,6495.2900390625,6712.10009765625,6464.9501953125,4606810000,30758518667500.0,6676.75
2018-09-28,6678.75,6785.02978515625,6598.31982421875,5014430000,33316524208271.484,6644.1298828125
2018-09-29,6643.10009765625,6643.10009765625,6511.64990234375,4363690000,28808906661943.36,6601.9599609375
2018-09-30,6604.7099609375,6643.77978515625,6566.5400390625,4002280000,26517346511308.598,6625.56005859375
2018-10-01,6619.85009765625,6653.2998046875,6549.080078125,4000970000,26364872400263.67,6589.6201171875
2018-10-02,6593.240234375,6611.83984375,6537.89990234375,3979260000,26088426874599.61,6556.10009765625
2018-10-03,6553.85986328125,6571.4599609375,6454.02978515625,3887310000,25277582525507.81,6502.58984375
2018-10-04,6497.91015625,6603.31005859375,6497.91015625,3838410000,25244032437993.164,6576.68994140625
2018-10-05,6574.14990234375,6623.6201171875,6557.41015625,3671500000,24314435248291.016,6622.47998046875
2018-10-06,6622.4501953125,6628.5400390625,6577.7998046875,3259740000,21476177830400.39,6588.31005859375
2018-10-07,6590.68017578125,6641.490234375,6557.0400390625,3306630000,21833513204326.17,6602.9501953125
2018-10-08,6600.18994140625,6675.06005859375,6576.0400390625,3979460000,26472283118076.17,6652.22998046875
2018-10-09,6653.080078125,6661.41015625,6606.93994140625,3580810000,23786032227963.867,6642.64013671875
2018-10-10,6640.2900390625,6640.2900390625,6538.9599609375,3787650000,24943681890747.07,6585.52978515625
2018-10-11,6586.740234375,6586.740234375,6243.740234375,5181640000,32417584648046.875,6256.240234375
2018-10-12,6239.25,6328.5,6236.47021484375,3783500000,23739873725585.938,6274.580078125
2018-10-13,6278.080078125,6308.509765625,6259.81005859375,3064030000,19260462657832.03,6285.990234375
2018-10-14,6288.490234375,6363.2099609375,6280.14990234375,3085320000,19409532689941.406,6290.93017578125
2018-10-15,6292.64013671875,6965.06005859375,6258.68017578125,7370770000,48621579423720.7,6596.5400390625
2018-10-16,6601.41015625,6673.58984375,6571.3701171875,4074800000,26877828470898.44,6596.10986328125
2018-10-17,6590.52001953125,6601.2099609375,6517.4501953125,4088420000,26756379219267.58,6544.43017578125
2018-10-18,6542.330078125,6567.5400390625,6450.0400390625,3924080000,25415128023515.625,6476.7099609375
2018-10-19,6478.06982421875,6493.68017578125,6445.31005859375,3578870000,23138862445898.44,6465.41015625
2018-10-20,6460.919921875,6497.72021484375,6449.0,3379130000,21927816406704.1,6489.18994140625
2018-10-21,6490.08984375,6556.3798828125,6476.0,3253610000,21091039101235.35,6482.35009765625
2018-10-22,6486.0498046875,6543.7998046875,6462.97998046875,3672860000,23826431051484.37,6487.16015625
2018-10-23,6472.35986328125,6506.009765625,6451.27001953125,3716150000,24064822071972.656,6475.740234375
2018-10-24,6478.89013671875,6521.990234375,6468.85986328125,3424670000,22246107837695.312,6495.83984375
2018-10-25,6484.64990234375,6504.64990234375,6447.02978515625,3230550000,20921978785693.36,6476.2900390625
2018-10-26,6468.43994140625,6498.2900390625,6449.60986328125,3306050000,21405847237500.0,6474.75
2018-10-27,6480.83984375,6507.41015625,6453.52978515625,3393250000,21989549037353.52,6480.3798828125
2018-10-28,6482.66015625,6502.27978515625,6447.91015625,3445190000,22346846435122.07,6486.39013671875
2018-10-29,6492.35009765625,6503.60009765625,6306.990234375,4199910000,26596475571123.047,6332.6298828125
2018-10-30,6337.0400390625,6364.990234375,6310.14013671875,3781100000,23950508370849.61,6334.27001953125
2018-10-31,6336.990234375,6349.16015625,6316.8798828125,4191240000,26478619163378.902,6317.60986328125
2018-11-01,6318.14013671875,6547.14013671875,6311.830078125,3789400000,24167958717871.094,6377.77978515625
2018-11-02,6378.919921875,6396.85986328125,6327.3798828125,4234870000,27054212654663.09,6388.43994140625
2018-11-03,6387.240234375,6400.06982421875,6342.3701171875,3658640000,23273559428906.25,6361.259765625
2018-11-04,6365.47021484375,6388.6298828125,6294.56982421875,4390020000,27991337708144.53,6376.1298828125
2018-11-05,6363.6201171875,6480.58984375,6363.6201171875,4174800000,26800797220312.5,6419.66015625
2018-11-06,6433.3798828125,6463.5498046875,6408.16015625,4700040000,30367004338828.125,6461.009765625
2018-11-07,6468.5,6552.16015625,6468.31005859375,4941260000,32267120251962.89,6530.14013671875
2018-11-08,6522.27001953125,6536.919921875,6438.52978515625,4665260000,30108282769501.957,6453.72021484375
2018-11-09,6442.60009765625,6456.4599609375,6373.3701171875,4346820000,27757141237792.97,6385.6201171875
2018-11-10,6386.1298828125,6437.27978515625,6385.31005859375,3705320000,23748211846464.844,6409.22021484375
2018-11-11,6413.6298828125,6423.25,6350.169921875,3939060000,25254377283134.77,6411.27001953125
2018-11-12,6411.759765625,6434.2099609375,6360.47021484375,4295770000,27369510611801.76,6371.27001953125
2018-11-13,6373.18994140625,6395.27001953125,6342.669921875,4503800000,28641872117578.125,6359.490234375
2018-11-14,6351.240234375,6371.5498046875,5544.08984375,7398940000,42457708071552.734,5738.35009765625
2018-11-15,5736.14990234375,5774.81982421875,5358.3798828125,7032140000,39717736173388.67,5648.02978515625
2018-11-16,5645.31982421875,5657.02001953125,5498.93994140625,5279320000,29435111594882.81,5575.5498046875
2018-11-17,5578.580078125,5578.580078125,5519.56005859375,4303150000,23901115475683.598,5554.330078125
2018-11-18,5559.740234375,5653.60986328125,5559.740234375,4159680000,23392127029687.5,5623.5400390625
2018-11-19,5620.77978515625,5620.77978515625,4842.91015625,7039560000,34293147794296.875,4871.490234375
2018-11-20,4863.93017578125,4951.60986328125,4272.10986328125,8428290000,37521652389990.24,4451.8701171875
2018-11-21,4465.5400390625,4675.72998046875,4343.97998046875,6120120000,28165832182265.625,4602.169921875
2018-11-22,4611.56982421875,4629.64013671875,4365.64013671875,4569370000,19949594990063.48,4365.93994140625
2018-11-23,4360.7001953125,4396.419921875,4195.68017578125,4871490000,21176902227875.977,4347.10986328125
2018-11-24,4347.68994140625,4413.08984375,3795.159912109375,4679500000,18160016465698.24,3880.760009765625
2018-11-25,3880.780029296875,4120.8701171875,3585.06005859375,6825640000,27370611430830.08,4009.969970703125
2018-11-26,4015.070068359375,4107.14013671875,3643.919921875,6476900000,24477046337988.28,3779.1298828125
2018-11-27,3765.949951171875,3862.9599609375,3661.010009765625,5998720000,22919429302656.25,3820.719970703125
2018-11-28,3822.469970703125,4385.89990234375,3822.469970703125,7280280000,30995209108828.125,4257.419921875
2018-11-29,4269.00439453125,4413.0205078125,4145.76513671875,6503347767,27826827999681.062,4278.8466796875
2018-11-30,4289.0888671875,4322.9765625,3942.822021484375,6048016717,24296507375428.43,4017.2685546875
2018-12-01,4024.46435546875,4309.37744140625,3969.710693359375,5375314093,22655185127058.234,4214.671875
2018-12-02,4200.7333984375,4301.51953125,4110.978515625,5262697895,21786926866123.363,4139.8779296875
2018-12-03,4147.32373046875,4155.9794921875,3840.4462890625,5089570994,19819455468715.293,3894.130859375
2018-12-04,3886.294921875,4075.627685546875,3832.75,5028069239,19895535991877.55,3956.893798828125
2018-12-05,3958.894775390625,3969.535888671875,3753.994873046875,5302481574,19905488643221.523,3753.994873046875
2018-12-06,3754.074462890625,3874.966064453125,3521.101806640625,5878333109,20698209330135.3,3521.101806640625
2018-12-07,3512.59033203125,3512.59033203125,3280.228759765625,6835615448,23377375937343.07,3419.937255859375
2018-12-08,3421.910400390625,3506.04345703125,3350.650634765625,5305024497,18440873882410.28,3476.11474609375
2018-12-09,3473.2275390625,3685.3056640625,3469.09423828125,4947372847,17880965009569.016,3614.234375
2018-12-10,3612.04638671875,3647.33251953125,3470.14453125,5020968740,17586726312393.18,3502.656005859375
2018-12-11,3497.5546875,3513.18505859375,3392.25,4696765188,16084486334605.04,3424.588134765625
2018-12-12,3421.458251953125,3534.228515625,3413.4814453125,4139364829,14433758998951.242,3486.9501953125
2018-12-13,3487.87939453125,3489.739501953125,3298.132080078125,4343372456,14392534478757.527,3313.67724609375
2018-12-14,3311.751953125,3329.555908203125,3206.542236328125,4372763663,14178619987983.771,3242.48486328125
2018-12-15,3243.99755859375,3275.3779296875,3191.303466796875,3551763561,11496212328295.98,3236.76171875
2018-12-16,3236.274658203125,3305.753173828125,3233.81982421875,3744248994,12179439570234.186,3252.839111328125
2018-12-17,3253.123046875,3597.91796875,3253.123046875,5409247918,19180461495317.21,3545.86474609375
2018-12-18,3544.761474609375,3701.349365234375,3487.169189453125,5911325473,21848608201324.324,3696.05908203125
2018-12-19,3706.824951171875,3949.322998046875,3687.22998046875,6810689119,25512505561062.566,3745.95068359375
2018-12-20,3742.195068359375,4191.228515625,3728.974609375,8927129279,36908692930044.31,4134.44140625
2018-12-21,4133.70361328125,4198.4296875,3850.9462890625,7206015706,28078555109759.902,3896.543701171875
2018-12-22,3898.083740234375,4014.1826171875,3855.739013671875,5605823233,22502798176934.438,4014.1826171875
2018-12-23,4020.99462890625,4085.7236328125,3976.40576171875,6151275490,24598829040634.344,3998.980224609375
2018-12-24,4000.331787109375,4271.79248046875,4000.331787109375,7240968501,29533007764046.13,4078.59912109375
2018-12-25,4081.030517578125,4089.5615234375,3760.0205078125,6158207293,23496582794635.56,3815.49072265625
2018-12-26,3819.666748046875,3893.359619140625,3769.86376953125,5326547918,20546080539919.37,3857.297607421875
2018-12-27,3854.6884765625,3874.4169921875,3645.448486328125,5130222366,18750108545666.13,3654.83349609375
2018-12-28,3653.1318359375,3956.135986328125,3642.632080078125,5631554348,22097761422782.984,3923.918701171875
2018-12-29,3932.49169921875,3963.7587890625,3820.40869140625,4991655917,19070165649816.234,3820.40869140625
2018-12-30,3822.384765625,3901.908935546875,3797.21923828125,4770578575,18442830820695.227,3865.95263671875
2018-12-31,3866.839111328125,3868.742919921875,3725.867431640625,4661840806,17447873633276.71,3742.700439453125
2019-01-01,3746.71337890625,3850.913818359375,3707.231201171875,4324200990,16620153073541.852,3843.52001953125
2019-01-02,3849.21630859375,3947.981201171875,3817.409423828125,5244856836,20682617873711.76,3943.409423828125
2019-01-03,3931.048583984375,3935.68505859375,3826.222900390625,4530215219,17381263425153.55,3836.7412109375
2019-01-04,3832.0400390625,3865.9345703125,3783.853759765625,4847965467,18702081363471.81,3857.717529296875
2019-01-05,3851.973876953125,3904.903076171875,3836.900146484375,5137609824,19755109449800.93,3845.194580078125
2019-01-06,3836.51904296875,4093.29736328125,3826.51318359375,5597027440,22817024347905.098,4076.632568359375
2019-01-07,4078.5849609375,4092.613525390625,4020.89404296875,5228625637,21046516409694.73,4025.248291015625
2019-01-08,4028.47216796875,4109.02099609375,3996.955322265625,5306593305,21390070481686.2,4030.847900390625
2019-01-09,4031.552001953125,4068.403564453125,4022.662841796875,5115905225,20644193869238.074,4035.29638671875
2019-01-10,4034.411376953125,4064.066650390625,3659.174560546875,6874143796,25289456443835.33,3678.924560546875
2019-01-11,3674.015380859375,3713.8818359375,3653.06982421875,5538712865,20423258613811.37,3687.365478515625
2019-01-12,3686.97314453125,3698.978271484375,3653.810791015625,4778170883,17494321953419.527,3661.301025390625
2019-01-13,3658.8681640625,3674.760009765625,3544.92724609375,4681302466,16632448225644.906,3552.953125
2019-01-14,3557.31103515625,3727.836181640625,3552.28515625,5651384490,20944326182703.883,3706.05224609375
2019-01-15,3704.21630859375,3720.1533203125,3619.94921875,5537192302,20103747283288.16,3630.67529296875
2019-01-16,3631.509765625,3685.777099609375,3624.67333984375,5394457145,19716777741146.89,3655.0068359375
2019-01-17,3651.87109375,3680.135986328125,3621.9609375,5464420383,20101219909661.484,3678.56396484375
2019-01-18,3677.990478515625,3682.52001953125,3637.080810546875,5002961727,18300030298924.504,3657.83935546875
2019-01-19,3652.3779296875,3758.533447265625,3652.3779296875,5955691380,22206202437670.43,3728.568359375
2019-01-20,3725.446044921875,3743.387939453125,3583.01953125,5582489560,20102621228659.453,3601.013671875
2019-01-21,3600.372802734375,3608.8408203125,3558.537109375,5004347059,17895707577651.688,3576.032470703125
2019-01-22,3575.081298828125,3620.74658203125,3539.721435546875,5313623556,19153366045356.81,3604.5771484375
2019-01-23,3605.55712890625,3623.06787109375,3565.31396484375,5433755649,19480682608317.125,3585.123046875
2019-01-24,3584.500244140625,3616.08740234375,3569.0927734375,5262869046,18950883465689.86,3600.865478515625
2019-01-25,3607.390380859375,3612.927734375,3575.597412109375,5265847539,18955818242990.355,3599.765869140625
2019-01-26,3599.71533203125,3654.93310546875,3593.345947265625,5098183235,18366003466957.6,3602.46044921875
2019-01-27,3604.687255859375,3612.67138671875,3567.245849609375,5570752966,19965388223548.484,3583.9658203125
2019-01-28,3584.283203125,3586.7509765625,3439.23291015625,6908930483,23977100830878.44,3470.450439453125
2019-01-29,3468.8701171875,3476.0654296875,3400.81982421875,5897159493,20334095565505.883,3448.116943359375
2019-01-30,3443.89697265625,3495.1748046875,3429.387939453125,5955112627,20760604308101.52,3486.181640625
2019-01-31,3485.4091796875,3504.804931640625,3447.915771484375,5831198271,20163074957218.566,3457.792724609375
2019-02-01,3460.547119140625,3501.9541015625,3431.591552734375,5422926707,18914871787711.71,3487.9453125
2019-02-02,3484.6259765625,3523.287353515625,3467.57470703125,5071623601,17857495008270.574,3521.060791015625
2019-02-03,3516.1396484375,3521.38818359375,3447.92431640625,5043937584,17472267519630.082,3464.013427734375
2019-02-04,3467.211669921875,3476.223876953125,3442.5869140625,5332718886,18446696146600.043,3459.154052734375
2019-02-05,3454.950927734375,3478.148193359375,3451.93701171875,5227549545,18120555163530.03,3466.357421875
2019-02-06,3469.091796875,3469.091796875,3398.5654296875,5482196038,18714944429876.496,3413.767822265625
2019-02-07,3414.929443359375,3427.945556640625,3394.218505859375,5004962683,17014228898751.266,3399.4716796875
2019-02-08,3401.37646484375,3695.614013671875,3391.023681640625,7735623101,28364830189494.223,3666.7802734375
2019-02-09,3671.5859375,3679.94140625,3646.559326171875,6158833645,22610332331122.133,3671.20361328125
2019-02-10,3673.201416015625,3695.0361328125,3640.97998046875,6282256903,23182710496501.69,3690.188232421875
2019-02-11,3695.613037109375,3695.613037109375,3642.287841796875,6277056434,22901405173856.406,3648.4306640625
2019-02-12,3642.751953125,3668.5869140625,3618.556884765625,6480384532,23676269996302.195,3653.528564453125
2019-02-13,3653.60400390625,3669.74658203125,3617.246337890625,6438903823,23386552992559.06,3632.070556640625
2019-02-14,3631.170166015625,3646.256591796875,3607.69775390625,6271044418,22681620523754.64,3616.880859375
2019-02-15,3617.368408203125,3647.795166015625,3608.20654296875,6091952231,22057806376356.51,3620.810791015625
2019-02-16,3615.270263671875,3652.84130859375,3615.270263671875,5934744052,21541860355213.8,3629.78759765625
2019-02-17,3633.359375,3680.537353515625,3619.18212890625,7039512503,25862015734632.96,3673.836181640625
2019-02-18,3671.369873046875,3936.6650390625,3669.982421875,9908216640,38797746134342.34,3915.71435546875
2019-02-19,3911.66162109375,4010.87939453125,3908.153076171875,9933626655,39208962960389.37,3947.094482421875
2019-02-20,3946.68505859375,4000.486328125,3926.246826171875,8693373948,34771935823774.47,3999.820556640625
2019-02-21,4000.2568359375,4010.009521484375,3940.108154296875,7775128102,30743775256030.992,3954.1181640625
2019-02-22,3952.406494140625,4006.538330078125,3950.81640625,7826525254,31349355179128.613,4005.526611328125
2019-02-23,3998.916259765625,4166.2861328125,3968.726806640625,8922258316,36960694685459.38,4142.52685546875
2019-02-24,4145.4580078125,4210.6416015625,3793.708984375,10794227451,41130621015132.92,3810.427490234375
2019-02-25,3807.00244140625,3913.707275390625,3807.00244140625,9318796067,36182054907871.12,3882.6962890625
2019-02-26,3878.697265625,3891.578857421875,3837.986328125,7931218996,30569756674414.11,3854.35791015625
2019-02-27,3857.479736328125,3888.802490234375,3787.058837890625,8301309684,31968736770349.305,3851.04736328125
2019-02-28,3848.261962890625,3906.058349609375,3845.8212890625,8399767798,32379302274401.707,3854.785400390625
2019-03-01,3853.757080078125,3907.79541015625,3851.6923828125,7661247975,29569228114213.53,3859.583740234375
2019-03-02,3855.318115234375,3874.607421875,3832.1279296875,7578786076,29287574889931.87,3864.4150390625
2019-03-03,3862.26611328125,3875.483642578125,3836.90576171875,7253558152,27905713250262.902,3847.17578125
2019-03-04,3845.091552734375,3867.3818359375,3733.749755859375,9029175788,33963760553499.11,3761.55712890625
2019-03-05,3759.83251953125,3903.916748046875,3745.18310546875,10174126415,39642211810245.625,3896.375
2019-03-06,3897.0810546875,3919.510498046875,3871.460693359375,9175291529,35819811714785.016,3903.942626953125
2019-03-07,3903.384765625,3939.373291015625,3894.113037109375,9584165519,37488313674982.266,3911.484375
2019-03-08,3913.225830078125,3950.43212890625,3875.228515625,10638638944,41502730478158.95,3901.131591796875
2019-03-09,3894.552490234375,3987.23779296875,3892.390380859375,10796103518,42788345203020.68,3963.313720703125
2019-03-10,3966.17431640625,3966.17431640625,3924.381103515625,9713267607,38382946852979.27,3951.599853515625
2019-03-11,3953.740234375,3966.384765625,3889.239013671875,10125901903,39543948497296.95,3905.227294921875
2019-03-12,3903.75830078125,3926.88916015625,3863.55908203125,9809887079,38348381386667.09,3909.15625
2019-03-13,3913.04736328125,3926.59765625,3891.904296875,9469184841,36993428094674.24,3906.71728515625
2019-03-14,3905.576904296875,3946.50439453125,3901.296875,10480789570,41130487157892.36,3924.369140625
2019-03-15,3926.663330078125,3968.54296875,3914.015380859375,9394210605,37209633369329.75,3960.9111328125
2019-03-16,3963.900146484375,4077.036376953125,3961.657470703125,9856166973,39904917809148.02,4048.725830078125
2019-03-17,4047.719482421875,4054.1220703125,4006.4111328125,8221625400,33093925019332.324,4025.22900390625
2019-03-18,4029.968505859375,4071.556640625,4009.1171875,9646954186,38901413411447.73,4032.50732421875
2019-03-19,4032.69189453125,4082.216064453125,4023.8125,9344919956,38044946409588.336,4071.190185546875
2019-03-20,4070.7939453125,4089.4619140625,4031.11083984375,10175916388,41593817253555.07,4087.476318359375
2019-03-21,4083.953857421875,4097.35986328125,4005.1513671875,10831212662,43642496585157.58,4029.326904296875
2019-03-22,4028.5146484375,4053.90673828125,4021.54248046875,9252935969,37233520666971.83,4023.96826171875
2019-03-23,4022.71337890625,4049.882568359375,4015.964599609375,9578850549,38658578080719.97,4035.826416015625
2019-03-24,4035.16357421875,4040.69970703125,4006.19287109375,9144851065,36782129265261.98,4022.168212890625
2019-03-25,4024.11279296875,4038.8408203125,3934.03125,10359818883,41056693187346.87,3963.070556640625
2019-03-26,3969.228759765625,3985.080810546875,3944.753173828125,10707678815,42670965371155.805,3985.080810546875
2019-03-27,3984.244873046875,4087.066162109375,3977.810546875,10897131934,44537299191492.89,4087.066162109375
2019-03-28,4087.58447265625,4094.902099609375,4040.266357421875,9353915899,38062086324544.586,4069.107177734375
2019-03-29,4068.2998046875,4113.5009765625,4034.09716796875,10918665557,44748780620790.21,4098.37451171875
2019-03-30,4092.13623046875,4296.806640625,4053.90966796875,9732688060,39968842269212.11,4106.66015625
2019-03-31,4105.4560546875,4113.0234375,4094.100830078125,9045122443,37133884543252.695,4105.404296875
2019-04-01,4105.3623046875,4164.953125,4096.9013671875,10157794171,42237968110681.15,4158.18310546875
2019-04-02,4156.91943359375,4905.95458984375,4155.31689453125,21315047816,104014831407532.16,4879.8779296875
2019-04-03,4879.9580078125,5307.00341796875,4876.62109375,22899891582,113881664008731.88,4973.02197265625
2019-04-04,4971.3076171875,5063.15966796875,4836.7939453125,18251810240,89849990060631.88,4922.798828125
2019-04-05,4922.80615234375,5053.509765625,4919.49169921875,16837325387,84804239432581.84,5036.68115234375
2019-04-06,5036.79296875,5205.82177734375,4992.22216796875,16929795194,85661672010056.72,5059.8173828125
2019-04-07,5062.7939453125,5235.1865234375,5050.412109375,16655416140,86589792548576.05,5198.89697265625
2019-04-08,5199.83544921875,5318.83642578125,5148.2119140625,17154113634,90741332764829.56,5289.77099609375
2019-04-09,5289.91796875,5289.91796875,5167.4189453125,14722104361,76627942174165.8,5204.95849609375
2019-04-10,5204.10546875,5421.6513671875,5193.38232421875,15504590933,82554996906468.9,5324.5517578125
2019-04-11,5325.08154296875,5354.2255859375,5017.29638671875,16555616019,83845715233303.39,5064.48779296875
2019-04-12,5061.20068359375,5103.2744140625,4955.8525390625,13675206312,69600496712670.56,5089.5390625
2019-04-13,5088.85009765625,5127.1220703125,5061.58935546875,10823289598,55161830847466.2,5096.58642578125
2019-04-14,5095.7587890625,5184.01611328125,5053.568359375,10391952498,53702723292392.83,5167.72216796875
2019-04-15,5167.32177734375,5196.60693359375,5024.0693359375,12290155061,62275547927692.24,5067.1083984375
2019-04-16,5066.57763671875,5238.9453125,5055.19482421875,11618660197,60830187588612.266,5235.5595703125
2019-04-17,5236.13525390625,5274.275390625,5219.20556640625,12438480677,65326129184038.58,5251.93798828125
2019-04-18,5251.48046875,5319.986328125,5250.5068359375,13256489918,70237997172983.54,5298.3857421875
2019-04-19,5298.154296875,5336.68017578125,5233.3349609375,13780238655,73087802031372.19,5303.8125
2019-04-20,5304.16064453125,5358.49072265625,5295.8779296875,13169647522,70298080167810.695,5337.88623046875
2019-04-21,5335.87890625,5359.9248046875,5257.33935546875,13731844223,72978315243265.47,5314.53125
2019-04-22,5312.49462890625,5422.6875,5280.27685546875,14601631648,78839542285360.94,5399.365234375
2019-04-23,5399.36572265625,5633.80224609375,5389.40869140625,15867308108,88418389577881.53,5572.3623046875
2019-04-24,5571.50830078125,5642.04443359375,5418.26318359375,17048033399,93165230009364.14,5464.86669921875
2019-04-25,5466.5244140625,5542.23828125,5181.3388671875,15330283408,79878681233062.25,5210.515625
2019-04-26,5210.3046875,5383.63427734375,5177.36865234375,16812108040,88756971386632.9,5279.34814453125
2019-04-27,5279.47119140625,5310.75,5233.6357421875,13111274675,69074010573694.09,5268.291015625
2019-04-28,5271.74658203125,5326.23193359375,5255.68359375,12819992056,67755442048057.64,5285.13916015625
2019-04-29,5284.8583984375,5311.27490234375,5216.48779296875,13735490672,72074961852988.48,5247.3525390625
2019-04-30,5247.72607421875,5363.25732421875,5224.18994140625,13878964574,74262544406098.3,5350.7265625
2019-05-01,5350.91455078125,5418.00390625,5347.64599609375,13679528236,73906349795677.19,5402.697265625
2019-05-02,5402.4228515625,5522.2626953125,5394.21728515625,14644460907,80621911800743.48,5505.28369140625
2019-05-03,5505.55224609375,5865.8818359375,5490.20166015625,18720780006,107986879691084.34,5768.28955078125
2019-05-04,5769.20263671875,5886.8935546875,5645.46923828125,17567780766,102440671906703.6,5831.16748046875
2019-05-05,5831.068359375,5833.86279296875,5708.03515625,14808830723,85827666038505.25,5795.70849609375
2019-05-06,5791.693359375,5802.95751953125,5653.6875,15737171804,90438491112049.62,5746.80712890625
2019-05-07,5745.59912109375,5988.17822265625,5741.39599609375,18026409033,105084977863746.12,5829.50146484375
2019-05-08,5849.4814453125,5989.98095703125,5794.7158203125,15320605300,91654870380755.31,5982.45751953125
2019-05-09,5982.31640625,6183.0390625,5982.31640625,16784645411,103637276632250.4,6174.52880859375
2019-05-10,6175.82275390625,6434.61767578125,6161.51904296875,19419875368,123876454922916.95,6378.84912109375
2019-05-11,6379.6669921875,7333.0029296875,6375.69873046875,28867562329,207984189891397.2,7204.771484375
2019-05-12,7203.50732421875,7503.8720703125,6815.77099609375,27773333680,193646002488703.4,6972.37158203125
2019-05-13,6971.17822265625,8047.4130859375,6898.2822265625,28677672181,224113571612601.2,7814.9150390625
2019-05-14,7807.88427734375,8268.712890625,7696.39111328125,32031452227,256072754687255.88,7994.416015625
2019-05-15,7989.37451171875,8216.423828125,7899.10693359375,28344112920,232568207433817.03,8205.16796875
2019-05-16,8194.5009765625,8320.82421875,7729.6083984375,33167197581,261520340670935.97,7884.9091796875
2019-05-17,7886.92578125,7929.1455078125,7038.12451171875,30066644905,220806298452823.1,7343.8955078125
2019-05-18,7341.66455078125,7447.27197265625,7251.50439453125,21354286562,155271459450737.25,7271.2080078125
2019-05-19,7267.962890625,8261.94140625,7267.962890625,25902422040,212340011967700.56,8197.689453125
2019-05-20,8196.923828125,8200.9677734375,7678.78173828125,23843404340,190230049392365.3,7978.30908203125
2019-05-21,7977.96923828125,8062.16796875,7843.33984375,25127245056,200096484989049.38,7963.32763671875
2019-05-22,7956.2919921875,7997.6123046875,7615.9873046875,24719473175,189847195511515.56,7680.06640625
2019-05-23,7677.26904296875,7943.79150390625,7533.19677734375,24457107820,192767174065826.2,7881.8466796875
2019-05-24,7881.6953125,8140.7197265625,7824.44873046875,25919126991,207025698358972.53,7987.37158203125
2019-05-25,7991.88525390625,8117.92578125,7965.97607421875,22256813107,179223965626724.75,8052.5439453125
2019-05-26,8055.2060546875,8687.5205078125,7924.67041015625,26677970091,231383792247084.9,8673.2158203125
2019-05-27,8674.072265625,8907.1748046875,8668.705078125,27949839564,246120091288883.75,8805.7783203125
2019-05-28,8802.7578125,8807.0166015625,8634.7216796875,24226919267,211257813303306.97,8719.9619140625
2019-05-29,8718.591796875,8755.8525390625,8482.728515625,23473479966,203268301762413.38,8659.4873046875
2019-05-30,8661.7607421875,9008.314453125,8221.2734375,29246528551,243315694570279.44,8319.47265625
2019-05-31,8320.2861328125,8586.6591796875,8172.55078125,25365190957,217493879402185.1,8574.501953125
2019-06-01,8573.83984375,8625.6005859375,8481.578125,22488303544,192590204891792.8,8564.0166015625
2019-06-02,8565.4736328125,8809.3037109375,8561.2353515625,20266216022,177186675657602.88,8742.9580078125
2019-06-03,8741.7470703125,8743.5,8204.185546875,22004511436,180634926934220.5,8208.9951171875
2019-06-04,8210.9853515625,8210.9853515625,7564.48876953125,24609731549,189686175055035.5,7707.77099609375
2019-06-05,7704.34326171875,7901.84912109375,7668.66845703125,21760923463,170262501638243.2,7824.2314453125
2019-06-06,7819.63330078125,7937.3408203125,7571.47119140625,19474611077,152330864280491.12,7822.0234375
2019-06-07,7826.9013671875,8126.1533203125,7788.37353515625,19141423231,153972673830357.8,8043.951171875
2019-06-08,8036.77490234375,8076.89111328125,7837.61083984375,16522722810,131423850977505.72,7954.1279296875
2019-06-09,7949.6748046875,7975.97412109375,7583.2197265625,16610726547,127704547184934.84,7688.0771484375
2019-06-10,7692.28466796875,8031.90966796875,7586.73095703125,18689275117,149520360731265.62,8000.32958984375
2019-06-11,8004.24365234375,8026.39404296875,7772.8037109375,17107279932,135621628699938.86,7927.71435546875
2019-06-12,7925.43408203125,8196.6484375,7862.35986328125,19034432883,155051776371167.1,8145.857421875
2019-06-13,8145.54541015625,8311.5673828125,8087.06103515625,18669407147,153666468143209.47,8230.923828125
2019-06-14,8230.8984375,8710.63671875,8183.39306640625,19831162906,172408818655489.66,8693.8330078125
2019-06-15,8689.74609375,8859.1279296875,8618.3955078125,18371033226,162370080788847.75,8838.375
2019-06-16,8841.4404296875,9335.8671875,8814.556640625,23348550311,210008262156465.56,8994.48828125
2019-06-17,8988.923828125,9416.4072265625,8988.923828125,15562951919,145052198433559.25,9320.3525390625
2019-06-18,9335.466796875,9348.3740234375,9004.9013671875,15848210536,143929687233303.3,9081.7626953125
2019-06-19,9078.7275390625,9299.62109375,9070.3955078125,15546809946,144173676047725.94,9273.521484375
2019-06-20,9273.060546875,9594.419921875,9232.484375,17846823784,170029548470539.66,9527.16015625
2019-06-21,9525.07421875,10144.556640625,9525.07421875,20624008643,209221423835653.03,10144.556640625
2019-06-22,10175.923828125,11157.345703125,10107.03515625,29995204861,320999426089671.94,10701.69140625
2019-06-23,10696.69140625,11246.14453125,10556.095703125,20998326502,227944626526935.3,10855.37109375
2019-06-24,10853.744140625,11065.896484375,10610.427734375,19271652365,212202140288181.3,11011.1025390625
2019-06-25,11007.2021484375,11790.9169921875,11007.2021484375,24879684533,293354295120414.25,11790.9169921875
2019-06-26,11778.5810546875,13796.4892578125,11755.59765625,45105733173,587106662490277.8,13016.2314453125
2019-06-27,13017.125,13311.14453125,10491.8525390625,39977475223,447060375399185.8,11182.806640625
2019-06-28,11162.16796875,12445.1748046875,10914.4951171875,35087757766,435345460834832.8,12407.33203125
2019-06-29,12400.763671875,12400.91015625,11508.37890625,29923961128,357871755724701.9,11959.37109375
2019-06-30,11931.9912109375,12178.3837890625,10799.0087890625,27256473494,294837505990931.6,10817.1552734375
2019-07-01,10796.9306640625,11206.439453125,10089.314453125,29378589324,310917570039843.9,10583.134765625
2019-07-02,10588.68359375,10912.1884765625,9737.884765625,31015895223,335023704841987.0,10801.677734375
2019-07-03,10818.15625,11968.078125,10818.15625,30796494294,368365168868136.7,11961.26953125
2019-07-04,11972.71875,12006.0751953125,11166.5693359375,25920294033,290707437708734.44,11215.4375
2019-07-05,11203.1025390625,11395.6611328125,10874.96484375,23838480210,261709800515086.0,10978.4599609375
2019-07-06,10982.5439453125,11620.96484375,10982.5439453125,21092024306,236411025513160.28,11208.55078125
2019-07-07,11217.6162109375,11541.6201171875,11148.8046875,19369044277,221791956348005.6,11450.8466796875
2019-07-08,11446.5966796875,12345.8330078125,11393.3740234375,23482551458,288505641129284.2,12285.9580078125
2019-07-09,12284.326171875,12779.1318359375,12233.26171875,28167921523,354178163744916.44,12573.8125
2019-07-10,12571.537109375,13129.529296875,11710.978515625,33627574244,408794033209749.6,12156.5126953125
2019-07-11,12139.7138671875,12144.623046875,11158.9228515625,28595327690,324804665137564.75,11358.662109375
2019-07-12,11354.2998046875,11905.4873046875,11179.14453125,23534692797,278085608325973.9,11815.986328125
2019-07-13,11813.126953125,11841.95703125,10908.4794921875,21042616384,239725459025392.25,11392.37890625
2019-07-14,11381.0205078125,11451.2041015625,10234.576171875,22486000001,230617733549318.56,10256.05859375
2019-07-15,10257.8388671875,11052.7666015625,9992.0068359375,25384047207,276561474918256.25,10895.08984375
2019-07-16,10896.6533203125,10996.6328125,9448.1064453125,24151199070,228896409033449.6,9477.6416015625
2019-07-17,9471.2138671875,9963.134765625,9163.134765625,24569921549,238175972695075.44,9693.802734375
2019-07-18,9698.5029296875,10736.8427734375,9376.798828125,25187024648,268656955667224.4,10666.482421875
2019-07-19,10653.9560546875,10716.98046875,10229.62890625,20727426310,218274980264741.9,10530.732421875
2019-07-20,10525.8193359375,11048.662109375,10451.2763671875,20206615155,217567447196118.56,10767.1396484375
2019-07-21,10777.529296875,10841.8876953125,10389.599609375,17130580467,181568829110641.6,10599.10546875
2019-07-22,10596.9482421875,10651.791015625,10154.921875,16334414913,168948592167058.9,10343.1064453125
2019-07-23,10346.748046875,10346.748046875,9883.5947265625,17851916995,176747680991474.7,9900.767578125
2019-07-24,9887.73046875,9908.796875,9614.306640625,17398734322,170715089855151.03,9811.92578125
2019-07-25,9809.0966796875,10154.25390625,9773.95703125,15821952090,156824686033815.75,9911.841796875
2019-07-26,9913.126953125,9916.517578125,9717.982421875,14495714483,143077104454245.38,9870.3037109375
2019-07-27,9871.1650390625,10167.3203125,9411.521484375,16817809536,159393778980306.75,9477.677734375
2019-07-28,9491.626953125,9575.544921875,9252.296875,13738687093,131243759213243.16,9552.8603515625
2019-07-29,9548.1787109375,9681.6484375,9472.9482421875,13791445323,131282774792677.16,9519.1455078125
2019-07-30,9522.3291015625,9701.759765625,9437.3359375,13829811132,132868857008045.2,9607.423828125
2019-07-31,9604.05078125,10085.6279296875,9598.09765625,16631520648,167739329160643.16,10085.6279296875
2019-08-01,10077.4423828125,10446.919921875,9922.01953125,17165337858,178513831057639.6,10399.6689453125
2019-08-02,10402.04296875,10657.953125,10371.013671875,17489094082,183953348730101.7,10518.1748046875
2019-08-03,10519.2783203125,10946.78125,10503.5048828125,15352685061,166142559730320.62,10821.7265625
2019-08-04,10821.6328125,11009.20703125,10620.2783203125,16530894787,181346966925806.75,10970.1845703125
2019-08-05,10960.7353515625,11895.091796875,10960.7353515625,23875988832,281871646830245.0,11805.6533203125
2019-08-06,11811.544921875,12273.8212890625,11290.7314453125,23635107660,271287758762129.6,11478.1689453125
2019-08-07,11476.193359375,12036.990234375,11433.701171875,22194988641,265051860757426.97,11941.96875
2019-08-08,11954.0400390625,11979.419921875,11556.16796875,19481591730,233124660062812.25,11966.4072265625
2019-08-09,11953.4697265625,11970.4580078125,11709.7451171875,18339989960,217566136735961.03,11862.9365234375
2019-08-10,11861.556640625,11915.6552734375,11323.8984375,18125355447,205795728258798.72,11354.0244140625
2019-08-11,11349.740234375,11523.5791015625,11248.294921875,15774371518,181777217965107.56,11523.5791015625
2019-08-12,11528.189453125,11528.189453125,11320.951171875,13647198229,155340819795292.94,11382.6162109375
2019-08-13,11385.052734375,11420.0498046875,10830.3271484375,16681503537,181758827986793.2,10895.830078125
2019-08-14,10889.4873046875,10889.556640625,10028.1357421875,19990838300,200941991333782.72,10051.7041015625
2019-08-15,10038.421875,10437.4111328125,9675.31640625,22899115082,236125276201645.4,10311.5458984375
2019-08-16,10319.419921875,10524.349609375,9855.478515625,20228207096,209854275089550.8,10374.3388671875
2019-08-17,10358.72265625,10452.625,10086.6982421875,13778035685,140973335889320.9,10231.744140625
2019-08-18,10233.005859375,10487.0703125,10119.0947265625,12999813869,134493611433312.1,10345.810546875
2019-08-19,10350.283203125,10916.0537109375,10313.2041015625,16038264603,175074557836575.7,10916.0537109375
2019-08-20,10916.3466796875,10947.0419921875,10618.9609375,15053082175,162019822115108.66,10763.232421875
2019-08-21,10764.572265625,10798.7294921875,9962.7216796875,19473084768,197419103228885.56,10138.0498046875
2019-08-22,10142.521484375,10232.99609375,9831.462890625,17097508856,173215813936937.56,10131.0556640625
2019-08-23,10136.3095703125,10442.443359375,10078.1923828125,15627023886,162645515217929.5,10407.96484375
2019-08-24,10407.64453125,10418.0205078125,9982.296875,15451030650,156981867848115.25,10159.9609375
2019-08-25,10160.7373046875,10304.6220703125,10008.7890625,14153856610,143499124038745.72,10138.517578125
2019-08-26,10126.2998046875,10512.328125,10126.2998046875,18438654080,191223968268025.0,10370.8203125
2019-08-27,10372.826171875,10381.328125,10087.30078125,14762609503,150364559092806.5,10185.5
2019-08-28,10203.4267578125,10279.3662109375,9716.65625,17603790323,171714814600786.0,9754.4228515625
2019-08-29,9756.7861328125,9756.7861328125,9421.6298828125,17045878501,162109717049483.34,9510.2001953125
2019-08-30,9514.8447265625,9656.1240234375,9428.302734375,13595263986,130489706976875.56,9598.173828125
2019-08-31,9597.5390625,9673.220703125,9531.7998046875,11454806419,110317392522357.62,9630.6640625
2019-09-01,9630.5927734375,9796.755859375,9582.9443359375,11445355859,111683447158962.06,9757.970703125
2019-09-02,9757.4736328125,10396.591796875,9730.650390625,17248102294,178461987692793.38,10346.7607421875
2019-09-03,10345.7255859375,10736.1044921875,10308.5478515625,19384917989,205936452410084.4,10623.5400390625
2019-09-04,10621.1806640625,10762.64453125,10434.7099609375,16742664769,177380047443360.56,10594.4931640625
2019-09-05,10588.18359375,10627.26953125,10516.41796875,14551239508,153887116563478.28,10575.533203125
2019-09-06,10578.1982421875,10898.76171875,10292.2998046875,19536574783,202268073121155.6,10353.302734375
2019-09-07,10353.931640625,10558.673828125,10348.9189453125,15307366476,160991474812711.38,10517.2548828125
2019-09-08,10518.1142578125,10595.6376953125,10409.0908203125,13670567493,142738173290702.56,10441.2763671875
2019-09-09,10443.228515625,10450.3115234375,10144.9296875,17595943368,181853627936280.44,10334.974609375
2019-09-10,10336.408203125,10394.353515625,10020.5732421875,14906809639,150796922372341.8,10115.9755859375
2019-09-11,10123.03515625,10215.9482421875,9980.7763671875,15428063426,157032569874208.2,10178.3720703125
2019-09-12,10176.8193359375,10442.25390625,10099.2421875,15323563925,159520245833576.4,10410.126953125
2019-09-13,10415.3623046875,10441.4892578125,10226.5966796875,14109864675,146185914365244.12,10360.546875
2019-09-14,10345.4033203125,10422.1337890625,10291.6943359375,13468713124,139509588190400.0,10358.048828125
2019-09-15,10356.4658203125,10387.03515625,10313.0927734375,12043433567,124621992768631.72,10347.712890625
2019-09-16,10347.22265625,10386.8671875,10189.744140625,15160167779,155797920441148.84,10276.7939453125
2019-09-17,10281.513671875,10296.771484375,10199.7392578125,15304603363,156738612947063.34,10241.2724609375
2019-09-18,10247.7958984375,10275.9287109375,10191.4697265625,16169268880,164898214774856.72,10198.248046875
2019-09-19,10200.49609375,10295.6689453125,9851.6923828125,19937691247,204688613262385.6,10266.4150390625
2019-09-20,10266.318359375,10285.8720703125,10132.1865234375,14734189639,150018238193753.56,10181.6416015625
2019-09-21,10183.6484375,10188.09765625,10000.7080078125,13425266806,134517371318606.58,10019.716796875
2019-09-22,10024.115234375,10074.4443359375,9922.533203125,13199651698,132925674493374.23,10070.392578125
2019-09-23,10067.962890625,10074.23828125,9727.1435546875,15144925408,147349889563216.62,9729.32421875
2019-09-24,9729.3212890625,9804.3173828125,8370.8017578125,25002886689,215539045050468.7,8620.56640625
2019-09-25,8603.4287109375,8744.828125,8325.396484375,21744728353,184547360886307.03,8486.9931640625
2019-09-26,8487.669921875,8515.685546875,7895.62939453125,19258205289,156356748115634.62,8118.9677734375
2019-09-27,8113.10107421875,8271.5205078125,7965.9228515625,16408941156,135404050570969.56,8251.845703125
2019-09-28,8251.2734375,8285.6171875,8125.431640625,14141152736,116606744015462.22,8245.9150390625
2019-09-29,8246.037109375,8261.70703125,7990.4970703125,13034629109,105635052834033.95,8104.185546875
2019-09-30,8104.2265625,8314.2314453125,7830.7587890625,17115474183,141953486439217.3,8293.8681640625
2019-10-01,8299.720703125,8497.6923828125,8232.6796875,15305343413,127696709989371.77,8343.2763671875
2019-10-02,8344.212890625,8393.0419921875,8227.6953125,13125712443,110164655711476.98,8393.0419921875
2019-10-03,8390.7744140625,8414.2275390625,8146.43701171875,13668823409,112904374570657.12,8259.9921875
2019-10-04,8259.494140625,8260.0556640625,8151.23681640625,13139456229,107821582262160.14,8205.939453125
2019-10-05,8210.1494140625,8215.5263671875,8071.12060546875,12200497197,99452358858619.52,8151.50048828125
2019-10-06,8149.876953125,8161.41015625,7958.8505859375,13160830305,105130762429888.48,7988.15576171875
2019-10-07,7989.12060546875,8308.4501953125,7905.76611328125,18009742607,148501548708565.84,8245.623046875
2019-10-08,8246.849609375,8332.71484375,8185.76318359375,15592264032,128305360365211.69,8228.783203125
2019-10-09,8229.8408203125,8627.7060546875,8169.298828125,19384942333,166627928752807.28,8595.740234375
2019-10-10,8585.2802734375,8625.2724609375,8471.93359375,17618660671,151282165297012.1,8586.4736328125
2019-10-11,8585.2626953125,8721.7802734375,8316.181640625,19604381101,163142892441570.7,8321.7568359375
2019-10-12,8315.6650390625,8415.2421875,8313.3408203125,14532641605,121152175685953.1,8336.5556640625
2019-10-13,8336.90234375,8470.98828125,8276.6123046875,13808286059,114898829204865.12,8321.005859375
2019-10-14,8320.83203125,8390.208984375,8284.130859375,15151387859,126888123714141.86,8374.6865234375
2019-10-15,8373.4580078125,8410.71484375,8182.70654296875,15220412632,124889104118191.72,8205.369140625
2019-10-16,8204.6748046875,8216.8125,7985.08984375,16071646996,129337010811923.66,8047.52685546875
2019-10-17,8047.8125,8134.83154296875,8000.94287109375,14313052244,115991703424678.52,8103.9111328125
2019-10-18,8100.93359375,8138.41357421875,7902.1640625,15651592610,124793395890691.77,7973.20751953125
2019-10-19,7973.8037109375,8082.62939453125,7944.77685546875,13797825640,110224765540364.3,7988.560546875
2019-10-20,7997.80712890625,8281.818359375,7949.439453125,15504249442,127477150181611.66,8222.078125
2019-10-21,8225.115234375,8296.6943359375,8196.416015625,15868748866,130817533559335.56,8243.720703125
2019-10-22,8243.40234375,8296.6513671875,8074.462890625,16803377857,135741099514973.2,8078.203125
2019-10-23,8076.228515625,8092.99951171875,7469.32275390625,21942878958,164893535362211.9,7514.671875
2019-10-24,7509.72802734375,7532.86767578125,7446.98876953125,16268708849,121909387054755.16,7493.48876953125
2019-10-25,7490.703125,8691.5400390625,7479.984375,28705065488,248605966278379.7,8660.7001953125
2019-10-26,8667.5771484375,10021.744140625,8662.6220703125,44496255609,411366666410715.7,9244.97265625
2019-10-27,9241.70703125,9749.529296875,9112.5419921875,32593129501,311320278858967.75,9551.71484375
2019-10-28,9565.1015625,9805.1181640625,9256.1484375,30948255332,286461645234642.9,9256.1484375
2019-10-29,9248.4404296875,9516.1806640625,9232.6484375,28426779937,267998797877305.7,9427.6875
2019-10-30,9422.462890625,9426.8740234375,9085.3701171875,27706531577,255058753693133.9,9205.7265625
2019-10-31,9202.4580078125,9383.1611328125,9028.7177734375,26583653947,244558583057588.0,9199.5849609375
2019-11-01,9193.9921875,9275.6572265625,9132.0478515625,24324691031,225273505378267.1,9261.1044921875
2019-11-02,9259.783203125,9377.486328125,9249.587890625,21242676385,198081962042590.56,9324.7177734375
2019-11-03,9324.787109375,9379.806640625,9141.251953125,21132220847,195163550729239.75,9235.3544921875
2019-11-04,9235.607421875,9505.0517578125,9191.4853515625,26170255634,246330470197405.75,9412.6123046875
2019-11-05,9413.0048828125,9457.41796875,9256.931640625,26198609048,244761221399156.16,9342.52734375
2019-11-06,9340.8642578125,9423.2373046875,9305.9091796875,23133895765,216553619477669.75,9360.8798828125
2019-11-07,9352.3935546875,9368.4765625,9202.353515625,22700383839,210377203833578.84,9267.5615234375
2019-11-08,9265.3681640625,9272.759765625,8775.5341796875,24333037836,214249499092644.1,8804.880859375
2019-11-09,8809.46875,8891.818359375,8793.1630859375,17578630606,154930702843022.9,8813.58203125
2019-11-10,8812.4892578125,9103.826171875,8806.162109375,20587919881,186434451327939.25,9055.5263671875
2019-11-11,9056.91796875,9081.279296875,8700.6083984375,20265510765,177481048733155.16,8757.7880859375
2019-11-12,8759.751953125,8853.7685546875,8685.427734375,20309769107,179044061966734.84,8815.662109375
2019-11-13,8812.033203125,8836.841796875,8761.6513671875,17545755405,154547622794939.16,8808.2626953125
2019-11-14,8811.9365234375,8826.943359375,8692.5517578125,19084739975,166191723534114.03,8708.0947265625
2019-11-15,8705.7080078125,8730.873046875,8484.84375,21796856471,185098734863790.8,8491.9921875
2019-11-16,8491.166015625,8591.9970703125,8473.9736328125,16495389808,141048131597326.2,8550.7607421875
2019-11-17,8549.470703125,8727.7890625,8500.9677734375,18668638897,160139128681149.2,8577.9755859375
2019-11-18,8573.98046875,8653.2802734375,8273.5732421875,21579470673,179309996416592.94,8309.2861328125
2019-11-19,8305.134765625,8408.5166015625,8099.96337890625,21083613816,173015202804621.97,8206.1455078125
2019-11-20,8203.61328125,8237.240234375,8010.51171875,20764300437,166680605819195.44,8027.26806640625
2019-11-21,8023.64453125,8110.09814453125,7597.3818359375,22514243371,172070733523710.25,7642.75
2019-11-22,7643.5693359375,7697.3828125,6936.70654296875,34242315785,249851715586292.44,7296.57763671875
2019-11-23,7296.16455078125,7442.2587890625,7151.41796875,21008924418,155419755406591.6,7397.796875
2019-11-24,7398.6337890625,7408.5771484375,7029.2890625,30433517289,214492903633175.2,7047.9169921875
2019-11-25,7039.97705078125,7319.85693359375,6617.1669921875,42685231262,305034373415325.1,7146.1337890625
2019-11-26,7145.1591796875,7320.23046875,7098.572265625,21129505542,152520612029603.22,7218.37109375
2019-11-27,7220.880859375,7619.693359375,6974.17431640625,23991412764,180695249608665.6,7531.66357421875
2019-11-28,7536.8203125,7730.07275390625,7454.12158203125,19050116751,142173039806528.9,7463.10595703125
2019-11-29,7466.72705078125,7781.1796875,7460.75634765625,19709695456,152971748747508.44,7761.24365234375
2019-11-30,7764.05712890625,7836.10205078125,7515.849609375,17158194786,129881183987223.23,7569.6298828125
2019-12-01,7571.6162109375,7571.6162109375,7291.341796875,18720708479,138988015189687.28,7424.29248046875
2019-12-02,7424.0361328125,7474.81884765625,7233.3994140625,17082040706,125074501869167.48,7321.98828125
2019-12-03,7323.9755859375,7418.85888671875,7229.35693359375,14797485769,108319748978864.77,7320.1455078125
2019-12-04,7320.125,7539.78466796875,7170.9228515625,21664240918,157109826192563.12,7252.03466796875
2019-12-05,7253.24169921875,7743.431640625,7232.6767578125,18816085231,140147990951706.52,7448.3076171875
2019-12-06,7450.5615234375,7546.99658203125,7392.17529296875,18104466307,136634345338428.92,7546.99658203125
2019-12-07,7547.265625,7589.95166015625,7525.71142578125,15453520564,116770476120116.56,7556.23779296875
2019-12-08,7551.3388671875,7634.6064453125,7476.09130859375,15409908086,116565864491516.12,7564.34521484375
2019-12-09,7561.79541015625,7618.091796875,7365.9853515625,17872021272,132269031760057.34,7400.8994140625
2019-12-10,7397.13427734375,7424.02294921875,7246.0439453125,18249031195,132818632148851.98,7278.11962890625
2019-12-11,7277.19775390625,7324.15625,7195.52734375,16350490689,118008476985790.77,7217.42724609375
2019-12-12,7216.73876953125,7266.6396484375,7164.7412109375,18927080224,137091383540489.42,7243.13427734375
2019-12-13,7244.662109375,7293.560546875,7227.12255859375,17125736940,124498705587948.8,7269.6845703125
2019-12-14,7268.90283203125,7308.83642578125,7097.208984375,17137029730,122095747209131.05,7124.673828125
2019-12-15,7124.23974609375,7181.07568359375,6924.3759765625,16881129804,120738934371010.2,7152.3017578125
2019-12-16,7153.6630859375,7171.1689453125,6903.6826171875,20213265950,140128071408024.4,6932.48046875
2019-12-17,6931.3154296875,6964.0751953125,6587.97412109375,22363804217,148507180417603.12,6640.51513671875
2019-12-18,6647.6982421875,7324.98486328125,6540.04931640625,31836522778,231668096003942.4,7276.802734375
2019-12-19,7277.5908203125,7346.6025390625,7041.3818359375,25904604416,186586830662740.62,7202.84423828125
2019-12-20,7208.63671875,7257.921875,7086.1240234375,22633815180,163389356357414.3,7218.81640625
2019-12-21,7220.59375,7223.22607421875,7112.73583984375,19312552168,138879627376149.8,7191.15869140625
2019-12-22,7191.1884765625,7518.033203125,7167.17919921875,23134537956,173777137757816.25,7511.5888671875
2019-12-23,7508.90234375,7656.17626953125,7326.1923828125,27831788041,204720291037262.4,7355.62841796875
2019-12-24,7354.39306640625,7535.716796875,7269.52880859375,22991622105,168356893804809.25,7322.5322265625
2019-12-25,7325.755859375,7357.02001953125,7220.9912109375,21559505149,156848758104552.4,7275.15576171875
2019-12-26,7274.79931640625,7388.302734375,7200.38671875,22787010034,164954409036183.47,7238.966796875
2019-12-27,7238.14111328125,7363.529296875,7189.93408203125,22777360996,166048974699092.1,7290.08837890625
2019-12-28,7289.03125,7399.041015625,7286.9052734375,21365673026,156353786555117.34,7317.990234375
2019-12-29,7317.6474609375,7513.9482421875,7279.865234375,22445257702,166603355647421.53,7422.65283203125
2019-12-30,7420.27294921875,7454.82421875,7276.30810546875,22874131672,166820930593799.94,7292.9951171875
2019-12-31,7294.43896484375,7335.2900390625,7169.77783203125,21167946112,152273718546643.06,7193.59912109375
2020-01-01,7194.89208984375,7254.33056640625,7174.9443359375,18565664997,133676024278401.92,7200.17431640625
2020-01-02,7202.55126953125,7212.1552734375,6935.27001953125,20802083465,145312334451451.16,6985.47021484375
2020-01-03,6984.4287109375,7413.71533203125,6914.99609375,28111481032,206475575044783.84,7344.88427734375
2020-01-04,7345.37548828125,7427.3857421875,7309.51416015625,18444271275,136684163206766.05,7410.65673828125
2020-01-05,7410.45166015625,7544.4970703125,7400.53564453125,19725074095,146188784517538.03,7411.3173828125
2020-01-06,7410.4521484375,7781.8671875,7409.29296875,23276261598,180838379402448.62,7769.21923828125
2020-01-07,7768.68212890625,8178.2158203125,7768.2275390625,28767291327,234847317080378.0,8163.6923828125
2020-01-08,8161.935546875,8396.73828125,7956.7744140625,31672559265,255909933163371.2,8079.86279296875
2020-01-09,8082.2958984375,8082.2958984375,7842.40380859375,24045990466,189460073097731.2,7879.0712890625
2020-01-10,7878.3076171875,8166.55419921875,7726.77490234375,28714583844,234499205270037.03,8166.55419921875
2020-01-11,8162.19091796875,8218.359375,8029.64208984375,25521165085,205127323906679.47,8037.53759765625
2020-01-12,8033.26171875,8200.0634765625,8009.05908203125,22903438381,187636284736508.25,8192.494140625
2020-01-13,8189.77197265625,8197.7880859375,8079.70068359375,22482910688,183105193880598.28,8144.1943359375
2020-01-14,8140.93310546875,8879.51171875,8140.93310546875,44841784107,395852716512641.1,8827.7646484375
2020-01-15,8825.34375,8890.1171875,8657.1875,40102834650,353186095554719.06,8807.0107421875
2020-01-16,8812.4814453125,8846.4609375,8612.095703125,31313981931,273176481332799.0,8723.7861328125
2020-01-17,8725.2099609375,8958.1220703125,8677.31640625,36372139320,324768217255304.9,8929.0380859375
2020-01-18,8927.2119140625,9012.1982421875,8827.33203125,32337772627,289190510951469.1,8942.80859375
2020-01-19,8941.4453125,9164.3623046875,8620.080078125,34217320471,297904379273883.6,8706.2451171875
2020-01-20,8704.6318359375,8745.5908203125,8560.4736328125,26422375678,228755484685067.2,8657.642578125
2020-01-21,8658.9912109375,8755.7060546875,8544.5205078125,24097418512,210753480781343.3,8745.89453125
2020-01-22,8744.2109375,8792.994140625,8636.7470703125,22600204051,196189568411736.4,8680.8759765625
2020-01-23,8680.650390625,8687.7470703125,8333.6376953125,25770680779,216641630635550.7,8406.515625
2020-01-24,8405.5673828125,8514.6669921875,8266.8408203125,24397913026,206050978113258.1,8445.4345703125
2020-01-25,8440.119140625,8458.453125,8296.21875,19647331549,164405877253866.34,8367.84765625
2020-01-26,8364.41015625,8602.4013671875,8325.498046875,22177678796,190657736136447.84,8596.830078125
2020-01-27,8597.30859375,8977.7265625,8597.30859375,28647338393,255242609537096.1,8909.8193359375
2020-01-28,8912.5244140625,9358.58984375,8908.447265625,34398744403,321923740007667.94,9358.58984375
2020-01-29,9357.470703125,9406.431640625,9269.4677734375,30682598115,285858410480535.5,9316.6298828125
2020-01-30,9316.0166015625,9553.1259765625,9230.8974609375,32378792851,307889719880754.75,9508.9931640625
2020-01-31,9508.3134765625,9521.7060546875,9230.7763671875,29432489719,275209357397481.72,9350.529296875
2020-02-01,9346.357421875,9439.3232421875,9313.2392578125,25922656496,243488272134866.0,9392.875
2020-02-02,9389.8203125,9468.7978515625,9217.82421875,30835736946,288140388294535.1,9344.365234375
2020-02-03,9344.68359375,9540.3720703125,9248.6337890625,30934096509,287486690506121.2,9293.521484375
2020-02-04,9292.841796875,9331.265625,9112.8115234375,29893183716,274448210379231.56,9180.962890625
2020-02-05,9183.416015625,9701.2998046875,9163.7041015625,35222060874,338604599281780.9,9613.423828125
2020-02-06,9617.8212890625,9824.619140625,9539.818359375,37628823716,366120995136353.5,9729.8017578125
2020-02-07,9726.0029296875,9834.716796875,9726.0029296875,34522718159,338182591697230.75,9795.943359375
2020-02-08,9793.0703125,9876.7490234375,9678.91015625,35172043762,346976402131406.3,9865.119140625
2020-02-09,9863.89453125,10129.435546875,9850.392578125,35807884663,362256689610690.7,10116.673828125
2020-02-10,10115.5595703125,10165.765625,9784.5634765625,39386548075,388217895931784.94,9856.611328125
2020-02-11,9855.8916015625,10210.052734375,9729.3349609375,37648059389,384320287538197.3,10208.236328125
2020-02-12,10202.3876953125,10393.611328125,10202.3876953125,43444303830,448608257208945.7,10326.0546875
2020-02-13,10323.9609375,10457.626953125,10116.1611328125,49356071373,504141662527029.1,10214.3798828125
2020-02-14,10211.55078125,10321.99609375,10125.5341796875,43338264162,446909216418851.9,10312.1162109375
2020-02-15,10313.8564453125,10341.5556640625,9874.427734375,43865054831,433800161304668.6,9889.4248046875
2020-02-16,9889.1796875,10053.96875,9722.38671875,43374780305,430903874583517.9,9934.43359375
2020-02-17,9936.560546875,9938.8154296875,9507.6376953125,45998298413,445730069973110.9,9690.142578125
2020-02-18,9691.23046875,10161.935546875,9632.3828125,47271023953,479422540278888.7,10141.99609375
2020-02-19,10143.798828125,10191.67578125,9611.2236328125,46992019710,452692298561552.25,9633.38671875
2020-02-20,9629.3251953125,9643.216796875,9507.900390625,44925260237,431663266179103.25,9608.4755859375
2020-02-21,9611.7822265625,9723.0146484375,9589.7431640625,40930547513,396471350210406.2,9686.44140625
2020-02-22,9687.70703125,9698.2314453125,9600.728515625,35838025154,346309346704389.75,9663.181640625
2020-02-23,9663.318359375,9937.404296875,9657.791015625,41185185761,408743019603572.0,9924.515625
2020-02-24,9921.5830078125,9951.74609375,9537.04296875,45080496648,435034672935328.9,9650.1748046875
2020-02-25,9651.3125,9652.7373046875,9305.021484375,42515259129,397165012103179.6,9341.705078125
2020-02-26,9338.2900390625,9354.7783203125,8704.4267578125,50420050762,444731190227829.94,8820.5224609375
2020-02-27,8825.09375,8932.892578125,8577.19921875,45470195695,399432667655799.6,8784.494140625
2020-02-28,8788.728515625,8890.4560546875,8492.9326171875,44605450443,386838765206448.4,8672.455078125
2020-02-29,8671.212890625,8775.6318359375,8599.5087890625,35792392544,307796994263703.1,8599.5087890625
2020-03-01,8599.7587890625,8726.796875,8471.212890625,35349164300,302675596847341.7,8562.4541015625
2020-03-02,8563.2646484375,8921.30859375,8532.630859375,42857674409,380133425627019.2,8869.669921875
2020-03-03,8865.3876953125,8901.5986328125,8704.990234375,42386715821,372485393507248.0,8787.7861328125
2020-03-04,8788.5419921875,8843.3662109375,8712.431640625,34746706368,304215965199110.25,8755.24609375
2020-03-05,8760.28515625,9142.0546875,8757.25390625,39698054597,360409217151722.5,9078.7626953125
2020-03-06,9078.30859375,9167.6953125,9032.0791015625,40826885651,372445138241506.9,9122.5458984375
2020-03-07,9121.6005859375,9163.220703125,8890.744140625,36216930370,322691187296185.0,8909.9541015625
2020-03-08,8908.2060546875,8914.34375,8105.2529296875,39973102121,324106557308740.25,8108.1162109375
2020-03-09,8111.146484375,8177.79345703125,7690.09814453125,46936995808,371912070147363.4,7923.64453125
2020-03-10,7922.14697265625,8136.9453125,7814.76318359375,42213940994,333900854061704.7,7909.7294921875
2020-03-11,7910.08984375,7950.814453125,7642.8125,38682762605,306035975355779.5,7911.43017578125
2020-03-12,7913.6162109375,7929.1162109375,4860.35400390625,53980357243,268324916658154.44,4970.7880859375
2020-03-13,5017.8310546875,5838.11474609375,4106.98095703125,74156772075,412586554208481.1,5563.70703125
2020-03-14,5573.07763671875,5625.2265625,5125.0693359375,36154506008,188016671417140.03,5200.3662109375
2020-03-15,5201.06689453125,5836.64501953125,5169.283203125,33997889639,183327328276660.44,5392.31494140625
2020-03-16,5385.2294921875,5385.2294921875,4575.35791015625,45368026430,227497060286612.1,5014.47998046875
2020-03-17,5002.578125,5371.3486328125,4981.9091796875,38622642935,201827618215620.72,5225.62939453125
2020-03-18,5227.11376953125,5331.833984375,5069.3359375,37878801016,198425768688269.12,5238.4384765625
2020-03-19,5245.41650390625,6329.73583984375,5236.96875,51000731797,315755367122150.75,6191.19287109375
2020-03-20,6191.65380859375,6844.26171875,5865.78173828125,54442976103,337479939960567.94,6198.7783203125
2020-03-21,6206.521484375,6378.13525390625,5932.8232421875,42494390880,262830629485944.4,6185.06640625
2020-03-22,6185.55810546875,6359.697265625,5823.7138671875,40099664740,233791266149529.25,5830.2548828125
2020-03-23,5831.37451171875,6443.9345703125,5785.00439453125,46491916000,298306775285404.3,6416.31494140625
2020-03-24,6436.642578125,6789.02294921875,6411.06640625,48221910672,324765102942282.25,6734.8037109375
2020-03-25,6738.716796875,6892.51123046875,6536.92626953125,44590107888,297909319453984.6,6681.06298828125
2020-03-26,6675.1708984375,6735.4638671875,6590.962890625,35319797642,237223316851110.03,6716.4404296875
2020-03-27,6719.38916015625,6793.83642578125,6466.70166015625,34585598367,223761846897319.3,6469.79833984375
2020-03-28,6467.25390625,6467.5009765625,6117.837890625,34885225901,217760342493320.62,6242.19384765625
2020-03-29,6245.62451171875,6250.46728515625,5920.0859375,28373690931,168030216875414.2,5922.04296875
2020-03-30,5925.53857421875,6517.19580078125,5903.234375,37101651525,238557749708536.1,6429.841796875
2020-03-31,6430.6064453125,6504.51513671875,6374.162109375,32786468812,211100418115382.5,6438.64453125
2020-04-01,6437.3193359375,6612.57373046875,6202.37353515625,40346426266,266559815554681.8,6606.7763671875
2020-04-02,6606.7763671875,7088.24755859375,6595.91845703125,47660646124,323788533752359.6,6793.62451171875
2020-04-03,6797.396484375,7003.220703125,6673.3359375,38976504903,262443899488651.0,6733.38720703125
2020-04-04,6738.3828125,6878.95361328125,6696.48486328125,33185988584,227905684029995.3,6867.52734375
2020-04-05,6862.53759765625,6883.4140625,6715.92919921875,29510409856,200409011817746.3,6791.12939453125
2020-04-06,6788.0498046875,7271.78125,6782.8896484375,46896904615,341024031662395.5,7271.78125
2020-04-07,7273.64404296875,7427.939453125,7136.71435546875,44243482668,317509572795873.25,7176.41455078125
2020-04-08,7179.283203125,7356.2236328125,7153.3056640625,37563249549,275492577161315.7,7334.0986328125
2020-04-09,7337.96630859375,7341.4482421875,7179.09423828125,34815139178,254223257200836.84,7302.08935546875
2020-04-10,7303.8154296875,7303.8154296875,6802.47509765625,43622840992,299492316627561.4,6865.4931640625
2020-04-11,6867.4404296875,6926.06982421875,6789.9208984375,31222085946,214154879180670.1,6859.0830078125
2020-04-12,6858.06787109375,7119.947265625,6811.078125,35759567632,249283228579232.0,6971.091796875
2020-04-13,6965.61669921875,6965.61669921875,6668.259765625,38619308647,264350619684206.1,6845.03759765625
2020-04-14,6843.28173828125,6958.55712890625,6793.8212890625,34110434052,233398179988974.25,6842.427734375
2020-04-15,6845.5615234375,6928.66455078125,6633.40283203125,32288311031,214462509167697.88,6642.10986328125
2020-04-16,6640.4541015625,7134.45068359375,6555.50439453125,46783242377,332947175801702.2,7116.80419921875
2020-04-17,7116.552734375,7167.18310546875,7050.33203125,32513423567,230721254644180.25,7096.1845703125
2020-04-18,7092.29150390625,7269.95654296875,7089.2470703125,32447188386,235490824764947.0,7257.6650390625
2020-04-19,7260.92236328125,7280.52197265625,7167.0546875,31311210215,225109591384505.6,7189.4248046875
2020-04-20,7186.87353515625,7240.29052734375,6835.5029296875,37747113936,259774071454874.0,6881.95849609375
2020-04-21,6879.7841796875,6934.5517578125,6834.4423828125,32589741511,224227955975016.1,6880.3232421875
2020-04-22,6879.4404296875,7145.86572265625,6867.78173828125,33249153866,236641127913146.72,7117.20751953125
2020-04-23,7121.30615234375,7491.78515625,7081.5947265625,43500782316,323198832900250.0,7429.724609375
2020-04-24,7434.181640625,7574.19580078125,7434.181640625,34636526286,261536976775216.84,7550.90087890625
2020-04-25,7550.48291015625,7641.36376953125,7521.67236328125,32941541447,249365361653238.47,7569.93603515625
2020-04-26,7570.13916015625,7700.59423828125,7561.40771484375,33070154491,253974394360986.62,7679.8671875
2020-04-27,7679.4189453125,7795.60107421875,7679.4189453125,36162144725,281905654264263.9,7795.60107421875
2020-04-28,7796.97021484375,7814.52734375,7730.806640625,33187959921,259100347710273.6,7807.05859375
2020-04-29,7806.71240234375,8871.75390625,7786.04931640625,60201052203,529831753252114.6,8801.0380859375
2020-04-30,8797.669921875,9440.650390625,8533.255859375,66964629541,579816841613780.5,8658.5537109375
2020-05-01,8672.7822265625,9048.0234375,8667.763671875,44068389997,390655991830036.56,8864.7666015625
2020-05-02,8869.0576171875,9007.1875,8811.3662109375,40134388683,360751832857301.4,8988.5966796875
2020-05-03,8983.6142578125,9167.78125,8830.9716796875,47101785174,419086661654878.3,8897.46875
2020-05-04,8895.7451171875,8956.90625,8645.0244140625,45718796276,407475826077244.1,8912.654296875
2020-05-05,8912.83203125,9062.4150390625,8856.8271484375,43148462663,388468643231270.0,9003.0703125
2020-05-06,9007.44140625,9411.4677734375,8966.7060546875,49371886931,457616255568506.3,9268.76171875
2020-05-07,9261.8955078125,9992.6640625,9138.322265625,61112700562,608164173569804.2,9951.5185546875
2020-05-08,9936.162109375,9996.7431640625,9767.1728515625,51780748042,509660609016634.2,9842.666015625
2020-05-09,9840.90625,9913.86328125,9580.64453125,46566121841,446750552621347.8,9593.896484375
2020-05-10,9591.1689453125,9595.5810546875,8395.107421875,63325279337,554503417796830.3,8756.4306640625
2020-05-11,8755.53515625,9033.470703125,8374.3232421875,57119858802,491333367162372.8,8601.7958984375
2020-05-12,8610.3857421875,8949.8984375,8569.6435546875,42142717533,371044609954353.94,8804.4775390625
2020-05-13,8805.3876953125,9317.87890625,8805.3876953125,45558144023,422323416718334.7,9269.9873046875
2020-05-14,9271.3291015625,9793.2685546875,9255.03515625,56426907637,549243814183991.1,9733.7216796875
2020-05-15,9734.291015625,9755.828125,9261.3984375,48158802327,449234808182496.3,9328.197265625
2020-05-16,9333.240234375,9564.205078125,9260.6943359375,36164766408,339117509047981.75,9377.013671875
2020-05-17,9374.9296875,9823.001953125,9349.5458984375,40084250663,387644336506670.8,9670.7392578125
2020-05-18,9675.6953125,9906.0302734375,9570.359375,41827139896,406834821403299.4,9726.5751953125
2020-05-19,9727.0634765625,9836.0478515625,9539.6240234375,39254288955,381906472279590.8,9729.0380859375
2020-05-20,9725.3291015625,9804.7939453125,9447.201171875,36546239703,348029162587612.0,9522.9814453125
2020-05-21,9522.740234375,9555.2421875,8869.9306640625,39326160532,357150819264934.75,9081.76171875
2020-05-22,9080.3349609375,9232.9365234375,9008.638671875,29810773699,273739729345679.03,9182.5771484375
2020-05-23,9185.0625,9302.501953125,9118.1083984375,27727866812,255353886402218.47,9209.287109375
2020-05-24,9212.283203125,9288.404296875,8787.2509765625,32518803300,285852253261730.56,8790.3681640625
2020-05-25,8786.107421875,8951.005859375,8719.66796875,31288157264,278681569576095.72,8906.9345703125
2020-05-26,8909.5859375,8991.9677734375,8757.2939453125,29584186947,261377851780353.56,8835.052734375
2020-05-27,8837.380859375,9203.3203125,8834.1572265625,32740536902,300591444814512.25,9181.017578125
2020-05-28,9184.9453125,9546.3193359375,9148.45703125,34367073114,327372180277280.3,9525.7509765625
2020-05-29,9528.35546875,9573.6669921875,9379.3388671875,32896642044,310515484207944.5,9439.1240234375
2020-05-30,9438.9140625,9704.0302734375,9366.7294921875,32722975141,317426408224594.3,9700.4140625
2020-05-31,9700.10546875,9700.34375,9432.296875,27773290299,262764726860067.47,9461.05859375
2020-06-01,9463.60546875,10199.5654296875,9450.8994140625,35198901068,357876679988232.7,10167.2685546875
2020-06-02,10162.9736328125,10182.3408203125,9460.5712890625,39137252109,372970330384244.7,9529.8037109375
2020-06-03,9533.7607421875,9682.859375,9471.8466796875,25007459262,241489976323869.6,9656.7177734375
2020-06-04,9655.8544921875,9887.6103515625,9525.2470703125,25921805072,254050194604923.2,9800.63671875
2020-06-05,9800.2158203125,9869.2373046875,9663.216796875,23509628646,227233096271051.6,9665.533203125
2020-06-06,9664.904296875,9773.431640625,9591.0244140625,20438419222,197305952488030.9,9653.6796875
2020-06-07,9653.0029296875,9768.498046875,9458.150390625,25015250846,244120144233772.44,9758.8525390625
2020-06-08,9760.0634765625,9782.306640625,9675.8857421875,21486346312,209953602177347.2,9771.4892578125
2020-06-09,9774.3603515625,9836.369140625,9664.7197265625,23717842783,232332877181824.28,9795.7001953125
2020-06-10,9794.119140625,9908.896484375,9728.291015625,25706567601,253726257316652.53,9870.0947265625
2020-06-11,9870.078125,9938.2978515625,9263.0693359375,30247143440,281957254585052.5,9321.78125
2020-06-12,9320.6904296875,9540.4658203125,9285.8515625,22610564515,214367229266009.56,9480.84375
2020-06-13,9480.7353515625,9493.2119140625,9396.009765625,17564322315,166426825289642.06,9475.27734375
2020-06-14,9477.5537109375,9482.2705078125,9347.59375,18991732746,178271370671461.88,9386.7880859375
2020-06-15,9386.03515625,9504.8603515625,8990.17578125,26699704768,252330957213584.56,9450.7021484375
2020-06-16,9454.2666015625,9579.4306640625,9400.4453125,21565537209,205692620401815.28,9538.0244140625
2020-06-17,9533.7841796875,9540.4228515625,9327.33984375,20177709879,191289832604363.75,9480.2548828125
2020-06-18,9481.5673828125,9482.7822265625,9328.3955078125,17770083003,167249192587976.72,9411.8408203125
2020-06-19,9410.2939453125,9440.8759765625,9274.2958984375,19632223107,182344452487580.7,9288.0185546875
2020-06-20,9290.9599609375,9394.9716796875,9247.3798828125,17130541557,159868052246450.75,9332.3408203125
2020-06-21,9330.9267578125,9401.107421875,9300.4306640625,15324301169,142571626289126.94,9303.6298828125
2020-06-22,9300.9150390625,9655.0732421875,9296.8720703125,21104009514,203626631688525.9,9648.7177734375
2020-06-23,9644.076171875,9670.541015625,9547.2470703125,17006433272,163766139663612.75,9629.658203125
2020-06-24,9632.1494140625,9680.3671875,9278.2333984375,18961716076,176602035128822.66,9313.6103515625
2020-06-25,9314.126953125,9340.1611328125,9095.32421875,18616048626,172474218190507.62,9264.8134765625
2020-06-26,9260.9951171875,9310.5166015625,9101.73828125,18341465837,168061346891061.56,9162.91796875
2020-06-27,9167.82421875,9207.810546875,8998.216796875,17273093144,156241874789489.38,9045.390625
2020-06-28,9048.4609375,9197.546875,8975.525390625,14560870760,133138516240489.52,9143.58203125
2020-06-29,9140.029296875,9237.5732421875,9041.8759765625,16460547078,151286493055700.12,9190.8544921875
2020-06-30,9185.5810546875,9217.8359375,9084.837890625,15735797744,143793612215742.12,9137.9931640625
2020-07-01,9145.9853515625,9309.7548828125,9104.7353515625,15971550355,147390660549248.8,9228.3251953125
2020-07-02,9231.1396484375,9274.962890625,9036.623046875,16338916796,149066639438750.12,9123.41015625
2020-07-03,9124.8427734375,9202.3447265625,9058.794921875,13078970999,118852581694456.64,9087.3037109375
2020-07-04,9084.2333984375,9183.2958984375,9053.6298828125,12290528515,112243107633606.48,9132.48828125
2020-07-05,9126.0908203125,9162.18359375,8977.015625,12903406143,117084763883610.88,9073.9423828125
2020-07-06,9072.849609375,9375.474609375,9058.6640625,17889263252,167720333399551.25,9375.474609375
2020-07-07,9349.1611328125,9360.6171875,9201.8154296875,13839652595,128048304150089.4,9252.27734375
2020-07-08,9253.0205078125,9450.3359375,9249.5,19702359883,185760410016689.7,9428.3330078125
2020-07-09,9427.994140625,9431.37890625,9234.9990234375,18000702524,167009937916907.06,9277.9677734375
2020-07-10,9273.357421875,9287.4716796875,9118.001953125,16860035605,156441026797726.47,9278.8076171875
2020-07-11,9277.51171875,9293.5322265625,9199.4853515625,13249910444,122433765977372.12,9240.3466796875
2020-07-12,9241.0546875,9319.4189453125,9197.4501953125,14452361907,134067335230285.5,9276.5
2020-07-13,9277.205078125,9306.4052734375,9224.29296875,17519821266,161946469648724.25,9243.6142578125
2020-07-14,9238.703125,9283.841796875,9171.6611328125,18085038362,167163877376256.3,9243.2138671875
2020-07-15,9241.8974609375,9275.3251953125,9171.93359375,15844731575,145658033316071.66,9192.8369140625
2020-07-16,9191.98046875,9214.3125,9088.947265625,15713967523,143503526961474.34,9132.2275390625
2020-07-17,9131.8125,9182.25390625,9089.2021484375,13944570749,127612241257537.58,9151.392578125
2020-07-18,9151.18359375,9230.9833984375,9100.82421875,12252601475,112222067492201.23,9159.0400390625
2020-07-19,9158.005859375,9201.3984375,9097.6328125,12939002784,118855316689526.52,9185.8173828125
2020-07-20,9187.220703125,9214.2705078125,9137.509765625,13755604146,126059540064044.2,9164.2314453125
2020-07-21,9162.5146484375,9407.2626953125,9149.3896484375,18069581956,169400301538745.2,9374.8876953125
2020-07-22,9375.080078125,9530.5185546875,9319.6533203125,16532254884,157475733628319.56,9525.36328125
2020-07-23,9527.1416015625,9610.2470703125,9483.00390625,18146399002,173861960199027.38,9581.072265625
2020-07-24,9585.5146484375,9623.3369140625,9481.4541015625,16552768325,157861973386115.1,9536.892578125
2020-07-25,9539.4853515625,9704.556640625,9530.2119140625,16610070933,160737538028238.88,9677.11328125
2020-07-26,9680.234375,10023.8076171875,9652.84765625,20507998997,203135154740898.75,9905.1669921875
2020-07-27,9905.2177734375,11298.2216796875,9903.9697265625,35359749590,388634518712980.3,10990.873046875
2020-07-28,11017.4638671875,11204.3271484375,10632.6318359375,28766551142,313924287899993.0,10912.8232421875
2020-07-29,10912.953125,11304.3974609375,10856.1416015625,24617249715,273262987132020.97,11100.4677734375
2020-07-30,11099.8330078125,11169.3564453125,10895.455078125,22857247901,253971769843333.6,11111.2138671875
2020-07-31,11110.2109375,11415.8642578125,10987.0537109375,23160469766,262256810395328.3,11323.466796875
2020-08-01,11322.5703125,11794.775390625,11239.6826171875,26075670303,306639264057697.6,11759.5927734375
2020-08-02,11758.7646484375,12034.14453125,11018.1298828125,27410067336,302980311112810.3,11053.6142578125
2020-08-03,11043.7685546875,11453.0791015625,11012.4150390625,20271713443,227982756764449.8,11246.3486328125
2020-08-04,11246.203125,11385.3818359375,11094.1455078125,21250197042,238127425316641.6,11205.892578125
2020-08-05,11203.8232421875,11786.6171875,11158.28515625,24411254471,286759554570498.0,11747.0224609375
2020-08-06,11749.87109375,11902.3359375,11598.7138671875,23400740340,275655419474966.72,11779.7734375
2020-08-07,11778.89453125,11898.0380859375,11408.59375,23132312867,268368895202320.53,11601.47265625
2020-08-08,11604.5537109375,11800.064453125,11558.431640625,17572057837,206542774346096.4,11754.0458984375
2020-08-09,11737.3251953125,11806.056640625,11548.7841796875,17489608833,204204112455242.4,11675.7392578125
2020-08-10,11662.2568359375,12045.140625,11662.2568359375,26114112569,310186336329770.4,11878.111328125
2020-08-11,11881.6474609375,11932.7109375,11195.708984375,27039782640,308538126370701.1,11410.525390625
2020-08-12,11404.5966796875,11748.396484375,11249.60546875,25064548486,290371154244735.25,11584.9345703125
2020-08-13,11588.4052734375,11796.396484375,11216.8720703125,27522199497,324325388550508.44,11784.1376953125
2020-08-14,11772.6591796875,12150.994140625,11685.455078125,24237958589,285253410209591.6,11768.87109375
2020-08-15,11768.697265625,11963.203125,11768.697265625,23354924400,277122485399501.97,11865.6982421875
2020-08-16,11866.685546875,11934.9013671875,11737.1884765625,20583375490,244794044411092.0,11892.8037109375
2020-08-17,11895.658203125,12359.056640625,11806.6962890625,28227687027,345913434062310.25,12254.40234375
2020-08-18,12251.8955078125,12335.70703125,11954.525390625,26043227672,312290421463598.1,11991.2333984375
2020-08-19,11990.884765625,12028.923828125,11687.3330078125,24502851117,288111462717693.75,11758.283203125
2020-08-20,11761.5,11900.4111328125,11710.0634765625,20175242945,239649042309657.3,11878.3720703125
2020-08-21,11878.0263671875,11899.259765625,11564.9794921875,23762425999,275465668132972.0,11592.4892578125
2020-08-22,11585.4775390625,11689.4072265625,11448.8056640625,20224191306,236255467553250.8,11681.8251953125
2020-08-23,11679.6962890625,11713.4296875,11559.9208984375,18482062658,215590445278836.9,11664.84765625
2020-08-24,11663.689453125,11807.6318359375,11623.25,20681511755,243516439444552.2,11774.595703125
2020-08-25,11773.5888671875,11778.2998046875,11189.8505859375,26301509932,298946506426536.44,11366.134765625
2020-08-26,11366.89453125,11530.052734375,11296.9931640625,22466660958,258105162802180.16,11488.36328125
2020-08-27,11485.6083984375,11570.7861328125,11185.94140625,23240415076,263160457062712.0,11323.3974609375
2020-08-28,11325.2958984375,11545.615234375,11316.4228515625,19807127588,228623770184490.0,11542.5
2020-08-29,11541.0546875,11585.640625,11466.29296875,17485597759,201204416955302.5,11506.865234375
2020-08-30,11508.7138671875,11715.2646484375,11492.3818359375,19760127945,231420854209867.2,11711.505859375
2020-08-31,11713.306640625,11768.876953125,11598.318359375,22285928250,260317923385517.6,11680.8203125
2020-09-01,11679.31640625,12067.0810546875,11601.12890625,27311555343,326932386461684.7,11970.478515625
2020-09-02,11964.8232421875,11964.8232421875,11290.7939453125,28037405299,320019902392537.44,11414.0341796875
2020-09-03,11407.19140625,11443.0224609375,10182.46484375,31927261555,327104273036749.1,10245.296875
2020-09-04,10230.365234375,10663.919921875,10207.9404296875,29965130374,314987861292365.5,10511.8134765625
2020-09-05,10512.5302734375,10581.5712890625,9946.67578125,44916565292,456782037341491.2,10169.5673828125
2020-09-06,10167.216796875,10353.927734375,10056.8857421875,37071460174,381107643523937.44,10280.3515625
2020-09-07,10280.998046875,10399.1533203125,9916.4931640625,33703098409,349486418308958.1,10369.5634765625
2020-09-08,10369.306640625,10414.775390625,9945.1103515625,33430927462,338705996586884.7,10131.5166015625
2020-09-09,10134.1513671875,10350.54296875,10017.2509765625,24128292755,247130362748488.1,10242.34765625
2020-09-10,10242.330078125,10503.912109375,10238.1357421875,54406443211,563821515639085.1,10363.138671875
2020-09-11,10369.0283203125,10434.9228515625,10140.8369140625,45201121775,470133027252092.94,10400.9150390625
2020-09-12,10409.861328125,10578.837890625,10292.38671875,36750077324,383750587948000.7,10442.1708984375
2020-09-13,10452.3994140625,10577.21484375,10224.330078125,36506852789,376887835387779.3,10323.755859375
2020-09-14,10328.734375,10800.0107421875,10266.0087890625,35453581940,378673961343130.2,10680.837890625
2020-09-15,10677.7548828125,10938.6318359375,10656.4599609375,32509451925,351002965058642.75,10796.951171875
2020-09-16,10797.76171875,11100.1240234375,10704.884765625,30769986455,337697686608579.94,10974.9052734375
2020-09-17,10973.251953125,11037.4208984375,10774.6279296875,38151810523,417723800840052.4,10948.990234375
2020-09-18,10951.8203125,11034.908203125,10829.6572265625,26341903912,288301231122251.44,10944.5859375
2020-09-19,10933.7529296875,11134.0927734375,10909.6181640625,22764204008,252553971151883.7,11094.3466796875
2020-09-20,11095.8701171875,11095.8701171875,10814.4775390625,24699523788,270170096727922.4,10938.271484375
2020-09-21,10934.92578125,10988.3046875,10380.2607421875,28884999244,302202365420609.75,10462.259765625
2020-09-22,10459.6240234375,10568.0771484375,10382.7265625,23621787804,248937264978215.72,10538.4599609375
2020-09-23,10535.4921875,10537.828125,10197.865234375,23788661867,243743066632266.97,10246.1865234375
2020-09-24,10248.7861328125,10771.056640625,10231.490234375,47144380902,507276669187064.25,10760.06640625
2020-09-25,10761.109375,10777.6962890625,10578.9140625,39348590957,420743339459277.6,10692.716796875
2020-09-26,10695.5751953125,10772.9990234375,10667.28125,46852525493,503698553074545.25,10750.7236328125
2020-09-27,10746.892578125,10803.9765625,10622.921875,53745972818,579127343333186.1,10775.26953125
2020-09-28,10776.61328125,10945.34765625,10703.8935546875,47762394731,511518642673966.8,10709.65234375
2020-09-29,10709.650390625,10860.0009765625,10649.4951171875,46582396602,505169350599911.1,10844.640625
2020-09-30,10843.87109375,10847.2568359375,10669.3212890625,44171073700,476362556095322.56,10784.4912109375
2020-10-01,10795.2548828125,10933.6240234375,10472.3564453125,40023134100,425023757405447.2,10619.4521484375
2020-10-02,10619.8212890625,10657.837890625,10416.689453125,48661453918,514642301092039.6,10575.974609375
2020-10-03,10575.1005859375,10598.9404296875,10511.1298828125,44660271563,471135902483240.06,10549.3291015625
2020-10-04,10550.4404296875,10686.0,10534.3916015625,71251776995,760226749102297.6,10669.5830078125
2020-10-05,10676.529296875,10793.5078125,10634.6005859375,47537578009,513089234799913.5,10793.33984375
2020-10-06,10796.306640625,10797.578125,10528.890625,42623695307,451998980911646.5,10604.40625
2020-10-07,10603.35546875,10680.5078125,10562.5068359375,37799458436,403281240820607.9,10668.96875
2020-10-08,10669.37109375,10945.7373046875,10562.6064453125,63314794397,691124386102695.1,10915.685546875
2020-10-09,10927.9130859375,11102.671875,10846.8505859375,22799117613,252259879444216.88,11064.4580078125
2020-10-10,11059.142578125,11442.2109375,11056.9404296875,22877978588,258437912587155.0,11296.361328125
2020-10-11,11296.08203125,11428.8134765625,11288.6279296875,19968627060,227326477564939.6,11384.181640625
2020-10-12,11392.6357421875,11698.4677734375,11240.6865234375,26163972642,302334208758996.4,11555.36328125
2020-10-13,11548.7197265625,11548.984375,11321.224609375,24241420251,276980029441943.7,11425.8994140625
2020-10-14,11429.0478515625,11539.9775390625,11307.8310546875,24103426719,275490280454329.1,11429.5068359375
2020-10-15,11426.6025390625,11569.9140625,11303.603515625,24487233058,281489304967954.9,11495.349609375
2020-10-16,11502.828125,11540.0615234375,11223.0126953125,25635480772,290248067666382.1,11322.123046875
2020-10-17,11322.123046875,11386.26171875,11285.345703125,19130430174,217285368850606.56,11358.1015625
2020-10-18,11355.982421875,11483.359375,11347.578125,18283314340,209953869132310.9,11483.359375
2020-10-19,11495.0380859375,11799.0927734375,11408.2900390625,23860769928,280174045952835.03,11742.037109375
2020-10-20,11745.974609375,11999.91796875,11681.48046875,30915821592,368403285682856.06,11916.3349609375
2020-10-21,11913.0771484375,13184.56640625,11900.9287109375,43414712626,556736792412489.0,12823.689453125
2020-10-22,12801.6357421875,13161.59375,12717.09375,34729759598,450302298295992.8,12965.8916015625
2020-10-23,12971.548828125,13015.9619140625,12752.6474609375,28974975003,374691021086255.6,12931.5390625
2020-10-24,12931.57421875,13145.06640625,12885.7470703125,24542317940,321702237452391.25,13108.0625
2020-10-25,13108.0634765625,13329.18359375,12910.0615234375,24406920575,318050824622065.6,13031.173828125
2020-10-26,13031.201171875,13225.2978515625,12822.3828125,29461458313,385215875265142.5,13075.248046875
2020-10-27,13075.2421875,13759.6689453125,13060.837890625,33749878156,460828219127870.6,13654.21875
2020-10-28,13654.21484375,13837.6953125,12932.2509765625,35867318895,476005416845698.6,13271.28515625
2020-10-29,13271.298828125,13612.0478515625,12980.0595703125,56499499598,759233654562814.9,13437.8828125
2020-10-30,13437.8740234375,13651.5166015625,13136.1982421875,30581485201,414272776164174.3,13546.5224609375
2020-10-31,13546.5322265625,14028.2138671875,13457.5302734375,30306464719,417653242311754.3,13780.9951171875
2020-11-01,13780.9951171875,13862.033203125,13628.3779296875,24453857900,335925320613007.8,13737.109375
2020-11-02,13737.0322265625,13808.3232421875,13243.16015625,30771455468,416968276766389.7,13550.4892578125
2020-11-03,13550.451171875,13984.9814453125,13325.44140625,29869951617,416694809378534.8,13950.30078125
2020-11-04,13950.48828125,14218.7666015625,13580.4716796875,35116364962,496324414375360.56,14133.70703125
2020-11-05,14133.7333984375,15706.404296875,14102.0888671875,40856321439,636535303713152.1,15579.8486328125
2020-11-06,15579.7294921875,15903.4375,15226.83984375,39837841971,620111101815194.9,15565.880859375
2020-11-07,15565.880859375,15737.095703125,14423.203125,35024953706,519551543852602.9,14833.75390625
2020-11-08,14833.75390625,15637.3203125,14744.1103515625,26632075029,412252999955523.7,15479.5673828125
2020-11-09,15479.595703125,15785.13671875,14865.529296875,34149115566,523585011502763.4,15332.3154296875
2020-11-10,15332.3505859375,15450.3291015625,15124.9599609375,25574938143,391063881592060.0,15290.90234375
2020-11-11,15290.9091796875,15916.2607421875,15290.0068359375,29772374934,467466176794278.0,15701.33984375
2020-11-12,15701.298828125,16305.00390625,15534.771484375,34175758344,556256390723874.8,16276.34375
2020-11-13,16276.4404296875,16463.177734375,15992.15234375,31599492172,515634464922397.44,16317.80859375
2020-11-14,16317.80859375,16317.80859375,15749.193359375,27481710135,441579929389452.6,16068.138671875
2020-11-15,16068.1396484375,16123.1103515625,15793.5341796875,23653867583,377411363173762.06,15955.587890625
2020-11-16,15955.5771484375,16816.181640625,15880.7060546875,31526766675,527004941555121.25,16716.111328125
2020-11-17,16685.69140625,17782.919921875,16564.544921875,39006849170,688291700137125.2,17645.40625
2020-11-18,17645.19140625,18393.94921875,17352.90625,49064800278,873549991638576.1,17804.005859375
2020-11-19,17803.861328125,18119.546875,17382.5546875,36985055355,658966054136102.0,17817.08984375
2020-11-20,17817.083984375,18773.2265625,17765.794921875,36992873940,688855938161553.1,18621.314453125
2020-11-21,18621.31640625,18936.62109375,18444.359375,39650210707,739168443576210.6,18642.232421875
2020-11-22,18642.232421875,18688.96875,17671.384765625,41280434226,758321657357468.1,18370.001953125
2020-11-23,18370.017578125,18711.42578125,18000.796875,42741112308,784902962105680.5,18364.12109375
2020-11-24,18365.015625,19348.271484375,18128.65625,51469565009,983452903932572.6,19107.46484375
2020-11-25,19104.41015625,19390.96484375,18581.146484375,43710357371,818787707324659.9,18732.12109375
2020-11-26,18729.83984375,18866.28515625,16351.03515625,61396835737,1052993985996190.8,17150.623046875
2020-11-27,17153.9140625,17445.0234375,16526.423828125,38886494645,665285796124739.9,17108.40234375
2020-11-28,17112.93359375,17853.939453125,16910.65234375,32601040734,577606137552706.9,17717.4140625
2020-11-29,17719.634765625,18283.62890625,17559.1171875,31133957704,565937029696370.9,18177.484375
2020-11-30,18178.322265625,19749.263671875,18178.322265625,47728480399,936711325856958.4,19625.8359375
2020-12-01,19633.76953125,19845.974609375,18321.921875,49633658712,933261587820996.4,18802.998046875
2020-12-02,18801.744140625,19308.330078125,18347.71875,37387697139,717884604839699.8,19201.091796875
2020-12-03,19205.92578125,19566.19140625,18925.78515625,31930317405,620897744176066.0,19445.3984375
2020-12-04,19446.966796875,19511.404296875,18697.193359375,33872388058,633405717843648.9,18699.765625
2020-12-05,18698.384765625,19160.44921875,18590.193359375,27242455064,521808262830421.5,19154.23046875
2020-12-06,19154.1796875,19390.5,18897.89453125,25293775714,489311154105482.9,19345.12109375
2020-12-07,19343.12890625,19411.828125,18931.142578125,26896357742,516184969246156.9,19191.630859375
2020-12-08,19191.529296875,19283.478515625,18269.9453125,31692288756,580639002824785.2,18321.14453125
2020-12-09,18320.884765625,18626.29296875,17935.546875,34420373071,638632711185814.4,18553.916015625
2020-12-10,18553.298828125,18553.298828125,17957.064453125,25547132265,466618171233254.2,18264.9921875
2020-12-11,18263.9296875,18268.453125,17619.533203125,27919640985,504198124551223.9,18058.904296875
2020-12-12,18051.3203125,18919.55078125,18046.041015625,21752580802,409028051951157.3,18803.65625
2020-12-13,18806.765625,19381.53515625,18734.33203125,25450468637,487182613406979.1,19142.3828125
2020-12-14,19144.4921875,19305.099609375,19012.708984375,22473997681,432549044562343.8,19246.64453125
2020-12-15,19246.919921875,19525.0078125,19079.841796875,26741982541,519251111985548.4,19417.076171875
2020-12-16,19418.818359375,21458.908203125,19298.31640625,44409011479,946382575940756.8,21310.59765625
2020-12-17,21308.3515625,23642.66015625,21234.67578125,71378606374,1627800689500337.8,22805.162109375
2020-12-18,22806.796875,23238.6015625,22399.8125,40387896275,934493566358751.8,23137.9609375
2020-12-19,23132.865234375,24085.85546875,22826.47265625,38487546580,918691272159510.4,23869.83203125
2020-12-20,23861.765625,24209.66015625,23147.7109375,37844228422,888480111754098.1,23477.294921875
2020-12-21,23474.455078125,24059.982421875,22159.3671875,45852713981,1045583198264186.8,22803.08203125
2020-12-22,22794.0390625,23789.90234375,22430.60546875,44171632681,1050535234143024.2,23783.029296875
2020-12-23,23781.974609375,24024.490234375,22802.646484375,51146161904,1188705630198866.0,23241.345703125
2020-12-24,23240.203125,23768.337890625,22777.59765625,41080759713,975090826415438.8,23735.94921875
2020-12-25,23733.5703125,24710.1015625,23463.673828125,42068395846,1037608191904176.8,24664.791015625
2020-12-26,24677.015625,26718.0703125,24522.689453125,48332647295,1277771990132248.2,26437.037109375
2020-12-27,26439.373046875,28288.83984375,25922.76953125,66479895605,1746579423710021.8,26272.294921875
2020-12-28,26280.822265625,27389.111328125,26207.640625,49056742893,1328692491489710.8,27084.80859375
2020-12-29,27081.810546875,27370.720703125,25987.298828125,45265946774,1238586639481901.5,27362.4375
2020-12-30,27360.08984375,28937.740234375,27360.08984375,51287442704,1479178730927187.2,28840.953125
2020-12-31,28841.57421875,29244.876953125,28201.9921875,46754964848,1355974432006123.2,29001.720703125
2021-01-01,28994.009765625,29600.626953125,28803.5859375,40730301359,1196418077126113.8,29374.15234375
2021-01-02,29376.455078125,33155.1171875,29091.181640625,67865420765,2180330532219196.0,32127.267578125
2021-01-03,32129.408203125,34608.55859375,32052.31640625,78665235202,2578805584108414.0,32782.0234375
2021-01-04,32810.94921875,33440.21875,28722.755859375,81163475344,2594951658712205.0,31971.9140625
2021-01-05,31977.041015625,34437.58984375,30221.1875,67547324782,2296097688230861.0,33992.4296875
2021-01-06,34013.61328125,36879.69921875,33514.03515625,75289433811,2772485461895890.5,36824.36328125
2021-01-07,36833.875,40180.3671875,36491.19140625,84762141031,3337173896654748.5,39371.04296875
2021-01-08,39381.765625,41946.73828125,36838.63671875,88107519480,3594576162745243.0,40797.609375
2021-01-09,40788.640625,41436.3515625,38980.875,61984162837,2495144388429649.0,40254.546875
2021-01-10,40254.21875,41420.19140625,35984.62890625,79980747690,3067776862399550.0,38356.44140625
2021-01-11,38346.53125,38346.53125,30549.599609375,123320567399,4386100229235189.5,35566.65625
2021-01-12,35516.359375,36568.52734375,32697.9765625,74773277909,2536530985675838.5,33922.9609375
2021-01-13,33915.12109375,37599.9609375,32584.66796875,69364315979,2588423742873419.0,37316.359375
2021-01-14,37325.109375,39966.40625,36868.5625,63615990033,2492940675419900.5,39187.328125
2021-01-15,39156.70703125,39577.7109375,34659.58984375,67760757881,2495314789871109.0,36825.3671875
2021-01-16,36821.6484375,37864.3671875,35633.5546875,57706187875,2087702579874420.0,36178.140625
2021-01-17,36163.6484375,36722.3515625,34069.3203125,52359854336,1874026068218127.2,35791.27734375
2021-01-18,35792.23828125,37299.28515625,34883.84375,49511702429,1813617334670934.8,36630.07421875
2021-01-19,36642.234375,37755.890625,36069.8046875,57244195486,2064786950673088.8,36069.8046875
2021-01-20,36050.11328125,36378.328125,33570.4765625,66834573161,2375818698083938.0,35547.75
2021-01-21,35549.3984375,35552.6796875,30250.75,75643067688,2331750452533835.0,30825.69921875
2021-01-22,30817.625,33811.8515625,28953.373046875,77207272511,2548284839452663.0,33005.76171875
2021-01-23,32985.7578125,33360.9765625,31493.16015625,48354737975,1550622454341187.8,32067.642578125
2021-01-24,32064.376953125,32944.0078125,31106.685546875,48643830599,1570679077662549.0,32289.37890625
2021-01-25,32285.798828125,34802.7421875,32087.787109375,59897054838,1938651591160188.8,32366.392578125
2021-01-26,32358.61328125,32794.55078125,31030.265625,60255421470,1962510015427405.2,32569.849609375
2021-01-27,32564.029296875,32564.029296875,29367.138671875,62576762015,1904370243307207.2,30432.546875
2021-01-28,30441.041015625,33858.3125,30023.20703125,76517157706,2560730672167678.0,33466.09765625
2021-01-29,34318.671875,38406.26171875,32064.814453125,117894572511,4045715742329189.0,34316.38671875
2021-01-30,34295.93359375,34834.70703125,32940.1875,65141828798,2232379428754673.2,34269.5234375
2021-01-31,34270.87890625,34288.33203125,32270.17578125,52754542671,1746932884671266.5,33114.359375
2021-02-01,33114.578125,34638.21484375,32384.228515625,61400400660,2059196029973598.5,33537.17578125
2021-02-02,33533.19921875,35896.8828125,33489.21875,63088585433,2240293905270056.8,35510.2890625
2021-02-03,35510.8203125,37480.1875,35443.984375,61166818159,2292048505510367.0,37472.08984375
2021-02-04,37475.10546875,38592.17578125,36317.5,68838074392,2541919306277369.0,36926.06640625
2021-02-05,36931.546875,38225.90625,36658.76171875,58598066402,2235182727834941.5,38144.30859375
2021-02-06,38138.38671875,40846.546875,38138.38671875,71326033653,2800688873270655.0,39266.01171875
2021-02-07,39250.19140625,39621.8359375,37446.15234375,65500641143,2548200354778508.5,38903.44140625
2021-02-08,38886.828125,46203.9296875,38076.32421875,101467222687,4687426985652948.0,46196.46484375
2021-02-09,46184.9921875,48003.72265625,45166.9609375,91809846886,4267423176177955.0,46481.10546875
2021-02-10,46469.76171875,47145.56640625,43881.15234375,87301089896,3921406383883001.0,44918.18359375
2021-02-11,44898.7109375,48463.46875,44187.76171875,81388911810,3899288399567415.0,47909.33203125
2021-02-12,47877.03515625,48745.734375,46424.9765625,76555041196,3636735868377053.0,47504.8515625
2021-02-13,47491.203125,48047.74609375,46392.28125,70250456155,3309183960072730.0,47105.515625
2021-02-14,47114.5078125,49487.640625,47114.5078125,71248675228,3471042306402659.0,48717.2890625
2021-02-15,48696.53515625,48875.5703125,46347.4765625,77069903166,3695121023108509.0,47945.05859375
2021-02-16,47944.45703125,50341.1015625,47201.3046875,77049582886,3790829545818406.5,49199.87109375
2021-02-17,49207.27734375,52533.9140625,49072.37890625,80820545404,4214711253683707.0,52149.0078125
2021-02-18,52140.97265625,52474.10546875,51015.765625,52054723579,2690177540946993.0,51679.796875
2021-02-19,51675.98046875,56113.65234375,50937.27734375,63495496918,3548644764748868.5,55888.1328125
2021-02-20,55887.3359375,57505.2265625,54626.55859375,68145460026,3822927565694603.0,56099.51953125
2021-02-21,56068.56640625,58330.5703125,55672.609375,51897585191,2986184213740950.0,57539.9453125
2021-02-22,57532.73828125,57533.390625,48967.56640625,92052420332,4989915034477612.0,54207.3203125
2021-02-23,54204.9296875,54204.9296875,45290.58984375,106102492824,5180393286090999.0,48824.42578125
2021-02-24,48835.0859375,51290.13671875,47213.5,63695521388,3166007039494126.0,49705.33203125
2021-02-25,49709.08203125,51948.96875,47093.8515625,54506565949,2566924125983823.0,47093.8515625
2021-02-26,47180.46484375,48370.78515625,44454.84375,350967941479,1.6263770779057054e+16,46339.76171875
2021-02-27,46344.7734375,48253.26953125,45269.02734375,45910946382,2120555594889395.2,46188.453125
2021-02-28,46194.015625,46716.4296875,43241.6171875,53443887451,2412337874617302.0,45137.76953125
2021-03-01,45159.50390625,49784.015625,45115.09375,53891300112,2674692167657918.0,49631.2421875
2021-03-02,49612.10546875,50127.51171875,47228.84375,47530897720,2299496743793172.5,48378.98828125
2021-03-03,48415.81640625,52535.13671875,48274.3203125,53220811975,2689686285007950.0,50538.2421875
2021-03-04,50522.3046875,51735.08984375,47656.9296875,52343816680,2541876873922938.0,48561.16796875
2021-03-05,48527.03125,49396.4296875,46542.515625,48625928883,2379135638171247.5,48927.3046875
2021-03-06,48899.23046875,49147.21875,47257.52734375,34363564661,1680803829500928.8,48912.3828125
2021-03-07,48918.6796875,51384.3671875,48918.6796875,43137459378,2208926570418891.2,51206.69140625
2021-03-08,51174.1171875,52314.0703125,49506.0546875,48597428048,2539046663512052.0,52246.5234375
2021-03-09,52272.96875,54824.1171875,51981.83203125,50912227385,2791217920431886.5,54824.1171875
2021-03-10,54824.01171875,57258.25390625,53290.890625,57295577614,3209042268334769.0,56008.55078125
2021-03-11,55963.1796875,58091.0625,54484.59375,56772343595,3281732196284957.0,57805.12109375
2021-03-12,57821.21875,57996.62109375,55376.6484375,55689944702,3192820913048533.0,57332.08984375
2021-03-13,57343.37109375,61683.86328125,56217.97265625,60669829814,3715607601112301.5,61243.0859375
2021-03-14,61221.1328125,61597.91796875,59302.31640625,43901225564,2603444369018479.0,59302.31640625
2021-03-15,59267.4296875,60540.9921875,55393.1640625,66419369890,3713320944424076.0,55907.19921875
2021-03-16,55840.78515625,56833.1796875,53555.02734375,59749798599,3394081474474925.0,56804.90234375
2021-03-17,56825.828125,58969.81640625,54528.62890625,60258313191,3547460800498391.5,58870.89453125
2021-03-18,58893.078125,60116.25,54253.578125,55746041000,3225405831059547.0,57858.921875
2021-03-19,57850.44140625,59498.375,56643.703125,49063873786,2862712786429371.0,58346.65234375
2021-03-20,58332.26171875,60031.28515625,58213.296875,50361731222,2936776092458062.5,58313.64453125
2021-03-21,58309.9140625,58767.8984375,56005.6171875,51943414539,2987962948154905.0,57523.421875
2021-03-22,57517.890625,58471.48046875,54288.15625,56521454974,3082066587393785.0,54529.14453125
2021-03-23,54511.66015625,55985.44140625,53470.6953125,56435023914,3089193687738075.5,54738.9453125
2021-03-24,54710.48828125,57262.3828125,52514.33203125,70567223787,3724133412553957.0,52774.265625
2021-03-25,52726.74609375,53392.38671875,50856.5703125,67999812841,3515873213726089.0,51704.16015625
2021-03-26,51683.01171875,55137.3125,51579.85546875,56652197978,3123649943724854.0,55137.3125
2021-03-27,55137.56640625,56568.21484375,54242.91015625,47266542233,2645674355583617.0,55973.51171875
2021-03-28,55974.94140625,56610.3125,55071.11328125,47686580918,2668099781022082.0,55950.74609375
2021-03-29,55947.8984375,58342.09765625,55139.33984375,57625587027,3327889130906665.0,57750.19921875
2021-03-30,57750.1328125,59447.22265625,57251.55078125,54414116432,3205954120084333.0,58917.69140625
2021-03-31,58930.27734375,59930.02734375,57726.41796875,65520826225,3860410554899495.0,58918.83203125
2021-04-01,58926.5625,59586.0703125,58505.27734375,61669163792,3644389099588649.5,59095.80859375
2021-04-02,59098.87890625,60267.1875,58869.28125,58727860620,3487513627514524.0,59384.3125
2021-04-03,59397.41015625,60110.26953125,57603.890625,59641344484,3435573484384283.0,57603.890625
2021-04-04,57604.83984375,58913.74609375,57168.67578125,50749662970,2981976846994938.5,58758.5546875
2021-04-05,58760.875,59891.296875,57694.82421875,60706272115,3585183667417531.0,59057.87890625
2021-04-06,59171.93359375,59479.578125,57646.80859375,66058027988,3844072504281504.0,58192.359375
2021-04-07,58186.5078125,58731.14453125,55604.0234375,75645303584,4239838892748142.5,56048.9375
2021-04-08,56099.9140625,58338.73828125,55879.0859375,53053855641,3094310589506201.0,58323.953125
2021-04-09,58326.5625,58937.046875,57807.86328125,46655208546,2717432804008678.5,58245.00390625
2021-04-10,58253.77734375,61276.6640625,58038.70703125,58238470525,3482266517742854.5,59793.234375
2021-04-11,59846.23046875,60790.5546875,59289.796875,46280252580,2786300979538770.0,60204.96484375
2021-04-12,60175.9453125,61253.03515625,59589.875,51828688519,3104199126342952.0,59893.453125
2021-04-13,59890.01953125,63742.28515625,59869.95703125,69983454362,4444191286975713.0,63503.45703125
2021-04-14,63523.75390625,64863.09765625,61554.796875,77451779687,4887958217457447.0,63109.6953125
2021-04-15,63075.1953125,63821.671875,62208.96484375,60954381579,3859266429601965.0,63314.01171875
2021-04-16,63258.50390625,63594.72265625,60222.53125,84293007468,5190155568270901.0,61572.7890625
2021-04-17,61529.921875,62572.17578125,60361.3515625,66138759198,4013552578863138.5,60683.8203125
2021-04-18,60701.88671875,61057.45703125,52829.53515625,97468872758,5479328045639586.0,56216.18359375
2021-04-19,56191.5859375,57520.0546875,54368.59375,65344865159,3641294623349924.0,55724.265625
2021-04-20,55681.79296875,57062.1484375,53448.046875,67849323955,3831656992002089.0,56473.03125
2021-04-21,56471.12890625,56757.97265625,53695.46875,54926612466,2960878906405034.5,53906.08984375
2021-04-22,53857.10546875,55410.23046875,50583.8125,74798630778,3871747179081440.0,51762.2734375
2021-04-23,51739.80859375,52120.79296875,47714.6640625,86668667320,4428218757144207.0,51093.65234375
2021-04-24,51143.2265625,51167.5625,48805.28515625,49014494781,2453217968546243.0,50050.8671875
2021-04-25,50052.83203125,50506.01953125,47159.484375,46117114240,2259934775640497.0,49004.25390625
2021-04-26,49077.79296875,54288.00390625,48852.796875,58284039825,3148606056088224.5,54021.75390625
2021-04-27,54030.3046875,55416.96484375,53319.1875,49448222757,2721289837699585.0,55033.1171875
2021-04-28,55036.63671875,56227.20703125,53887.91796875,48000572955,2631617162087779.0,54824.703125
2021-04-29,54858.08984375,55115.84375,52418.02734375,46088929780,2468297675344594.5,53555.109375
2021-04-30,53568.6640625,57900.71875,53129.6015625,52395931985,3025874282356169.0,57750.17578125
2021-05-01,57714.6640625,58448.33984375,57052.2734375,42836427360,2477147096661407.0,57828.05078125
2021-05-02,57825.86328125,57902.59375,56141.90625,38177405335,2162027624136176.8,56631.078125
2021-05-03,56620.2734375,58973.30859375,56590.87109375,51713139031,2958006702906900.5,57200.29296875
2021-05-04,57214.1796875,57214.1796875,53191.42578125,68564706967,3656798477333361.0,53333.5390625
2021-05-05,53252.1640625,57911.36328125,52969.0546875,69241316747,3976113913827515.0,57424.0078125
2021-05-06,57441.30859375,58363.31640625,55382.5078125,69523285106,3920871034781859.0,56396.515625
2021-05-07,56413.953125,58606.6328125,55321.84765625,68434023376,3925129378755449.0,57356.40234375
2021-05-08,57352.765625,59464.61328125,56975.2109375,65382980634,3844766235272454.5,58803.77734375
2021-05-09,58877.390625,59210.8828125,56482.00390625,65906690347,3837899245575247.0,58232.31640625
2021-05-10,58250.87109375,59519.35546875,54071.45703125,71776546298,4009423296595313.0,55859.796875
2021-05-11,55847.2421875,56872.54296875,54608.65234375,61308396325,3476466509643502.0,56704.57421875
2021-05-12,56714.53125,57939.36328125,49150.53515625,75215403907,3696877354022547.0,49150.53515625
2021-05-13,49735.43359375,51330.84375,46980.01953125,96721152926,4808607351902193.0,49716.19140625
2021-05-14,49682.98046875,51438.1171875,48868.578125,55737497453,2780216201225761.0,49880.53515625
2021-05-15,49855.49609375,50639.6640625,46664.140625,59161047474,2766381672580641.0,46760.1875
2021-05-16,46716.63671875,49720.04296875,43963.3515625,64047871555,2975411673764054.0,46456.05859375
2021-05-17,46415.8984375,46623.55859375,42207.2890625,74903638450,3261118036793888.0,43537.51171875
2021-05-18,43488.05859375,45812.45703125,42367.83203125,56187365084,2410966255024526.5,42909.40234375
2021-05-19,42944.9765625,43546.1171875,30681.49609375,126358098747,4675558145091019.0,37002.44140625
2021-05-20,36753.66796875,42462.984375,35050.6171875,88281943359,3600379390970233.0,40782.73828125
2021-05-21,40596.94921875,42172.171875,33616.453125,82051616861,3060910246383464.5,37304.69140625
2021-05-22,37371.03125,38831.0546875,35383.68359375,57377273240,2153749637392362.5,37536.6328125
2021-05-23,37531.44921875,38289.21875,31227.33984375,78469274361,2728422341101813.0,34770.58203125
2021-05-24,34700.36328125,39835.140625,34551.08203125,67359584098,2607218746480311.0,38705.98046875
2021-05-25,38795.78125,39776.3515625,36581.4296875,56211915803,2158662506601184.0,38402.22265625
2021-05-26,38392.625,40782.078125,37905.8359375,51346735160,2017628840609435.2,39294.19921875
2021-05-27,39316.890625,40379.6171875,37247.90234375,43210968721,1660898654386304.5,38436.96875
2021-05-28,38507.08203125,38856.96875,34779.0390625,55200191952,1970514674101764.8,35697.60546875
2021-05-29,35684.15625,37234.5,33693.9296875,45231013335,1565719761226339.2,34616.06640625
2021-05-30,34607.40625,36400.66796875,33520.73828125,31646080921,1129072954477056.8,35678.12890625
2021-05-31,35658.59375,37468.25,34241.9453125,39009847639,1456349003764745.5,37332.85546875
2021-06-01,37293.79296875,37896.734375,35787.0859375,34639423297,1270744672755747.2,36684.92578125
2021-06-02,36699.921875,38231.33984375,35966.30859375,33070867190,1242643777085698.2,37575.1796875
2021-06-03,37599.41015625,39478.953125,37243.97265625,35460750427,1390372252378861.8,39208.765625
2021-06-04,39242.484375,39242.484375,35717.72265625,41831090187,1543333235239566.5,36894.40625
2021-06-05,36880.15625,37917.71484375,34900.4140625,35959473399,1278429653147625.5,35551.95703125
2021-06-06,35538.609375,36436.421875,35304.578125,28913440585,1036904761742616.6,35862.37890625
2021-06-07,35835.265625,36790.5703125,33480.640625,33683936663,1130456730006123.8,33560.70703125
2021-06-08,33589.51953125,34017.38671875,31114.443359375,49902050442,1670353011035919.2,33472.6328125
2021-06-09,33416.9765625,37537.37109375,32475.865234375,53972919008,2015625196136920.8,37345.12109375
2021-06-10,37389.515625,38334.32421875,35847.59375,43576032854,1599353601295893.5,36702.59765625
2021-06-11,36697.03125,37608.6953125,36044.44921875,38699736985,1444831400024445.0,37334.3984375
2021-06-12,37340.14453125,37408.92578125,34728.19140625,37924228550,1348301728089946.0,35552.515625
2021-06-13,35555.7890625,39322.78125,34864.109375,40669112838,1590075254646131.2,39097.859375
2021-06-14,39016.96875,40978.36328125,38757.28515625,43148914673,1735383613473362.8,40218.4765625
2021-06-15,40427.16796875,41295.26953125,39609.46875,46420149185,1875665059649944.8,40406.26953125
2021-06-16,40168.69140625,40516.77734375,38176.03515625,39211635100,1503651021906893.8,38347.0625
2021-06-17,38341.421875,39513.671875,37439.67578125,37096670047,1411658278542381.8,38053.50390625
2021-06-18,38099.4765625,38187.26171875,35255.85546875,36200887275,1295530061722527.8,35787.24609375
2021-06-19,35854.52734375,36457.796875,34933.0625,31207279719,1111474451658502.8,35615.87109375
2021-06-20,35563.140625,36059.484375,33432.07421875,36664034054,1308843572294801.8,35698.296875
2021-06-21,35641.14453125,35721.640625,31295.935546875,52809038594,1672815722145538.0,31676.693359375
2021-06-22,31622.376953125,33292.453125,28893.62109375,58964353058,1916675221836488.5,32505.66015625
2021-06-23,32515.71484375,34753.41015625,31772.6328125,46317108925,1561953130761222.2,33723.02734375
2021-06-24,33682.80078125,35228.8515625,32385.21484375,33123368116,1148136677110342.8,34662.4375
2021-06-25,34659.10546875,35487.24609375,31350.884765625,40230904226,1272816468815903.8,31637.779296875
2021-06-26,31594.6640625,32637.587890625,30184.501953125,38585385521,1241919919794421.5,32186.27734375
2021-06-27,32287.5234375,34656.12890625,32071.7578125,35511640894,1230465733698501.0,34649.64453125
2021-06-28,34679.12109375,35219.890625,33902.07421875,33892523752,1167066548646066.0,34434.3359375
2021-06-29,34475.55859375,36542.109375,34252.484375,37901460044,1359441129861229.0,35867.77734375
2021-06-30,35908.38671875,36074.7578125,34086.15234375,34059036099,1193457096134449.0,35040.8359375
2021-07-01,35035.984375,35035.984375,32883.78125,37838957079,1270333901308970.8,33572.1171875
2021-07-02,33549.6015625,33939.58984375,32770.6796875,38728974942,1312797879029674.5,33897.046875
2021-07-03,33854.421875,34909.26171875,33402.6953125,24383958643,845356413212906.9,34668.546875
2021-07-04,34665.56640625,35937.56640625,34396.4765625,24924307911,879523525371012.5,35287.78125
2021-07-05,35284.34375,35284.34375,33213.66015625,26721554282,901745675181443.4,33746.00390625
2021-07-06,33723.5078125,35038.53515625,33599.91796875,26501259870,907275807676768.4,34235.1953125
2021-07-07,34225.6796875,34997.6640625,33839.2890625,24796027477,839477646430350.9,33855.328125
2021-07-08,33889.60546875,33907.90625,32133.18359375,29910396946,983375219955008.6,32877.37109375
2021-07-09,32861.671875,34042.29296875,32318.880859375,27436021028,927282960220215.4,33798.01171875
2021-07-10,33811.2421875,34209.0703125,33116.01171875,22971873468,770029133253497.6,33520.51953125
2021-07-11,33509.078125,34584.703125,33346.73828125,20108729370,688526664015556.9,34240.1875
2021-07-12,34254.015625,34592.15625,32697.30859375,24321499537,806399933420326.9,33155.84765625
2021-07-13,33125.46875,33327.1015625,32261.419921875,19120856669,625290740280139.4,32702.025390625
2021-07-14,32723.845703125,33061.3984375,31639.125,21376531210,701627939059298.5,32822.34765625
2021-07-15,32827.875,33159.640625,31175.708984375,21300524237,676946219619173.8,31780.73046875
2021-07-16,31841.55078125,32218.40625,31100.673828125,23699476918,744674039739754.1,31421.5390625
2021-07-17,31397.30859375,31935.9453125,31223.990234375,18895018942,595817923949771.5,31533.068359375
2021-07-18,31533.884765625,32398.99609375,31215.4921875,18787986667,597398052607812.5,31796.810546875
2021-07-19,31800.01171875,31885.859375,30563.734375,20434789545,629755911791753.6,30817.83203125
2021-07-20,30838.28515625,31006.1875,29360.955078125,23148267245,689988449411499.4,29807.34765625
2021-07-21,29796.28515625,32752.326171875,29526.18359375,28203024559,905618673420971.4,32110.693359375
2021-07-22,32138.873046875,32576.400390625,31745.298828125,19555230518,631890226193852.8,32313.10546875
2021-07-23,32305.958984375,33581.55078125,32057.892578125,22552046192,757332684417743.8,33581.55078125
2021-07-24,33593.73046875,34490.390625,33424.859375,21664706865,742935775379355.9,34292.4453125
2021-07-25,34290.29296875,35364.92578125,33881.8359375,20856685287,737287735523941.2,35350.1875
2021-07-26,35384.03125,40499.67578125,35287.3125,51022126212,1905040431187174.8,37337.53515625
2021-07-27,37276.03515625,39406.94140625,36441.7265625,35097370560,1383080025171363.8,39406.94140625
2021-07-28,39503.1875,40816.0703125,38862.4375,38702404695,1547937749830779.8,39995.90625
2021-07-29,39995.453125,40593.0703125,39352.05859375,27167146027,1086914639387946.0,40008.421875
2021-07-30,40027.484375,42235.546875,38397.35546875,33072782960,1396847074993781.2,42235.546875
2021-07-31,42196.3046875,42231.44921875,41110.83203125,25802845343,1074074279865949.0,41626.1953125
2021-08-01,41460.84375,42541.6796875,39540.94140625,26688438115,1066867498850917.6,39974.89453125
2021-08-02,39907.26171875,40419.1796875,38746.34765625,25595265436,1003384195880993.6,39201.9453125
2021-08-03,39178.40234375,39750.03125,37782.05078125,26189830450,999220089638724.0,38152.98046875
2021-08-04,38213.33203125,39952.296875,37589.1640625,25372562724,1008496035983763.2,39747.50390625
2021-08-05,39744.515625,41341.93359375,37458.00390625,35185031017,1437996549330665.2,40869.5546875
2021-08-06,40865.8671875,43271.66015625,39932.1796875,38226483046,1636724211339059.0,42816.5
2021-08-07,42832.796875,44689.859375,42618.56640625,40030862141,1783607118656078.8,44555.80078125
2021-08-08,44574.4375,45282.3515625,43331.91015625,36302664750,1589988364939025.5,43798.1171875
2021-08-09,43791.92578125,46456.83203125,42848.6875,38734079049,1795921159521502.2,46365.40234375
2021-08-10,46280.84765625,46637.98828125,44705.5546875,33546019517,1529196347995555.0,45585.03125
2021-08-11,45599.703125,46735.6328125,45351.7109375,34319709073,1564760347767550.2,45593.63671875
2021-08-12,45576.87890625,46228.91015625,43861.4453125,33723620826,1498282774291673.0,44428.2890625
2021-08-13,44439.69140625,47831.9765625,44282.41796875,31744259539,1517163564230560.5,47793.3203125
2021-08-14,47810.6875,48098.68359375,46177.6328125,31211354442,1469959453283928.0,47096.9453125
2021-08-15,47096.66796875,47357.10546875,45579.58984375,30988958446,1457937649059581.0,47047.00390625
2021-08-16,47019.9609375,47998.09765625,45700.3203125,32776876610,1507883307866048.0,46004.484375
2021-08-17,45936.45703125,47139.5703125,44512.41796875,33451362600,1495120672990434.5,44695.359375
2021-08-18,44686.75,45952.0625,44364.02734375,32194123075,1442334944281151.5,44801.1875
2021-08-19,44741.8828125,46970.76171875,43998.31640625,37204312299,1738095366415430.8,46717.578125
2021-08-20,46723.12109375,49342.15234375,46650.70703125,34706867452,1712408234030772.2,49339.17578125
2021-08-21,49327.07421875,49717.01953125,48312.19921875,40585205312,1984839441314099.5,48905.4921875
2021-08-22,48869.10546875,49471.609375,48199.94140625,25370975378,1251338427215557.2,49321.65234375
2021-08-23,49291.67578125,50482.078125,49074.60546875,34305053719,1699683283717985.5,49546.1484375
2021-08-24,49562.34765625,49878.76953125,47687.1171875,35361168834,1686944064281776.8,47706.1171875
2021-08-25,47727.2578125,49202.87890625,47163.61328125,32646349931,1598391052632252.5,48960.7890625
2021-08-26,49002.640625,49347.58203125,46405.78125,32666549568,1533440315628774.0,46942.21875
2021-08-27,46894.5546875,49112.78515625,46394.28125,34511076995,1693067467541671.5,49058.66796875
2021-08-28,49072.5859375,49283.50390625,48499.23828125,28568103401,1397048886713554.8,48902.40234375
2021-08-29,48911.25,49644.11328125,47925.85546875,25889650240,1264187272567011.2,48829.83203125
2021-08-30,48834.8515625,48925.60546875,46950.2734375,31847007016,1498560417528395.5,47054.984375
2021-08-31,47024.33984375,48189.55078125,46750.09375,34730363427,1638116198522738.0,47166.6875
2021-09-01,47099.7734375,49111.08984375,46562.4375,39139399125,1911843299276820.0,48847.02734375
2021-09-02,48807.84765625,50343.421875,48652.3203125,39508070319,1948843135379254.5,49327.72265625
2021-09-03,49288.25,50982.2734375,48386.0859375,43206179619,2161405337757832.0,50025.375
2021-09-04,50009.32421875,50545.58203125,49548.78125,37471327794,1871491414923407.2,49944.625
2021-09-05,49937.859375,51868.6796875,49538.59765625,30322676319,1569301904572416.0,51753.41015625
2021-09-06,51769.00390625,52700.94140625,51053.6796875,38884105426,2046607929958702.5,52633.53515625
2021-09-07,52660.48046875,52853.765625,43285.20703125,65210059683,3052556509805169.0,46811.12890625
2021-09-08,46827.76171875,47334.0546875,44561.39453125,49007762488,2258835924491630.0,46091.390625
2021-09-09,45774.7421875,47261.94921875,45669.73828125,38672657013,1794079546517260.2,46391.421875
2021-09-10,46396.6640625,47031.7421875,44344.484375,39154666597,1757414537737671.0,44883.91015625
2021-09-11,44869.83984375,45969.29296875,44818.265625,34499835245,1559442820412071.8,45201.45703125
2021-09-12,45206.62890625,46364.87890625,44790.4609375,27881980161,1284335167221108.2,46063.26953125
2021-09-13,46057.21484375,46598.6796875,43591.3203125,40969943253,1842134599222614.8,44963.07421875
2021-09-14,44960.05078125,47218.125,44752.33203125,38652152880,1820226207531455.5,47092.4921875
2021-09-15,47098.0,48450.46875,46773.328125,30484496466,1468631699871740.5,48176.34765625
2021-09-16,48158.90625,48486.828125,47079.55859375,31764293754,1517804663740449.8,47783.359375
2021-09-17,47771.00390625,48160.921875,46832.5234375,28727713711,1357887768922851.0,47267.51953125
2021-09-18,47273.52734375,48791.78125,47087.28515625,28575630451,1379584667904127.8,48278.36328125
2021-09-19,48268.85546875,48328.3671875,46919.8046875,26967722648,1274500471533809.2,47260.21875
2021-09-20,47261.40625,47328.19921875,42598.9140625,43909845642,1881264679021286.5,42843.80078125
2021-09-21,43012.234375,43607.609375,39787.609375,48701090088,1981826370234520.0,40693.67578125
2021-09-22,40677.953125,43978.62109375,40625.6328125,38139709246,1661919058506305.5,43574.5078125
2021-09-23,43560.296875,44942.17578125,43109.33984375,34244064430,1537390616731767.0,44895.09765625
2021-09-24,44894.30078125,45080.4921875,40936.55859375,42839345714,1835226860551331.5,42839.75
2021-09-25,42840.890625,42996.2578125,41759.921875,31604717236,1350045866753835.0,42716.59375
2021-09-26,42721.62890625,43919.30078125,40848.4609375,30661222077,1324826611818042.0,43208.5390625
2021-09-27,43234.18359375,44313.24609375,42190.6328125,30980029059,1308464157249966.8,42235.73046875
2021-09-28,42200.8984375,42775.14453125,40931.6640625,30214940550,1239856276297201.8,41034.54296875
2021-09-29,41064.984375,42545.2578125,40829.66796875,30602359905,1271967604354979.2,41564.36328125
2021-09-30,41551.26953125,44092.6015625,41444.58203125,31141681925,1363722108703409.5,43790.89453125
2021-10-01,43816.7421875,48436.01171875,43320.0234375,42850641582,2061841810221313.5,48116.94140625
2021-10-02,48137.46875,48282.0625,47465.49609375,30614346492,1460656033891185.0,47711.48828125
2021-10-03,47680.02734375,49130.69140625,47157.2890625,26638115879,1283955936706118.2,48199.953125
2021-10-04,48208.90625,49456.77734375,47045.00390625,33383173002,1639544515571737.5,49112.90234375
2021-10-05,49174.9609375,51839.984375,49072.83984375,35873904236,1848037450360496.0,51514.8125
2021-10-06,51486.6640625,55568.46484375,50488.19140625,49034730168,2714633724150840.5,55361.44921875
2021-10-07,55338.625,55338.625,53525.46875,36807860413,1980483162259059.2,53805.984375
2021-10-08,53802.14453125,55922.98046875,53688.0546875,34800873924,1878128262234795.2,53967.84765625
2021-10-09,53929.78125,55397.9453125,53735.14453125,32491211414,1785984143376043.5,54968.22265625
2021-10-10,54952.8203125,56401.3046875,54264.2578125,39527792364,2164999567573604.5,54771.578125
2021-10-11,54734.125,57793.0390625,54519.765625,42637331698,2450998018847375.0,57484.7890625
2021-10-12,57526.83203125,57627.87890625,54477.97265625,41083758949,2302377342512410.0,56041.05859375
2021-10-13,56038.2578125,57688.66015625,54370.97265625,41684252783,2392721864724794.0,57401.09765625
2021-10-14,57372.83203125,58478.734375,56957.07421875,36615791366,2098872942968779.2,57321.5234375
2021-10-15,57345.90234375,62757.12890625,56868.14453125,51780081801,3189339728993515.0,61593.94921875
2021-10-16,61609.52734375,62274.4765625,60206.12109375,34250964237,2085615868789540.0,60892.1796875
2021-10-17,60887.65234375,61645.5234375,59164.46875,29032367511,1787047235818906.2,61553.6171875
2021-10-18,61548.8046875,62614.66015625,60012.7578125,38055562075,2360437266354737.0,62026.078125
2021-10-19,62043.1640625,64434.53515625,61622.93359375,40471196346,2600759703405430.5,64261.9921875
2021-10-20,64284.5859375,66930.390625,63610.67578125,40788955582,2691778853784901.0,65992.8359375
2021-10-21,66002.234375,66600.546875,62117.41015625,45908121370,2855952120886060.5,62210.171875
2021-10-22,62237.890625,63715.0234375,60122.796875,38434082775,2332651560833537.0,60692.265625
2021-10-23,60694.62890625,61743.87890625,59826.5234375,26882546034,1650416740236742.2,61393.6171875
2021-10-24,61368.34375,61505.8046875,59643.34375,27316183882,1664397918552723.8,60930.8359375
2021-10-25,60893.92578125,63729.32421875,60691.80078125,31064911614,1958326567517564.8,63039.82421875
2021-10-26,63032.76171875,63229.02734375,59991.16015625,34878965587,2105426657657824.0,60363.79296875
2021-10-27,60352.0,61435.18359375,58208.1875,43657076893,2553170053866630.5,58482.38671875
2021-10-28,58470.73046875,62128.6328125,58206.91796875,45257083247,2743581088091484.0,60622.13671875
2021-10-29,60624.87109375,62927.609375,60329.96484375,36856881767,2293528742847126.5,62227.96484375
2021-10-30,62239.36328125,62330.14453125,60918.38671875,32157938616,1990217261476872.0,61888.83203125
2021-10-31,61850.48828125,62406.171875,60074.328125,32241199927,1976996752959653.5,61318.95703125
2021-11-01,61320.44921875,62419.00390625,59695.18359375,36150572843,2205344231884589.2,61004.40625
2021-11-02,60963.25390625,64242.79296875,60673.0546875,37746665647,2386585869332228.5,63226.40234375
2021-11-03,63254.3359375,63516.9375,61184.23828125,36124731509,2274776036468519.5,62970.046875
2021-11-04,62941.8046875,63123.2890625,60799.6640625,32615846901,2004316540693717.2,61452.23046875
2021-11-05,61460.078125,62541.46875,60844.609375,30605102446,1870757569366136.8,61125.67578125
2021-11-06,61068.875,61590.68359375,60163.78125,29094934221,1790137997022143.5,61527.48046875
2021-11-07,61554.921875,63326.98828125,61432.48828125,24726754302,1565870879916102.0,63326.98828125
2021-11-08,63344.06640625,67673.7421875,63344.06640625,41125608330,2778726909569178.5,67566.828125
2021-11-09,67549.734375,68530.3359375,66382.0625,42357991721,2836792141258985.0,66971.828125
2021-11-10,66953.3359375,68789.625,63208.11328125,48730828378,3167271421361212.5,64995.23046875
2021-11-11,64978.890625,65579.015625,64180.48828125,35880633236,2330445727090964.0,64949.9609375
2021-11-12,64863.98046875,65460.81640625,62333.9140625,36084893887,2315060337865121.0,64155.94140625
2021-11-13,64158.12109375,64915.67578125,63303.734375,30474228777,1964659125418494.5,64469.52734375
2021-11-14,64455.37109375,65495.1796875,63647.80859375,25122092191,1644663986008119.5,65466.83984375
2021-11-15,65521.2890625,66281.5703125,63548.14453125,30558763548,1942249954368170.5,63557.87109375
2021-11-16,63721.1953125,63721.1953125,59016.3359375,46844335592,2818213601648524.0,60161.24609375
2021-11-17,60139.62109375,60823.609375,58515.41015625,39178392930,2365121683520032.0,60368.01171875
2021-11-18,60360.13671875,60948.5,56550.79296875,41388338699,2356740440760389.0,56942.13671875
2021-11-19,56896.12890625,58351.11328125,55705.1796875,38702407772,2249367612130360.8,58119.578125
2021-11-20,58115.08203125,59859.87890625,57469.7265625,30624264863,1828182720828242.0,59697.1953125
2021-11-21,59730.5078125,60004.42578125,58618.9296875,26123447605,1534242527297149.2,58730.4765625
2021-11-22,58706.84765625,59266.359375,55679.83984375,35036121783,1972158386672240.0,56289.2890625
2021-11-23,56304.5546875,57875.515625,55632.76171875,37485803899,2158023026811039.2,57569.07421875
2021-11-24,57565.8515625,57803.06640625,55964.22265625,36635566789,2061865297622342.0,56280.42578125
2021-11-25,57165.41796875,59367.96875,57146.68359375,34284016248,1963606049005245.2,57274.6796875
2021-11-26,58960.28515625,59183.48046875,53569.765625,41810748221,2239791982804856.0,53569.765625
2021-11-27,53736.4296875,55329.2578125,53668.35546875,30560857714,1675195803159919.0,54815.078125
2021-11-28,54813.0234375,57393.84375,53576.734375,28116886357,1609648360461253.8,57248.45703125
2021-11-29,57291.90625,58872.87890625,56792.52734375,32370840356,1871247132665231.5,57806.56640625
2021-11-30,57830.11328125,59113.40234375,56057.28125,36708594618,2092589066030392.0,57005.42578125
2021-12-01,56907.96484375,59041.68359375,56553.08203125,36858195307,2109388182417291.5,57229.828125
2021-12-02,57217.37109375,57349.234375,55895.1328125,32379968686,1828749926688032.0,56477.81640625
2021-12-03,56509.1640625,57482.16796875,52496.5859375,39789134215,2132627807512818.5,53598.24609375
2021-12-04,53727.87890625,53904.6796875,42874.6171875,61385677469,3020218493279270.5,49200.703125
2021-12-05,49201.51953125,49768.1484375,47857.49609375,37198201161,1836432326203951.2,49368.84765625
2021-12-06,49413.48046875,50929.51953125,47281.03515625,37707308001,1907334620374082.5,50582.625
2021-12-07,50581.828125,51934.78125,50175.80859375,33676814852,1707417407097676.2,50700.0859375
2021-12-08,50667.6484375,51171.375,48765.98828125,28479699446,1438361435581280.0,50504.796875
2021-12-09,50450.08203125,50797.1640625,47358.3515625,29603577251,1411265319517854.8,47672.12109375
2021-12-10,47642.14453125,50015.25390625,47023.69921875,30966005122,1462936414933331.5,47243.3046875
2021-12-11,47264.6328125,49458.2109375,46942.34765625,25775869261,1272361547770091.0,49362.5078125
2021-12-12,49354.85546875,50724.8671875,48725.8515625,21939223599,1099118594070629.8,50098.3359375
2021-12-13,50114.7421875,50205.0,45894.84765625,32166727776,1503391811174398.0,46737.48046875
2021-12-14,46709.82421875,48431.3984375,46424.49609375,34638619079,1614597232261484.0,46612.6328125
2021-12-15,48379.75390625,49473.95703125,46671.96484375,36541828520,1786775654494686.5,48896.72265625
2021-12-16,48900.46484375,49425.57421875,47529.87890625,27268150947,1299748025156150.5,47665.42578125
2021-12-17,47653.73046875,48004.89453125,45618.21484375,32902725329,1520176471122478.2,46202.14453125
2021-12-18,46219.25390625,47313.828125,45598.44140625,26098292690,1222673103285828.2,46848.77734375
2021-12-19,46853.8671875,48089.6640625,46502.953125,25154053861,1174870786717818.5,46707.015625
2021-12-20,46707.0625,47401.71875,45579.80859375,30961902129,1451502558897563.5,46880.27734375
2021-12-21,46886.078125,49300.91796875,46698.7734375,27055803928,1324019413837860.8,48936.61328125
2021-12-22,48937.09765625,49544.796875,48450.94140625,24447979559,1188868860484592.0,48628.51171875
2021-12-23,48626.34375,51332.33984375,48065.8359375,28223878108,1433336640270964.5,50784.5390625
2021-12-24,50806.05078125,51814.02734375,50514.49609375,24367912228,1238430794609273.0,50822.1953125
2021-12-25,50854.91796875,51176.59765625,50236.70703125,19030650914,959713049407735.2,50429.859375
2021-12-26,50428.69140625,51196.37890625,49623.10546875,20964372926,1065189633751924.0,50809.515625
2021-12-27,50802.609375,51956.328125,50499.46875,24324345758,1231795036001511.0,50640.41796875
2021-12-28,50679.859375,50679.859375,47414.2109375,33430376883,1590913373750928.2,47588.85546875
2021-12-29,47623.87109375,48119.7421875,46201.49609375,30049226299,1395627629352578.0,46444.7109375
2021-12-30,46490.60546875,47879.96484375,46060.3125,26686491018,1259018609058581.2,47178.125
2021-12-31,47169.37109375,48472.52734375,45819.953125,36974172400,1712142492215547.0,46306.4453125
2022-01-01,46311.74609375,47827.3125,46288.484375,24582667004,1172269032169684.8,47686.8125
2022-01-02,47680.92578125,47881.40625,46856.9375,27951569547,1323373174608553.5,47345.21875
2022-01-03,47343.54296875,47510.7265625,45835.96484375,33071628362,1536445586023244.8,46458.1171875
2022-01-04,46458.8515625,47406.546875,45752.46484375,42494677905,1950402633046612.8,45897.57421875
2022-01-05,45899.359375,46929.046875,42798.22265625,36851084859,1605565060171321.2,43569.00390625
2022-01-06,43565.51171875,43748.71875,42645.5390625,30208048289,1303807448198133.8,43160.9296875
2022-01-07,43153.5703125,43153.5703125,41077.4453125,84196607520,3499034392991207.0,41557.90234375
2022-01-08,41561.46484375,42228.94140625,40672.27734375,28066355845,1171319650322192.2,41733.94140625
2022-01-09,41734.7265625,42663.94921875,41338.16015625,21294384372,892481753317990.8,41911.6015625
2022-01-10,41910.23046875,42199.484375,39796.5703125,32104232331,1342639502594306.5,41821.26171875
2022-01-11,41819.5078125,43001.15625,41407.75390625,26327648900,1125134598222394.8,42735.85546875
2022-01-12,42742.1796875,44135.3671875,42528.98828125,33499938689,1472292207780384.0,43949.1015625
2022-01-13,43946.7421875,44278.421875,42447.04296875,47691135082,2031240333127938.5,42591.5703125
2022-01-14,42598.87109375,43346.6875,41982.6171875,23577403399,1016178994856034.0,43099.69921875
2022-01-15,43101.8984375,43724.671875,42669.03515625,18371348298,793227025296833.5,43177.3984375
2022-01-16,43172.0390625,43436.80859375,42691.0234375,17902097845,771828878657169.1,43113.87890625
2022-01-17,43118.12109375,43179.390625,41680.3203125,21690904261,916452651970612.4,42250.55078125
2022-01-18,42250.07421875,42534.40234375,41392.21484375,22417209227,949943426884339.0,42375.6328125
2022-01-19,42374.0390625,42478.3046875,41242.9140625,23091543258,963940958674583.6,41744.328125
2022-01-20,41744.02734375,43413.0234375,40672.82421875,20382033940,829149659732448.4,40680.41796875
2022-01-21,40699.60546875,41060.52734375,35791.42578125,43011992031,1568101802737270.5,36457.31640625
2022-01-22,36471.58984375,36688.8125,34349.25,39714385405,1391204849333501.2,35030.25
2022-01-23,35047.359375,36433.3125,34784.96875,26017975951,943849031938499.2,36276.8046875
2022-01-24,36275.734375,37247.51953125,33184.05859375,41856658597,1534227698430540.2,36654.328125
2022-01-25,36654.8046875,37444.5703125,35779.4296875,26428189594,976627421491791.6,36954.00390625
2022-01-26,36950.515625,38825.41015625,36374.90625,31324598034,1154377879962011.2,36852.12109375
2022-01-27,36841.87890625,37148.32421875,35629.28125,25041426629,929994371232168.0,37138.234375
2022-01-28,37128.4453125,37952.87890625,36211.109375,22238830523,840279356467729.1,37784.33203125
2022-01-29,37780.71484375,38576.26171875,37406.47265625,17194183075,655754843694121.2,38138.1796875
2022-01-30,38151.91796875,38266.33984375,37437.7109375,14643548444,555248235360758.9,37917.6015625
2022-01-31,37920.28125,38647.26171875,36733.57421875,20734730465,797937224325903.1,38483.125
2022-02-01,38481.765625,39115.1328125,38113.6640625,20288500328,786042915844512.5,38743.2734375
2022-02-02,38743.71484375,38834.6171875,36832.73046875,19155189416,707841415189613.4,36952.984375
2022-02-03,36944.8046875,37154.6015625,36375.5390625,18591534769,690761066777560.5,37154.6015625
2022-02-04,37149.265625,41527.78515625,37093.62890625,29412210792,1220632483552443.0,41500.875
2022-02-05,41501.48046875,41847.1640625,41038.09765625,19652846215,814436824290897.1,41441.1640625
2022-02-06,41441.12109375,42500.78515625,41244.90625,16142097334,684625631242123.9,42412.43359375
2022-02-07,42406.78125,44401.86328125,41748.15625,28641855926,1255667131200069.0,43840.28515625
2022-02-08,43854.65234375,45293.8671875,42807.8359375,33079398868,1459411649928232.5,44118.4453125
2022-02-09,44096.703125,44727.80078125,43232.96875,23245887300,1030694675173842.2,44338.796875
2022-02-10,44347.80078125,45661.171875,43402.80859375,32142048537,1400271985605840.8,43565.11328125
2022-02-11,43571.12890625,43810.83203125,42114.5390625,26954925781,1143102807837786.8,42407.9375
2022-02-12,42412.30078125,42992.55078125,41852.57421875,18152390304,766838084935131.0,42244.46875
2022-02-13,42236.56640625,42693.0546875,41950.94140625,14741589015,622058432797790.9,42197.515625
2022-02-14,42157.3984375,42775.77734375,41681.95703125,20827783012,886991086602968.8,42586.91796875
2022-02-15,42586.46484375,44667.21875,42491.03515625,22721659051,1012822567535319.8,44575.203125
2022-02-16,44578.27734375,44578.27734375,43456.69140625,19792547657,870117196770019.8,43961.859375
2022-02-17,43937.0703125,44132.97265625,40249.37109375,26246662813,1063987524691474.0,40538.01171875
2022-02-18,40552.1328125,40929.15234375,39637.6171875,23310007704,933122372070518.4,40030.9765625
2022-02-19,40026.0234375,40418.87890625,39713.05859375,13736557863,551140320916452.1,40122.15625
2022-02-20,40118.1015625,40119.890625,38112.8125,18340576452,704853642985858.2,38431.37890625
2022-02-21,38423.2109375,39394.4375,36950.4765625,29280402798,1085579168849137.0,37075.28125
2022-02-22,37068.76953125,38359.85546875,36488.93359375,25493150450,976031455207032.6,38286.02734375
2022-02-23,38285.28125,39122.39453125,37201.81640625,21849073843,814895518848454.1,37296.5703125
2022-02-24,37278.56640625,38968.83984375,34459.21875,46383802093,1778012166958276.5,38332.609375
2022-02-25,38333.74609375,39630.32421875,38111.34375,26545599159,1040964932270842.0,39214.21875
2022-02-26,39213.08203125,40005.34765625,38702.53515625,17467554129,683071297054611.0,39105.1484375
2022-02-27,39098.69921875,39778.94140625,37268.9765625,23450127612,884299274135165.9,37709.78515625
2022-02-28,37706.0,43760.45703125,37518.21484375,35690014104,1541567144041127.5,43193.234375
2022-03-01,43194.50390625,44793.6015625,42952.5859375,32479047645,1440596359264947.8,44354.63671875
2022-03-02,44357.6171875,45077.578125,43432.8515625,29183112630,1281842459056131.2,43924.1171875
2022-03-03,43925.1953125,44021.578125,41914.75,24967782593,1059927039996395.2,42451.7890625
2022-03-04,42458.140625,42479.61328125,38805.84765625,28516271427,1116058580549714.6,39137.60546875
2022-03-05,39148.44921875,39566.3359375,38777.03515625,16975917450,668861094356630.9,39400.5859375
2022-03-06,39404.19921875,39640.17578125,38211.6484375,19745229902,758611424315622.8,38419.984375
2022-03-07,38429.3046875,39430.2265625,37260.203125,28546143503,1086524429094916.6,38062.0390625
2022-03-08,38059.90234375,39304.44140625,37957.38671875,25776583476,998514461704577.0,38737.26953125
2022-03-09,38742.81640625,42465.671875,38706.09375,32284121034,1355381857283314.0,41982.92578125
2022-03-10,41974.0703125,42004.7265625,38832.94140625,31078064711,1225639963053159.8,39437.4609375
2022-03-11,39439.96875,40081.6796875,38347.43359375,26364890465,1022825204674701.4,38794.97265625
2022-03-12,38794.46484375,39308.59765625,38772.53515625,14616450657,568638567646459.1,38904.01171875
2022-03-13,38884.7265625,39209.3515625,37728.14453125,17300745310,654827398014372.4,37849.6640625
2022-03-14,37846.31640625,39742.5,37680.734375,24322159070,964781098298356.4,39666.75390625
2022-03-15,39664.25,39794.62890625,38310.2109375,23934000868,941534518075753.0,39338.78515625
2022-03-16,39335.5703125,41465.453125,39022.34765625,39616916192,1629995614239228.2,41143.9296875
2022-03-17,41140.84375,41287.53515625,40662.87109375,22009601093,901323513934857.2,40951.37890625
2022-03-18,40944.83984375,42195.74609375,40302.3984375,34421564942,1438861214510064.2,41801.15625
2022-03-19,41794.6484375,42316.5546875,41602.66796875,19664853187,829672984203601.2,42190.65234375
2022-03-20,42191.40625,42241.1640625,41004.7578125,20127946682,830234006623508.2,41247.82421875
2022-03-21,41246.1328125,41454.41015625,40668.04296875,24615543271,1011157190331672.0,41077.99609375
2022-03-22,41074.10546875,43124.70703125,40948.28125,32004652376,1355678944104490.2,42358.80859375
2022-03-23,42364.37890625,42893.5078125,41877.5078125,25242943069,1082744472400907.0,42892.95703125
2022-03-24,42886.65234375,44131.85546875,42726.1640625,31042992291,1364678922655944.2,43960.93359375
2022-03-25,43964.546875,44999.4921875,43706.28515625,30574413034,1355936402885103.0,44348.73046875
2022-03-26,44349.859375,44735.99609375,44166.2734375,16950455995,754309328873870.9,44500.828125
2022-03-27,44505.35546875,46827.546875,44437.29296875,28160889722,1318506717221950.0,46820.4921875
2022-03-28,46821.8515625,48086.8359375,46690.203125,36362175703,1713676758570732.8,47128.00390625
2022-03-29,47100.4375,48022.2890625,47100.4375,31397059069,1490284343280576.8,47465.73046875
2022-03-30,47456.8984375,47655.1484375,46746.2109375,29333883962,1380530726551962.5,47062.6640625
2022-03-31,47062.1484375,47512.02734375,45390.5390625,33327427106,1517686897603377.0,45538.67578125
2022-04-01,45554.1640625,46616.2421875,44403.140625,38162644287,1766229937263472.5,46281.64453125
2022-04-02,46285.5,47028.28125,45782.51171875,29336594194,1345638749335662.0,45868.94921875
2022-04-03,45859.12890625,47313.4765625,45634.10546875,25414397610,1180589407050976.2,46453.56640625
2022-04-04,46445.2734375,46791.08984375,45235.81640625,32499785455,1515226960228649.5,46622.67578125
2022-04-05,46624.5078125,47106.140625,45544.80859375,29640604055,1350307126762360.8,45555.9921875
2022-04-06,45544.35546875,45544.35546875,43193.953125,39393395788,1702060141821812.0,43206.73828125
2022-04-07,43207.5,43860.69921875,42899.90625,26101973106,1135536261530958.8,43503.84765625
2022-04-08,43505.13671875,43903.01953125,42183.2890625,27215995394,1150900870348019.2,42287.6640625
2022-04-09,42282.078125,42786.81640625,42183.25390625,16050772496,686686343365424.2,42782.13671875
2022-04-10,42781.08984375,43376.37890625,42021.20703125,17654475582,745154312490255.6,42207.671875
2022-04-11,42201.0390625,42424.58984375,39373.05859375,33949912166,1341765113203542.0,39521.90234375
2022-04-12,39533.71484375,40617.5859375,39388.328125,30991500854,1243601644614318.0,40127.18359375
2022-04-13,40123.5703125,41430.0546875,39712.74609375,27691105228,1139952265302870.0,41166.73046875
2022-04-14,41160.21875,41451.48046875,39695.74609375,24342001973,972110400136522.4,39935.515625
2022-04-15,39939.40234375,40617.72265625,39866.83203125,21756855753,882315884889825.4,40553.46484375
2022-04-16,40552.31640625,40633.6796875,40078.42578125,16833150693,680471437171198.9,40424.484375
2022-04-17,40417.77734375,40570.7265625,39620.89453125,19087633042,758102626796315.1,39716.953125
2022-04-18,39721.203125,40986.3203125,38696.19140625,33705182072,1376055004619182.8,40826.21484375
2022-04-19,40828.17578125,41672.9609375,40618.6328125,25303206547,1050152655518504.2,41502.75
2022-04-20,41501.74609375,42126.30078125,40961.09765625,27819532341,1151015872071210.0,41374.37890625
2022-04-21,41371.515625,42893.58203125,40063.828125,35372786395,1433565764500222.5,40527.36328125
2022-04-22,40525.86328125,40777.7578125,39315.41796875,28011716745,1113194595949320.0,39740.3203125
2022-04-23,39738.72265625,39935.859375,39352.203125,16138021249,637237695358223.2,39486.73046875
2022-04-24,39478.375,39845.92578125,39233.5390625,17964398167,709042094260598.5,39469.29296875
2022-04-25,39472.60546875,40491.75390625,38338.37890625,35445730570,1434074305731978.0,40458.30859375
2022-04-26,40448.421875,40713.890625,37884.984375,34569088416,1317685877341863.8,38117.4609375
2022-04-27,38120.30078125,39397.91796875,37997.3125,30981015184,1215729768442651.5,39241.12109375
2022-04-28,39241.4296875,40269.46484375,38941.421875,33903704907,1348480131771737.0,39773.828125
2022-04-29,39768.6171875,39887.26953125,38235.53515625,30882994649,1192386994746486.8,38609.82421875
2022-04-30,38605.859375,38771.2109375,37697.94140625,23895713731,901223856400448.6,37714.875
2022-05-01,37713.265625,38627.859375,37585.7890625,27002760110,1038771710180350.2,38469.09375
2022-05-02,38472.1875,39074.97265625,38156.5625,32922642426,1268487292773400.0,38529.328125
2022-05-03,38528.109375,38629.99609375,37585.62109375,27326943244,1031604489982157.6,37750.453125
2022-05-04,37748.01171875,39902.94921875,37732.05859375,36754404490,1459089988773811.2,39698.37109375
2022-05-05,39695.74609375,39789.28125,35856.515625,43106256317,1576617386611569.5,36575.140625
2022-05-06,36573.18359375,36624.359375,35482.1328125,37795577489,1362187455501557.8,36040.921875
2022-05-07,36042.50390625,36129.92578125,34940.82421875,24375896406,865391931585668.0,35501.953125
2022-05-08,35502.94140625,35502.94140625,33878.96484375,36763041910,1252122209595697.2,34059.265625
2022-05-09,34060.015625,34222.07421875,30296.953125,63355494961,1919478461044590.8,30296.953125
2022-05-10,30273.654296875,32596.30859375,29944.802734375,59811038817,1855512249934902.0,31022.90625
2022-05-11,31016.18359375,32013.40234375,28170.4140625,70388855818,2036796952988239.5,28936.35546875
2022-05-12,28936.734375,30032.439453125,26350.490234375,66989173272,1945884888749967.2,29047.751953125
2022-05-13,29030.91015625,30924.802734375,28782.330078125,42841124537,1254521084542753.2,29283.103515625
2022-05-14,29285.642578125,30192.802734375,28702.91015625,28579868620,860290216858222.2,30101.265625
2022-05-15,30098.5859375,31308.19140625,29527.740234375,25835372065,808779249158066.8,31305.11328125
2022-05-16,31304.375,31305.341796875,29251.884765625,32613897286,973946139293056.2,29862.91796875
2022-05-17,29862.408203125,30694.490234375,29570.302734375,29101473475,885437282716827.2,30425.857421875
2022-05-18,30424.478515625,30618.716796875,28720.271484375,31285268319,898521399583196.2,28720.271484375
2022-05-19,28720.359375,30430.751953125,28708.955078125,33773447707,1023819573593822.0,30314.333984375
2022-05-20,30311.119140625,30664.9765625,28793.60546875,30749382605,897904733816014.2,29200.740234375
2022-05-21,29199.859375,29588.869140625,29027.39453125,17274840442,508437017719981.6,29432.2265625
2022-05-22,29432.47265625,30425.861328125,29275.18359375,21631532270,655948585185202.0,30323.72265625
2022-05-23,30309.396484375,30590.5859375,28975.560546875,31483454557,916134215562522.6,29098.91015625
2022-05-24,29101.125,29774.35546875,28786.58984375,26616506245,789328088304602.9,29655.5859375
2022-05-25,29653.134765625,30157.78515625,29384.94921875,27525063551,813705874274265.4,29562.361328125
2022-05-26,29564.77734375,29834.16015625,28261.90625,36774325352,1076282439935217.4,29267.224609375
2022-05-27,29251.140625,29346.943359375,28326.61328125,36582005748,1047254084621609.2,28627.57421875
2022-05-28,28622.625,28814.900390625,28554.56640625,35519577634,1023493091440781.6,28814.900390625
2022-05-29,29019.8671875,29498.009765625,28841.107421875,18093886409,532791801727732.4,29445.95703125
2022-05-30,29443.365234375,31949.630859375,29303.572265625,39277993274,1246148957577046.8,31726.390625
2022-05-31,31723.865234375,32249.86328125,31286.154296875,33538210634,1066257207662633.6,31792.310546875
2022-06-01,31792.5546875,31957.28515625,29501.587890625,41135817341,1225809515023582.0,29799.080078125
2022-06-02,29794.890625,30604.734375,29652.705078125,29083562061,886103086270524.6,30467.48828125
2022-06-03,30467.806640625,30633.03515625,29375.689453125,26175547452,777528686337431.5,29704.390625
2022-06-04,29706.138671875,29930.564453125,29500.005859375,16588370958,494879445226884.8,29832.9140625
2022-06-05,29835.1171875,30117.744140625,29574.44921875,17264085441,516311169911367.3,29906.662109375
2022-06-06,29910.283203125,31693.291015625,29894.1875,31947336829,1002209420942662.0,31370.671875
2022-06-07,31371.7421875,31489.68359375,29311.68359375,40770974039,1270239205733169.2,31155.478515625
2022-06-08,31151.48046875,31253.69140625,29944.404296875,30242059107,913744323965846.2,30214.35546875
2022-06-09,30215.279296875,30609.310546875,30020.265625,21692004719,653189603731331.2,30111.998046875
2022-06-10,30110.330078125,30245.80859375,28978.146484375,29867476527,868659853819758.9,29083.8046875
2022-06-11,29084.666015625,29401.916015625,28236.212890625,27246574439,772734935715806.0,28360.810546875
2022-06-12,28373.513671875,28502.685546875,26762.6484375,34163220274,914298253685934.4,26762.6484375
2022-06-13,26737.578125,26795.58984375,22141.2578125,68204556440,1533742369859115.0,22487.388671875
2022-06-14,22487.986328125,23018.951171875,20950.818359375,50913575242,1130627224697969.8,22206.79296875
2022-06-15,22196.73046875,22642.671875,20178.376953125,54912007015,1239519939848471.5,22572.83984375
2022-06-16,22576.3046875,22868.921875,20265.2265625,31183975654,635580889569589.6,20381.650390625
2022-06-17,20385.71875,21243.3125,20326.51953125,27132421514,555440890086754.06,20471.482421875
2022-06-18,20473.42578125,20736.041015625,17708.623046875,42009436760,798920453210025.5,19017.642578125
2022-06-19,19010.90234375,20683.822265625,18067.15234375,35329942625,726145902299017.4,20553.271484375
2022-06-20,20553.37109375,20913.322265625,19689.169921875,30818458597,634845981522638.5,20599.537109375
2022-06-21,20594.294921875,21620.62890625,20415.0625,28970212744,599990420156950.2,20710.59765625
2022-06-22,20719.4140625,20835.75,19848.078125,28574793478,571125234396938.6,19987.029296875
2022-06-23,19986.607421875,21135.76171875,19950.1171875,26188097173,552198994626358.7,21085.876953125
2022-06-24,21084.6484375,21472.91796875,20777.51171875,24957784918,529895110140410.4,21231.65625
2022-06-25,21233.609375,21520.9140625,20964.5859375,18372538715,395052535358519.25,21502.337890625
2022-06-26,21496.494140625,21783.724609375,21016.26953125,18027170497,379062630647342.9,21027.294921875
2022-06-27,21028.23828125,21478.08984375,20620.19921875,20965695707,434733732897629.8,20735.478515625
2022-06-28,20731.544921875,21164.423828125,20228.8125,21381535161,433631105328609.94,20280.634765625
2022-06-29,20281.169921875,20364.15625,19937.791015625,23552740328,473504843571463.4,20104.0234375
2022-06-30,20108.3125,20141.16015625,18729.65625,26267239923,519690159428138.56,19784.7265625
2022-07-01,19820.470703125,20632.671875,19073.708984375,30767551159,592871240742962.2,19269.3671875
2022-07-02,19274.8359375,19371.748046875,19027.08203125,18100418740,348292888556906.06,19242.255859375
2022-07-03,19242.095703125,19558.26953125,18966.951171875,16390821947,316294939630899.5,19297.076171875
2022-07-04,19297.314453125,20258.748046875,19063.06640625,21594638208,436886777307766.5,20231.26171875
2022-07-05,20225.353515625,20635.466796875,19341.232421875,26715546990,539389972277460.2,20190.115234375
2022-07-06,20194.619140625,20595.529296875,19823.51171875,24598943708,505465148958287.1,20548.24609375
2022-07-07,20547.814453125,21771.81640625,20296.103515625,25814972520,558573736795569.1,21637.587890625
2022-07-08,21637.154296875,22314.94140625,21257.453125,49899834488,1084379150895582.0,21731.1171875
2022-07-09,21716.828125,21877.138671875,21445.95703125,29641127858,640017369349687.9,21592.20703125
2022-07-10,21591.080078125,21591.080078125,20727.123046875,28688807249,598461406764271.4,20860.44921875
2022-07-11,20856.353515625,20856.353515625,19924.5390625,24150249025,482293916038961.2,19970.556640625
2022-07-12,19970.474609375,20043.4453125,19308.53125,25810220018,498754473562049.2,19323.9140625
2022-07-13,19325.97265625,20223.052734375,18999.953125,33042430345,667856054501017.1,20212.07421875
2022-07-14,20211.466796875,20789.89453125,19689.2578125,31158743333,640932855226066.5,20569.919921875
2022-07-15,20573.15625,21138.244140625,20397.0,25905575359,539777068447038.7,20836.328125
2022-07-16,20834.103515625,21514.404296875,20518.8984375,24302954056,514987286053196.8,21190.31640625
2022-07-17,21195.041015625,21600.640625,20778.1796875,22927802083,476424680914623.0,20779.34375
2022-07-18,20781.912109375,22633.033203125,20781.912109375,39974475562,898853643538666.5,22485.689453125
2022-07-19,22467.849609375,23666.962890625,21683.40625,48765202697,1140590470167240.0,23389.43359375
2022-07-20,23393.19140625,24196.818359375,23009.94921875,42932549127,997397493507467.2,23231.732421875
2022-07-21,23233.201171875,23388.322265625,22431.1484375,33631012204,779049917447224.9,23164.62890625
2022-07-22,23163.751953125,23671.927734375,22603.416015625,31421555646,713739961426405.4,22714.978515625
2022-07-23,22706.984375,22977.2109375,22002.91015625,24021799169,539661213137828.0,22465.478515625
2022-07-24,22465.509765625,22974.001953125,22306.83984375,23565495303,532796149519600.1,22609.1640625
2022-07-25,22607.15625,22649.12109375,21361.642578125,35574561406,759933150075489.4,21361.701171875
2022-07-26,21361.12109375,21361.12109375,20776.81640625,28624673855,607981028326868.5,21239.75390625
2022-07-27,21244.169921875,22986.529296875,21070.806640625,31758955233,728250273700542.5,22930.548828125
2022-07-28,22933.640625,24110.470703125,22722.265625,40212386158,958819580241982.4,23843.88671875
2022-07-29,23845.212890625,24294.787109375,23481.173828125,35887249746,854282802854013.9,23804.6328125
2022-07-30,23796.818359375,24572.580078125,23580.5078125,28148218301,665880079689276.1,23656.20703125
2022-07-31,23652.0703125,24121.642578125,23275.703125,23553591896,549667735912165.9,23336.896484375
2022-08-01,23336.71875,23464.787109375,22890.796875,25849159141,602652445850446.6,23314.19921875
2022-08-02,23308.43359375,23415.041015625,22710.083984375,28389250717,652331529840544.4,22978.1171875
2022-08-03,22981.302734375,23578.650390625,22747.8359375,26288169966,600592880504546.9,22846.5078125
2022-08-04,22848.21484375,23198.009765625,22485.701171875,25120229769,568494840517366.1,22630.95703125
2022-08-05,22626.833984375,23422.828125,22612.177734375,28881249043,672624490761442.5,23289.314453125
2022-08-06,23291.423828125,23326.5625,22961.279296875,15978259885,366881287897538.8,22961.279296875
2022-08-07,22963.505859375,23359.009765625,22894.556640625,15886817043,368191134167953.94,23175.890625
2022-08-08,23179.52734375,24203.689453125,23176.546875,28575544847,680369044353369.2,23809.486328125
2022-08-09,23811.484375,23898.615234375,22982.0,23555719219,545652179172964.25,23164.318359375
2022-08-10,23162.8984375,24127.4140625,22771.51953125,32837431722,786379078062039.8,23947.642578125
2022-08-11,23948.345703125,24822.62890625,23900.99609375,37127036580,889472066571499.8,23957.529296875
2022-08-12,23957.203125,24412.56640625,23657.265625,27265804688,665362479223459.4,24402.818359375
2022-08-13,24402.1875,24860.05078125,24346.115234375,22987346289,561444517163161.25,24424.068359375
2022-08-14,24429.056640625,24974.9140625,24206.259765625,22994133555,559202013605369.06,24319.333984375
2022-08-15,24318.31640625,25135.58984375,23839.775390625,35123501685,847774999762595.8,24136.97265625
2022-08-16,24126.13671875,24228.416015625,23733.5,27753685646,662849351039592.4,23883.291015625
2022-08-17,23881.31640625,24407.05859375,23243.353515625,30931623076,721820295688209.6,23335.998046875
2022-08-18,23341.0390625,23563.83203125,23177.6015625,23747613147,551247128785682.7,23212.73828125
2022-08-19,23213.3125,23213.3125,20868.84765625,40509610260,845741524452128.5,20877.552734375
2022-08-20,20872.841796875,21350.806640625,20856.73046875,27595671000,584091643217642.6,21166.060546875
2022-08-21,21160.392578125,21668.845703125,21103.197265625,23102307723,497487892052157.8,21534.12109375
2022-08-22,21531.462890625,21531.462890625,20939.18359375,31666498758,677628500036813.9,21398.908203125
2022-08-23,21401.044921875,21646.203125,20955.138671875,31878280659,686278427828963.0,21528.087890625
2022-08-24,21526.455078125,21783.076171875,21195.005859375,31962253368,683833035071121.1,21395.01953125
2022-08-25,21395.458984375,21789.63671875,21362.44140625,31028679593,670247538346791.4,21600.904296875
2022-08-26,21596.0859375,21804.908203125,20199.482421875,42326789564,857541583261748.6,20260.01953125
2022-08-27,20262.48046875,20340.775390625,19890.5234375,30116729776,603591616057721.0,20041.73828125
2022-08-28,20041.03515625,20139.0546875,19616.814453125,24366810591,477999202178088.1,19616.814453125
2022-08-29,19615.154296875,20357.462890625,19600.78515625,32637854078,662482970837817.8,20297.994140625
2022-08-30,20298.611328125,20542.64453125,19617.640625,34483360283,682660483191871.9,19796.80859375
2022-08-31,19799.58203125,20420.990234375,19799.58203125,33225232872,666158067026612.6,20049.763671875
2022-09-01,20050.498046875,20198.390625,19653.96875,30182031010,607477982486380.8,20127.140625
2022-09-02,20126.072265625,20401.568359375,19814.765625,29123998928,581599603303342.5,19969.771484375
2022-09-03,19969.71875,20037.009765625,19698.35546875,23613051457,468296111861074.7,19832.087890625
2022-09-04,19832.470703125,19999.689453125,19636.81640625,25245861652,504581788514963.75,19986.712890625
2022-09-05,19988.7890625,20031.16015625,19673.046875,28813460025,570862962510231.1,19812.37109375
2022-09-06,19817.724609375,20155.26953125,18800.171875,43403978910,817629743229207.5,18837.66796875
2022-09-07,18837.68359375,19427.171875,18644.466796875,35239757134,679786340504868.2,19290.32421875
2022-09-08,19289.94140625,19417.3515625,19076.71484375,32194477850,622313912054138.1,19329.833984375
2022-09-09,19328.140625,21439.41015625,19310.962890625,48469528171,1036334365853833.2,21381.15234375
2022-09-10,21376.912109375,21760.275390625,21168.72265625,36913738894,800309758034292.5,21680.5390625
2022-09-11,21678.54296875,21770.552734375,21406.9453125,34493951963,750907665883537.5,21769.255859375
2022-09-12,21770.1484375,22439.181640625,21603.896484375,50212088965,1123266986358889.8,22370.44921875
2022-09-13,22371.48046875,22673.8203125,20062.669921875,51091116622,1036981425976161.2,20296.70703125
2022-09-14,20184.5546875,20467.201171875,19793.396484375,37872380889,766578264170969.5,20241.08984375
2022-09-15,20242.2890625,20318.166015625,19636.734375,36389011503,716907591427716.9,19701.2109375
2022-09-16,19704.005859375,19870.62890625,19400.076171875,30123362273,595616710434645.9,19772.583984375
2022-09-17,19777.033203125,20162.53125,19777.033203125,24957448100,502332937688367.0,20127.576171875
2022-09-18,20127.234375,20127.234375,19387.4921875,31254779144,606952366720379.5,19419.505859375
2022-09-19,19418.572265625,19639.48046875,18390.318359375,40177002624,785224518350200.5,19544.12890625
2022-09-20,19545.591796875,19602.45703125,18813.455078125,36791346508,695017566207974.0,18890.7890625
2022-09-21,18891.283203125,19674.630859375,18290.314453125,46363793975,859927850482772.0,18547.400390625
2022-09-22,18534.650390625,19456.91015625,18415.591796875,41135767926,798591319557116.0,19413.55078125
2022-09-23,19412.400390625,19464.671875,18617.552734375,38896078052,750602460000543.6,19297.638671875
2022-09-24,19296.990234375,19310.197265625,18861.974609375,26149643168,495196099113546.9,18937.01171875
2022-09-25,18936.310546875,19134.732421875,18696.46875,23359966112,439216364084514.6,18802.09765625
2022-09-26,18803.900390625,19274.873046875,18721.28515625,44148798321,848657863800133.9,19222.671875
2022-09-27,19221.83984375,20338.455078125,18915.66796875,58571439619,1119332242375131.6,19110.546875
2022-09-28,19104.62109375,19688.34375,18553.296875,53071298734,1031001297857529.4,19426.720703125
2022-09-29,19427.779296875,19589.265625,18924.353515625,41037843771,803235800082787.0,19573.05078125
2022-09-30,19573.431640625,20109.849609375,19265.662109375,43975248085,854517744758827.1,19431.7890625
2022-10-01,19431.10546875,19471.154296875,19231.08203125,18719537670,361513503001293.6,19312.095703125
2022-10-02,19311.849609375,19370.30859375,18970.62109375,20765955327,395469083965245.4,19044.107421875
2022-10-03,19044.068359375,19653.54296875,19025.2265625,30484729489,598219530287370.1,19623.580078125
2022-10-04,19623.583984375,20380.34375,19523.83984375,35887278685,729833979229550.5,20336.84375
2022-10-05,20335.900390625,20343.748046875,19801.80078125,33223790572,669815432640777.6,20160.716796875
2022-10-06,20161.0390625,20408.392578125,19900.087890625,34711412966,692681635366888.0,19955.443359375
2022-10-07,19957.55859375,20041.0859375,19395.79296875,29227315390,571301938414101.4,19546.849609375
2022-10-08,19546.328125,19601.6953125,19299.4140625,16437423167,319158350574029.8,19416.568359375
2022-10-09,19417.478515625,19542.5390625,19349.259765625,16837262532,327424576187959.44,19446.42578125
2022-10-10,19446.416015625,19515.466796875,19102.978515625,27425022774,524955644912540.1,19141.484375
2022-10-11,19139.0,19241.9609375,18925.603515625,28711532910,546995413991931.0,19051.41796875
2022-10-12,19052.646484375,19203.19921875,19029.7578125,24950173846,477981590992112.8,19157.4453125
2022-10-13,19156.966796875,19453.328125,18319.822265625,44219840004,857108926820656.6,19382.904296875
2022-10-14,19382.533203125,19889.146484375,19115.408203125,38452356727,737733698166597.1,19185.65625
2022-10-15,19185.4375,19212.541015625,19019.25,16192235532,308747633163151.6,19067.634765625
2022-10-16,19068.9140625,19389.603515625,19068.9140625,17988916650,346612132473135.94,19268.09375
2022-10-17,19268.5625,19635.802734375,19173.333984375,27472552998,537109230154968.8,19550.7578125
2022-10-18,19550.466796875,19666.994140625,19144.76953125,30580012344,591246680421843.8,19334.416015625
2022-10-19,19335.02734375,19348.416015625,19127.6875,22425387184,429211486400686.2,19139.53515625
2022-10-20,19138.0859375,19315.19921875,18971.458984375,24493974420,466701825906106.06,19053.740234375
2022-10-21,19053.203125,19237.384765625,18770.970703125,32459287866,622324682258139.2,19172.46875
2022-10-22,19172.380859375,19248.068359375,19132.244140625,16104440957,309337152938721.7,19208.189453125
2022-10-23,19207.734375,19646.65234375,19124.197265625,22128794335,432994291634150.8,19567.0078125
2022-10-24,19567.76953125,19589.125,19206.32421875,30202235805,584279535349074.4,19345.572265625
2022-10-25,19344.96484375,20348.412109375,19261.447265625,47761524910,959808794842691.2,20095.857421875
2022-10-26,20092.236328125,20938.134765625,20076.1171875,58895950537,1223294889694156.8,20770.44140625
2022-10-27,20772.802734375,20854.044921875,20255.373046875,49625110402,1006686847995296.6,20285.8359375
2022-10-28,20287.95703125,20724.98046875,20086.068359375,43994715910,906086641058762.0,20595.3515625
2022-10-29,20595.103515625,20988.39453125,20566.484375,40369840645,840438581299792.4,20818.4765625
2022-10-30,20817.982421875,20917.005859375,20547.462890625,31486345556,649739743049577.2,20635.603515625
2022-10-31,20633.6953125,20795.3203125,20287.458984375,45668466815,936010549078227.2,20495.7734375
2022-11-01,20494.8984375,20647.2890625,20359.845703125,39819303159,815709313302822.5,20485.2734375
2022-11-02,20482.958984375,20742.810546875,20087.134765625,55552169483,1119904177693200.4,20159.50390625
2022-11-03,20162.689453125,20382.095703125,20086.240234375,43228750179,873652534530673.9,20209.98828125
2022-11-04,20208.76953125,21209.560546875,20188.01953125,64072727950,1354960744720169.8,21147.23046875
2022-11-05,21144.83203125,21446.88671875,21097.634765625,37846047609,805465752208592.6,21282.69140625
2022-11-06,21285.056640625,21345.376953125,20920.19140625,35082693210,734157499812868.8,20926.486328125
2022-11-07,20924.62109375,21053.24609375,20489.97265625,53510852236,1102474264360280.2,20602.81640625
2022-11-08,20600.671875,20664.607421875,17603.544921875,118992465607,2206271609414542.0,18541.271484375
2022-11-09,18543.76171875,18590.458984375,15682.6923828125,102905151606,1634214101659660.0,15880.7802734375
2022-11-10,15883.158203125,18054.3125,15834.0185546875,83202283721,1463259550779361.0,17586.771484375
2022-11-11,17583.251953125,17650.943359375,16543.482421875,55871616488,951733483894235.0,17034.29296875
2022-11-12,17036.875,17066.67578125,16651.775390625,29717699419,499233146566040.4,16799.185546875
2022-11-13,16799.72265625,16920.765625,16320.634765625,27209183682,444961718480942.4,16353.365234375
2022-11-14,16352.0283203125,17109.32421875,15872.94140625,49630243054,824765266346355.4,16618.19921875
2022-11-15,16617.484375,17051.962890625,16542.55078125,36599436183,617967326261743.6,16884.61328125
2022-11-16,16884.341796875,16960.294921875,16430.111328125,33925512989,565519284686341.2,16669.439453125
2022-11-17,16670.42578125,16726.439453125,16460.68359375,27868914022,465062992625379.3,16687.517578125
2022-11-18,16687.912109375,16947.05859375,16564.611328125,26862218609,448539345292219.8,16697.77734375
2022-11-19,16696.220703125,16797.876953125,16570.41015625,16106223492,269159908865784.2,16711.546875
2022-11-20,16712.919921875,16746.779296875,16248.6923828125,21313378652,347233985016813.6,16291.83203125
2022-11-21,16291.2236328125,16291.2236328125,15599.046875,37429485518,590909924572163.8,15787.2841796875
2022-11-22,15782.30078125,16253.0478515625,15656.6064453125,30726828760,497460276050584.25,16189.76953125
2022-11-23,16195.5888671875,16638.193359375,16170.5029296875,32958875628,547470227136113.9,16610.70703125
2022-11-24,16611.63671875,16771.474609375,16501.767578125,26129037414,433858683141791.4,16604.46484375
2022-11-25,16602.26953125,16603.31640625,16388.404296875,18678255976,308599190277007.06,16521.841796875
2022-11-26,16521.576171875,16666.86328125,16416.228515625,18000008764,296357206792960.9,16464.28125
2022-11-27,16463.8828125,16594.40625,16437.025390625,20443898509,336192284448053.4,16444.626953125
2022-11-28,16440.22265625,16482.93359375,16054.5302734375,27743025156,449917579578193.3,16217.322265625
2022-11-29,16217.6396484375,16522.2578125,16139.396484375,23581685468,387800402999445.1,16444.982421875
2022-11-30,16445.4765625,17190.9375,16445.4765625,29523576583,506877485115242.9,17168.56640625
2022-12-01,17168.001953125,17197.498046875,16888.388671875,22895392882,388469171823261.1,16967.1328125
2022-12-02,16968.68359375,17088.66015625,16877.880859375,19539705127,333907380468638.75,17088.66015625
2022-12-03,17090.09765625,17116.041015625,16888.140625,16217776704,274214001227992.1,16908.236328125
2022-12-04,16908.169921875,17157.767578125,16903.439453125,16824520830,288212224055569.25,17130.486328125
2022-12-05,17128.89453125,17378.15234375,16922.431640625,22209086834,376995388443227.7,16974.826171875
2022-12-06,16975.23828125,17091.86328125,16939.921875,19889922369,339908906020034.75,17089.50390625
2022-12-07,17089.505859375,17109.376953125,16750.55859375,19675404389,331493710999944.8,16848.126953125
2022-12-08,16847.349609375,17267.916015625,16788.783203125,20496603770,353227700648714.9,17233.474609375
2022-12-09,17232.1484375,17280.546875,17100.8359375,20328426366,348290025837382.2,17133.15234375
2022-12-10,17134.220703125,17216.826171875,17120.68359375,12706781969,217650969018372.8,17128.724609375
2022-12-11,17129.7109375,17245.634765625,17091.8203125,14122486832,241553745489755.28,17104.193359375
2022-12-12,17102.5,17212.564453125,16899.39453125,19617581341,337548687245082.7,17206.4375
2022-12-13,17206.44140625,17930.0859375,17111.763671875,26634741631,473600820360509.94,17781.318359375
2022-12-14,17782.06640625,18318.53125,17739.513671875,25534481470,454913394775412.3,17815.650390625
2022-12-15,17813.64453125,17846.744140625,17322.58984375,20964448341,364044820154481.6,17364.865234375
2022-12-16,17364.546875,17505.525390625,16584.701171875,24031608960,400065834667710.0,16647.484375
2022-12-17,16646.982421875,16800.58984375,16614.029296875,14463581825,242917184462487.84,16795.091796875
2022-12-18,16795.609375,16815.38671875,16697.8203125,10924354698,183070079989520.75,16757.9765625
2022-12-19,16759.041015625,16807.52734375,16398.13671875,17221074814,283108953816633.6,16439.6796875
2022-12-20,16441.787109375,17012.984375,16427.8671875,22722096615,384146688512002.4,16906.3046875
2022-12-21,16904.52734375,16916.80078125,16755.912109375,14882945045,250294451522824.25,16817.53515625
2022-12-22,16818.380859375,16866.673828125,16592.408203125,16441573050,276717294109788.56,16830.341796875
2022-12-23,16829.64453125,16905.21875,16794.458984375,15329265213,257484949223454.1,16796.953125
2022-12-24,16796.9765625,16864.703125,16793.52734375,9744636213,164175251855048.56,16847.755859375
2022-12-25,16847.505859375,16860.5546875,16755.25390625,11656379938,196316591551226.53,16841.986328125
2022-12-26,16842.25,16920.123046875,16812.369140625,11886957804,201125004372233.9,16919.8046875
2022-12-27,16919.291015625,16959.845703125,16642.072265625,15748580239,263271753401537.3,16717.173828125
2022-12-28,16716.400390625,16768.169921875,16497.556640625,17005713920,281488308589345.0,16552.572265625
2022-12-29,16552.322265625,16651.755859375,16508.68359375,14472237479,240851922691062.6,16642.341796875
2022-12-30,16641.330078125,16643.427734375,16408.474609375,15929162910,264465296125712.56,16602.5859375
2022-12-31,16603.673828125,16628.986328125,16517.51953125,11239186456,185980393977587.9,16547.49609375
2023-01-01,16547.9140625,16630.439453125,16521.234375,9244361700,153688253533651.75,16625.080078125
2023-01-02,16625.509765625,16759.34375,16572.228515625,12097775227,201893367448780.9,16688.470703125
2023-01-03,16688.84765625,16760.447265625,16622.37109375,13903079207,231901378897794.9,16679.857421875
2023-01-04,16680.205078125,16964.5859375,16667.763671875,18421743322,310650247194911.94,16863.23828125
2023-01-05,16863.47265625,16884.021484375,16790.283203125,13692758566,230541365580416.97,16836.736328125
2023-01-06,16836.47265625,16991.994140625,16716.421875,14413662913,244339963274210.0,16951.96875
2023-01-07,16952.1171875,16975.017578125,16914.19140625,7714767174,130804480151355.48,16955.078125
2023-01-08,16954.146484375,17091.14453125,16924.05078125,9768827914,166960449779083.44,17091.14453125
2023-01-09,17093.9921875,17389.95703125,17093.9921875,18624736866,320281306056466.4,17196.5546875
2023-01-10,17192.94921875,17484.720703125,17162.990234375,15808338949,275796912653555.47,17446.29296875
2023-01-11,17446.359375,17934.896484375,17337.994140625,18372283782,329505007811731.6,17934.896484375
2023-01-12,18117.59375,19030.087890625,17995.203125,34971338710,659894749441161.2,18869.587890625
2023-01-13,18868.90625,19964.322265625,18753.1640625,29225029694,581857897737865.6,19909.57421875
2023-01-14,19910.537109375,21075.142578125,19907.828125,38967784639,817399895257683.1,20976.298828125
2023-01-15,20977.484375,20993.748046875,20606.986328125,19298407543,402966165608553.06,20880.798828125
2023-01-16,20882.224609375,21360.875,20715.74609375,26792494050,567187261169591.0,21169.6328125
2023-01-17,21175.833984375,21438.66015625,20978.533203125,24999983362,529037636195888.06,21161.51953125
2023-01-18,21161.05078125,21564.501953125,20541.544921875,30005625418,620779820542441.8,20688.78125
2023-01-19,20686.74609375,21163.01171875,20685.380859375,21152848261,446045731979090.4,21086.79296875
2023-01-20,21085.373046875,22692.357421875,20919.126953125,28799154319,653065541620207.0,22676.552734375
2023-01-21,22677.427734375,23282.34765625,22511.833984375,32442278429,738958052201351.1,22777.625
2023-01-22,22777.986328125,23056.73046875,22387.900390625,24746386230,562248190028933.94,22720.416015625
2023-01-23,22721.087890625,23126.486328125,22654.3046875,26518700512,608191324090671.2,22934.431640625
2023-01-24,22929.626953125,23134.01171875,22549.744140625,26405069715,597717535445168.9,22636.46875
2023-01-25,22639.267578125,23722.099609375,22406.076171875,30685366709,709379992448968.5,23117.859375
2023-01-26,23108.955078125,23237.078125,22911.373046875,26357839322,607094244365964.5,23032.77734375
2023-01-27,23030.716796875,23417.720703125,22654.59375,25383335641,585815112079627.1,23078.728515625
2023-01-28,23079.96484375,23165.896484375,22908.845703125,14712928379,338854775361408.06,23031.08984375
2023-01-29,23031.44921875,23919.890625,22985.0703125,27423687259,651986273843327.5,23774.56640625
2023-01-30,23774.6484375,23789.34765625,22657.58203125,27205595568,621379575424067.9,22840.138671875
2023-01-31,22840.796875,23225.021484375,22765.568359375,22837828665,528450985223881.1,23139.283203125
2023-02-01,23137.8359375,23764.5390625,22877.75,26683255504,633027403920354.0,23723.76953125
2023-02-02,23720.82421875,24167.2109375,23468.595703125,32066936882,752671008865721.5,23471.87109375
2023-02-03,23469.412109375,23678.103515625,23279.955078125,27083066007,635079542739336.6,23449.322265625
2023-02-04,23446.3203125,23556.94921875,23291.794921875,15639298538,364893730939229.4,23331.84765625
2023-02-05,23332.248046875,23423.435546875,22841.759765625,19564262605,449110678202361.6,22955.666015625
2023-02-06,22954.021484375,23119.279296875,22692.025390625,23825006542,542259754756010.5,22760.109375
2023-02-07,22757.267578125,23310.974609375,22756.2578125,27187964471,632508717575817.0,23264.291015625
2023-02-08,23263.416015625,23367.958984375,22731.09765625,25371367758,582003913905103.1,22939.3984375
2023-02-09,22946.56640625,22996.4375,21773.974609375,32572572185,710702224870616.0,21819.0390625
2023-02-10,21819.005859375,21941.185546875,21539.392578125,27078406594,586279552592904.6,21651.18359375
2023-02-11,21651.841796875,21891.41015625,21618.44921875,16356226232,357724979391793.0,21870.875
2023-02-12,21870.90234375,22060.994140625,21682.828125,17821046406,388288578993979.25,21788.203125
2023-02-13,21787.0,21898.4140625,21460.087890625,23918742607,521622368020752.0,21808.1015625
2023-02-14,21801.822265625,22293.140625,21632.39453125,26792596581,595353055697381.2,22220.8046875
2023-02-15,22220.5859375,24307.841796875,22082.76953125,32483312909,789599231230359.5,24307.841796875
2023-02-16,24307.349609375,25134.1171875,23602.5234375,39316664596,928796227808919.0,23623.474609375
2023-02-17,23621.283203125,24924.041015625,23460.755859375,41358451255,1015995234772408.0,24565.6015625
2023-02-18,24565.296875,24798.8359375,24468.373046875,19625427158,483595593589841.4,24641.27734375
2023-02-19,24640.02734375,25093.0546875,24327.642578125,25555105670,621695476785975.6,24327.642578125
2023-02-20,24336.623046875,25020.458984375,23927.91015625,28987376573,719731875744727.0,24829.1484375
2023-02-21,24833.048828125,25126.8515625,24200.36328125,31252098714,763687332280513.5,24436.353515625
2023-02-22,24437.41796875,24472.33984375,23644.318359375,30199996781,730503003386112.0,24188.84375
2023-02-23,24190.71875,24572.08984375,23693.919921875,30476264066,729830095624722.0,23947.4921875
2023-02-24,23946.0078125,24103.705078125,23007.072265625,26811744928,621982262674549.2,23198.126953125
2023-02-25,23200.125,23210.2109375,22861.55859375,16100721565,373140260039461.9,23175.375
2023-02-26,23174.150390625,23654.3671875,23084.220703125,16644534842,392165428877787.4,23561.212890625
2023-02-27,23561.451171875,23857.890625,23205.87890625,22660763494,533046218555317.9,23522.87109375
2023-02-28,23521.837890625,23585.384765625,23077.650390625,20535363434,475339316978637.0,23147.353515625
2023-03-01,23150.9296875,23880.6328125,23088.626953125,24662841200,583191126845704.8,23646.55078125
2023-03-02,23647.01953125,23739.138671875,23245.021484375,20386398516,478580221470219.75,23475.466796875
2023-03-03,23476.6328125,23479.34765625,22213.23828125,26062404610,582825206179453.4,22362.6796875
2023-03-04,22362.923828125,22405.177734375,22198.98046875,11166012913,249597790387084.75,22353.349609375
2023-03-05,22354.14453125,22613.685546875,22307.142578125,13317001733,298773774449104.56,22435.513671875
2023-03-06,22436.81640625,22584.29296875,22331.314453125,17353192895,389227913908445.75,22429.7578125
2023-03-07,22428.322265625,22527.41796875,22011.26171875,22765452204,505843101247567.4,22219.76953125
2023-03-08,22216.44140625,22268.896484375,21708.05078125,22536575684,489451155391836.7,21718.080078125
2023-03-09,21720.080078125,21802.716796875,20210.306640625,30364664171,618316308879904.8,20363.021484375
2023-03-10,20367.001953125,20370.595703125,19628.25390625,39578257695,798975950749535.1,20187.244140625
2023-03-11,20187.876953125,20792.525390625,20068.66015625,30180288176,622692084281054.2,20632.41015625
2023-03-12,20628.029296875,22185.03125,20448.806640625,29279035521,648939056461421.5,22163.94921875
2023-03-13,22156.40625,24550.837890625,21918.19921875,49466362688,1196963953580703.5,24197.533203125
2023-03-14,24201.765625,26514.716796875,24081.18359375,54622230164,1351685761631989.0,24746.07421875
2023-03-15,24770.92578125,25240.615234375,23964.91015625,43655701450,1064149673244362.0,24375.9609375
2023-03-16,24373.45703125,25190.326171875,24225.111328125,33866061747,848439301325191.2,25052.7890625
2023-03-17,25055.123046875,27787.8125,24955.169921875,50730261335,1391223119879540.0,27423.9296875
2023-03-18,27448.1171875,27725.953125,26636.26171875,35723036817,963303084970732.4,26965.87890625
2023-03-19,26969.50390625,28440.560546875,26907.716796875,37769448859,1059005330994003.8,28038.67578125
2023-03-20,28041.6015625,28527.724609375,27242.880859375,44774027664,1243251007508294.5,27767.236328125
2023-03-21,27768.392578125,28439.5625,27439.646484375,36102192830,1017208757041115.2,28175.81640625
2023-03-22,28158.720703125,28803.3359375,26759.99609375,33382021890,911577476384806.8,27307.4375
2023-03-23,27301.95703125,28729.84375,27183.36328125,24220433689,686261105866642.4,28333.97265625
2023-03-24,28324.111328125,28388.4375,27039.265625,25980310960,714284097671327.2,27493.28515625
2023-03-25,27487.337890625,27791.826171875,27196.234375,13383005987,367961828810029.75,27494.70703125
2023-03-26,27495.5234375,28178.14453125,27445.046875,13878363192,388515480140948.5,27994.330078125
2023-03-27,27994.068359375,28037.92578125,26606.689453125,18188895178,493644590195324.0,27139.888671875
2023-03-28,27132.888671875,27460.71875,26677.818359375,17783600385,484925542449011.6,27268.130859375
2023-03-29,27267.03125,28619.54296875,27259.662109375,20684945906,586385977007691.9,28348.44140625
2023-03-30,28350.140625,29159.90234375,27720.16015625,22435349951,628942785060730.5,28033.5625
2023-03-31,28032.26171875,28639.896484375,27583.71484375,19001327598,541129011103899.25,28478.484375
2023-04-01,28473.33203125,28802.45703125,28297.171875,10876469901,309011768733205.94,28411.03515625
2023-04-02,28462.845703125,28518.958984375,27884.087890625,12284641999,346418410693542.9,28199.30859375
2023-04-03,28183.080078125,28475.623046875,27276.720703125,19556501327,543479488058286.9,27790.220703125
2023-04-04,27795.2734375,28433.7421875,27681.3046875,15284538859,430536263800600.1,28168.08984375
2023-04-05,28169.7265625,28739.23828125,27843.763671875,17052315986,480499893411070.8,28177.984375
2023-04-06,28175.2265625,28178.384765625,27738.759765625,13837809380,388069472194664.06,28044.140625
2023-04-07,28038.966796875,28111.59375,27794.03125,10861680497,303321762135402.1,27925.859375
2023-04-08,27920.513671875,28159.86328125,27883.38671875,9373255556,261961824029413.44,27947.794921875
2023-04-09,27952.3671875,28532.830078125,27828.48046875,12175322951,344964043448801.6,28333.05078125
2023-04-10,28336.02734375,29771.46484375,28189.271484375,19282400094,571780633378005.1,29652.98046875
2023-04-11,29653.6796875,30509.083984375,29609.30078125,20121259843,608367470333173.9,30235.05859375
2023-04-12,30231.58203125,30462.48046875,29725.57421875,18651929926,562151499637581.2,30139.052734375
2023-04-13,29892.740234375,30539.845703125,29878.623046875,17487721001,531610392003371.75,30399.06640625
2023-04-14,30409.5625,31005.607421875,30044.498046875,22659995079,690805794276749.1,30485.69921875
2023-04-15,30490.75,30601.740234375,30245.8828125,11940685378,362023622989590.8,30318.49609375
2023-04-16,30315.9765625,30555.537109375,30157.83203125,12854816417,389698329166878.3,30315.35546875
2023-04-17,30317.146484375,30319.197265625,29275.37109375,17872186762,526247342059229.7,29445.044921875
2023-04-18,29449.091796875,30470.302734375,29154.849609375,19480529496,592160422648207.6,30397.552734375
2023-04-19,30394.1875,30411.0546875,28669.8984375,24571565421,708218359549934.1,28822.6796875
2023-04-20,28823.68359375,29076.400390625,28037.2578125,21340360360,602779568646212.0,28245.98828125
2023-04-21,28249.23046875,28349.96875,27177.365234375,20759504330,566255134497692.9,27276.91015625
2023-04-22,27265.89453125,27872.142578125,27169.5703125,13125734602,365125122291135.0,27817.5
2023-04-23,27816.14453125,27820.244140625,27400.314453125,12785446832,352768182942153.25,27591.384765625
2023-04-24,27591.73046875,27979.982421875,27070.849609375,17703288330,487289027635143.4,27525.33984375
2023-04-25,27514.873046875,28371.078125,27207.931640625,17733373139,501989191906963.1,28307.59765625
2023-04-26,28300.05859375,29995.837890625,27324.548828125,31854242019,905383601962621.2,28422.701171875
2023-04-27,28428.46484375,29871.546875,28402.88671875,27153445027,800314858011915.2,29473.787109375
2023-04-28,29481.013671875,29572.791015625,28929.609375,17544464887,514759191499999.6,29340.26171875
2023-04-29,29336.56640625,29452.455078125,29088.04296875,10662634333,311865935336004.44,29248.48828125
2023-04-30,29245.515625,29952.029296875,29114.021484375,14652199272,428852387352074.4,29268.806640625
2023-05-01,29227.103515625,29329.935546875,27680.79296875,18655599976,524065062010958.6,28091.568359375
2023-05-02,28087.17578125,28881.298828125,27924.123046875,16432924527,471305101712182.1,28680.537109375
2023-05-03,28680.494140625,29259.533203125,28178.388671875,19122972518,554686842086908.5,29006.30859375
2023-05-04,29031.3046875,29353.185546875,28694.0390625,15548678514,448543783231989.06,28847.7109375
2023-05-05,28851.48046875,29668.908203125,28845.509765625,17936566518,529745456916838.6,29534.384765625
2023-05-06,29538.859375,29820.126953125,28468.966796875,15913866714,459984318586381.3,28904.623046875
2023-05-07,28901.623046875,29157.517578125,28441.3671875,11301355486,321579827551570.75,28454.978515625
2023-05-08,28450.45703125,28663.271484375,27310.134765625,19122903752,529594925426882.7,27694.2734375
2023-05-09,27695.068359375,27821.400390625,27375.6015625,14128593256,390779587453203.1,27658.775390625
2023-05-10,27654.63671875,28322.6875,26883.669921875,20656025026,570555680293312.1,27621.755859375
2023-05-11,27621.0859375,27621.94140625,26781.826171875,16724343943,451570483013642.5,27000.7890625
2023-05-12,26987.662109375,27055.646484375,25878.4296875,19313599897,517700856629711.0,26804.990234375
2023-05-13,26807.76953125,27030.482421875,26710.873046875,9999171605,267818593453601.6,26784.078125
2023-05-14,26788.974609375,27150.9765625,26661.35546875,10014858959,269706547974619.2,26930.638671875
2023-05-15,26931.384765625,27646.34765625,26766.09765625,14413231792,391934592437451.0,27192.693359375
2023-05-16,27171.513671875,27299.3046875,26878.947265625,12732238816,344237089558137.2,27036.650390625
2023-05-17,27035.470703125,27465.927734375,26600.14453125,15140006925,414818063135146.4,27398.802734375
2023-05-18,27401.650390625,27466.52734375,26415.1015625,15222938600,408465069871509.0,26832.208984375
2023-05-19,26826.75390625,27128.619140625,26700.2109375,11258983301,302755512317206.1,26890.12890625
2023-05-20,26888.841796875,27155.158203125,26843.27734375,7044911360,191125528163190.0,27129.5859375
2023-05-21,27118.423828125,27265.91796875,26706.921875,8647416921,231351489140164.53,26753.826171875
2023-05-22,26749.892578125,27045.734375,26549.734375,11056770492,296888411006883.1,26851.27734375
2023-05-23,26855.9609375,27434.68359375,26816.1796875,13697203143,372916307442333.6,27225.7265625
2023-05-24,27224.603515625,27224.603515625,26106.576171875,16299104428,429233954531864.8,26334.818359375
2023-05-25,26329.4609375,26591.51953125,25890.59375,13851122697,366725192141017.9,26476.20703125
2023-05-26,26474.181640625,26916.669921875,26343.94921875,12711619225,339645453352588.5,26719.291015625
2023-05-27,26720.181640625,26888.8828125,26621.140625,7892015141,212045452759053.1,26868.353515625
2023-05-28,26871.158203125,28193.44921875,26802.751953125,14545229578,408512175961782.9,28085.646484375
2023-05-29,28075.591796875,28432.0390625,27563.876953125,15181308984,421218849661411.6,27745.884765625
2023-05-30,27745.123046875,28044.759765625,27588.501953125,13251081851,367086102138846.0,27702.349609375
2023-05-31,27700.529296875,27831.677734375,26866.453125,15656371534,426161081856615.8,27219.658203125
2023-06-01,27218.412109375,27346.10546875,26671.720703125,14678970415,393689585152202.7,26819.97265625
2023-06-02,26824.556640625,27303.861328125,26574.64453125,14837415000,404313473091503.9,27249.58984375
2023-06-03,27252.32421875,27317.052734375,26958.00390625,8385597470,227041132456173.88,27075.12890625
2023-06-04,27075.123046875,27407.01953125,26968.224609375,9360912318,253859202774925.6,27119.06640625
2023-06-05,27123.109375,27129.982421875,25445.16796875,21513292646,554184519468444.94,25760.09765625
2023-06-06,25732.109375,27313.8203125,25434.8671875,21929670693,597337545722551.0,27238.783203125
2023-06-07,27235.650390625,27332.181640625,26146.98828125,19530045082,514538529585752.7,26345.998046875
2023-06-08,26347.654296875,26797.513671875,26246.6640625,11904824295,315575663340564.56,26508.216796875
2023-06-09,26505.923828125,26770.2890625,26339.314453125,11015551640,291695938259065.0,26480.375
2023-06-10,26481.76171875,26531.044921875,25501.8359375,19872933189,513739970030523.1,25851.240234375
2023-06-11,25854.03125,26203.439453125,25668.986328125,10732609603,278405695844839.25,25940.16796875
2023-06-12,25934.28515625,26087.919921875,25675.197265625,11677889997,302486545647292.5,25902.5
2023-06-13,25902.94140625,26376.3515625,25728.365234375,14143474486,366580875470302.8,25918.728515625
2023-06-14,25920.2578125,26041.80078125,24902.15234375,14265717766,358421533657568.06,25124.67578125
2023-06-15,25121.673828125,25735.30859375,24797.16796875,15837384409,405063191987651.6,25576.39453125
2023-06-16,25575.283203125,26463.173828125,25245.357421875,16324646965,429786537173591.6,26327.462890625
2023-06-17,26328.6796875,26769.39453125,26174.4921875,11090276850,294010733894652.56,26510.67578125
2023-06-18,26510.45703125,26675.92578125,26325.890625,9565695129,251924183364158.56,26336.212890625
2023-06-19,26335.44140625,26984.611328125,26312.83203125,12826986222,344417782837534.0,26851.029296875
2023-06-20,26841.6640625,28388.96875,26668.791015625,22211859147,629206179691418.1,28327.48828125
2023-06-21,28311.310546875,30737.330078125,28283.41015625,33346760979,1001313091736098.6,30027.296875
2023-06-22,29995.935546875,30495.998046875,29679.158203125,20653160491,617783145308180.1,29912.28125
2023-06-23,29896.3828125,31389.5390625,29845.21484375,24115570085,740238727932552.4,30695.46875
2023-06-24,30708.73828125,30804.1484375,30290.146484375,12147822496,371100128140637.25,30548.6953125
2023-06-25,30545.150390625,31041.271484375,30327.943359375,12703464114,387204910929468.56,30480.26171875
2023-06-26,30480.5234375,30636.029296875,29955.744140625,16493186997,499267421874329.2,30271.130859375
2023-06-27,30274.3203125,31006.787109375,30236.650390625,16428827944,504170567300056.56,30688.1640625
2023-06-28,30696.560546875,30703.279296875,29921.822265625,14571500779,438401758392263.8,30086.24609375
2023-06-29,30086.1875,30796.25,30057.203125,13180860821,401295941591727.4,30445.3515625
2023-06-30,30441.353515625,31256.86328125,29600.275390625,26387306197,804212579330225.6,30477.251953125
2023-07-01,30471.84765625,30641.2890625,30328.865234375,9086606733,277960009853621.0,30590.078125
2023-07-02,30587.26953125,30766.140625,30264.01953125,10533418042,322541366240392.6,30620.76953125
2023-07-03,30624.515625,31375.61328125,30586.513671875,15271884873,475817556380720.06,31156.439453125
2023-07-04,31156.865234375,31325.197265625,30659.35546875,12810828427,394286322800261.9,30777.58203125
2023-07-05,30778.724609375,30877.330078125,30225.61328125,12481622280,380866294396243.8,30514.166015625
2023-07-06,30507.150390625,31460.052734375,29892.2265625,21129219509,631960965659866.6,29909.337890625
2023-07-07,29907.998046875,30434.64453125,29777.28515625,13384770155,406124251372582.4,30342.265625
2023-07-08,30346.921875,30374.4375,30080.16015625,7509378699,227478162241318.2,30292.541015625
2023-07-09,30291.611328125,30427.58984375,30085.591796875,7903327692,238453152137759.8,30171.234375
2023-07-10,30172.423828125,31026.083984375,29985.39453125,14828209155,450992132924557.44,30414.470703125
2023-07-11,30417.6328125,30788.314453125,30358.09765625,12151839152,372100873321870.9,30620.951171875
2023-07-12,30622.24609375,30959.96484375,30228.8359375,14805659717,449968376087015.6,30391.646484375
2023-07-13,30387.48828125,31814.515625,30268.3515625,23686079548,745544196399700.9,31476.048828125
2023-07-14,31474.720703125,31582.25390625,29966.38671875,20917902660,634525089223192.1,30334.068359375
2023-07-15,30331.783203125,30407.78125,30263.462890625,8011667756,242719937204706.0,30295.806640625
2023-07-16,30297.47265625,30437.560546875,30089.669921875,8516564470,257618689759248.7,30249.1328125
2023-07-17,30249.626953125,30336.400390625,29685.783203125,13240156074,399136271005053.6,30145.888671875
2023-07-18,30147.0703125,30233.65625,29556.427734375,13138897269,392282307492977.8,29856.5625
2023-07-19,29862.046875,30184.181640625,29794.26953125,12128602812,362814100659750.7,29913.923828125
2023-07-20,29915.25,30195.53125,29638.095703125,14655207121,436608159536443.25,29792.015625
2023-07-21,29805.111328125,30045.998046875,29733.8515625,10972789818,328182363175417.2,29908.744140625
2023-07-22,29908.697265625,29991.615234375,29664.12109375,7873300598,234402352272092.72,29771.802734375
2023-07-23,29790.111328125,30330.640625,29741.52734375,9220145050,277383813918641.0,30084.5390625
2023-07-24,30081.662109375,30093.39453125,28934.294921875,15395817395,449202471125813.44,29176.916015625
2023-07-25,29178.970703125,29353.16015625,29062.43359375,10266772793,300070978879133.25,29227.390625
2023-07-26,29225.759765625,29675.552734375,29113.912109375,13497554655,396220347823764.9,29354.97265625
2023-07-27,29353.798828125,29560.966796875,29099.3515625,10770779217,314621886875959.9,29210.689453125
2023-07-28,29212.1640625,29521.513671875,29125.845703125,11218474952,328917227914258.25,29319.24609375
2023-07-29,29319.4453125,29396.84375,29264.166015625,6481775959,190284965120178.88,29356.91796875
2023-07-30,29357.09375,29443.169921875,29059.501953125,8678454527,254064434394751.7,29275.30859375
2023-07-31,29278.314453125,29489.873046875,29131.578125,11656781982,340729035061541.6,29230.111328125
2023-08-01,29230.873046875,29675.732421875,28657.0234375,18272392391,542246627302820.8,29675.732421875
2023-08-02,29704.146484375,29987.998046875,28946.509765625,19212655598,560086547973818.8,29151.958984375
2023-08-03,29161.8125,29375.70703125,28959.48828125,12780357746,372913964962193.5,29178.6796875
2023-08-04,29174.3828125,29302.078125,28885.3359375,12036639988,349954375937048.4,29074.091796875
2023-08-05,29075.388671875,29102.46484375,28957.796875,6598366353,191630593307054.4,29042.126953125
2023-08-06,29043.701171875,29160.822265625,28963.833984375,7269806994,211128684005455.9,29041.85546875
2023-08-07,29038.513671875,29244.28125,28724.140625,13618163710,397385890058694.9,29180.578125
2023-08-08,29180.01953125,30176.796875,29113.814453125,17570561357,522996406801772.9,29765.4921875
2023-08-09,29766.6953125,30093.435546875,29376.80078125,18379521213,543326108645592.4,29561.494140625
2023-08-10,29563.97265625,29688.564453125,29354.447265625,11865344789,349192253669447.94,29429.591796875
2023-08-11,29424.90234375,29517.7734375,29253.517578125,10195168197,299714647439474.8,29397.71484375
2023-08-12,29399.787109375,29465.11328125,29357.587890625,6194358008,182213017392929.28,29415.96484375
2023-08-13,29416.59375,29441.43359375,29265.806640625,7329897180,214640749208901.1,29282.9140625
2023-08-14,29283.263671875,29660.25390625,29124.10546875,14013695304,412120964603223.4,29408.443359375
2023-08-15,29408.048828125,29439.12109375,29088.853515625,12640195779,368718905316493.8,29170.34765625
2023-08-16,29169.07421875,29221.9765625,28701.779296875,14949271904,429070702837582.3,28701.779296875
2023-08-17,28699.802734375,28745.947265625,25409.111328125,31120851211,829823517471435.0,26664.55078125
2023-08-18,26636.078125,26808.1953125,25668.921875,24026236529,625872809323238.9,26049.556640625
2023-08-19,26047.83203125,26249.44921875,25802.408203125,10631443812,277440337994515.0,26096.205078125
2023-08-20,26096.861328125,26260.681640625,26004.314453125,9036580420,236664281841148.72,26189.583984375
2023-08-21,26188.69140625,26220.201171875,25846.087890625,13371557893,349320458772060.7,26124.140625
2023-08-22,26130.748046875,26135.5078125,25520.728515625,14503820706,377558474930224.3,26031.65625
2023-08-23,26040.474609375,26786.8984375,25804.998046875,16985265785,448948441149228.5,26431.640625
2023-08-24,26431.51953125,26554.91015625,25914.92578125,12871532023,336749822470523.6,26162.373046875
2023-08-25,26163.6796875,26248.103515625,25786.8125,12406045118,323148544038995.94,26047.66796875
2023-08-26,26047.234375,26107.384765625,25983.87890625,6034817316,156956322214887.16,26008.462890625
2023-08-27,26008.2421875,26165.373046875,25965.09765625,6913768611,180378103018662.03,26089.693359375
2023-08-28,26089.615234375,26198.578125,25880.599609375,11002805166,287240886382341.7,26106.150390625
2023-08-29,26102.486328125,28089.337890625,25912.62890625,29368391712,814308926386776.5,27727.392578125
2023-08-30,27726.083984375,27760.16015625,27069.20703125,16343655235,446137098233216.8,27297.265625
2023-08-31,27301.9296875,27456.078125,25752.9296875,20181001451,523323087302348.06,25931.47265625
2023-09-01,25934.021484375,26125.869140625,25362.609375,17202862221,443846310657042.2,25800.724609375
2023-09-02,25800.91015625,25970.28515625,25753.09375,10100387473,261284891625150.84,25868.798828125
2023-09-03,25869.47265625,26087.1484375,25817.03125,8962524523,232752875767692.6,25969.56640625
2023-09-04,25968.169921875,26081.525390625,25657.025390625,10680635106,275692996667161.03,25812.416015625
2023-09-05,25814.95703125,25858.375,25589.98828125,11094740040,286022203206472.75,25779.982421875
2023-09-06,25783.931640625,25953.015625,25404.359375,12752705327,328423434109169.6,25753.236328125
2023-09-07,25748.3125,26409.302734375,25608.201171875,11088307100,290959343988980.5,26240.1953125
2023-09-08,26245.208984375,26414.005859375,25677.48046875,10817356400,280230695304488.28,25905.654296875
2023-09-09,25905.42578125,25921.9765625,25810.494140625,5481314132,141942344323147.44,25895.677734375
2023-09-10,25895.2109375,25978.130859375,25640.26171875,7899553047,204063044052591.2,25832.2265625
2023-09-11,25831.71484375,25883.947265625,24930.296875,14600006467,367374915461260.3,25162.654296875
2023-09-12,25160.658203125,26451.939453125,25133.078125,18657279324,481979910216659.6,25833.34375
2023-09-13,25837.5546875,26376.11328125,25781.123046875,13072077070,342858675604447.6,26228.32421875
2023-09-14,26228.27734375,26774.623046875,26171.451171875,13811359124,366548966274058.3,26539.673828125
2023-09-15,26533.818359375,26840.498046875,26240.701171875,11479735788,305460769429535.1,26608.693359375
2023-09-16,26606.19921875,26754.76953125,26473.890625,7402031417,196659252508192.03,26568.28125
2023-09-17,26567.927734375,26617.998046875,26445.07421875,6774210670,179748176082280.62,26534.1875
2023-09-18,26532.994140625,27414.734375,26415.515625,15615339655,417777188944148.0,26754.28125
2023-09-19,26760.8515625,27488.763671875,26681.60546875,13807690550,375722685644786.3,27211.1171875
2023-09-20,27210.228515625,27379.505859375,26864.08203125,13281116604,360343359458451.5,27132.0078125
2023-09-21,27129.83984375,27152.939453125,26389.30078125,13371443708,355247606607157.5,26567.6328125
2023-09-22,26564.056640625,26726.078125,26495.533203125,10578746709,281178521308378.8,26579.568359375
2023-09-23,26578.556640625,26634.185546875,26520.51953125,7404700301,196812421761334.1,26579.390625
2023-09-24,26579.373046875,26716.05859375,26221.05078125,8192867686,215118702680473.75,26256.826171875
2023-09-25,26253.775390625,26421.5078125,26011.46875,11997833257,315524783576533.7,26298.48046875
2023-09-26,26294.7578125,26389.884765625,26090.712890625,9985498161,261792301661477.25,26217.25
2023-09-27,26209.498046875,26817.841796875,26111.46484375,11718380997,308811175731822.7,26352.716796875
2023-09-28,26355.8125,27259.5,26327.322265625,14079002707,380436431600452.4,27021.546875
2023-09-29,27024.841796875,27225.9375,26721.763671875,10396435377,279785965173912.1,26911.720703125
2023-09-30,26911.689453125,27091.794921875,26888.96875,5331172801,143770620362152.28,26967.916015625
2023-10-01,26967.396484375,28047.23828125,26965.09375,9503917434,265955249493697.5,27983.75
2023-10-02,27976.798828125,28494.458984375,27347.787109375,19793041322,544917968224760.5,27530.78515625
2023-10-03,27508.251953125,27667.19140625,27216.001953125,11407814187,312916098059652.06,27429.978515625
2023-10-04,27429.07421875,27826.658203125,27248.10546875,11143355314,309778530775787.25,27799.39453125
2023-10-05,27798.646484375,28091.861328125,27375.6015625,11877253670,325625742717471.7,27415.912109375
2023-10-06,27412.123046875,28252.537109375,27215.552734375,13492391599,377066439437820.56,27946.59765625
2023-10-07,27946.78125,28028.091796875,27870.423828125,6553044316,183281046963200.25,27968.83984375
2023-10-08,27971.677734375,28102.169921875,27740.662109375,7916875290,221158622507914.38,27935.08984375
2023-10-09,27934.47265625,27989.470703125,27302.5625,12007668568,331215660120896.1,27583.677734375
2023-10-10,27589.201171875,27715.84765625,27301.654296875,9973350678,273180243213103.44,27391.01953125
2023-10-11,27392.076171875,27474.115234375,26561.099609375,13648094333,366769610665925.06,26873.3203125
2023-10-12,26873.29296875,26921.439453125,26558.3203125,9392909295,251324184417140.4,26756.798828125
2023-10-13,26752.87890625,27092.697265625,26686.322265625,15165312851,407376320795881.1,26862.375
2023-10-14,26866.203125,26969.0,26814.5859375,5388116782,144734014448245.53,26861.70703125
2023-10-15,26858.01171875,27289.169921875,26817.89453125,7098201980,192784698042517.88,27159.65234375
2023-10-16,27162.62890625,29448.138671875,27130.47265625,27833876539,793807317782328.5,28519.466796875
2023-10-17,28522.09765625,28618.751953125,28110.185546875,14872527508,422613994487545.7,28415.748046875
2023-10-18,28413.53125,28889.009765625,28174.251953125,12724128586,360453463651595.8,28328.341796875
2023-10-19,28332.416015625,28892.474609375,28177.98828125,14448058195,414945437692897.44,28719.806640625
2023-10-20,28732.8125,30104.0859375,28601.669921875,21536125230,639255711570730.6,29682.94921875
2023-10-21,29683.380859375,30287.482421875,29481.751953125,11541146996,345292792041203.3,29918.412109375
2023-10-22,29918.654296875,30199.43359375,29720.3125,10446520040,313331840701709.0,29993.896484375
2023-10-23,30140.685546875,34370.4375,30097.828125,38363572311,1269306144944006.5,33086.234375
2023-10-24,33077.3046875,35150.43359375,32880.76171875,44934999645,1523365119156364.0,33901.52734375
2023-10-25,33916.04296875,35133.7578125,33709.109375,25254318008,871345196344757.0,34502.8203125
2023-10-26,34504.2890625,34832.91015625,33762.32421875,19427195376,663567882584657.6,34156.6484375
2023-10-27,34156.5,34238.2109375,33416.88671875,16418032871,556732223875624.0,33909.80078125
2023-10-28,33907.72265625,34399.390625,33874.8046875,10160330825,346361351745890.94,34089.57421875
2023-10-29,34089.37109375,34743.26171875,33947.56640625,11160323986,385460632015383.1,34538.48046875
2023-10-30,34531.7421875,34843.93359375,34110.97265625,17184860315,592918293525666.2,34502.36328125
2023-10-31,34500.078125,34719.25390625,34083.30859375,15758270810,546304285319340.3,34667.78125
2023-11-01,34657.2734375,35527.9296875,34170.69140625,22446272005,795434240289936.2,35437.25390625
2023-11-02,35441.578125,35919.84375,34401.57421875,20998158544,733638748701794.4,34938.2421875
2023-11-03,34942.47265625,34942.47265625,34133.44140625,17158456701,595953081232515.5,34732.32421875
2023-11-04,34736.32421875,35256.03125,34616.69140625,9561294264,335431192809933.94,35082.1953125
2023-11-05,35090.01171875,35340.33984375,34594.2421875,12412743996,435058676658396.3,35049.35546875
2023-11-06,35044.7890625,35286.02734375,34765.36328125,12693436420,444744642302461.5,35037.37109375
2023-11-07,35047.79296875,35892.41796875,34545.81640625,18834737789,667570205995533.2,35443.5625
2023-11-08,35419.4765625,35994.41796875,35147.80078125,17295394918,616672102570974.2,35655.27734375
2023-11-09,35633.6328125,37926.2578125,35592.1015625,37762672382,1385630458046773.8,36693.125
2023-11-10,36702.25,37493.80078125,36362.75390625,22711265155,847447438266633.9,37313.96875
2023-11-11,37310.0703125,37407.09375,36773.66796875,13924272142,517120325901540.7,37138.05078125
2023-11-12,37133.9921875,37227.69140625,36779.1171875,11545715999,427820958987211.1,37054.51953125
2023-11-13,37070.3046875,37405.1171875,36399.60546875,19057712790,695651406681923.4,36502.35546875
2023-11-14,36491.7890625,36753.3515625,34948.5,23857403554,847835833747649.8,35537.640625
2023-11-15,35548.11328125,37964.89453125,35383.78125,27365821679,1036633252963919.2,37880.58203125
2023-11-16,37879.98046875,37934.625,35545.47265625,26007385366,940291024018134.0,36154.76953125
2023-11-17,36164.82421875,36704.484375,35901.234375,22445028430,821413603705433.4,36596.68359375
2023-11-18,36625.37109375,36839.28125,36233.3125,11886022717,434858498461167.9,36585.703125
2023-11-19,36585.765625,37509.35546875,36414.59765625,12915986553,482884136700604.2,37386.546875
2023-11-20,37374.07421875,37756.8203125,36882.53125,20888209068,782826513701202.6,37476.95703125
2023-11-21,37469.16015625,37631.140625,35813.8125,25172163756,901511152976679.8,35813.8125
2023-11-22,35756.5546875,37856.98046875,35670.97265625,24397247860,913246073147722.4,37432.33984375
2023-11-23,37420.43359375,37643.91796875,36923.86328125,14214948217,530070032879207.1,37289.62109375
2023-11-24,37296.31640625,38415.33984375,37261.60546875,22922957823,864660416165447.8,37720.28125
2023-11-25,37721.4140625,37892.4296875,37617.41796875,9099571165,343934607427912.25,37796.79296875
2023-11-26,37796.828125,37820.30078125,37162.75,13744796068,515142876241470.9,37479.12109375
2023-11-27,37454.19140625,37559.35546875,36750.12890625,19002925720,707938186670559.5,37254.16796875
2023-11-28,37247.9921875,38368.48046875,36891.08984375,21696137014,820788423888408.6,37831.0859375
2023-11-29,37826.10546875,38366.11328125,37612.6328125,20728546658,784751521710122.2,37858.4921875
2023-11-30,37861.1171875,38141.75390625,37531.140625,18115982627,683203453050837.1,37712.74609375
2023-12-01,37718.0078125,38954.109375,37629.359375,23512784002,909680222057377.6,38688.75
2023-12-02,38689.27734375,39678.9375,38652.59375,15534035612,613226747604573.8,39476.33203125
2023-12-03,39472.20703125,40135.60546875,39298.1640625,15769696322,630447079598541.8,39978.390625
2023-12-04,39978.62890625,42371.75,39978.62890625,39856129827,1673164222337638.5,41980.09765625
2023-12-05,41986.265625,44408.6640625,41421.1484375,36312154535,1600663318065506.2,44080.6484375
2023-12-06,44080.0234375,44265.76953125,43478.08203125,29909761586,1308445749531862.2,43746.4453125
2023-12-07,43769.1328125,44042.58984375,42880.6484375,27635760671,1196425702841252.5,43292.6640625
2023-12-08,43293.13671875,44705.515625,43125.296875,24421116687,1078597730426049.0,44166.6015625
2023-12-09,44180.01953125,44361.2578125,43627.59765625,17368210171,759442086558862.1,43725.984375
2023-12-10,43728.3828125,44034.625,43593.28515625,13000481418,569157166178988.5,43779.69921875
2023-12-11,43792.01953125,43808.375,40234.578125,40632672038,1675847100516140.5,41243.83203125
2023-12-12,41238.734375,42048.3046875,40667.5625,24779520132,1027116626786429.4,41450.22265625
2023-12-13,41468.46484375,43429.78125,40676.8671875,26797884674,1149381162722891.5,42890.7421875
2023-12-14,42884.26171875,43390.859375,41767.08984375,25578530178,1100489982965337.6,43023.97265625
2023-12-15,43028.25,43087.82421875,41692.96875,19639442462,823477066004188.8,41929.7578125
2023-12-16,41937.7421875,42664.9453125,41723.11328125,14386729590,607697143826473.9,42240.1171875
2023-12-17,42236.109375,42359.49609375,41274.54296875,16678702876,689908941463992.6,41364.6640625
2023-12-18,41348.203125,42720.296875,40530.2578125,25224642008,1075163513965566.4,42623.5390625
2023-12-19,42641.51171875,43354.296875,41826.3359375,23171001281,979450443230576.8,42270.52734375
2023-12-20,42261.30078125,44275.5859375,42223.81640625,27868908174,1216540546838491.5,43652.25
2023-12-21,43648.125,44240.66796875,43330.05078125,22452766169,984983819606457.0,43869.15234375
2023-12-22,43868.98828125,44367.95703125,43441.96875,21028503216,925210030932800.8,43997.90234375
2023-12-23,44012.19921875,44015.69921875,43351.35546875,13507796558,590824847961774.4,43739.54296875
2023-12-24,43728.3671875,43945.5234375,42786.91796875,18830554085,810017321225916.9,43016.1171875
2023-12-25,43010.57421875,43765.09375,42765.76953125,21115795370,920926152880534.0,43613.140625
2023-12-26,43599.84765625,43603.17578125,41676.48828125,30026850982,1276753784870464.8,42520.40234375
2023-12-27,42518.46875,43683.16015625,42167.58203125,25260941032,1097407410257792.4,43442.85546875
2023-12-28,43468.19921875,43804.78125,42318.55078125,22992093014,980103617924848.6,42627.85546875
2023-12-29,42614.64453125,43124.32421875,41424.0625,26000021055,1094585347340416.4,42099.40234375
2023-12-30,42091.75390625,42584.125,41556.2265625,16013925945,675097512203409.4,42156.90234375
2023-12-31,42152.09765625,42860.9375,41998.25390625,16397498810,693043361735676.9,42265.1875
2024-01-01,42280.234375,44175.4375,42214.9765625,18426978443,813870475224667.1,44167.33203125
2024-01-02,44187.140625,45899.70703125,44176.94921875,39335274536,1768434043362158.8,44957.96875
2024-01-03,44961.6015625,45503.2421875,40813.53515625,46342323118,1985684007071549.2,42848.17578125
2024-01-04,42855.81640625,44770.0234375,42675.17578125,30448091210,1345194290900674.2,44179.921875
2024-01-05,44192.98046875,44353.28515625,42784.71875,32336029347,1428046085355004.8,44162.69140625
2024-01-06,44178.953125,44227.6328125,43475.15625,16092503468,707896278120935.6,43989.1953125
2024-01-07,43998.46484375,44495.5703125,43662.23046875,19330573863,849445295013162.8,43943.09765625
2024-01-08,43948.70703125,47218.0,43244.08203125,42746192015,2007810179017870.0,46970.50390625
2024-01-09,46987.640625,47893.69921875,45244.71484375,39821290992,1837343633288542.5,46139.73046875
2024-01-10,46121.5390625,47647.22265625,44483.15234375,50114613298,2336733030527277.0,46627.77734375
2024-01-11,46656.07421875,48969.37109375,45678.64453125,45833734549,2125245459271868.8,46368.5859375
2024-01-12,46354.79296875,46498.13671875,41903.76953125,43332698900,1856943424500968.0,42853.16796875
2024-01-13,42799.4453125,43234.66015625,42464.14453125,20601860469,882632792862608.8,42842.3828125
2024-01-14,42842.26171875,43065.59765625,41724.61328125,17521429522,732330390874312.9,41796.26953125
2024-01-15,41715.06640625,43319.72265625,41705.41796875,22320220558,948876518854803.6,42511.96875
2024-01-16,42499.3359375,43566.2734375,42085.99609375,24062872740,1038431957156347.0,43154.9453125
2024-01-17,43132.1015625,43189.890625,42189.30859375,20851232595,891236985746753.1,42742.65234375
2024-01-18,42742.3125,42876.34765625,40631.171875,25218357242,1040561334157523.6,41262.05859375
2024-01-19,41278.4609375,42134.16015625,40297.45703125,25752407154,1071774142850578.2,41618.40625
2024-01-20,41624.58984375,41877.89453125,41446.82421875,11586690904,482766265591861.6,41665.5859375
2024-01-21,41671.48828125,41855.3671875,41497.0078125,9344043642,388205629641155.8,41545.78515625
2024-01-22,41553.65234375,41651.20703125,39450.1171875,31338708143,1238109849787397.2,39507.3671875
2024-01-23,39518.71484375,40127.3515625,38521.89453125,29244553045,1165265323429506.8,39845.55078125
2024-01-24,39877.59375,40483.78515625,39508.796875,22359526178,896104390131789.5,40077.07421875
2024-01-25,40075.55078125,40254.48046875,39545.6640625,18491782013,738447283464491.1,39933.80859375
2024-01-26,39936.81640625,42209.38671875,39825.69140625,25598119893,1070433279807938.4,41816.87109375
2024-01-27,41815.625,42195.6328125,41431.28125,11422941934,481134938952217.0,42120.0546875
2024-01-28,42126.125,42797.17578125,41696.91015625,16858971687,708676884877484.1,42035.59375
2024-01-29,42030.9140625,43305.8671875,41818.33203125,20668476578,894702100491371.9,43288.24609375
2024-01-30,43300.2265625,43838.9453125,42711.37109375,23842814518,1024111098392232.8,42952.609375
2024-01-31,42946.25,43717.40625,42298.9453125,24673628793,1050667400374709.2,42582.60546875
2024-02-01,42569.76171875,43243.16796875,41879.19140625,21423953779,922853379119676.0,43075.7734375
2024-02-02,43077.640625,43422.48828125,42584.3359375,18603843039,803422949316826.6,43185.859375
2024-02-03,43184.96484375,43359.94140625,42890.80859375,11169245236,480190983497421.0,42992.25
2024-02-04,42994.94140625,43097.64453125,42374.83203125,14802225490,630331783398474.8,42583.58203125
2024-02-05,42577.62109375,43494.25,42264.81640625,18715487317,798377759329254.8,42658.66796875
2024-02-06,42657.390625,43344.1484375,42529.01953125,16798476726,723756857739534.2,43084.671875
2024-02-07,43090.01953125,44341.94921875,42775.95703125,21126587775,936292820979259.2,44318.22265625
2024-02-08,44332.125,45575.83984375,44332.125,26154524080,1184840909433984.8,45301.56640625
2024-02-09,45297.3828125,48152.49609375,45260.82421875,39316770844,1853675627620009.2,47147.19921875
2024-02-10,47153.52734375,48146.171875,46905.3203125,16398681570,783385965352311.6,47771.27734375
2024-02-11,47768.96875,48535.9375,47617.40625,19315867136,932838902961258.0,48293.91796875
2024-02-12,48296.38671875,50280.4765625,47745.76171875,34511985805,1724157471155529.5,49958.22265625
2024-02-13,49941.359375,50358.390625,48406.49609375,35593051468,1770485277116630.5,49742.44140625
2024-02-14,49733.4453125,52021.37109375,49296.83203125,39105608050,2026714433417396.8,51826.6953125
2024-02-15,51836.78515625,52820.06640625,51371.62890625,38564360533,2002977148531687.2,51938.5546875
2024-02-16,51937.7265625,52537.96875,51641.3671875,28180567298,1469904114441412.5,52160.203125
2024-02-17,52161.67578125,52191.9140625,50669.66796875,20009091006,1033729590482466.2,51662.99609375
2024-02-18,51661.96875,52356.96484375,51233.70703125,17595377311,917115878675909.0,52122.546875
2024-02-19,52134.8125,52483.32421875,51711.8203125,21362184346,1106115630754740.2,51779.14453125
2024-02-20,51777.7265625,52945.05078125,50792.3125,33353758256,1743897081195178.0,52284.875
2024-02-21,52273.53515625,52368.81640625,50671.7578125,28624907020,1483891698547760.2,51839.1796875
2024-02-22,51854.64453125,52009.61328125,50926.29296875,25413900611,1303859475936010.2,51304.97265625
2024-02-23,51283.90625,51497.93359375,50561.77734375,21427078270,1087037446699821.6,50731.94921875
2024-02-24,50736.37109375,51684.1953125,50585.4453125,15174077879,782543911415193.6,51571.1015625
2024-02-25,51565.21484375,51950.02734375,51306.171875,15413239245,797376778547498.9,51733.23828125
2024-02-26,51730.5390625,54938.17578125,50931.03125,34074411896,1857818795020372.8,54522.40234375
2024-02-27,54519.36328125,57537.83984375,54484.19921875,49756832031,2840387220939021.0,57085.37109375
2024-02-28,57071.09765625,63913.1328125,56738.42578125,83239156760,5202845935024171.0,62504.7890625
2024-02-29,62499.18359375,63585.64453125,60498.73046875,65496611844,4008286724550833.5,61198.3828125
2024-03-01,61168.0625,63155.1015625,60802.52734375,40186368423,2509262274768387.5,62440.6328125
2024-03-02,62431.65234375,62458.69921875,61657.2890625,23888473685,1481798383420887.0,62029.84765625
2024-03-03,62031.578125,63230.2109375,61435.0234375,26253811450,1658384250487492.8,63167.37109375
2024-03-04,63137.00390625,68537.03125,62386.51953125,70670471105,4828942552596592.0,68330.4140625
2024-03-05,68341.0546875,69170.625,59323.91015625,102802940877,6558950911166855.0,63801.19921875
2024-03-06,63776.05078125,67637.9296875,62848.671875,68750229073,4544857965549695.0,66106.8046875
2024-03-07,66099.7421875,68029.921875,65655.53125,46989543159,3144797936476042.5,66925.484375
2024-03-08,66938.09375,70083.0546875,66230.453125,59202881172,4043562334317710.5,68300.09375
2024-03-09,68299.2578125,68673.0546875,68053.125,21609650379,1480236908930217.2,68498.8828125
2024-03-10,68500.2578125,70005.203125,68239.9765625,35683977532,2462900602169629.0,69019.7890625
2024-03-11,69020.546875,72850.7109375,67194.8828125,65716656765,4739741991582288.0,72123.90625
2024-03-12,72125.125,72825.65625,68728.8515625,62554434520,4471471616065349.0,71481.2890625
2024-03-13,71482.1171875,73637.4765625,71334.09375,48212536929,3523540942650571.5,73083.5
2024-03-14,73079.375,73750.0703125,68563.0234375,59594605698,4254851852711541.0,71396.59375
2024-03-15,71387.875,72357.1328125,65630.6953125,78320453976,5435735043272450.0,69403.7734375
2024-03-16,69392.484375,70046.2734375,64801.39453125,46842198371,3059503675921986.5,65315.1171875
2024-03-17,65316.34375,68845.71875,64545.31640625,44716864318,3058214298748219.0,68390.625
2024-03-18,68371.3046875,68897.1328125,66594.2265625,49261579492,3327550420588439.5,67548.59375
2024-03-19,67556.1328125,68106.9296875,61536.1796875,74215844794,4594908784203586.0,61912.7734375
2024-03-20,61930.15625,68115.2578125,60807.78515625,66792634382,4536133055085991.0,67913.671875
2024-03-21,67911.5859375,68199.9921875,64580.91796875,44480350565,2913080013989354.5,65491.390625
2024-03-22,65489.9296875,66623.75,62355.37109375,41401116964,2640511973737054.5,63778.76171875
2024-03-23,63802.72265625,65976.3984375,63038.4921875,24738964812,1584832588888571.5,64062.203125
2024-03-24,64070.75390625,67622.7578125,63825.8515625,27206630673,1829215282808128.8,67234.171875
2024-03-25,67234.09375,71162.59375,66414.8359375,42700139523,2987251054613396.5,69958.8125
2024-03-26,69931.328125,71535.7421875,69335.609375,36010437368,2520292582549203.5,69987.8359375
2024-03-27,69991.8984375,71727.6875,68381.9296875,40827113309,2835661189196795.0,69455.34375
2024-03-28,69452.7734375,71546.0234375,68895.5078125,34374900617,2431850732826198.5,70744.953125
2024-03-29,70744.796875,70913.09375,69076.65625,25230851763,1763455585718712.2,69892.828125
2024-03-30,69893.4453125,70355.4921875,69601.0625,17130241883,1193040915312108.8,69645.3046875
2024-03-31,69647.78125,71377.78125,69624.8671875,20050941373,1430306802742505.5,71333.6484375
2024-04-01,71333.484375,71342.09375,68110.6953125,34873527352,2430759780028320.5,69702.1484375
2024-04-02,69705.0234375,69708.3828125,64586.59375,50705240709,3318504502210497.0,65446.97265625
2024-04-03,65446.671875,66914.3203125,64559.8984375,34488018367,2275547473369583.0,65980.8125
2024-04-04,65975.6953125,69291.2578125,65113.796875,34439527442,2359412204347815.0,68508.84375
2024-04-05,68515.7578125,68725.7578125,66011.4765625,33748230056,2289400302268751.5,67837.640625
2024-04-06,67840.5703125,69629.6015625,67491.71875,19967785809,1375702755073436.8,68896.109375
2024-04-07,68897.109375,70284.4296875,68851.6328125,21204930369,1470828142364392.0,69362.5546875
2024-04-08,69362.5546875,72715.359375,69064.2421875,37261432669,2669087074340504.5,71631.359375
2024-04-09,71632.5,71742.5078125,68212.921875,36426900409,2518520036548170.0,69139.015625
2024-04-10,69140.2421875,71093.4296875,67503.5625,38318601774,2704828971561966.5,70587.8828125
2024-04-11,70575.734375,71256.234375,69571.8125,30153382941,2112564383564189.5,70060.609375
2024-04-12,70061.3828125,71222.7421875,65254.8359375,44129299406,2965306541962998.5,67195.8671875
2024-04-13,67188.375,67931.4296875,60919.10546875,52869738185,3374224549917074.0,63821.47265625
2024-04-14,63836.23046875,65824.4296875,62205.8515625,49084320047,3226740694075970.0,65738.7265625
2024-04-15,65739.6484375,66878.6484375,62332.0703125,43595917654,2765123869136484.0,63426.2109375
2024-04-16,63419.296875,64355.66796875,61716.40234375,42847528078,2734180603652856.5,63811.86328125
2024-04-17,63831.84765625,64486.36328125,59768.5859375,41915247049,2568427658638304.0,61276.69140625
2024-04-18,61275.31640625,64125.6875,60833.48046875,36006307335,2286859736840659.5,63512.75390625
2024-04-19,63510.75,65481.59765625,59651.390625,49920425401,3187098189118654.5,63843.5703125
2024-04-20,63851.1015625,65442.45703125,63172.40234375,23097485495,1501208167636486.8,64994.44140625
2024-04-21,64992.81640625,65723.2421875,64277.72265625,20506644853,1331427640899318.5,64926.64453125
2024-04-22,64935.6328125,67233.9609375,64548.1796875,28282686673,1890349152551899.2,66837.6796875
2024-04-23,66839.890625,67199.2421875,65864.8671875,24310975583,1614425603072667.0,66407.2734375
2024-04-24,66408.71875,67075.3671875,63589.87109375,30276655120,1946089486175454.5,64276.8984375
2024-04-25,64275.01953125,65275.20703125,62783.6328125,32155786816,2073460024828643.2,64481.70703125
2024-04-26,64485.37109375,64789.65625,63322.3984375,24139372950,1539013454570148.0,63755.3203125
2024-04-27,63750.98828125,63898.36328125,62424.71875,19530783039,1238625476066705.8,63419.140625
2024-04-28,63423.515625,64321.484375,62793.59765625,17334827993,1094056994258348.0,63113.23046875
2024-04-29,63106.36328125,64174.87890625,61795.45703125,26635912073,1700466488094870.5,63841.12109375
2024-04-30,63839.41796875,64703.33203125,59120.06640625,37840840057,2294549549352394.5,60636.85546875
2024-05-01,60609.49609375,60780.5,56555.29296875,48439780271,2821811527560509.0,58254.01171875
2024-05-02,58253.703125,59602.296875,56937.203125,32711813559,1934034736686667.2,59123.43359375
2024-05-03,59122.30078125,63320.50390625,58848.3125,33172023048,2086183087203688.8,62889.8359375
2024-05-04,62891.03125,64494.95703125,62599.3515625,20620477992,1317472705784673.0,63891.47265625
2024-05-05,63892.453125,64610.890625,62955.3046875,18296164805,1171524158588343.2,64031.1328125
2024-05-06,64038.3125,65494.90234375,62746.23828125,28697928697,1812617115043222.5,63161.94921875
2024-05-07,63162.76171875,64390.45703125,62285.98046875,25930730982,1616387355042828.8,62334.81640625
2024-05-08,62332.640625,62986.0859375,60877.12890625,26088172222,1596281553315894.8,61187.94140625
2024-05-09,61191.19921875,63404.9140625,60648.07421875,25453338161,1604831976780028.0,63049.9609375
2024-05-10,63055.19140625,63446.7421875,60208.78125,27804954694,1690340419765398.5,60792.77734375
2024-05-11,60793.35546875,61451.15234375,60492.625,13842272968,841523141534562.2,60793.7109375
2024-05-12,60793.50390625,61818.15625,60632.6015625,13800459405,848016074230939.6,61448.39453125
2024-05-13,61451.21875,63422.66015625,60769.83984375,27889181179,1754269913683386.8,62901.44921875
2024-05-14,62900.7734375,63092.125,61123.765625,28186271527,1734943625759780.8,61552.7890625
2024-05-15,61553.98828125,66454.453125,61330.41015625,39815167074,2638451273020302.0,66267.4921875
2024-05-16,66256.109375,66712.4296875,64613.0546875,31573077994,2059561827144664.8,65231.58203125
2024-05-17,65231.296875,67459.4609375,65119.31640625,28031279310,1879549836384206.5,67051.875
2024-05-18,67066.2109375,67387.328125,66663.5,16712277406,1118733297718365.2,66940.8046875
2024-05-19,66937.9296875,67694.296875,65937.1796875,19249094538,1275798555816464.8,66278.3671875
2024-05-20,66278.7421875,71483.5625,66086.171875,43850655717,3133050214249410.5,71448.1953125
2024-05-21,71443.0625,71946.4609375,69191.125,46932005990,3291648104742822.0,70136.53125
2024-05-22,70135.3203125,70623.6953125,68977.6953125,32802561717,2267389690613051.0,69122.3359375
2024-05-23,69121.3046875,70041.2734375,66356.953125,41895680979,2845955279543041.0,67929.5625
2024-05-24,67928.1328125,69220.296875,66622.671875,29197308153,2000777703844087.2,68526.1015625
2024-05-25,68526.921875,69579.3203125,68515.8203125,15473071741,1071756941028495.2,69265.9453125
2024-05-26,69264.2890625,69506.2265625,68183.890625,15628433737,1070830487957428.8,68518.09375
2024-05-27,68512.1796875,70597.8828125,68232.5,25870990717,1795305880130661.2,69394.5546875
2024-05-28,69392.1953125,69514.640625,67227.15625,32722265965,2234807034341320.0,68296.21875
2024-05-29,68296.3515625,68852.4609375,67101.4921875,26707072906,1804813076629752.8,67578.09375
2024-05-30,67576.0859375,69500.5390625,67118.078125,29509712534,2017431266842280.8,68364.9921875
2024-05-31,68362.515625,68999.5625,66633.421875,27387283769,1848406508900764.5,67491.4140625
2024-06-01,67489.609375,67839.765625,67386.1953125,11641495604,788210015266552.8,67706.9375
2024-06-02,67710.2734375,68409.1640625,67315.5234375,17110588415,1159269768793008.5,67751.6015625
2024-06-03,67753.8984375,70230.8203125,67589.8359375,32401285324,2229363348936655.5,68804.78125
2024-06-04,68804.5703125,71047.40625,68564.640625,33149696545,2339300016327432.5,70567.765625
2024-06-05,70568.3515625,71735.4140625,70390.7109375,32810771409,2332282168380459.5,71082.8203125
2024-06-06,71082.84375,71625.734375,70119.125,25223152007,1784718704732675.2,70757.1640625
2024-06-07,70759.1875,71907.8515625,68507.2578125,36188381096,2509395926088380.5,69342.5859375
2024-06-08,69324.1796875,69533.3203125,69210.7421875,14262185861,988451822005982.0,69305.7734375
2024-06-09,69297.4921875,69817.5234375,69160.84375,13534028500,942617911233402.4,69647.9921875
2024-06-10,69644.3125,70146.0703125,69232.421875,20597699541,1431793083596988.0,69512.28125
2024-06-11,69508.078125,69549.4140625,66123.6015625,37116136345,2499104852260801.0,67332.03125
2024-06-12,67321.375,69977.890625,66902.453125,34497940694,2354180439263134.0,68241.1875
2024-06-13,68243.1015625,68365.78125,66304.5625,28955204146,1932945144809528.0,66756.3984375
2024-06-14,66747.5703125,67294.6484375,65056.89453125,27403884779,1808960407260767.2,66011.09375
2024-06-15,66006.7421875,66402.1875,65871.7734375,14121265576,934700689741016.0,66191.0
2024-06-16,66189.359375,66894.84375,66018.25,13281140541,885042547065161.9,66639.046875
2024-06-17,66636.515625,67188.3203125,65094.96484375,30006354476,1995131417245724.8,66490.296875
2024-06-18,66490.9765625,66556.703125,64066.95703125,39481285950,2571840423523689.0,65140.74609375
2024-06-19,65146.66015625,65695.3515625,64693.30078125,21103423504,1370884655898692.8,64960.296875
2024-06-20,64960.296875,66438.9609375,64547.84765625,25641109124,1662278649268534.5,64828.65625
2024-06-21,64837.98828125,65007.546875,63378.89453125,26188171739,1678562272957782.8,64096.19921875
2024-06-22,64113.86328125,64475.46875,63929.7578125,9858198793,633414688119013.2,64252.578125
2024-06-23,64248.96484375,64491.703125,63180.796875,11170471802,705759309920077.2,63180.796875
2024-06-24,63173.3515625,63292.52734375,58601.69921875,43152133651,2601099027761667.0,60277.4140625
2024-06-25,60266.28125,62258.26171875,60239.75,29201215431,1804770625526159.5,61804.640625
2024-06-26,61789.67578125,62434.13671875,60695.1875,22506003064,1368618794224191.2,60811.27734375
2024-06-27,60811.2265625,62293.86328125,60585.33203125,21231745045,1307977423735516.8,61604.80078125
2024-06-28,61612.8046875,62126.09765625,59985.40234375,24952866877,1505160341545408.2,60320.13671875
2024-06-29,60319.875,61097.62109375,60300.96484375,12652903396,770402123336429.4,60887.37890625
2024-06-30,60888.4453125,62892.828125,60632.94921875,17333226409,1086417042956976.4,62678.29296875
2024-07-01,62673.60546875,63777.2265625,62495.51171875,25468379421,1600738085939406.5,62851.98046875
2024-07-02,62844.41015625,63203.359375,61752.74609375,20151616992,1249984965265783.5,62029.015625
2024-07-03,62034.33203125,62187.703125,59419.38671875,29756701685,1790577442450870.8,60173.921875
2024-07-04,60147.13671875,60399.67578125,56777.8046875,41149609230,2344610218416700.0,56977.703125
2024-07-05,57022.80859375,57497.15234375,53717.375,55417544033,3140089661576858.5,56662.375
2024-07-06,56659.07421875,58472.546875,56038.9609375,20610320577,1201654630851767.0,58303.5390625
2024-07-07,58239.4296875,58371.12109375,55793.32421875,20553359505,1147886823018440.8,55849.109375
2024-07-08,55849.57421875,58131.3359375,54321.01953125,39766159899,2254943980486847.5,56705.09765625
2024-07-09,56704.59765625,58239.1953125,56316.875,27849512607,1615528686474663.0,58009.2265625
2024-07-10,58033.8828125,59359.43359375,57178.4140625,26175260526,1511424878675443.5,57742.49609375
2024-07-11,57729.890625,59299.43359375,57120.37890625,28707803842,1646246544242597.2,57344.9140625
2024-07-12,57341.1953125,58532.5546875,56590.17578125,25604805221,1482504519724356.0,57899.46484375
2024-07-13,57908.73828125,59787.078125,57796.44140625,17080061806,1011685420265094.8,59231.953125
2024-07-14,59225.25,61329.52734375,59225.25,22223416061,1350912414574461.5,60787.79296875
2024-07-15,60815.45703125,64870.15234375,60704.9296875,38094526099,2471197711505090.5,64870.15234375
2024-07-16,64784.41796875,65354.33984375,62487.96875,41617346768,2709170600131407.0,65097.1484375
2024-07-17,65091.83203125,66066.734375,63896.0859375,32525071311,2085468313683839.2,64118.79296875
2024-07-18,64104.73828125,65104.66015625,63246.1640625,27239305337,1742609128489358.0,63974.06640625
2024-07-19,63972.32421875,67442.640625,63329.34375,37003855410,2468532976253508.0,66710.15625
2024-07-20,66709.921875,67610.734375,66299.6171875,19029581250,1278096104987841.8,67163.6484375
2024-07-21,67164.9140625,68372.90625,65842.296875,26652190004,1816467308288320.8,68154.5234375
2024-07-22,68152.9765625,68480.0625,66611.296875,42649109453,2882450724658368.0,67585.25
2024-07-23,67584.8046875,67779.015625,65484.4609375,35605668666,2347398840702017.0,65927.671875
2024-07-24,65927.859375,67113.984375,65146.99609375,27470942309,1795834089108473.5,65372.1328125
2024-07-25,65375.875,66112.421875,63473.47265625,38315761670,2520304536282343.5,65777.2265625
2024-07-26,65771.8125,68207.6015625,65743.765625,30488630457,2070545777135187.5,67912.0625
2024-07-27,67911.8125,69398.5078125,66705.21875,34691905492,2352573841440997.0,67813.3359375
2024-07-28,67808.65625,68301.8515625,67085.828125,18043166945,1231552006639810.0,68255.8671875
2024-07-29,68259.0546875,69987.5390625,66532.59375,40780682628,2724961708613046.5,66819.9140625
2024-07-30,66819.0546875,66987.671875,65323.19140625,31380492109,2077420448428098.5,66201.015625
2024-07-31,66201.2734375,66810.2109375,64532.046875,31292785994,2022116361342784.5,64619.25
2024-08-01,64625.83984375,65593.2421875,62248.94140625,40975554494,2678059802841605.0,65357.5
2024-08-02,65353.5,65523.22265625,61184.89453125,43060875727,2644586542284983.5,61415.06640625
2024-08-03,61414.80859375,62148.37109375,59836.52734375,31753030589,1926776872987137.5,60680.09375
2024-08-04,60676.09375,61062.98828125,57210.8046875,31758917219,1845732247667000.8,58116.9765625
2024-08-05,58110.296875,58268.828125,49121.23828125,108991085584,5884587514097827.0,53991.45703125
2024-08-06,53991.34765625,57059.91796875,53973.2734375,49300484106,2762518925376903.0,56034.31640625
2024-08-07,56040.6328125,57726.8828125,54620.5078125,41637562185,2291209326667814.5,55027.4609375
2024-08-08,55030.02734375,62673.765625,54766.7265625,45298472567,2795374935260116.5,61710.13671875
2024-08-09,61728.20703125,61751.86328125,59587.859375,33425553115,2034951460129638.8,60880.11328125
2024-08-10,60881.23046875,61464.51171875,60287.56640625,15745822278,959641932213310.8,60945.8125
2024-08-11,60944.890625,61778.66015625,58348.82421875,22759754812,1336441067062065.0,58719.484375
2024-08-12,58719.39453125,60680.33203125,57688.8984375,37078637820,2200784587840906.0,59354.515625
2024-08-13,59356.20703125,61572.3984375,58506.25390625,30327698167,1838148636001492.8,60609.56640625
2024-08-14,60611.05078125,61687.7578125,58472.875,29961696180,1759868224138083.5,58737.26953125
2024-08-15,58733.26171875,59838.6484375,56161.59375,35682112440,2053865876627692.8,57560.09765625
2024-08-16,57560.2734375,59847.359375,57110.01953125,29350938673,1728597277814475.2,58894.10546875
2024-08-17,58893.53125,59694.66796875,58814.83203125,13589684021,808300444292136.5,59478.97265625
2024-08-18,59468.1328125,60262.71875,58445.40234375,17740625837,1037542137757230.8,58483.96484375
2024-08-19,58480.7109375,59612.66015625,57864.7109375,25911207712,1541547221426010.5,59493.453125
2024-08-20,59493.453125,61396.328125,58610.8828125,31613400008,1865595029710383.5,59012.79296875
2024-08-21,59014.98828125,61834.3515625,58823.4453125,32731154072,2002334615302059.2,61175.19140625
2024-08-22,61168.31640625,61408.109375,59815.25390625,27625734377,1668094719065466.0,60381.9140625
2024-08-23,60380.953125,64947.0625,60372.05078125,42530509233,2725965577046856.0,64094.35546875
2024-08-24,64103.87109375,64513.7890625,63619.91796875,21430585163,1375393357749730.5,64178.9921875
2024-08-25,64176.3671875,64996.421875,63833.51953125,18827683555,1211251588987620.2,64333.54296875
2024-08-26,64342.2265625,64489.70703125,62849.55859375,27682040631,1740664989349415.2,62880.66015625
2024-08-27,62879.70703125,63210.796875,58116.75,39103882198,2326842599794146.5,59504.1328125
2024-08-28,59507.92578125,60236.44921875,57890.67578125,40289564698,2378197316406782.0,59027.625
2024-08-29,59027.46875,61184.08203125,58786.2265625,32224990582,1913783531111811.2,59388.1796875
2024-08-30,59388.6015625,59896.88671875,57768.53125,32292756405,1909130855423919.2,59119.4765625
2024-08-31,59117.48046875,59432.59375,58768.78515625,12403470760,731431410989701.0,58969.8984375
2024-09-01,58969.80078125,59062.0703125,57217.82421875,24592449997,1409774204110250.0,57325.48828125
2024-09-02,57326.96875,59403.0703125,57136.02734375,27036454524,1598191889994197.5,59112.48046875
2024-09-03,59106.19140625,59815.05859375,57425.16796875,26666961053,1531510865241742.8,57431.0234375
2024-09-04,57430.34765625,58511.5703125,55673.1640625,35627680312,2065391460913370.5,57971.5390625
2024-09-05,57971.703125,58300.58203125,55712.453125,31030280656,1742675713145186.5,56160.48828125
2024-09-06,56160.19140625,56976.109375,52598.69921875,49361693566,2663001858587858.0,53948.75390625
2024-09-07,53949.0859375,54838.14453125,53740.0703125,19061486526,1031982923803100.6,54139.6875
2024-09-08,54147.93359375,55300.859375,53653.7578125,18268287531,1001861503759805.4,54841.56640625
2024-09-09,54851.88671875,58041.125,54598.43359375,34618096173,1973907751778816.8,57019.53515625
2024-09-10,57020.09765625,58029.9765625,56419.4140625,28857630507,1663605199439224.5,57648.7109375
2024-09-11,57650.2890625,57991.3203125,55567.33984375,37049062672,2124510768608142.8,57343.171875
2024-09-12,57343.171875,58534.359375,57330.1015625,33835707949,1966768592463725.2,58127.01171875
2024-09-13,58130.32421875,60648.0234375,57650.11328125,32490528356,1967993565593008.0,60571.30078125
2024-09-14,60569.1171875,60656.72265625,59517.8828125,16428405496,985788461164708.0,60005.12109375
2024-09-15,60000.7265625,60381.91796875,58696.30859375,18120960867,1072449854021518.8,59182.8359375
2024-09-16,59185.2265625,59205.51171875,57501.33984375,32032822113,1864070251067175.2,58192.5078125
2024-09-17,58192.5078125,61316.08984375,57628.0703125,38075570118,2296282007788360.5,60308.5390625
2024-09-18,60309.0,61664.06640625,59218.25390625,40990702891,2527063703395630.0,61649.6796875
2024-09-19,61651.15625,63872.44140625,61609.8671875,42710252573,2688202816864741.0,62940.45703125
2024-09-20,62941.42578125,64119.53125,62364.60546875,35177164222,2222949714216059.5,63192.9765625
2024-09-21,63184.33984375,63543.359375,62783.10546875,14408616220,913431917636958.4,63394.83984375
2024-09-22,63396.8046875,63993.421875,62440.7265625,20183348802,1284644133649235.0,63648.7109375
2024-09-23,63643.1015625,64733.55859375,62628.078125,31400285425,1988573820439638.0,63329.80078125
2024-09-24,63326.83984375,64695.21484375,62737.41796875,29938335243,1925093897222409.5,64301.96875
2024-09-25,64302.58984375,64804.50390625,62945.375,25078377700,1583527627720377.0,63143.14453125
2024-09-26,63138.546875,65790.796875,62669.26953125,36873129847,2403428196735624.5,65181.01953125
2024-09-27,65180.6640625,66480.6953125,64852.9921875,32058813449,2109170625865516.0,65790.6640625
2024-09-28,65792.1796875,66255.53125,65458.03515625,15243637984,1004367460398313.2,65887.6484375
2024-09-29,65888.8984375,66069.34375,65450.015625,14788214575,970628969414253.4,65635.3046875
2024-09-30,65634.65625,65635.0546875,62873.6171875,37112957475,2350345040413012.5,63329.5
2024-10-01,63335.60546875,64110.98046875,60189.27734375,50220923500,3055290715320465.0,60837.0078125
2024-10-02,60836.32421875,62357.6875,59996.94921875,40762722398,2471557389541794.0,60632.78515625
2024-10-03,60632.484375,61469.0390625,59878.8046875,36106447279,2193806157428158.5,60759.40234375
2024-10-04,60754.625,62465.9921875,60459.94140625,29585472513,1836295621791115.5,62067.4765625
2024-10-05,62067.609375,62371.0234375,61689.58203125,13305410749,826132277740020.4,62089.94921875
2024-10-06,62084.98828125,62959.5703125,61833.1484375,14776233667,928227530091320.0,62818.953125
2024-10-07,62819.109375,64443.70703125,62152.55078125,34253562610,2131827335299401.5,62236.66015625
2024-10-08,62221.64453125,63174.3046875,61843.5625,28134475157,1748050331252375.2,62131.96875
2024-10-09,62131.7265625,62508.8359375,60314.61328125,27670982363,1676366263849412.2,60582.1015625
2024-10-10,60581.9296875,61236.72265625,58895.20703125,30452813570,1835528111524964.8,60274.5
2024-10-11,60275.4609375,63400.87109375,60046.125,30327141594,1893781081541457.2,62445.08984375
2024-10-12,62444.6171875,63448.78515625,62443.26953125,16744110886,1058110991659096.8,63193.0234375
2024-10-13,63192.9453125,63272.65234375,62035.63671875,18177529690,1142482735119823.8,62851.375
2024-10-14,62848.3984375,66482.4921875,62442.15234375,43706958056,2886675215136333.0,66046.125
2024-10-15,66050.3671875,67881.6796875,64809.1953125,48863870879,3275888112084916.5,67041.109375
2024-10-16,67042.4609375,68375.2890625,66758.7265625,38195189534,2582480607565285.0,67612.71875
2024-10-17,67617.078125,67912.2109375,66647.390625,32790898511,2210101179884612.8,67399.8359375
2024-10-18,67419.109375,68969.75,67177.8203125,36857165014,2521722598534621.0,68418.7890625
2024-10-19,68418.9765625,68668.0078125,68024.640625,14443497908,987397010930472.2,68362.734375
2024-10-20,68364.1796875,69359.0078125,68105.71875,18975847518,1309365796982304.0,69001.703125
2024-10-21,69002.0,69462.734375,66829.8515625,37498611780,2526200912194854.0,67367.8515625
2024-10-22,67360.703125,67801.578125,66581.3671875,31808472566,2142663442710306.0,67361.40625
2024-10-23,67362.375,67402.7421875,65188.03515625,32263980353,2143367044369158.8,66432.1953125
2024-10-24,66653.703125,68798.9609375,66454.1015625,31414428647,2141240588984733.5,68161.0546875
2024-10-25,68165.296875,68722.15625,65521.79296875,41469984306,2763659865285828.5,66642.4140625
2024-10-26,66628.734375,67317.921875,66360.59375,19588098156,1312690429675683.0,67014.6953125
2024-10-27,67023.4765625,68221.3125,66847.2265625,16721307878,1135866686982938.2,67929.296875
2024-10-28,67922.671875,70212.265625,67535.1328125,38799856657,2712410982337272.0,69907.7578125
2024-10-29,69910.046875,73577.2109375,69729.9140625,58541874402,4257193920092247.0,72720.4921875
2024-10-30,72715.3671875,72905.296875,71411.734375,40646637831,2940359045134915.0,72339.5390625
2024-10-31,72335.046875,72662.3125,69590.5,40627912076,2852696464149854.0,70215.1875
2024-11-01,70216.8984375,71559.015625,68779.703125,49989795365,3473414394267507.5,69482.46875
2024-11-02,69486.0234375,69867.3515625,69033.71875,18184612091,1259998559528167.8,69289.2734375
2024-11-03,69296.3828125,69361.65625,67482.5234375,34868307655,2396886422642158.5,68741.1171875
2024-11-04,68742.1328125,69433.1796875,66803.6484375,41184819348,2792804698973303.0,67811.5078125
2024-11-05,67811.171875,70522.7890625,67458.8671875,46046889204,3193792089675413.0,69359.5625
2024-11-06,69358.5,76460.15625,69322.03125,118592653963,8970239018158448.0,75639.078125
2024-11-07,75637.0859375,76943.1171875,74480.421875,63467654989,4817503426801062.0,75904.859375
2024-11-08,75902.8359375,77252.75,75648.7421875,55176858003,4223538891061027.0,76545.4765625
2024-11-09,76556.1875,76932.765625,75773.7890625,29009480361,2227315039815608.5,76778.8671875
2024-11-10,76775.546875,81474.421875,76565.4296875,82570594495,6644801503377098.0,80474.1875
2024-11-11,80471.4140625,89604.5,80283.25,117966845037,1.0463834261817502e+16,88701.484375
2024-11-12,88705.5625,89956.8828125,85155.109375,133673285375,1.1757342424702492e+16,87955.8125
2024-11-13,87929.96875,93434.3515625,86256.9296875,123559027869,1.1192491251888506e+16,90584.1640625
2024-11-14,90574.8828125,91765.21875,86682.8125,87616705248,7644595180691037.0,87250.4296875
2024-11-15,87284.1796875,91868.7421875,87124.8984375,78243109518,7125287622640481.0,91066.0078125
2024-11-16,91064.3671875,91763.9453125,90094.2265625,44333192814,4014746402387413.0,90558.4765625
2024-11-17,90558.4609375,91433.0390625,88741.6640625,46350159305,4164369532815257.5,89845.8515625
2024-11-18,89843.71875,92596.7890625,89393.59375,75535775084,6839208537761441.0,90542.640625
2024-11-19,90536.8125,94002.8671875,90426.984375,74521048295,6881555964469855.0,92343.7890625
2024-11-20,92341.890625,94902.0234375,91619.5,71730956426,6767062003352530.0,94339.4921875
2024-11-21,94334.640625,99014.21875,94132.6015625,106024505582,1.0443914931279164e+16,98504.7265625
2024-11-22,98496.4296875,99655.5,97222.6640625,78473580551,7768701165169432.0,98997.6640625
2024-11-23,99006.7421875,99014.6796875,97232.890625,44414644677,4342743204201845.0,97777.28125
2024-11-24,97778.09375,98647.1796875,95788.078125,51712020623,5068492697339016.0,98013.8203125
2024-11-25,98033.4453125,98935.03125,92642.9140625,80909462490,7532856796740658.0,93102.296875
2024-11-26,93087.28125,94991.75,90770.8125,91656519855,8431054337591190.0,91985.3203125
2024-11-27,91978.140625,97361.1796875,91778.6640625,71133452438,6826146152501964.0,95962.53125
2024-11-28,95954.9453125,96650.203125,94677.3515625,52260008261,4998798807060044.0,95652.46875
2024-11-29,95653.953125,98693.171875,95407.8828125,54968682476,5357331535463170.0,97461.5234375
2024-11-30,97468.8125,97499.34375,96144.21875,31634227866,3051091373444670.5,96449.0546875
2024-12-01,96461.3359375,97888.125,95770.1875,36590695296,3559535120045091.0,97279.7890625
2024-12-02,97276.0078125,98152.6015625,94482.8671875,72680784305,6967565532325293.0,95865.3046875
2024-12-03,95854.59375,96297.203125,93629.5625,67067810961,6438654991190658.0,96002.1640625
2024-12-04,95988.53125,99207.328125,94660.5234375,77199817112,7624912548920858.0,98768.53125
2024-12-05,98741.5390625,103900.46875,91998.78125,149218945580,1.4413590711838842e+16,96593.5703125
2024-12-06,97074.2265625,102039.8828125,96514.875,94534772658,9445981692302296.0,99920.7109375
2024-12-07,99916.7109375,100563.3828125,99030.8828125,44177510897,4414364262243497.5,99923.3359375
2024-12-08,99921.9140625,101399.9921875,98771.515625,44125751925,4467115311344174.5,101236.015625
2024-12-09,101237.0625,101272.5078125,94355.9140625,110676473908,1.0783509754519878e+16,97432.71875
2024-12-10,97441.234375,98270.15625,94321.2578125,104823780634,1.0133884034260192e+16,96675.4296875
2024-12-11,96656.0625,101913.359375,95747.2265625,85391409936,8639307785936488.0,101173.03125
2024-12-12,101167.8046875,102524.9140625,99339.953125,72073983533,7210497534591918.0,100043.0
2024-12-13,100046.6484375,101888.8046875,99233.28125,56894751583,5772499269037739.0,101459.2578125
2024-12-14,101451.4375,102618.8828125,100634.0546875,40422968793,4097796352235014.5,101372.96875
2024-12-15,101373.53125,105047.5390625,101227.03125,51145914137,5334452115054249.0,104298.6953125
2024-12-16,104293.578125,107780.578125,103322.984375,91020417816,9650869301537970.0,106029.71875
2024-12-17,106030.6875,108268.4453125,105291.734375,68589364868,7280116447879323.0,106140.6015625
2024-12-18,106147.296875,106470.609375,100041.5390625,93865656139,9390464705256962.0,100041.5390625
2024-12-19,100070.6875,102748.1484375,95587.6796875,97221662392,9478232530993048.0,97490.953125
2024-12-20,97484.6953125,98098.9140625,92175.1796875,105634083408,1.0326358030235958e+16,97755.9296875
2024-12-21,97756.1953125,99507.1015625,96426.5234375,51765334294,5032870472150554.0,97224.7265625
2024-12-22,97218.3203125,97360.265625,94202.1875,43147981314,4103586066119137.5,95104.9375
2024-12-23,95099.390625,96416.2109375,92403.1328125,65239002919,6177236030459453.0,94686.2421875
2024-12-24,94684.34375,99404.0625,93448.015625,47114953674,4649119585762531.0,98676.09375
2024-12-25,98675.9140625,99478.75,97593.46875,33700394629,3346422068373397.0,99299.1953125
2024-12-26,99297.6953125,99884.5703125,95137.8828125,47054980873,4507656155453548.0,95795.515625
2024-12-27,95704.9765625,97294.84375,93310.7421875,52419934565,4936115766759927.0,94164.859375
2024-12-28,94160.1875,95525.8984375,94014.2890625,24107436185,2294158362055233.0,95163.9296875
2024-12-29,95174.0546875,95174.875,92881.7890625,29635885267,2771851063402766.0,93530.2265625
2024-12-30,93527.1953125,94903.3203125,91317.1328125,56188003691,5205437078102342.0,92643.2109375
2024-12-31,92643.25,96090.6015625,91914.03125,43625106843,4075858968584474.5,93429.203125
2025-01-01,93425.1015625,94929.8671875,92788.125,24519888919,2315161973321382.5,94419.7578125
2025-01-02,94416.2890625,97739.8203125,94201.5703125,46009564411,4457722915893005.5,96886.875
2025-01-03,96881.7265625,98956.9140625,96034.6171875,35611391163,3493742054598081.0,98107.4296875
2025-01-04,98106.9921875,98734.4296875,97562.9765625,22342608078,2194853509147550.8,98236.2265625
2025-01-05,98233.90625,98813.3046875,97291.765625,20525254825,2017939626352108.5,98314.9609375
2025-01-06,98314.953125,102482.875,97926.1484375,51823432705,5290036817237238.0,102078.0859375
2025-01-07,102248.8515625,102712.484375,96132.875,58685738547,5687980414862250.0,96922.703125
2025-01-08,96924.1640625,97258.3203125,92525.84375,63875859171,6070986718209388.0,95043.5234375
2025-01-09,95043.484375,95349.71875,91220.84375,62777261693,5805894722652197.0,92484.0390625
2025-01-10,92494.4921875,95770.609375,92250.09375,62058693684,5877048470914060.0,94701.453125
2025-01-11,94700.8359375,94977.6875,93840.046875,18860894100,1783610510116472.0,94566.59375
2025-01-12,94565.7265625,95367.5390625,93712.5078125,20885130965,1973403391865716.8,94488.4375
2025-01-13,94488.890625,95837.0,89260.1015625,72978998252,6897721198730430.0,94516.5234375
2025-01-14,94519.0078125,97352.6640625,94322.15625,53769675818,5190604405868366.0,96534.046875
2025-01-15,96534.046875,100697.234375,96501.640625,57805923627,5809754999561043.0,100504.4921875
2025-01-16,100505.296875,100781.5859375,97364.4453125,54103781805,5397225889291841.0,99756.90625
2025-01-17,100025.765625,105884.2265625,99948.90625,71888972663,7509668670485301.0,104462.0390625
2025-01-18,104124.953125,104913.203125,102226.6171875,50445655726,5266933570000376.0,104408.0703125
2025-01-19,104411.2890625,106299.796875,99570.53125,76789928525,7762663878526419.0,101089.609375
2025-01-20,101083.75,109114.8828125,99471.359375,126279678351,1.288263152425452e+16,102016.6640625
2025-01-21,102052.578125,107180.921875,100103.953125,88733878242,9418769809811740.0,106146.265625
2025-01-22,106136.3828125,106294.34375,103360.265625,53878181052,5584638888892561.0,103653.0703125
2025-01-23,103657.671875,106820.328125,101257.8046875,104104515428,1.082272331685847e+16,103960.171875
2025-01-24,103965.671875,107098.546875,102772.125,52388229265,5491307178876585.0,104819.484375
2025-01-25,104824.03125,105243.7890625,104120.375,23888996502,2501527870231597.0,104714.6484375
2025-01-26,104713.2109375,105438.6484375,102507.7109375,22543395879,2314812247345417.0,102682.5
2025-01-27,102680.3046875,103214.109375,97795.9375,89006608428,9086478826632530.0,102087.6875
2025-01-28,102095.4140625,103730.8203125,100238.1875,47180685494,4780935707023439.0,101332.4765625
2025-01-29,101317.5234375,104750.8046875,101283.8203125,47432049818,4918855867474062.0,103703.2109375
2025-01-30,103709.3359375,106418.765625,103321.6484375,41915744521,4390058273610344.0,104735.3046875
2025-01-31,104737.5625,106026.3515625,101543.8828125,45732764360,4683264806147465.0,102405.0234375
2025-02-01,102402.796875,102755.7265625,100297.7109375,27757944848,2794001094312958.5,100655.90625
2025-02-02,100661.5390625,101430.6640625,96216.078125,63091816853,6163375017838260.0,97688.9765625
2025-02-03,97681.1015625,102514.171875,91242.890625,115400897748,1.1702276720889678e+16,101405.421875
2025-02-04,101398.71875,101745.6171875,96208.109375,73002130211,7144851370440720.0,97871.8203125
2025-02-05,97878.0078125,99113.2109375,96174.828125,49125911241,4746321790931565.0,96615.4453125
2025-02-06,96610.640625,99168.609375,95707.3515625,45302471947,4375915121947930.5,96593.296875
2025-02-07,96581.3203125,100154.140625,95653.8828125,55741290456,5380655816694373.0,96529.0859375
2025-02-08,96533.2578125,96877.8046875,95702.4921875,22447526395,2165792413177788.0,96482.453125
2025-02-09,96481.3125,97325.28125,94745.2578125,27732901800,2676227623659544.0,96500.09375
2025-02-10,96499.4609375,98333.21875,95320.84375,40078962391,3905196089791319.0,97437.5546875
2025-02-11,97438.1328125,98492.8984375,94875.0390625,37488783272,3589454640405746.0,95747.4296875
2025-02-12,95745.6953125,98151.0234375,94101.203125,49340445530,4829731912649427.0,97885.859375
2025-02-13,97888.75,98111.0859375,95269.7109375,37147280860,3589313932193401.0,96623.8671875
2025-02-14,96623.3671875,98819.46875,96342.8046875,32697987277,3188347019580890.5,97508.96875
2025-02-15,97508.3828125,97975.0390625,97240.1953125,17047266288,1663478237562594.5,97580.3515625
2025-02-16,97580.4921875,97725.59375,96060.9765625,16536755396,1590422966983906.0,96175.03125
2025-02-17,96179.0078125,97032.234375,95243.546875,27336550690,2618113934006681.0,95773.3828125
2025-02-18,95773.8125,96695.375,93388.8359375,37325720482,3566082421633186.5,95539.546875
2025-02-19,95532.53125,96855.59375,95011.96875,28990872862,2801550665332520.5,96635.609375
2025-02-20,96632.6796875,98767.1953125,96442.671875,31668022771,3114041371912091.0,98333.9375
2025-02-21,98340.671875,99497.96875,94852.9609375,49608706470,4768664039190101.0,96125.546875
2025-02-22,96134.203125,96950.15625,95765.34375,18353824477,1772571215272840.5,96577.7578125
2025-02-23,96577.8046875,96671.875,95270.453125,16999478976,1636606510851129.0,96273.921875
2025-02-24,96277.9609375,96503.453125,91371.7421875,44046480529,4026648727488963.0,91418.171875
2025-02-25,91437.1171875,92511.078125,86008.234375,92139104128,8176071380310730.0,88736.171875
2025-02-26,88638.890625,89286.25,82131.8984375,64597492134,5448606183030220.0,84347.0234375
2025-02-27,84076.859375,87000.78125,83144.9609375,52659591954,4460490007560417.5,84704.2265625
2025-02-28,84705.625,85036.3203125,78248.9140625,83610570576,7054475324416431.0,84373.0078125
2025-03-01,84373.8671875,86522.3046875,83794.234375,29190628396,2511325633595044.0,86031.9140625
2025-03-02,86036.2578125,95043.4375,85040.2109375,58398341092,5503947381905606.0,94248.3515625
2025-03-03,94248.421875,94429.75,85081.3046875,70072228536,6030813428729388.0,86065.671875
2025-03-04,86064.0703125,88911.2734375,81529.2421875,68095241474,5939416451697078.0,87222.1953125
2025-03-05,87222.953125,90998.2421875,86379.7734375,50498988027,4576398197651586.0,90623.5625
2025-03-06,90622.359375,92804.9375,87852.140625,47749810486,4295655394352727.0,89961.7265625
2025-03-07,89963.28125,91191.046875,84717.6796875,65945677657,5720304278575670.0,86742.671875
2025-03-08,86742.65625,86847.265625,85247.484375,18206118081,1568540707033084.5,86154.59375
2025-03-09,86154.3046875,86471.1328125,80052.484375,30899345977,2490519392097879.0,80601.0390625
2025-03-10,80597.1484375,83955.9296875,77420.59375,54061099422,4245526259808504.0,78532.0
2025-03-11,78523.875,83577.7578125,76624.25,54702837196,4532798034614673.0,82862.2109375
2025-03-12,82857.375,84358.578125,80635.25,40353484454,3378488927491263.5,83722.359375
2025-03-13,83724.921875,84301.6953125,79931.8515625,31412940153,2546543493666643.0,81066.703125
2025-03-14,81066.9921875,85263.2890625,80797.5625,29588112414,2484487216333833.0,83969.1015625
2025-03-15,83968.40625,84672.671875,83639.59375,13650491277,1151324878798494.5,84343.109375
2025-03-16,84333.3203125,85051.6015625,82017.90625,21330270174,1761447045259490.5,82579.6875
2025-03-17,82576.3359375,84725.328125,82492.15625,25092785558,2109693197078920.8,84075.6875
2025-03-18,84075.71875,84075.71875,81179.9921875,24095774594,1993166330753788.8,82718.5
2025-03-19,82718.8046875,87021.1875,82569.7265625,34931960257,3033988390433723.5,86854.2265625
2025-03-20,86872.953125,87443.265625,83647.1953125,29028988961,2443288583604893.0,84167.1953125
2025-03-21,84164.5390625,84782.2734375,83171.0703125,19030452299,1599380911502523.2,84043.2421875
2025-03-22,84046.2578125,84513.875,83674.78125,9863214091,826857741171037.4,83832.484375
2025-03-23,83831.8984375,86094.78125,83794.9140625,12594615537,1083821768401824.4,86054.375
2025-03-24,86070.9296875,88758.7265625,85541.1953125,34582604933,3025940377089955.5,87498.9140625
2025-03-25,87512.8203125,88542.3984375,86346.078125,30005840049,2624661932782363.5,87471.703125
2025-03-26,87460.234375,88292.15625,85861.453125,26704046038,2320605175367843.0,86900.8828125
2025-03-27,86896.2578125,87786.7265625,85837.9375,24413471941,2128295722893800.8,87177.1015625
2025-03-28,87185.234375,87489.859375,83557.640625,34198619509,2884761227800260.5,84353.1484375
2025-03-29,84352.0703125,84567.3359375,81634.140625,16969396135,1401631155568142.8,82597.5859375
2025-03-30,82596.984375,83505.0,81573.25,14763760943,1215567221387080.5,82334.5234375
2025-03-31,82336.0625,83870.125,81293.890625,29004228247,2394267545010738.0,82548.9140625
2025-04-01,82551.921875,85487.3671875,82429.359375,28175650319,2399696804708809.0,85169.171875
2025-04-02,85180.609375,88466.953125,82343.5390625,47584398470,3925032937331237.5,82485.7109375
2025-04-03,82487.4765625,83909.296875,81282.1015625,36852112080,3062514736227476.0,83102.828125
2025-04-04,83100.25,84696.1484375,81670.75,45157640207,3786188365664105.0,83843.8046875
2025-04-05,83844.703125,84207.015625,82377.734375,14380803631,1200866086105917.5,83504.796875
2025-04-06,83504.5078125,83704.71875,77097.7421875,36294853736,2838783270427282.5,78214.484375
2025-04-07,78221.3359375,81119.0625,74436.6796875,91262424987,7231208902315838.0,79235.3359375
2025-04-08,79218.4765625,80823.890625,76198.0234375,48314590749,3685048200861287.0,76271.953125
2025-04-09,76273.5625,83541.0,74589.671875,84213627038,6953852091522045.0,82573.953125
2025-04-10,82565.9765625,82700.9296875,78456.1328125,44718000633,3560721806872097.0,79626.140625
2025-04-11,79625.046875,84247.4765625,78936.3203125,41656778779,3474376799747226.5,83404.8359375
2025-04-12,83404.515625,85856.1875,82769.375,24258059104,2068899740028062.5,85287.109375
2025-04-13,85279.46875,86015.1875,83027.0078125,28796984817,2409874999481313.0,83684.9765625
2025-04-14,83694.5234375,85785.0,83690.640625,34090769777,2882115175194078.0,84542.390625
2025-04-15,84539.6953125,86429.3515625,83598.8203125,28040322885,2346105556400042.5,83668.9921875
2025-04-16,83674.5078125,85428.28125,83100.6171875,29617804112,2488898617133199.5,84033.8671875
2025-04-17,84030.671875,85449.0703125,83749.75,21276866029,1806315499181476.8,84895.75
2025-04-18,84900.1875,85095.046875,84298.8828125,12728372364,1074921288501936.6,84450.8046875
2025-04-19,84450.8671875,85597.703125,84353.4609375,15259300427,1298008190525984.0,85063.4140625
2025-04-20,85066.0703125,85306.3828125,83976.84375,14664050812,1249000331814269.8,85174.3046875
2025-04-21,85171.5390625,88460.09375,85143.8359375,41396190190,3622949288345780.0,87518.90625
2025-04-22,87521.875,93817.3828125,87084.53125,55899038456,5223311837448221.0,93441.890625
2025-04-23,93427.5859375,94535.734375,91962.9609375,41719568821,3909086442036719.0,93699.109375
2025-04-24,93692.3984375,94016.1953125,91696.7109375,31483175315,2957649026772374.0,93943.796875
2025-04-25,93954.25,95768.390625,92898.59375,40915232364,3875511267134262.5,94720.5
2025-04-26,94714.6484375,95251.359375,93927.25,17612825123,1666999821014814.5,94646.9296875
2025-04-27,94660.90625,95301.203125,93665.3984375,18090367764,1696059603093857.0,93754.84375
2025-04-28,93755.3046875,95598.4921875,92860.8046875,32363449569,3073839985751659.0,94978.75
2025-04-29,94981.859375,95485.4140625,93796.6328125,25806129921,2433125516120955.0,94284.7890625
2025-04-30,94286.46875,95249.3203125,92979.640625,28344679831,2670276110551464.0,94207.3125
2025-05-01,94212.859375,97437.9609375,94153.6328125,32875889623,3172271385746686.0,96492.3359375
2025-05-02,96494.96875,97905.8984375,96375.9453125,26421924677,2560550578239649.0,96910.0703125
2025-05-03,96904.6328125,96943.8828125,95821.2890625,15775154889,1512707948287651.2,95891.796875
2025-05-04,95877.1875,96318.921875,94173.4296875,18198688416,1716427070111696.2,94315.9765625
2025-05-05,94319.5625,95193.1875,93566.265625,25816260327,2446040445289332.5,94748.0546875
2025-05-06,94748.3828125,96889.1796875,93399.859375,26551275827,2570229255947640.5,96802.4765625
2025-05-07,96800.1953125,97625.8046875,95829.3359375,76983822462,7469918920013416.0,97032.3203125
2025-05-08,97034.25,103969.5390625,96913.875,69895404397,7216103662763642.0,103241.4609375
2025-05-09,103239.125,104297.4921875,102343.09375,58198593958,5992758779595427.0,102970.8515625
2025-05-10,102973.7109375,104961.765625,102830.484375,42276713994,4426216720362604.0,104696.328125
2025-05-11,104701.0703125,104937.9921875,103364.7421875,46285517406,4818616708926854.0,104106.359375
2025-05-12,104106.9609375,105747.453125,100814.40625,63250475404,6502968162845417.0,102812.953125
2025-05-13,102812.4921875,104997.421875,101515.09375,52608876410,5480256791465373.0,104169.8125
2025-05-14,104167.328125,104303.5625,102618.296875,45956071155,4758264680003258.0,103539.4140625
2025-05-15,103538.828125,104153.6171875,101440.8125,50408241840,5229584934228889.0,103744.640625
2025-05-16,103735.65625,104533.484375,103137.4765625,44386499364,4593527263153468.0,103489.2890625
2025-05-17,103489.2890625,103716.9453125,102659.1796875,37898552742,3910792812906599.0,103191.0859375
2025-05-18,103186.953125,106597.171875,103142.6015625,49887082058,5310280726488697.0,106446.0078125
2025-05-19,106430.53125,107068.71875,102112.6875,61761126647,6522356638385526.0,105606.1796875
2025-05-20,105605.40625,107307.1171875,104206.515625,36515726122,3899554046364716.0,106791.0859375
2025-05-21,106791.3125,110724.4609375,106127.234375,78086364051,8564362336882770.0,109678.078125
2025-05-22,109673.4921875,111970.171875,109285.0703125,70157575642,7834726676487214.0,111673.28125
2025-05-23,111679.359375,111798.90625,106841.3046875,67548133399,7247090415397315.0,107287.796875
2025-05-24,107278.5078125,109454.5234375,106895.2890625,45903627163,4948005047968677.0,107791.15625
2025-05-25,107802.2734375,109313.3046875,106683.375,47518041841,5181148253868529.0,109035.390625
2025-05-26,109023.78125,110376.8828125,108735.640625,45950461571,5028835386765348.0,109440.3671875
2025-05-27,109440.40625,110744.2109375,107609.5546875,57450176272,6261761316609542.0,108994.640625
2025-05-28,108992.171875,109298.2890625,106812.9296875,49155377493,5299064133608626.0,107802.328125
2025-05-29,107795.5703125,108910.046875,105374.3984375,56022752042,5918342003210704.0,105641.7578125
2025-05-30,105646.2109375,106308.9453125,103685.7890625,57655287183,5996067437988606.0,103998.5703125
2025-05-31,103994.71875,104927.1015625,103136.1171875,38997843858,4080660041661265.5,104638.09375
2025-06-01,104637.296875,105884.546875,103826.953125,37397056873,3951077650884785.0,105652.1015625
2025-06-02,105649.8125,105958.3125,103727.546875,45819706290,4851460663410457.0,105881.53125
2025-06-03,105888.4765625,106813.578125,104920.84375,46196508367,4870611924762841.0,105432.46875
2025-06-04,105434.3671875,105997.6953125,104232.703125,44544857105,4665271278307468.0,104731.984375
2025-06-05,104750.78125,105936.6875,100436.8828125,57479298400,5838514519936288.0,101575.953125
2025-06-06,101574.3671875,105376.7734375,101169.5703125,48856653697,5100162873904538.0,104390.34375
2025-06-07,104390.6484375,105972.7578125,103987.3125,38365033776,4051947020398350.5,105615.625
2025-06-08,105617.5078125,106497.0625,105075.328125,36626232328,3874822746498629.0,105793.6484375
2025-06-09,105793.0234375,110561.421875,105400.234375,55903193732,6165792527145321.0,110294.1015625
2025-06-10,110295.6875,110380.125,108367.7109375,54700101509,6031081912414104.0,110257.234375
2025-06-11,110261.796875,110384.21875,108086.328125,50842662052,5525917344447454.0,108686.625
2025-06-12,108685.9140625,108780.6953125,105785.6875,54843867968,5809559089256302.0,105929.0546875
2025-06-13,105924.59375,106182.546875,102822.0234375,69550440846,7378673646341710.0,106090.96875
2025-06-14,106108.0859375,106203.7578125,104379.3671875,38007870453,4008781553116188.0,105472.40625
2025-06-15,105464.84375,106157.1015625,104519.8828125,36744307742,3878436031978297.0,105552.0234375
2025-06-16,105555.59375,108915.375,104997.625,50366626945,5378992459677702.0,106796.7578125
2025-06-17,106794.1171875,107750.1953125,103396.53125,55964092176,5853906563993828.0,104601.1171875
2025-06-18,104602.0703125,105581.8515625,103602.265625,47318089133,4962878668784436.0,104883.328125
2025-06-19,104886.7734375,105250.890625,103940.7734375,37333806920,3908263035416843.0,104684.2890625
2025-06-20,104681.03125,106539.3828125,102372.2109375,50951862476,5263816611262855.0,103309.6015625
2025-06-21,103315.078125,104015.78125,100973.0625,38360555118,3922650868676842.5,102257.40625
2025-06-22,102212.03125,103351.6328125,98286.203125,65536997201,6618393952477618.0,100987.140625
2025-06-23,100987.4765625,106116.859375,99705.75,65237759656,6887657408531246.0,105577.7734375
2025-06-24,105571.515625,106316.828125,104740.2421875,48822986421,5177464490811040.0,106045.6328125
2025-06-25,106047.40625,108168.3984375,105881.390625,51624120283,5542430487046673.0,107361.2578125
2025-06-26,107375.0703125,108305.546875,106666.3515625,43891990613,4694687315966480.0,106960.0
2025-06-27,106954.921875,107772.46875,106449.9921875,45353692675,4856855729095221.0,107088.4296875
2025-06-28,107090.546875,107567.8828125,106883.9765625,30037708335,3223878242734218.0,107327.703125
2025-06-29,107327.8203125,108526.3046875,107230.109375,35534874438,3851467631945708.0,108385.5703125
2025-06-30,108383.4375,108798.7890625,106759.6484375,42064804590,4506626970894942.0,107135.3359375
2025-07-01,107144.3828125,107550.6796875,105270.2265625,44110692247,4662424355255600.0,105698.28125
2025-07-02,105703.1015625,109763.65625,105157.3984375,56248657737,6123190649740264.0,108859.3203125
2025-07-03,108845.015625,110541.4609375,108605.796875,50494742270,5536646316950438.0,109647.9765625
2025-07-04,109635.65625,109751.984375,107296.3828125,42616442656,4604039082359509.0,108034.3359375
2025-07-05,108015.8359375,108381.34375,107842.2734375,30615537520,3313555742556518.0,108231.1796875
2025-07-06,108231.1875,109731.625,107847.015625,36746020463,4013843890918980.0,109232.0703125
2025-07-07,109235.328125,109710.25,107527.0546875,45415696597,4918513200062636.0,108299.8515625
2025-07-08,108298.2265625,109198.96875,107499.5546875,44282204127,4824558248051841.0,108950.2734375
2025-07-09,108950.2734375,111925.375,108357.6796875,57927418065,6448859875118898.0,111326.5546875
2025-07-10,111329.1953125,116608.78125,110660.75,95911605728,1.112451889561845e+16,115987.203125
2025-07-11,115986.234375,118856.4765625,115245.6875,86928361085,1.0215559530498124e+16,117516.9921875
2025-07-12,117530.7109375,118219.8984375,116977.0234375,45524560304,5346187053458434.0,117435.2265625
2025-07-13,117432.203125,119449.5703125,117265.4375,49021091807,5839202116341808.0,119116.1171875
2025-07-14,119115.7890625,123091.609375,118959.1953125,181746419401,2.178225440924159e+16,119849.703125
2025-07-15,119853.8515625,119935.5625,115765.6875,98321661181,1.1580048724226108e+16,117777.1875
2025-07-16,117777.1875,120065.515625,117064.8203125,72162029070,8568411652494046.0,118738.5078125
2025-07-17,118738.5078125,120999.609375,117508.21875,72363841798,8632271381233139.0,119289.84375
2025-07-18,119284.109375,120851.9140625,116925.984375,77945799785,9197855871624618.0,118003.2265625
2025-07-19,117998.125,118541.3984375,117388.4140625,47564562765,5609763417709660.0,117939.9765625
2025-07-20,117944.109375,118865.03125,116550.1328125,57515447231,6746607343478881.0,117300.7890625
2025-07-21,117306.46875,119671.5625,116584.3984375,69820091744,8199639391716822.0,117439.5390625
2025-07-22,117426.5,120269.96875,116233.2265625,79217583118,9505746687274920.0,119995.4140625
2025-07-23,119997.4453125,120113.3515625,117391.390625,66608604537,7910102229892819.0,118754.9609375
2025-07-24,118770.984375,119535.453125,117247.96875,72627318560,8596750443310080.0,118368.0
2025-07-25,118368.0,118486.9765625,114759.8203125,104857024569,1.2334948654266318e+16,117635.8828125
2025-07-26,117644.84375,118335.6875,117181.2265625,48508954046,5721503414745126.0,117947.3671875
2025-07-27,117944.7265625,119815.59375,117859.6875,54683390892,6531848589749071.0,119448.4921875
2025-07-28,119457.5234375,119819.7890625,117441.4375,64822943193,7644211645275197.0,117924.4765625
2025-07-29,117938.5859375,119273.8671875,116987.3671875,68463107433,8073316717206736.0,117922.1484375
2025-07-30,117921.9921875,118780.7265625,115800.828125,68896148592,8118115002771813.0,117831.1875
2025-07-31,117833.6328125,118919.984375,115505.21875,69370346018,8030186605203179.0,115758.203125
2025-08-01,115738.953125,116060.7734375,112724.4453125,91294530181,1.0345504005734608e+16,113320.0859375
2025-08-02,113320.390625,114021.6015625,112005.765625,56870866000,6399503051041953.0,112526.9140625
2025-08-03,112525.8046875,114747.421875,111943.8046875,48099615826,5493826137727625.0,114217.671875
2025-08-04,114223.921875,115729.46875,114130.40625,35783028986,4117620518153282.5,115071.8828125
2025-08-05,115072.1875,115117.4375,112701.109375,61039182286,6967100486817188.0,114141.4453125
2025-08-06,114140.9140625,115737.8359375,113372.25,56379133510,6485178969388280.0,115028.0
2025-08-07,115030.0546875,117676.90625,114279.7109375,64051649681,7525870177322786.0,117496.8984375
2025-08-08,117505.5,117689.203125,115917.4609375,59713005166,6967834532040524.0,116688.7265625
2025-08-09,116678.2734375,117906.609375,116363.8359375,54004312429,6291521805778279.0,116500.359375
2025-08-10,116497.71875,119320.7109375,116485.1640625,64755458694,7725763827442406.0,119306.7578125
2025-08-11,119306.8125,122321.09375,118159.03125,90528784177,1.074861338771859e+16,118731.4453125
2025-08-12,118717.6640625,120302.46875,118228.71875,72803657984,8749027165568296.0,120172.90625
2025-08-13,120168.9765625,123682.453125,118939.6328125,90904808795,1.121256841756103e+16,123344.0625
2025-08-14,123339.3984375,124457.1171875,117254.8828125,104055627395,1.2315980160004392e+16,118359.578125
2025-08-15,118365.78125,119332.3125,116864.5703125,68665353159,8061199270323502.0,117398.3515625
2025-08-16,117398.421875,117996.0625,117271.953125,48036922378,5643922935094122.0,117491.3515625
2025-08-17,117492.7890625,118595.7734375,117279.5234375,45852169525,5385477732980420.0,117453.0625
2025-08-18,117453.90625,117614.171875,114723.6796875,72787808090,8461751012268707.0,116252.3125
2025-08-19,116241.859375,116764.5,112730.3984375,71657600353,8085211581404406.0,112831.1796875
2025-08-20,112828.0234375,114625.796875,112387.9609375,67993811526,7769975282479117.0,114274.7421875
2025-08-21,114275.6875,114802.6484375,111986.234375,57817883700,6499830474479166.0,112419.03125
2025-08-22,112433.734375,117377.3984375,111678.9453125,82528088240,9645394877219344.0,116874.0859375
2025-08-23,116866.3671875,116996.25,114536.109375,55377142586,6389100619342075.0,115374.328125
2025-08-24,115387.390625,115615.0859375,111060.546875,73961489632,8391554470995032.0,113458.4296875
2025-08-25,113456.8984375,113637.84375,109324.28125,85706860190,9438412402881596.0,110124.3515625
2025-08-26,110124.1015625,112397.015625,108762.0390625,69396320317,7758692945416442.0,111802.65625
2025-08-27,111795.7109375,112619.4140625,110398.265625,62137056409,6911011571487824.0,111222.0625
2025-08-28,111219.0546875,113450.078125,110900.921875,58860155962,6624404756619079.0,112544.8046875
2025-08-29,112550.5234375,112619.0546875,107559.625,77843379644,8439065859406211.0,108410.8359375
2025-08-30,108409.40625,108929.3515625,107444.4453125,51486264208,5602121056072016.0,108808.0703125
2025-08-31,108818.4609375,109491.0,108104.65625,47986191770,5193867567600931.0,108236.7109375
2025-09-01,108228.75,109890.5859375,107271.1796875,66870372995,7305627953987715.0,109250.59375
2025-09-02,109243.0703125,111748.015625,108454.03125,74776999491,8315246158047339.0,111200.5859375
2025-09-03,111190.6953125,112600.2265625,110582.9609375,61119643565,6828482830437309.0,111723.2109375
2025-09-04,111718.1484375,112208.328125,109347.2265625,60131132901,6657935600832059.0,110723.6015625
2025-09-05,110723.015625,113357.4921875,110233.3984375,60241647677,6665797615831982.0,110650.984375
2025-09-06,110650.5703125,111275.015625,110024.0859375,21500719036,2369910204742768.5,110224.6953125
2025-09-07,110221.328125,111591.078125,110211.625,24618007520,2736725235902356.0,111167.6171875
2025-09-08,111163.015625,112869.234375,110630.609375,40212813407,4506707490279158.0,112071.4296875
2025-09-09,112077.578125,113225.4375,110776.703125,45984480722,5128674282687555.0,111530.546875
2025-09-10,111531.25,114275.25,110940.078125,56377473784,6424515285710361.0,113955.359375
2025-09-11,113961.4296875,115522.546875,113453.8359375,45685065332,5276969468408855.0,115507.5390625
2025-09-12,115507.7890625,116769.3828125,114794.484375,54785725894,6360709235017076.0,116101.578125
2025-09-13,116093.5625,116334.6328125,115248.2734375,34549454947,4006026845749741.0,115950.5078125
2025-09-14,115950.2890625,116181.5,115222.3984375,32798036057,3785144470941361.5,115407.65625
2025-09-15,115399.6328125,116747.8828125,114461.0625,52937859416,6111404563047693.0,115444.875
2025-09-16,115423.7578125,117005.2734375,114813.09375,45781744593,5349284967557010.0,116843.1875
2025-09-17,116840.5078125,117328.609375,114794.9765625,60528025996,7049608868590329.0,116468.5078125
2025-09-18,116461.265625,117911.7890625,116188.796875,49457272032,5793286520020766.0,117137.203125
2025-09-19,117137.671875,117479.7578125,115141.8203125,38828473971,4492021864976867.0,115688.859375
2025-09-20,115691.125,116191.1484375,115473.5234375,22864449614,2645918945088745.0,115721.9609375
2025-09-21,115730.2265625,115901.0859375,115252.578125,22495852193,2593908841952201.0,115306.09375
2025-09-22,115309.21875,115431.3125,112037.6484375,70684158591,7969533407117352.0,112748.5078125
2025-09-23,112757.4765625,113351.9140625,111535.5703125,47211853279,5288412139120546.0,112014.5
2025-09-24,112007.6640625,113986.2734375,111229.640625,48044595085,5444828275013207.0,113328.6328125
2025-09-25,113330.1640625,113541.0859375,108713.3984375,75528654284,8236346053517546.0,109049.2890625
2025-09-26,109041.296875,110359.1953125,108728.9765625,57738288949,6334630971693224.0,109712.828125
2025-09-27,109707.140625,109778.5,109144.296875,26308042910,2885517323733523.5,109681.9453125
2025-09-28,109681.9453125,112375.484375,109236.9453125,33371048505,3741650078805559.0,112122.640625
2025-09-29,112117.875,114473.5703125,111589.953125,60000147466,6864039838916852.0,114400.3828125
2025-09-30,114396.5234375,114836.6171875,112740.5625,58986330258,6727749953044205.0,114056.0859375
2025-10-01,114057.59375,118648.9296875,113981.3984375,71328680132,8463071553683846.0,118648.9296875
2025-10-02,118652.3828125,121086.40625,118383.15625,71415163912,8618471807786018.0,120681.2578125
2025-10-03,120656.984375,123944.703125,119344.3125,83941392228,1.026322285601327e+16,122266.53125
2025-10-04,122267.46875,122857.640625,121577.5703125,36769171735,4501481648910855.0,122425.4296875
2025-10-05,122419.671875,125559.2109375,122191.9609375,73689317763,9101623822426916.0,123513.4765625
2025-10-06,123510.453125,126198.0703125,123196.046875,72568881188,9053151618183508.0,124752.53125
2025-10-07,124752.140625,125184.0234375,120681.96875,76149412513,9248451450063340.0,121451.3828125
2025-10-08,121448.3515625,124167.09375,121119.1796875,65354305286,8061771648685859.0,123354.8671875
2025-10-09,123337.0703125,123739.34375,119812.03125,74653009425,9085688254067334.0,121705.5859375
2025-10-10,121704.7421875,122509.6640625,104582.4140625,153125018868,1.7335952111714618e+16,113214.3671875
2025-10-11,113236.4296875,113429.7265625,109760.5625,110236934340,1.2215121301955978e+16,110807.8828125
2025-10-12,110811.515625,115805.0625,109715.5390625,93710414091,1.0792606427482168e+16,115169.765625
2025-10-13,115161.6796875,116020.484375,113821.1875,71582026739,8251337396577107.0,115271.078125
2025-10-14,115264.8828125,115502.8828125,110029.484375,92212917403,1.0431002025933016e+16,113118.6640625
2025-10-15,113113.96875,113622.3828125,110235.8359375,72574132855,8039992066769138.0,110783.1640625
2025-10-16,110782.171875,111990.8125,107537.03125,87306423067,9445336096333614.0,108186.0390625
2025-10-17,108179.1328125,109235.8046875,103598.4296875,99703051669,1.061516347398263e+16,106467.7890625
2025-10-18,106483.734375,107490.984375,106387.453125,37779905278,4049940321278384.0,107198.265625
2025-10-19,107204.3125,109488.9921875,106157.7890625,47657008953,5178730416041501.0,108666.7109375
2025-10-20,108667.4453125,111711.03125,107485.015625,63507793085,7023258864085364.0,110588.9296875
2025-10-21,110587.6328125,113996.34375,107534.75,101194375480,1.0977251200809142e+16,108476.890625
2025-10-22,108491.53125,109115.1328125,106778.0,80807013218,8701992987279291.0,107688.5859375
2025-10-23,107679.4375,111288.59375,107548.4296875,54944076060,6047679428153402.0,110069.7265625
2025-10-24,110069.3515625,111842.53125,109770.1484375,48160816980,5347484389993493.0,111033.921875
2025-10-25,111032.6171875,111947.703125,110704.40625,24707667305,2758406637262031.5,111641.7265625
2025-10-26,111639.0546875,115260.90625,111268.484375,41708524143,4774476749024653.0,114472.4453125
2025-10-27,114479.8515625,116273.3125,113882.2890625,61761358733,7048164762697061.0,114119.328125
2025-10-28,114129.0859375,116078.984375,112291.6796875,64528066504,7288842866661734.0,112956.1640625
2025-10-29,112921.328125,113642.7265625,109368.71875,62192043469,6844564293119039.0,110055.3046875
2025-10-30,110059.1953125,111612.3515625,106376.6875,69673964814,7546076862129778.0,108305.546875
2025-10-31,108304.4140625,111031.8203125,108288.2734375,60090359560,6583269290529975.0,109556.1640625
2025-11-01,109558.625,110574.8984375,109372.953125,25871668762,2847539754865592.5,110064.015625
2025-11-02,110064.4296875,111167.3125,109523.453125,34284209459,3793192077965213.0,110639.625
2025-11-03,110646.90625,110764.9140625,105336.359375,72852006359,7762200855004451.0,106547.5234375
2025-11-04,106541.421875,107264.8828125,98962.0625,110967184773,1.127321438547485e+16,101590.5234375
2025-11-05,101579.234375,104534.703125,98989.9140625,77584934804,8060441317878802.0,103891.8359375
2025-11-06,103893.6640625,104147.3046875,100336.8671875,63932752861,6476470278133535.0,101301.2890625
2025-11-07,101286.2421875,104052.9140625,99257.0546875,92168030081,9527631048795352.0,103372.40625
2025-11-08,103371.703125,103373.5625,101458.0390625,51446691095,5262076487487903.0,102282.1171875
2025-11-09,102278.984375,105418.3671875,101468.875,59679243013,6249588881093402.0,104719.640625
2025-11-10,104723.7734375,106564.6953125,104350.6484375,69585887229,7375867019345626.0,105996.59375
2025-11-11,105996.859375,107428.2578125,102457.328125,71130078574,7326218045110610.0,102997.46875
2025-11-12,103011.4375,105297.234375,100836.6171875,64347179408,6541739365251643.0,101663.1875
2025-11-13,101674.1484375,104005.4921875,97988.71875,101546815416,1.0123962836602164e+16,99697.4921875
2025-11-14,99694.703125,99804.4296875,94000.734375,114346441890,1.0794051301579634e+16,94397.7890625
2025-11-15,94420.46875,96728.46875,94420.46875,38500716654,3678710690523175.0,95549.1484375
2025-11-16,95556.8671875,96564.1875,92971.1640625,71086235862,6694693988387751.0,94177.078125
2025-11-17,94180.875,95928.3671875,91214.7578125,94186165724,8673968972915341.0,92093.875
2025-11-18,92094.53125,93745.078125,89300.4609375,101333569062,9418841244047706.0,92948.875
2025-11-19,92946.1640625,92946.1640625,88526.828125,80350354656,7349324911228550.0,91465.9921875
2025-11-20,91459.3515625,93025.0703125,86040.796875,97970645638,8487383022767518.0,86631.8984375
2025-11-21,86528.7734375,87380.8046875,80659.8125,129157506112,1.0990100990855532e+16,85090.6875
2025-11-22,85098.5625,85503.0078125,83490.8984375,40793099246,3453068924995449.0,84648.359375
2025-11-23,84648.609375,88038.46875,84641.7734375,58083435576,5041933078951520.0,86805.0078125
2025-11-24,86798.7734375,89206.3359375,85272.1953125,74433896110,6570321878696262.0,88270.5625
2025-11-25,88269.9609375,88457.3359375,86131.4296875,64837343545,5663016168322940.0,87341.890625
2025-11-26,87345.5859375,90581.15625,86316.8984375,66496301869,6019136669188985.0,90518.3671875
2025-11-27,90517.765625,91897.578125,90089.515625,57040622845,5206974646639392.0,91285.375
2025-11-28,91285.3828125,92969.0859375,90257.1171875,60895830289,5536604169500512.0,90919.265625
2025-11-29,90918.7421875,91187.6171875,90260.1875,37921773455,3445259777754151.5,90851.7578125
2025-11-30,90838.2109375,91965.046875,90394.3125,38497902869,3479991462535032.5,90394.3125
2025-12-01,90389.109375,90398.15625,83862.25,87962894424,7593095175912330.0,86321.5703125
2025-12-02,86322.5390625,92316.6328125,86202.1953125,78546798211,7175265971393237.0,91350.203125
2025-12-03,91345.09375,94060.7734375,91056.390625,77650204986,7262453205874947.0,93527.8046875
2025-12-04,93454.2578125,94038.2421875,90976.1015625,64538402681,5946673297931697.0,92141.625
2025-12-05,92133.6484375,92702.640625,88152.140625,63256398633,5654347641097560.0,89387.7578125
2025-12-06,89389.359375,90267.4609375,88951.6640625,37994042405,3391818401345062.0,89272.375
2025-12-07,89277.8125,91740.84375,87799.5625,47394898960,4284766202835945.5,90405.640625
2025-12-08,90424.5859375,92267.1171875,89644.890625,57394099056,5202212796612211.0,90640.203125
2025-12-09,90639.703125,94601.5703125,89586.9765625,66861721440,6197527356500126.0,92691.7109375
2025-12-10,92695.234375,94477.15625,91640.1328125,65420694513,6020074152086542.0,92020.9453125
2025-12-11,92011.3046875,93554.265625,89335.296875,64532834621,5970018742622461.0,92511.3359375
2025-12-12,92513.6640625,92747.9296875,89532.6015625,80275884583,7246537340540870.0,90270.4140625
2025-12-13,90257.796875,90647.5703125,89800.9921875,64237748110,5800585847860827.0,90298.7109375
2025-12-14,90296.4375,90498.109375,87634.9375,50465972205,4449846167280256.0,88175.1796875
2025-12-15,88171.078125,89983.921875,85304.078125,45559514323,3937243261649902.5,86419.78125
2025-12-16,86424.40625,88170.09375,85381.6875,41262178223,3624634139099677.5,87843.984375
2025-12-17,87847.6171875,90264.5703125,85316.265625,44243392914,3811292123986895.0,86143.7578125
2025-12-18,86144.3671875,89412.6640625,84436.3125,52667115348,4501063756890289.0,85462.5078125
2025-12-19,85476.1328125,89339.1171875,85107.6640625,46733310561,4117362750451232.0,88103.3828125
2025-12-20,88101.671875,88497.203125,87924.875,14688196659,1297614045642696.0,88344.0
2025-12-21,88344.703125,89027.953125,87613.203125,19845522660,1758744947793855.0,88621.75
2025-12-22,88621.3984375,90501.9296875,87908.0703125,38047472118,3366821402213572.0,88490.015625
2025-12-23,88490.03125,88898.3828125,86606.9765625,43683011533,3818506770145662.5,87414.0
2025-12-24,87404.3203125,87956.8828125,86411.796875,25550297986,2238511709090916.8,87611.9609375
2025-12-25,87608.3203125,88501.7890625,86949.2578125,19953216347,1740613683841955.5,87234.7421875
2025-12-26,87235.5078125,89459.4296875,86628.140625,42455674908,3706441117816120.0,87301.4296875
2025-12-27,87301.4296875,87874.78125,87182.9765625,13741199310,1206506928879012.2,87802.15625
2025-12-28,87799.34375,87986.890625,87394.953125,15156557929,1331288935628858.8,87835.8359375
2025-12-29,87835.7890625,90299.15625,86717.9140625,48411625849,4218499061115047.0,87138.140625
2025-12-30,87134.3515625,89297.9375,86735.546875,35586356225,3146906207289686.0,88430.1328125
2025-12-31,88429.5859375,89080.2890625,87130.5625,33830210616,2960442086228094.5,87508.828125
2026-01-01,87508.046875,88803.2265625,87399.40625,18849043990,1672513076804367.8,88731.984375
2026-01-02,88733.0625,90884.4609375,88298.6171875,46398906171,4173335478383871.0,89944.6953125
2026-01-03,89945.0546875,90679.5703125,89328.0703125,20774828592,1882265690201336.8,90603.1875
2026-01-04,90603.0,91712.5859375,90595.1015625,26770491368,2447184103524204.0,91413.4921875
2026-01-05,91414.625,94762.0703125,91414.625,53376407252,5011113472858162.0,93882.5546875
2026-01-06,93876.9453125,94395.296875,91286.546875,52430605257,4914269838589767.0,93729.03125
2026-01-07,93727.46875,93738.7890625,90601.8046875,43461295053,3968366305488897.0,91308.0546875
2026-01-08,91309.640625,91485.8515625,89233.875,42386697030,3858339168886939.0,91027.125
2026-01-09,91026.2734375,91910.671875,89625.3828125,38305906684,3467186422132539.5,90513.1015625
2026-01-10,90510.1015625,90713.03125,90283.3984375,12385895282,1119519562437824.0,90386.6484375
2026-01-11,90385.359375,91155.2265625,90212.0234375,17165568977,1559105045728429.2,90827.4609375
2026-01-12,90825.859375,92395.5234375,90055.0234375,41346275358,3770490565704318.5,91192.9921875
2026-01-13,91185.3359375,96011.625,90941.9296875,54980674354,5240855813749473.0,95321.78125
2026-01-14,95322.90625,97860.6015625,94583.046875,60592490863,5873189428770791.0,96929.328125
2026-01-15,96931.2890625,97150.171875,95103.2421875,53086363027,5072465027285945.0,95551.1875
2026-01-16,95554.1015625,95801.890625,94259.2734375,33248170537,3176035386816910.0,95525.1171875
2026-01-17,95525.15625,95598.4765625,95005.6171875,16021715122,1523663856405706.0,95099.921875
2026-01-18,95101.1796875,95491.5078125,93588.8671875,20809781232,1948511997579960.8,93634.4296875
2026-01-19,93655.671875,93660.828125,92089.25,39195241508,3627660459464569.5,92553.59375
2026-01-20,92553.6015625,92798.4296875,87814.9296875,53072968031,4686921904194888.0,88310.90625
2026-01-21,88326.5078125,90430.40625,87231.5703125,56330422434,5034641965476492.0,89376.9609375
2026-01-22,89378.5234375,90258.9609375,88438.4453125,35549685694,3180362090007958.0,89462.453125
2026-01-23,89462.046875,91100.25,88486.359375,38997586037,3490435065957393.0,89503.875
2026-01-24,89506.1484375,89811.609375,89044.2890625,14558687712,1297335353552608.5,89110.734375
2026-01-25,89104.765625,89193.1484375,86003.7109375,36124986722,3127420252837829.0,86572.21875
2026-01-26,86566.5234375,88743.0703125,86429.2890625,45329286974,4001086547765039.0,88267.140625
2026-01-27,88257.4765625,89427.125,87228.921875,38744942267,3452273942599120.5,89102.5703125
2026-01-28,89104.046875,90439.2890625,88721.4609375,39807419296,3550207585163281.0,89184.5703125
2026-01-29,89169.8515625,89200.78125,83250.6015625,64653083162,5467167247927797.0,84561.5859375
2026-01-30,84562.7265625,84602.1640625,81071.4765625,72083816087,6064314584771443.0,84128.65625
2026-01-31,84126.5,84136.921875,75815.8828125,70479259159,5541158093627922.0,78621.1171875
2026-02-01,78626.125,79322.609375,75698.8984375,53372509744,4108319332480401.5,76974.4453125
2026-02-02,76968.875,79258.609375,74551.3359375,75140589684,5912720250568569.0,78688.765625
2026-02-03,78693.5078125,79118.8515625,72897.140625,68249110822,5161922322532807.0,75633.546875
2026-02-04,75640.09375,76864.65625,71779.9296875,67215363944,4908045920629709.0,73019.703125
2026-02-05,73016.375,73161.5546875,62353.53515625,125509410908,7869703339531826.0,62702.09765625
2026-02-06,62704.453125,71681.3046875,60074.203125,114674259489,8090887172879008.0,70555.390625
2026-02-07,70553.796875,71611.1484375,67364.4453125,62347107663,4319530364760852.0,69281.96875
2026-02-08,69283.7265625,72206.90625,68852.8984375,39721722619,2791035978415506.5,70264.7265625
2026-02-09,70243.328125,71369.96875,68291.03125,52081598792,3652002396044096.0,70120.78125
2026-02-10,70137.390625,70464.265625,67913.09375,40593063077,2792557595652611.5,68793.9609375
2026-02-11,68791.859375,69242.6796875,65757.3046875,49671946030,3327621456193446.5,66991.96875
2026-02-12,66992.1953125,68339.4921875,65092.109375,44651071271,2956876264978276.0,66221.84375
2026-02-13,66213.375,69382.8359375,65835.78125,40820775886,2810830607711956.0,68857.84375
2026-02-14,68856.984375,70481.1640625,68706.6171875,36012397645,2512499454247243.0,69767.625
2026-02-15,69764.953125,70939.2890625,68052.546875,40191152750,2764676551208140.5,68788.1875
2026-02-16,68782.3984375,70067.234375,67301.5859375,33618145426,2314379238397341.0,68843.15625
2026-02-17,68843.09375,69201.8671875,66615.28125,34866936040,2353316608226019.0,67494.21875
2026-02-18,67488.0234375,68434.4296875,65845.8984375,33094301643,2198299587154770.0,66425.3203125
2026-02-19,66425.625,67277.125,65637.4296875,31492987019,2108692416441576.0,66957.5234375
2026-02-20,66958.578125,68269.03125,66452.484375,47507867304,3230792558390039.0,68005.421875
2026-02-21,68000.25,68657.703125,67533.0703125,18357635642,1248388351627714.5,68003.765625
2026-02-22,67998.828125,68235.2265625,67185.6015625,17893536012,1210665742698412.8,67659.390625
2026-02-23,67668.4296875,67668.4296875,63924.4375,50953457309,3292446215460498.0,64616.73828125
2026-02-24,64616.015625,64992.15625,62553.1875,40849331086,2617626891235575.0,64080.04296875
2026-02-25,64077.76953125,69953.53125,63942.484375,53629234355,3644649470420095.0,67960.125
2026-02-26,67954.8671875,68843.3515625,66523.734375,42988597523,2899743117712315.5,67453.7734375
2026-02-27,67456.515625,68220.40625,64946.03515625,40283655942,2653959638153231.0,65881.796875
2026-02-28,65878.9296875,67714.5234375,63062.21875,42041497112,2816606228430020.5,66995.859375
2026-03-01,67005.8828125,68162.8203125,65076.73046875,40733141929,2677719421088329.0,65738.1015625
2026-03-02,65734.078125,70044.0,65303.13671875,56698092052,3899459562845313.0,68775.8515625
2026-03-03,68785.078125,69232.890625,66237.6171875,47947999049,3274543790333990.5,68293.6484375
2026-03-04,68290.5625,74051.8046875,67437.40625,75073101274,5458608595269214.0,72710.578125
2026-03-05,72712.65625,73555.7890625,70654.8828125,51172841727,3625141677387623.0,70841.125
2026-03-06,70842.15625,71378.5703125,67757.8203125,43776962871,2982808688652369.0,68136.4921875
2026-03-07,68136.6875,68515.1640625,66969.2578125,23258701211,1564673157720236.0,67272.59375
2026-03-08,67272.5,68177.7890625,65639.1953125,33195080116,2189872173828744.5,65969.78125
2026-03-09,65969.5859375,69474.9453125,65858.0078125,49499875378,3385909424776999.0,68402.3828125
2026-03-10,68402.71875,71770.8984375,68402.71875,54003996096,3776333215942797.0,69926.921875
2026-03-11,69931.25,71337.6640625,68998.8671875,45236859848,3175848444434326.5,70204.8828125
2026-03-12,70209.765625,70775.828125,69230.15625,40871848129,2881198029525094.0,70493.4609375
2026-03-13,70497.046875,73927.328125,70410.7265625,61167226505,4340931978151381.0,70968.265625
2026-03-14,70965.3828125,71291.203125,70339.5859375,22283546496,1586914407382704.0,71214.625
2026-03-15,71213.6796875,73173.0078125,70882.421875,27991268669,2037482040916858.8,72789.9140625
2026-03-16,72798.171875,74901.859375,72300.6328125,55572438409,4160213087492575.0,74861.0859375
2026-03-17,74855.296875,75988.3984375,73444.2265625,49500721728,3659215941764914.5,73922.4765625
2026-03-18,73936.8515625,74658.9765625,70503.859375,46229011155,3293612625885049.0,71245.578125
2026-03-19,71250.3515625,71598.84375,68805.5234375,44631433398,3120307988711391.5,69912.7890625
2026-03-20,69911.53125,71346.796875,69398.8828125,38299078407,2700950048284708.0,70522.5859375
2026-03-21,70522.46875,71051.2734375,68602.9140625,21109354718,1450455921456358.2,68711.5234375
2026-03-22,68737.4453125,69561.7734375,67372.875,30108051508,2042687105477375.2,67845.2109375
2026-03-23,67843.0,71782.2578125,67458.84375,51508669357,3652730044045026.5,70914.859375
2026-03-24,70912.671875,71371.3046875,68920.6953125,40181522399,2833514946006094.5,70517.859375
2026-03-25,70520.046875,71985.7421875,70383.59375,35409791747,2525068099893599.5,71309.8828125
2026-03-26,71310.1171875,71410.390625,68118.3515625,38962070215,2680264123453949.0,68791.625
2026-03-27,68790.8359375,69117.53125,65532.5703125,46483453594,3083636775813870.0,66338.375
2026-03-28,66338.5,67232.859375,65906.7421875,20924883455,1387731895185172.2,66319.6953125
2026-03-29,66319.6953125,67052.953125,64971.70703125,21645889785,1427652969684535.5,65954.921875
2026-03-30,65958.3515625,68087.2890625,65759.8046875,37694994180,2513933642910476.0,66691.4453125
2026-03-31,66694.5859375,68495.2734375,65950.4375,42997691338,2933874909844297.0,68233.3125
2026-04-01,68232.890625,69230.359375,67555.359375,36465393617,2482511293556148.0,68078.5546875
2026-04-02,68077.8984375,68633.1484375,65725.2578125,39323384518,2630284970257717.0,66888.5703125
2026-04-03,66889.015625,67296.234375,66281.5390625,22815543346,1527069448894747.0,66931.1015625
2026-04-04,66938.6484375,67515.015625,66769.640625,15878814963,1068493646374235.2,67290.515625
2026-04-05,67291.1953125,69087.65625,66610.6328125,22972648674,1584696917670237.0,68981.8984375
2026-04-06,68982.9140625,70305.421875,68347.078125,39542143229,2722865186443072.5,68859.828125
2026-04-07,68859.375,72732.4296875,67740.5078125,44650511480,3212189190762084.5,71940.703125
2026-04-08,71950.1484375,72825.1875,70707.46875,42444631703,3018804794151987.5,71123.359375
2026-04-09,71120.5703125,73107.265625,70486.359375,38799581473,2784561694476198.5,71767.828125
2026-04-10,71774.3671875,73440.1171875,71434.828125,37722595732,2752959082172303.0,72979.046875
2026-04-11,72976.125,73784.234375,72556.3359375,23287073965,1701220268998397.2,73054.2734375
2026-04-12,73056.046875,73154.03125,70540.5703125,29882740487,2114305677540033.5,70753.40625
2026-04-13,70757.6171875,74896.3125,70588.5234375,52278211554,3893923800117413.0,74484.640625
2026-04-14,74478.3984375,76061.7578125,73877.203125,53540826530,3971744679263097.0,74181.609375
2026-04-15,74182.0234375,75409.2734375,73549.203125,38090174312,2849338465204028.0,74805.078125
2026-04-16,74810.875,75506.5703125,73346.265625,41312783855,3104743819125065.0,75152.1328125
2026-04-17,75164.0390625,78320.6796875,74558.6015625,54137194839,4175432659198198.5,77126.875
2026-04-18,77136.046875,77416.703125,75504.9453125,26014416776,1969973212195414.8,75726.2109375
2026-04-19,75723.6953125,76243.09375,73802.3828125,30931515195,2284488860602730.5,73856.3515625
2026-04-20,73854.25,76575.359375,73775.5703125,39674447916,3010200479376583.0,75872.5234375
2026-04-21,75872.828125,76881.4765625,74852.671875,36453522626,2783327554061758.0,76352.7734375
2026-04-22,76354.21875,79468.0,76159.578125,48336654537,3780076303948488.0,78203.1015625
2026-04-23,78203.875,78676.9375,77014.453125,40354900916,3158535848158423.5,78268.953125
2026-04-24,78263.8203125,78554.09375,77318.4453125,32784213526,2539311503723057.0,77455.3125
2026-04-25,77457.2109375,77882.640625,77184.6640625,16702933134,1296348307379338.2,77612.015625
2026-04-26,77613.1171875,78923.5625,77334.890625,21482934750,1689794779275263.8,78657.5390625
2026-04-27,78661.015625,79488.171875,76481.34375,38135631927,2950425134434236.5,77366.625
2026-04-28,77368.1171875,77483.8671875,75673.6015625,32056900880,2447565920418279.0,76350.671875
2026-04-29,76350.6875,77884.96875,74958.5703125,41460907886,3141747262496364.5,75776.1328125
2026-04-30,75778.6328125,76611.484375,75318.984375,29497862305,2250814333854739.5,76304.3203125
2026-05-01,76305.0546875,78894.9765625,76294.6953125,39164328894,3061828068604026.0,78179.0
2026-05-02,78177.75,79119.7890625,78031.9609375,16761531851,1318416001187069.8,78657.25
2026-05-03,78656.7265625,79402.359375,78073.078125,20544392639,1613520163670739.2,78538.2265625
2026-05-04,78540.2890625,80742.359375,78217.9609375,54325085296,4336657816032341.5,79827.90625
2026-05-05,79823.53125,81751.453125,79787.578125,39700107376,3212812760717174.0,80927.0546875
2026-05-06,80930.734375,82792.2109375,80751.0234375,41751540000,3399724828085625.0,81427.53125
2026-05-07,81428.8515625,81684.953125,79522.65625,36931193154,2954864475726593.0,80009.9921875
2026-05-08,80009.625,80447.265625,79205.515625,33789351540,2709458812558713.0,80186.765625
2026-05-09,80187.7421875,81030.0625,80119.9296875,18102086996,1460193392305412.8,80664.3671875
2026-05-10,80665.609375,82430.171875,80274.1328125,26965971077,2214956002248861.5,82138.9296875
2026-05-11,82139.046875,82326.234375,80451.421875,32409774919,2648795706231961.0,81728.296875
2026-05-12,81725.3515625,81753.03125,79832.1015625,32186688600,2590303980347995.5,80477.4921875
2026-05-13,80476.7890625,81276.671875,78725.5078125,34075428359,2701401727230704.0,79277.1171875
2026-05-14,79276.9453125,82005.9609375,78909.6796875,43731663431,3544505985661839.0,81051.25
2026-05-15,81046.8671875,81634.84375,78635.3671875,38183347368,3018992312394834.0,79065.6796875
2026-05-16,79066.0,79173.5,77630.734375,25895799905,2023276071790013.2,78131.4375
2026-05-17,78133.5859375,78539.3984375,76783.4140625,20900166465,1618286336933257.8,77429.3515625
2026-05-18,77426.34375,77749.3203125,76029.2265625,41520471808,3195173523843924.0,76954.171875
2026-05-19,76954.75,77346.8671875,76082.3671875,26031898332,1997971788388863.5,76750.90625
2026-05-20,76749.453125,77775.5703125,76463.6484375,26668360936,2065671859330163.5,77457.7734375
2026-05-21,77462.5078125,78100.5625,76655.4375,27141485404,2104528301683560.0,77539.171875
2026-05-22,77538.1171875,77819.453125,75323.875,27859040109,2103029966859468.5,75488.2421875
2026-05-23,75488.3125,77288.1171875,74255.234375,29973220002,2298147703005065.0,76673.3671875
2026-05-24,76670.65625,77372.5390625,76019.890625,20572738918,1583712586238922.8,76981.125
2026-05-25,76981.125,77804.921875,76833.0390625,19808387601,1530790801028026.8,77279.9296875
2026-05-26,77280.125,77990.8671875,75569.46875,35999475458,2729686663717639.5,75825.734375
2026-05-27,75825.3046875,76014.296875,74136.5,33802172927,2513012511237727.5,74344.703125
2026-05-28,74339.5703125,74460.125,72493.4140625,40148145327,2952356284440633.0,73536.5546875
2026-05-29,73537.03125,74218.5625,72435.625,34457929250,2528265221503342.0,73372.5234375
2026-05-30,73370.8515625,74020.7578125,73125.234375,19563589191,1442909311130853.2,73754.8359375
2026-05-31,73753.75,74153.5,73315.015625,17445435650,1283629703428359.5,73579.6875
2026-06-01,73580.2109375,73969.5703125,70599.5078125,43378836121,3093768764132161.0,71319.7734375
2026-06-02,71321.03125,71334.953125,66127.265625,54990073882,3668038985387031.0,66703.65625
2026-06-03,66694.0078125,67402.9296875,64009.67578125,47411556213,3035020768349779.0,64014.3671875
2026-06-04,64020.0703125,64664.4453125,61335.75,63800151780,4070550118959185.0,63801.57421875
2026-06-05,63807.69140625,63901.515625,59108.91796875,71465606706,4353875428534912.0,60922.66796875
2026-06-06,60924.4765625,61491.703125,59496.625,30898464957,1880709660433364.8,60867.4140625
2026-06-07,60866.94140625,64128.04296875,60724.06640625,36006496194,2277033519312342.0,63239.51953125
2026-06-08,63244.0859375,64185.765625,62384.66796875,34133252457,2153487030797759.2,63090.58984375
2026-06-09,63092.890625,63486.08984375,60756.6875,40144449754,2474655679037192.5,61643.78125
2026-06-10,61643.20703125,62788.27734375,60788.0234375,27493506779,1689456445404574.2,61449.2890625
2026-06-11,61448.87890625,63851.94921875,61447.96875,29316677897,1863398967067039.5,63561.0546875
2026-06-12,63547.44140625,64334.015625,62778.79296875,26881868307,1708159913203902.8,63543.19921875
2026-06-13,63541.515625,64700.87890625,63431.3203125,16956245530,1092343790820860.4,64421.32421875
2026-06-14,64420.16796875,65749.78125,63634.0234375,21572226975,1417519629711435.2,65710.3984375
2026-06-15,65711.109375,67248.1328125,65315.8359375,32927321950,2182735708404524.8,66289.5
2026-06-16,66289.4609375,66928.609375,65315.0703125,25063963967,1644212092837116.2,65600.640625
2026-06-17,65600.4296875,66354.625,63870.9296875,31288885189,2015581339436688.0,64418.4453125
2026-06-18,64419.64453125,64736.921875,62201.14453125,30432454936,1914094069744684.0,62896.47265625
2026-06-19,62897.515625,63568.22265625,62275.58203125,22361931660,1420895830853647.0,63540.8359375
2026-06-20,63535.80859375,64307.13671875,63149.66015625,17486384117,1123319646262479.6,64239.67578125
2026-06-21,64242.32421875,64506.578125,63221.0,15739619591,995334808714752.8,63237.5390625
2026-06-22,63240.7890625,65544.0,63233.53125,26561496819,1698663645976555.8,63952.10546875
2026-06-23,63952.79296875,64196.5625,61893.20703125,29608942370,1855533778742816.0,62668.01953125
2026-06-24,62663.03125,63097.7578125,59029.85546875,42644106535,2601082941772724.0,60995.1328125
2026-06-25,60992.0703125,61868.90625,58075.921875,40625024718,2426194554813663.0,59721.67578125
2026-06-26,59712.0546875,60647.1875,58269.125,41502864671,2490853759356899.5,60016.4296875
2026-06-27,60016.3125,60835.046875,59794.62109375,15099836554,905085677640173.6,59940.09765625
2026-06-28,59940.3515625,60432.70703125,58879.6328125,16282230874,969319301805366.6,59532.33984375
2026-06-29,59522.7890625,60682.33984375,58856.1875,30829983083,1854065204318731.5,60138.37890625
2026-06-30,60136.453125,60173.21875,58111.671875,32747419391,1917651527011716.8,58558.859375
2026-07-01,58562.4453125,61223.76953125,57747.765625,37904450118,2274409444896459.0,60003.7578125
2026-07-02,60004.76953125,62117.875,59532.32421875,40109297349,2466132211627858.5,61485.30078125
2026-07-03,61492.06640625,62879.0078125,61176.72265625,26131813598,1634393355620552.2,62544.19921875
2026-07-04,62545.12890625,63398.41015625,62287.5859375,18608397613,1173972258355091.8,63088.3046875
2026-07-05,63089.05859375,63935.84765625,62413.9921875,18267466154,1160858798435702.0,63547.8828125
2026-07-06,63551.015625,64597.5703125,61275.828125,36552222303,2339160037408958.5,63995.015625
2026-07-07,63994.59765625,64257.6328125,62623.93359375,31026493556,1963896203535417.5,63297.39453125
2026-07-08,63293.51953125,63706.88671875,61492.6484375,27349235354,1702697049877716.5,62257.57421875
2026-07-09,62257.31640625,63422.94140625,61645.75390625,26546256117,1677541503261473.2,63193.1484375
2026-07-10,63194.359375,64658.96875,62902.0625,27450201269,1760302916961716.5,64127.140625
2026-07-11,64127.96875,64445.4609375,63785.62109375,13954689047,890337452150222.6,63802.02734375
2026-07-12,63791.40234375,64243.1328125,63606.82421875,19043437787,1214175672175562.0,63758.21875
2026-07-13,63757.171875,64340.8828125,61769.0,37650044790,2343305696869921.0,62239.12109375
2026-07-14,62238.5859375,65046.1328125,62207.5234375,29841287318,1938374039486336.8,64956.11328125
2026-07-15,64959.80859375,65507.59375,64442.8203125,27029791676,1749162015109190.5,64712.375
2026-07-16,64713.296875,64931.85546875,63701.8046875,27232426674,1737136924227788.0,63789.28125
2026-07-17,63789.91015625,64332.01953125,62489.453125,27280236800,1743192425767350.0,63899.4609375
2026-07-18,63899.1796875,64816.50390625,63845.015625,14162542470,917684621540574.6,64796.6015625
2026-07-19,64799.27734375,64909.88671875,64250.9140625,15000653941,970404374282008.0,64690.8046875
2026-07-20,64684.41796875,65735.71875,63720.390625,30988932408,2021408908327460.5,65230.02734375
2026-07-21,65228.87109375,66910.0625,65113.65625,29554470321,1965523743006895.2,66505.125
2026-07-22,66506.7890625,66694.6484375,65514.17578125,28142272410,1860226632174326.8,66100.796875
2026-07-23,66100.1328125,66282.3828125,64610.609375,24364433538,1584780011147921.5,65044.8125
2026-07-24,65044.95703125,65760.484375,63686.03515625,25917559237,1661276569512378.8,64098.49609375
2026-07-25,64098.4921875,64386.0625,63753.02734375,13817493398,888628044632163.9,64311.8125
2026-07-26,64311.78515625,65503.76953125,64233.453125,14301494281,934463937941866.8,65340.30078125
2026-07-27,65340.58984375,65658.3359375,63562.484375,26183821002,1668561334058129.5,63724.8984375
2026-07-28,63723.48828125,64026.921875,62714.8046875,24128738898,1541135447672585.8,63871.36328125
2026-07-29,63871.39453125,64638.6953125,63206.2109375,28611167472,1828487296582612.0,63908.16796875
2026-07-30,63908.625,65071.4453125,63533.90625,26250039650,1699041916944423.2,64725.30859375
2026-07-31,64723.96875,65328.18359375,62410.8671875,30439749629,1912034704353326.8,62813.74609375
2026-08-01,62813.6640625,63091.59765625,62233.01171875,13553286543,850649264585404.8,62763.3203125
2026-08-02,62763.4453125,63714.61328125,62745.25390625,15901776708,1009476588977256.0,63482.0
2026-08-03,63485.44140625,64020.32421875,62226.578125,26038889824,1652451342546116.2,63460.8984375
2026-08-04,63458.41015625,64466.9375,63277.68359375,23662357784,1515714881038883.0,64055.953125
2026-08-05,64054.87890625,64954.34765625,63829.71875,23568584891,1522471662496372.5,64597.5
2026-08-06,64595.44921875,64934.4921875,64098.4765625,18529402711,1190738576048182.8,64262.11328125
2026-08-07,64257.48828125,65330.609375,64113.2734375,22165720102,1438116162875123.2,64880.19140625
2026-08-08,64882.546875,65140.48046875,64797.11328125,12350094271,801579009254795.2,64904.6875
2026-08-09,64906.55078125,65401.69140625,64677.6015625,13234538380,858192142026049.1,64844.88671875
2026-08-10,64845.3828125,65321.83984375,63752.56640625,22384770392,1430623791829121.5,63910.5859375
2026-08-11,63910.17578125,64433.6796875,63185.47265625,20824820662,1323456399608841.2,63551.875
2026-08-12,63551.87109375,64381.078125,63251.11328125,23063864553,1462305140736827.0,63402.43359375
2026-08-13,63404.42578125,63926.33203125,62799.2890625,18765583756,1189778766632620.0,63402.171875
2026-08-14,63402.08984375,63551.5625,62487.69921875,20280053024,1277148380467883.0,62975.59375
2026-08-15,62974.3359375,63119.1328125,62850.9609375,10033057106,632326604762148.2,63024.3203125
2026-08-16,63023.421875,63310.77734375,62648.57421875,9078986635,570329705057617.6,62818.65234375
2026-08-17,62819.37890625,64547.84765625,62687.1015625,21555405073,1390458432691007.2,64506.25390625
2026-08-18,64506.5234375,64987.7109375,63980.32421875,18728001793,1211340470410014.8,64680.7109375
2026-08-19,64680.046875,69996.953125,64111.0703125,46228098443,3202044134521296.0,69266.1875
2026-08-20,69268.25,73369.8046875,68867.53125,55444322363,4049251767215157.0,73032.7578125
2026-08-21,73031.0859375,79463.7109375,73011.4140625,74478039014,5834251150794005.0,78335.1875
2026-08-22,78332.5546875,78801.1484375,76526.7109375,42131959963,3247675315092601.0,77083.4140625
2026-08-23,77082.84375,78036.8671875,75624.9453125,31158396908,2422729428030718.5,77755.265625
2026-08-24,77748.875,79970.109375,76688.828125,55502180329,4382701051367753.0,78964.484375
2026-08-25,78960.09375,81235.03125,77870.625,46728068401,3671189598735462.5,78564.9765625
2026-08-26,78538.5859375,79240.5,77639.8359375,29329039002,2317798338399383.0,79027.421875
2026-08-27,79037.921875,80806.5625,78591.1015625,34033075972,2731410924239820.0,80257.5390625
2026-08-28,80264.6484375,81346.953125,76909.3515625,39362871737,3063623685620821.0,77830.2890625
2026-08-29,77830.890625,78327.9453125,77381.8984375,14053131399,1099598684484016.8,78245.8125
2026-08-30,78246.171875,79373.1796875,77056.1484375,19314839672,1500136668299724.5,77667.5703125
2026-08-31,77673.703125,79247.34375,77378.4375,30608386987,2404246950424766.0,78548.6328125
2026-09-01,78539.859375,79196.515625,76399.0625,30608796575,2369231811792584.5,77403.625
2026-09-02,77402.140625,77737.546875,76248.3046875,26525296646,2050418071697482.8,77300.4765625
2026-09-03,77300.1640625,82262.2109375,76940.8828125,40504199354,3291846847409392.0,81271.7421875
2026-09-04,81271.5390625,81433.1484375,78641.625,37501874897,2987848204860193.0,79671.96875
2026-09-05,79671.703125,80194.5078125,79465.0625,18559708494,1481507705863771.8,79823.8671875
2026-09-06,79824.6015625,80530.6484375,79327.5,19391863269,1558137122657740.8,80350.046875
2026-09-07,80349.1953125,80432.3125,78684.9296875,23414434445,1852452919970507.2,79115.8515625
2026-09-08,79114.90625,79463.2734375,77635.6875,34680168667,2720263119374656.5,78438.578125
